Text,Title,Media URLs,Labels,Social Medias,Scheduled
"Worms Montage — Premium microscopic stock footage.
4K video & 8K images. Royalty-free.

Perfect for science documentaries, educational content, and research presentations.

Browse & download: https://stockflow.media/?cat=Microscopic&sub=Worms&collection=Worms+Montage

#stockfootage #royaltyfree #microscopy #science #biology #micro #microscope #sciencevideo #biologylab #microworld #cellbiology #worms #wormsmontage #stockvideo #4kvideo",Worms Montage_V_TikTok,https://storage.googleapis.com/stockflow-social/Batch01/Montages/V/Microscopic_Worms_Worms-Montage_V.mp4,Microscopic,Stockflow.media,2026-03-22 8:00
"Turbellarians — Premium microscopic stock footage.
4K video & 8K images. Royalty-free.

Perfect for science documentaries, educational content, and research presentations.

Browse & download: https://stockflow.media/?cat=Microscopic&sub=Worms&collection=Turbellarians

#stockfootage #royaltyfree #microscopy #science #biology #micro #microscope #sciencevideo #biologylab #microworld #cellbiology #worms #turbellarians #stockvideo #4kvideo",Turbellarians_V_TikTok,https://storage.googleapis.com/stockflow-social/Batch01/Montages/V/Microscopic_Worms_Turbellarians_V.mp4,Microscopic,Stockflow.media,2026-03-22 12:30
"Protozoa — Premium microscopic stock footage.
4K video & 8K images. Royalty-free.

Perfect for science documentaries, educational content, and research presentations.

Browse & download: https://stockflow.media/?cat=Microscopic&sub=Worms&collection=Protozoa

#stockfootage #royaltyfree #microscopy #science #biology #micro #microscope #sciencevideo #biologylab #microworld #cellbiology #worms #protozoa #stockvideo #4kvideo",Protozoa_V_TikTok,https://storage.googleapis.com/stockflow-social/Batch01/Montages/V/Microscopic_Worms_Protozoa_V.mp4,Microscopic,Stockflow.media,2026-03-22 19:00
"Parasitic Worms — Premium microscopic stock footage.
4K video & 8K images. Royalty-free.

Perfect for science documentaries, educational content, and research presentations.

Browse & download: https://stockflow.media/?cat=Microscopic&sub=Worms&collection=Parasitic+Worms

#stockfootage #royaltyfree #microscopy #science #biology #micro #microscope #sciencevideo #biologylab #microworld #cellbiology #worms #parasiticworms #stockvideo #4kvideo",Parasitic Worms_V_TikTok,https://storage.googleapis.com/stockflow-social/Batch01/Montages/V/Microscopic_Worms_Parasitic-Worms_V.mp4,Microscopic,Stockflow.media,2026-03-23 8:00
"Parasitic Worm — Premium microscopic stock footage.
4K video & 8K images. Royalty-free.

Perfect for science documentaries, educational content, and research presentations.

Browse & download: https://stockflow.media/?cat=Microscopic&sub=Worms&collection=Parasitic+Worm

#stockfootage #royaltyfree #microscopy #science #biology #micro #microscope #sciencevideo #biologylab #microworld #cellbiology #worms #parasiticworm #stockvideo #4kvideo",Parasitic Worm_V_TikTok,https://storage.googleapis.com/stockflow-social/Batch01/Montages/V/Microscopic_Worms_Parasitic-Worm_V.mp4,Microscopic,Stockflow.media,2026-03-23 12:30
"Parasitic Micro Worm — Premium microscopic stock footage.
4K video & 8K images. Royalty-free.

Perfect for science documentaries, educational content, and research presentations.

Browse & download: https://stockflow.media/?cat=Microscopic&sub=Worms&collection=Parasitic+Micro+Worm

#stockfootage #royaltyfree #microscopy #science #biology #micro #microscope #sciencevideo #biologylab #microworld #cellbiology #worms #parasiticmicroworm #stockvideo #4kvideo",Parasitic Micro Worm_V_TikTok,https://storage.googleapis.com/stockflow-social/Batch01/Montages/V/Microscopic_Worms_Parasitic-Micro-Worm_V.mp4,Microscopic,Stockflow.media,2026-03-23 19:00
"Nmeatode — Premium microscopic stock footage.
4K video & 8K images. Royalty-free.

Perfect for science documentaries, educational content, and research presentations.

Browse & download: https://stockflow.media/?cat=Microscopic&sub=Worms&collection=Nmeatode

#stockfootage #royaltyfree #microscopy #science #biology #micro #microscope #sciencevideo #biologylab #microworld #cellbiology #worms #nmeatode #stockvideo #4kvideo",Nmeatode_V_TikTok,https://storage.googleapis.com/stockflow-social/Batch01/Montages/V/Microscopic_Worms_Nmeatode_V.mp4,Microscopic,Stockflow.media,2026-03-24 8:00
"Nematode Worms — Premium microscopic stock footage.
4K video & 8K images. Royalty-free.

Perfect for science documentaries, educational content, and research presentations.

Browse & download: https://stockflow.media/?cat=Microscopic&sub=Worms&collection=Nematode+Worms

#stockfootage #royaltyfree #microscopy #science #biology #micro #microscope #sciencevideo #biologylab #microworld #cellbiology #worms #nematodeworms #stockvideo #4kvideo",Nematode Worms_V_TikTok,https://storage.googleapis.com/stockflow-social/Batch01/Montages/V/Microscopic_Worms_Nematode-Worms_V.mp4,Microscopic,Stockflow.media,2026-03-24 12:30
"In Compost — Premium microscopic stock footage.
4K video & 8K images. Royalty-free.

Perfect for science documentaries, educational content, and research presentations.

Browse & download: https://stockflow.media/?cat=Microscopic&sub=Worms&collection=In+Compost

#stockfootage #royaltyfree #microscopy #science #biology #micro #microscope #sciencevideo #biologylab #microworld #cellbiology #worms #incompost #stockvideo #4kvideo",In Compost_V_TikTok,https://storage.googleapis.com/stockflow-social/Batch01/Montages/V/Microscopic_Worms_In-Compost_V.mp4,Microscopic,Stockflow.media,2026-03-24 19:00
"Flatworms — Premium microscopic stock footage.
4K video & 8K images. Royalty-free.

Perfect for science documentaries, educational content, and research presentations.

Browse & download: https://stockflow.media/?cat=Microscopic&sub=Worms&collection=Flatworms

#stockfootage #royaltyfree #microscopy #science #biology #micro #microscope #sciencevideo #biologylab #microworld #cellbiology #worms #flatworms #stockvideo #4kvideo",Flatworms_V_TikTok,https://storage.googleapis.com/stockflow-social/Batch01/Montages/V/Microscopic_Worms_Flatworms_V.mp4,Microscopic,Stockflow.media,2026-03-25 8:00
"Compost — Premium microscopic stock footage.
4K video & 8K images. Royalty-free.

Perfect for science documentaries, educational content, and research presentations.

Browse & download: https://stockflow.media/?cat=Microscopic&sub=Worms&collection=Compost

#stockfootage #royaltyfree #microscopy #science #biology #micro #microscope #sciencevideo #biologylab #microworld #cellbiology #worms #compost #stockvideo #4kvideo",Compost_V_TikTok,https://storage.googleapis.com/stockflow-social/Batch01/Montages/V/Microscopic_Worms_Compost_V.mp4,Microscopic,Stockflow.media,2026-03-25 12:30
"Crawling On Algae — Premium microscopic stock footage.
4K video & 8K images. Royalty-free.

Perfect for science documentaries, educational content, and research presentations.

Browse & download: https://stockflow.media/?cat=Microscopic&sub=Worms&collection=Crawling+On+Algae

#stockfootage #royaltyfree #microscopy #science #biology #micro #microscope #sciencevideo #biologylab #microworld #cellbiology #worms #crawlingonalgae #stockvideo #4kvideo",Crawling On Algae_V_TikTok,https://storage.googleapis.com/stockflow-social/Batch01/Montages/V/Microscopic_Worms_Crawling-On-Algae_V.mp4,Microscopic,Stockflow.media,2026-03-25 19:00
"Caenorhabditis Elegans — Premium microscopic stock footage.
4K video & 8K images. Royalty-free.

Perfect for science documentaries, educational content, and research presentations.

Browse & download: https://stockflow.media/?cat=Microscopic&sub=Worms&collection=Caenorhabditis+Elegans

#stockfootage #royaltyfree #microscopy #science #biology #micro #microscope #sciencevideo #biologylab #microworld #cellbiology #worms #caenorhabditiselegans #stockvideo #4kvideo",Caenorhabditis Elegans_V_TikTok,https://storage.googleapis.com/stockflow-social/Batch01/Montages/V/Microscopic_Worms_Caenorhabditis-Elegans_V.mp4,Microscopic,Stockflow.media,2026-03-26 8:00
"C Elegans — Premium microscopic stock footage.
4K video & 8K images. Royalty-free.

Perfect for science documentaries, educational content, and research presentations.

Browse & download: https://stockflow.media/?cat=Microscopic&sub=Worms&collection=C+Elegans

#stockfootage #royaltyfree #microscopy #science #biology #micro #microscope #sciencevideo #biologylab #microworld #cellbiology #worms #celegans #stockvideo #4kvideo",C Elegans_V_TikTok,https://storage.googleapis.com/stockflow-social/Batch01/Montages/V/Microscopic_Worms_C-Elegans_V.mp4,Microscopic,Stockflow.media,2026-03-26 12:30
"Algae — Premium microscopic stock footage.
4K video & 8K images. Royalty-free.

Perfect for science documentaries, educational content, and research presentations.

Browse & download: https://stockflow.media/?cat=Microscopic&sub=Worms&collection=Algae

#stockfootage #royaltyfree #microscopy #science #biology #micro #microscope #sciencevideo #biologylab #microworld #cellbiology #worms #algae #stockvideo #4kvideo",Algae_V_TikTok,https://storage.googleapis.com/stockflow-social/Batch01/Montages/V/Microscopic_Worms_Algae_V.mp4,Microscopic,Stockflow.media,2026-03-26 19:00
"Waterborne Montage — Premium microscopic stock footage.
4K video & 8K images. Royalty-free.

Perfect for science documentaries, educational content, and research presentations.

Browse & download: https://stockflow.media/?cat=Microscopic&sub=Waterborne&collection=Waterborne+Montage

#stockfootage #royaltyfree #microscopy #science #biology #micro #microscope #sciencevideo #biologylab #microworld #cellbiology #waterborne #waterbornemontage #stockvideo #4kvideo",Waterborne Montage_V_TikTok,https://storage.googleapis.com/stockflow-social/Batch01/Montages/V/Microscopic_Waterborne_Waterborne-Montage_V.mp4,Microscopic,Stockflow.media,2026-03-27 8:00
"Rotifers — Premium microscopic stock footage.
4K video & 8K images. Royalty-free.

Perfect for science documentaries, educational content, and research presentations.

Browse & download: https://stockflow.media/?cat=Microscopic&sub=Waterborne&collection=Rotifers

#stockfootage #royaltyfree #microscopy #science #biology #micro #microscope #sciencevideo #biologylab #microworld #cellbiology #waterborne #rotifers #stockvideo #4kvideo",Rotifers_V_TikTok,https://storage.googleapis.com/stockflow-social/Batch01/Montages/V/Microscopic_Waterborne_Rotifers_V.mp4,Microscopic,Stockflow.media,2026-03-27 12:30
"Plankton — Premium microscopic stock footage.
4K video & 8K images. Royalty-free.

Perfect for science documentaries, educational content, and research presentations.

Browse & download: https://stockflow.media/?cat=Microscopic&sub=Waterborne&collection=Plankton

#stockfootage #royaltyfree #microscopy #science #biology #micro #microscope #sciencevideo #biologylab #microworld #cellbiology #waterborne #plankton #stockvideo #4kvideo",Plankton_V_TikTok,https://storage.googleapis.com/stockflow-social/Batch01/Montages/V/Microscopic_Waterborne_Plankton_V.mp4,Microscopic,Stockflow.media,2026-03-27 19:00
"Euglena — Premium microscopic stock footage.
4K video & 8K images. Royalty-free.

Perfect for science documentaries, educational content, and research presentations.

Browse & download: https://stockflow.media/?cat=Microscopic&sub=Waterborne&collection=Euglena

#stockfootage #royaltyfree #microscopy #science #biology #micro #microscope #sciencevideo #biologylab #microworld #cellbiology #waterborne #euglena #stockvideo #4kvideo",Euglena_V_TikTok,https://storage.googleapis.com/stockflow-social/Batch01/Montages/V/Microscopic_Waterborne_Euglena_V.mp4,Microscopic,Stockflow.media,2026-03-28 8:00
"Diatom — Premium microscopic stock footage.
4K video & 8K images. Royalty-free.

Perfect for science documentaries, educational content, and research presentations.

Browse & download: https://stockflow.media/?cat=Microscopic&sub=Waterborne&collection=Diatom

#stockfootage #royaltyfree #microscopy #science #biology #micro #microscope #sciencevideo #biologylab #microworld #cellbiology #waterborne #diatom #stockvideo #4kvideo",Diatom_V_TikTok,https://storage.googleapis.com/stockflow-social/Batch01/Montages/V/Microscopic_Waterborne_Diatom_V.mp4,Microscopic,Stockflow.media,2026-03-28 12:30
"Diatom Shell — Premium microscopic stock footage.
4K video & 8K images. Royalty-free.

Perfect for science documentaries, educational content, and research presentations.

Browse & download: https://stockflow.media/?cat=Microscopic&sub=Waterborne&collection=Diatom+Shell

#stockfootage #royaltyfree #microscopy #science #biology #micro #microscope #sciencevideo #biologylab #microworld #cellbiology #waterborne #diatomshell #stockvideo #4kvideo",Diatom Shell_V_TikTok,https://storage.googleapis.com/stockflow-social/Batch01/Montages/V/Microscopic_Waterborne_Diatom-Shell_V.mp4,Microscopic,Stockflow.media,2026-03-28 19:00
"Aquatic — Premium microscopic stock footage.
4K video & 8K images. Royalty-free.

Perfect for science documentaries, educational content, and research presentations.

Browse & download: https://stockflow.media/?cat=Microscopic&sub=Waterborne&collection=Aquatic

#stockfootage #royaltyfree #microscopy #science #biology #micro #microscope #sciencevideo #biologylab #microworld #cellbiology #waterborne #aquatic #stockvideo #4kvideo",Aquatic_V_TikTok,https://storage.googleapis.com/stockflow-social/Batch01/Montages/V/Microscopic_Waterborne_Aquatic_V.mp4,Microscopic,Stockflow.media,2026-03-29 8:00
"Amoebas — Premium microscopic stock footage.
4K video & 8K images. Royalty-free.

Perfect for science documentaries, educational content, and research presentations.

Browse & download: https://stockflow.media/?cat=Microscopic&sub=Waterborne&collection=Amoebas

#stockfootage #royaltyfree #microscopy #science #biology #micro #microscope #sciencevideo #biologylab #microworld #cellbiology #waterborne #amoebas #stockvideo #4kvideo",Amoebas_V_TikTok,https://storage.googleapis.com/stockflow-social/Batch01/Montages/V/Microscopic_Waterborne_Amoebas_V.mp4,Microscopic,Stockflow.media,2026-03-29 12:30
"Virus Montage — Premium microscopic stock footage.
4K video & 8K images. Royalty-free.

Perfect for science documentaries, educational content, and research presentations.

Browse & download: https://stockflow.media/?cat=Microscopic&sub=Virus&collection=Virus+Montage

#stockfootage #royaltyfree #microscopy #science #biology #micro #microscope #sciencevideo #biologylab #microworld #cellbiology #virus #virusmontage #stockvideo #4kvideo",Virus Montage_V_TikTok,https://storage.googleapis.com/stockflow-social/Batch01/Montages/V/Microscopic_Virus_Virus-Montage_V.mp4,Microscopic,Stockflow.media,2026-03-29 19:00
"Membrane — Premium microscopic stock footage.
4K video & 8K images. Royalty-free.

Perfect for science documentaries, educational content, and research presentations.

Browse & download: https://stockflow.media/?cat=Microscopic&sub=Virus&collection=Membrane

#stockfootage #royaltyfree #microscopy #science #biology #micro #microscope #sciencevideo #biologylab #microworld #cellbiology #virus #membrane #stockvideo #4kvideo",Membrane_V_TikTok,https://storage.googleapis.com/stockflow-social/Batch01/Montages/V/Microscopic_Virus_Membrane_V.mp4,Microscopic,Stockflow.media,2026-03-30 8:00
"Underwater Montage — Premium microscopic stock footage.
4K video & 8K images. Royalty-free.

Perfect for science documentaries, educational content, and research presentations.

Browse & download: https://stockflow.media/?cat=Microscopic&sub=Underwater&collection=Underwater+Montage

#stockfootage #royaltyfree #microscopy #science #biology #micro #microscope #sciencevideo #biologylab #microworld #cellbiology #underwater #underwatermontage #stockvideo #4kvideo",Underwater Montage_V_TikTok,https://storage.googleapis.com/stockflow-social/Batch01/Montages/V/Microscopic_Underwater_Underwater-Montage_V.mp4,Microscopic,Stockflow.media,2026-03-30 12:30
"Tardigrade — Premium microscopic stock footage.
4K video & 8K images. Royalty-free.

Perfect for science documentaries, educational content, and research presentations.

Browse & download: https://stockflow.media/?cat=Microscopic&sub=Underwater&collection=Tardigrade

#stockfootage #royaltyfree #microscopy #science #biology #micro #microscope #sciencevideo #biologylab #microworld #cellbiology #underwater #tardigrade #stockvideo #4kvideo",Tardigrade_V_TikTok,https://storage.googleapis.com/stockflow-social/Batch01/Montages/V/Microscopic_Underwater_Tardigrade_V.mp4,Microscopic,Stockflow.media,2026-03-30 19:00
"Single Celled — Premium microscopic stock footage.
4K video & 8K images. Royalty-free.

Perfect for science documentaries, educational content, and research presentations.

Browse & download: https://stockflow.media/?cat=Microscopic&sub=Underwater&collection=Single+Celled

#stockfootage #royaltyfree #microscopy #science #biology #micro #microscope #sciencevideo #biologylab #microworld #cellbiology #underwater #singlecelled #stockvideo #4kvideo",Single Celled_V_TikTok,https://storage.googleapis.com/stockflow-social/Batch01/Montages/V/Microscopic_Underwater_Single-Celled_V.mp4,Microscopic,Stockflow.media,2026-03-31 8:00
"Seawater Droplet — Premium microscopic stock footage.
4K video & 8K images. Royalty-free.

Perfect for science documentaries, educational content, and research presentations.

Browse & download: https://stockflow.media/?cat=Microscopic&sub=Underwater&collection=Seawater+Droplet

#stockfootage #royaltyfree #microscopy #science #biology #micro #microscope #sciencevideo #biologylab #microworld #cellbiology #underwater #seawaterdroplet #stockvideo #4kvideo",Seawater Droplet_V_TikTok,https://storage.googleapis.com/stockflow-social/Batch01/Montages/V/Microscopic_Underwater_Seawater-Droplet_V.mp4,Microscopic,Stockflow.media,2026-03-31 12:30
"Juvenile Plankton — Premium microscopic stock footage.
4K video & 8K images. Royalty-free.

Perfect for science documentaries, educational content, and research presentations.

Browse & download: https://stockflow.media/?cat=Microscopic&sub=Underwater&collection=Juvenile+Plankton

#stockfootage #royaltyfree #microscopy #science #biology #micro #microscope #sciencevideo #biologylab #microworld #cellbiology #underwater #juvenileplankton #stockvideo #4kvideo",Juvenile Plankton_V_TikTok,https://storage.googleapis.com/stockflow-social/Batch01/Montages/V/Microscopic_Underwater_Juvenile-Plankton_V.mp4,Microscopic,Stockflow.media,2026-03-31 19:00
"Bioluminescent — Premium microscopic stock footage.
4K video & 8K images. Royalty-free.

Perfect for science documentaries, educational content, and research presentations.

Browse & download: https://stockflow.media/?cat=Microscopic&sub=Underwater&collection=Bioluminescent

#stockfootage #royaltyfree #microscopy #science #biology #micro #microscope #sciencevideo #biologylab #microworld #cellbiology #underwater #bioluminescent #stockvideo #4kvideo",Bioluminescent_V_TikTok,https://storage.googleapis.com/stockflow-social/Batch01/Montages/V/Microscopic_Underwater_Bioluminescent_V.mp4,Microscopic,Stockflow.media,2026-04-01 8:00
"Protozoa Montage — Premium microscopic stock footage.
4K video & 8K images. Royalty-free.

Perfect for science documentaries, educational content, and research presentations.

Browse & download: https://stockflow.media/?cat=Microscopic&sub=Protozoa&collection=Protozoa+Montage

#stockfootage #royaltyfree #microscopy #science #biology #micro #microscope #sciencevideo #biologylab #microworld #cellbiology #protozoa #protozoamontage #stockvideo #4kvideo",Protozoa Montage_V_TikTok,https://storage.googleapis.com/stockflow-social/Batch01/Montages/V/Microscopic_Protozoa_Protozoa-Montage_V.mp4,Microscopic,Stockflow.media,2026-04-01 12:30
"Sunflower — Premium microscopic stock footage.
4K video & 8K images. Royalty-free.

Perfect for science documentaries, educational content, and research presentations.

Browse & download: https://stockflow.media/?cat=Microscopic&sub=Pollen&collection=Sunflower

#stockfootage #royaltyfree #microscopy #science #biology #micro #microscope #sciencevideo #biologylab #microworld #cellbiology #pollen #sunflower #stockvideo #4kvideo",Sunflower_V_TikTok,https://storage.googleapis.com/stockflow-social/Batch01/Montages/V/Microscopic_Pollen_Sunflower_V.mp4,Microscopic,Stockflow.media,2026-04-01 19:00
"Ragweed — Premium microscopic stock footage.
4K video & 8K images. Royalty-free.

Perfect for science documentaries, educational content, and research presentations.

Browse & download: https://stockflow.media/?cat=Microscopic&sub=Pollen&collection=Ragweed

#stockfootage #royaltyfree #microscopy #science #biology #micro #microscope #sciencevideo #biologylab #microworld #cellbiology #pollen #ragweed #stockvideo #4kvideo",Ragweed_V_TikTok,https://storage.googleapis.com/stockflow-social/Batch01/Montages/V/Microscopic_Pollen_Ragweed_V.mp4,Microscopic,Stockflow.media,2026-04-02 8:00
"Ragweed Spiky Details — Premium microscopic stock footage.
4K video & 8K images. Royalty-free.

Perfect for science documentaries, educational content, and research presentations.

Browse & download: https://stockflow.media/?cat=Microscopic&sub=Pollen&collection=Ragweed+Spiky+Details

#stockfootage #royaltyfree #microscopy #science #biology #micro #microscope #sciencevideo #biologylab #microworld #cellbiology #pollen #ragweedspikydetails #stockvideo #4kvideo",Ragweed Spiky Details_V_TikTok,https://storage.googleapis.com/stockflow-social/Batch01/Montages/V/Microscopic_Pollen_Ragweed-Spiky-Details_V.mp4,Microscopic,Stockflow.media,2026-04-02 12:30
"Pollen Montage — Premium microscopic stock footage.
4K video & 8K images. Royalty-free.

Perfect for science documentaries, educational content, and research presentations.

Browse & download: https://stockflow.media/?cat=Microscopic&sub=Pollen&collection=Pollen+Montage

#stockfootage #royaltyfree #microscopy #science #biology #micro #microscope #sciencevideo #biologylab #microworld #cellbiology #pollen #pollenmontage #stockvideo #4kvideo",Pollen Montage_V_TikTok,https://storage.googleapis.com/stockflow-social/Batch01/Montages/V/Microscopic_Pollen_Pollen-Montage_V.mp4,Microscopic,Stockflow.media,2026-04-02 19:00
"Pine Winged — Premium microscopic stock footage.
4K video & 8K images. Royalty-free.

Perfect for science documentaries, educational content, and research presentations.

Browse & download: https://stockflow.media/?cat=Microscopic&sub=Pollen&collection=Pine+Winged

#stockfootage #royaltyfree #microscopy #science #biology #micro #microscope #sciencevideo #biologylab #microworld #cellbiology #pollen #pinewinged #stockvideo #4kvideo",Pine Winged_V_TikTok,https://storage.googleapis.com/stockflow-social/Batch01/Montages/V/Microscopic_Pollen_Pine-Winged_V.mp4,Microscopic,Stockflow.media,2026-04-03 8:00
"Orchid Pollinium — Premium microscopic stock footage.
4K video & 8K images. Royalty-free.

Perfect for science documentaries, educational content, and research presentations.

Browse & download: https://stockflow.media/?cat=Microscopic&sub=Pollen&collection=Orchid+Pollinium

#stockfootage #royaltyfree #microscopy #science #biology #micro #microscope #sciencevideo #biologylab #microworld #cellbiology #pollen #orchidpollinium #stockvideo #4kvideo",Orchid Pollinium_V_TikTok,https://storage.googleapis.com/stockflow-social/Batch01/Montages/V/Microscopic_Pollen_Orchid-Pollinium_V.mp4,Microscopic,Stockflow.media,2026-04-03 12:30
"Pine Winged Form — Premium microscopic stock footage.
4K video & 8K images. Royalty-free.

Perfect for science documentaries, educational content, and research presentations.

Browse & download: https://stockflow.media/?cat=Microscopic&sub=Pollen&collection=Pine+Winged+Form

#stockfootage #royaltyfree #microscopy #science #biology #micro #microscope #sciencevideo #biologylab #microworld #cellbiology #pollen #pinewingedform #stockvideo #4kvideo",Pine Winged Form_V_TikTok,https://storage.googleapis.com/stockflow-social/Batch01/Montages/V/Microscopic_Pollen_Pine-Winged-Form_V.mp4,Microscopic,Stockflow.media,2026-04-03 19:00
"Orchid Pollinium Smooth Shine — Premium microscopic stock footage.
4K video & 8K images. Royalty-free.

Perfect for science documentaries, educational content, and research presentations.

Browse & download: https://stockflow.media/?cat=Microscopic&sub=Pollen&collection=Orchid+Pollinium+Smooth+Shine

#stockfootage #royaltyfree #microscopy #science #biology #micro #microscope #sciencevideo #biologylab #microworld #cellbiology #pollen #orchidpolliniumsmoothshine #stockvideo #4kvideo",Orchid Pollinium Smooth Shine_V_TikTok,https://storage.googleapis.com/stockflow-social/Batch01/Montages/V/Microscopic_Pollen_Orchid-Pollinium-Smooth-Shine_V.mp4,Microscopic,Stockflow.media,2026-04-04 8:00
"Lotus Starburst — Premium microscopic stock footage.
4K video & 8K images. Royalty-free.

Perfect for science documentaries, educational content, and research presentations.

Browse & download: https://stockflow.media/?cat=Microscopic&sub=Pollen&collection=Lotus+Starburst

#stockfootage #royaltyfree #microscopy #science #biology #micro #microscope #sciencevideo #biologylab #microworld #cellbiology #pollen #lotusstarburst #stockvideo #4kvideo",Lotus Starburst_V_TikTok,https://storage.googleapis.com/stockflow-social/Batch01/Montages/V/Microscopic_Pollen_Lotus-Starburst_V.mp4,Microscopic,Stockflow.media,2026-04-04 12:30
"Lotus Fluorescent Starburst — Premium microscopic stock footage.
4K video & 8K images. Royalty-free.

Perfect for science documentaries, educational content, and research presentations.

Browse & download: https://stockflow.media/?cat=Microscopic&sub=Pollen&collection=Lotus+Fluorescent+Starburst

#stockfootage #royaltyfree #microscopy #science #biology #micro #microscope #sciencevideo #biologylab #microworld #cellbiology #pollen #lotusfluorescentstarburst #stockvideo #4kvideo",Lotus Fluorescent Starburst_V_TikTok,https://storage.googleapis.com/stockflow-social/Batch01/Montages/V/Microscopic_Pollen_Lotus-Fluorescent-Starburst_V.mp4,Microscopic,Stockflow.media,2026-04-04 19:00
"Lavender — Premium microscopic stock footage.
4K video & 8K images. Royalty-free.

Perfect for science documentaries, educational content, and research presentations.

Browse & download: https://stockflow.media/?cat=Microscopic&sub=Pollen&collection=Lavender

#stockfootage #royaltyfree #microscopy #science #biology #micro #microscope #sciencevideo #biologylab #microworld #cellbiology #pollen #lavender #stockvideo #4kvideo",Lavender_V_TikTok,https://storage.googleapis.com/stockflow-social/Batch01/Montages/V/Microscopic_Pollen_Lavender_V.mp4,Microscopic,Stockflow.media,2026-04-05 8:00
"Lavender Dreamy Coating — Premium microscopic stock footage.
4K video & 8K images. Royalty-free.

Perfect for science documentaries, educational content, and research presentations.

Browse & download: https://stockflow.media/?cat=Microscopic&sub=Pollen&collection=Lavender+Dreamy+Coating

#stockfootage #royaltyfree #microscopy #science #biology #micro #microscope #sciencevideo #biologylab #microworld #cellbiology #pollen #lavenderdreamycoating #stockvideo #4kvideo",Lavender Dreamy Coating_V_TikTok,https://storage.googleapis.com/stockflow-social/Batch01/Montages/V/Microscopic_Pollen_Lavender-Dreamy-Coating_V.mp4,Microscopic,Stockflow.media,2026-04-05 12:30
"Grass Mesh Structure — Premium microscopic stock footage.
4K video & 8K images. Royalty-free.

Perfect for science documentaries, educational content, and research presentations.

Browse & download: https://stockflow.media/?cat=Microscopic&sub=Pollen&collection=Grass+Mesh+Structure

#stockfootage #royaltyfree #microscopy #science #biology #micro #microscope #sciencevideo #biologylab #microworld #cellbiology #pollen #grassmeshstructure #stockvideo #4kvideo",Grass Mesh Structure_V_TikTok,https://storage.googleapis.com/stockflow-social/Batch01/Montages/V/Microscopic_Pollen_Grass-Mesh-Structure_V.mp4,Microscopic,Stockflow.media,2026-04-05 19:00
"Dandelion — Premium microscopic stock footage.
4K video & 8K images. Royalty-free.

Perfect for science documentaries, educational content, and research presentations.

Browse & download: https://stockflow.media/?cat=Microscopic&sub=Pollen&collection=Dandelion

#stockfootage #royaltyfree #microscopy #science #biology #micro #microscope #sciencevideo #biologylab #microworld #cellbiology #pollen #dandelion #stockvideo #4kvideo",Dandelion_V_TikTok,https://storage.googleapis.com/stockflow-social/Batch01/Montages/V/Microscopic_Pollen_Dandelion_V.mp4,Microscopic,Stockflow.media,2026-04-06 8:00
"Worm — Premium microscopic stock footage.
4K video & 8K images. Royalty-free.

Perfect for science documentaries, educational content, and research presentations.

Browse & download: https://stockflow.media/?cat=Microscopic&sub=Parasite&collection=Worm

#stockfootage #royaltyfree #microscopy #science #biology #micro #microscope #sciencevideo #biologylab #microworld #cellbiology #parasite #worm #stockvideo #4kvideo",Worm_V_TikTok,https://storage.googleapis.com/stockflow-social/Batch01/Montages/V/Microscopic_Parasite_Worm_V.mp4,Microscopic,Stockflow.media,2026-04-06 12:30
"Trypanosoma — Premium microscopic stock footage.
4K video & 8K images. Royalty-free.

Perfect for science documentaries, educational content, and research presentations.

Browse & download: https://stockflow.media/?cat=Microscopic&sub=Parasite&collection=Trypanosoma

#stockfootage #royaltyfree #microscopy #science #biology #micro #microscope #sciencevideo #biologylab #microworld #cellbiology #parasite #trypanosoma #stockvideo #4kvideo",Trypanosoma_V_TikTok,https://storage.googleapis.com/stockflow-social/Batch01/Montages/V/Microscopic_Parasite_Trypanosoma_V.mp4,Microscopic,Stockflow.media,2026-04-06 19:00
"Trypanosoma Brucei — Premium microscopic stock footage.
4K video & 8K images. Royalty-free.

Perfect for science documentaries, educational content, and research presentations.

Browse & download: https://stockflow.media/?cat=Microscopic&sub=Parasite&collection=Trypanosoma+Brucei

#stockfootage #royaltyfree #microscopy #science #biology #micro #microscope #sciencevideo #biologylab #microworld #cellbiology #parasite #trypanosomabrucei #stockvideo #4kvideo",Trypanosoma Brucei_V_TikTok,https://storage.googleapis.com/stockflow-social/Batch01/Montages/V/Microscopic_Parasite_Trypanosoma-Brucei_V.mp4,Microscopic,Stockflow.media,2026-04-07 8:00
"Toxoplasma Gondii — Premium microscopic stock footage.
4K video & 8K images. Royalty-free.

Perfect for science documentaries, educational content, and research presentations.

Browse & download: https://stockflow.media/?cat=Microscopic&sub=Parasite&collection=Toxoplasma+Gondii

#stockfootage #royaltyfree #microscopy #science #biology #micro #microscope #sciencevideo #biologylab #microworld #cellbiology #parasite #toxoplasmagondii #stockvideo #4kvideo",Toxoplasma Gondii_V_TikTok,https://storage.googleapis.com/stockflow-social/Batch01/Montages/V/Microscopic_Parasite_Toxoplasma-Gondii_V.mp4,Microscopic,Stockflow.media,2026-04-07 12:30
"Plasmodium — Premium microscopic stock footage.
4K video & 8K images. Royalty-free.

Perfect for science documentaries, educational content, and research presentations.

Browse & download: https://stockflow.media/?cat=Microscopic&sub=Parasite&collection=Plasmodium

#stockfootage #royaltyfree #microscopy #science #biology #micro #microscope #sciencevideo #biologylab #microworld #cellbiology #parasite #plasmodium #stockvideo #4kvideo",Plasmodium_V_TikTok,https://storage.googleapis.com/stockflow-social/Batch01/Montages/V/Microscopic_Parasite_Plasmodium_V.mp4,Microscopic,Stockflow.media,2026-04-07 19:00
"Parasite Montage — Premium microscopic stock footage.
4K video & 8K images. Royalty-free.

Perfect for science documentaries, educational content, and research presentations.

Browse & download: https://stockflow.media/?cat=Microscopic&sub=Parasite&collection=Parasite+Montage

#stockfootage #royaltyfree #microscopy #science #biology #micro #microscope #sciencevideo #biologylab #microworld #cellbiology #parasite #parasitemontage #stockvideo #4kvideo",Parasite Montage_V_TikTok,https://storage.googleapis.com/stockflow-social/Batch01/Montages/V/Microscopic_Parasite_Parasite-Montage_V.mp4,Microscopic,Stockflow.media,2026-04-08 8:00
"Parasite — Premium microscopic stock footage.
4K video & 8K images. Royalty-free.

Perfect for science documentaries, educational content, and research presentations.

Browse & download: https://stockflow.media/?cat=Microscopic&sub=Parasite&collection=Parasite

#stockfootage #royaltyfree #microscopy #science #biology #micro #microscope #sciencevideo #biologylab #microworld #cellbiology #parasite #stockvideo #4kvideo #8kimages",Parasite_V_TikTok,https://storage.googleapis.com/stockflow-social/Batch01/Montages/V/Microscopic_Parasite_Parasite_V.mp4,Microscopic,Stockflow.media,2026-04-08 12:30
"Leishmania — Premium microscopic stock footage.
4K video & 8K images. Royalty-free.

Perfect for science documentaries, educational content, and research presentations.

Browse & download: https://stockflow.media/?cat=Microscopic&sub=Parasite&collection=Leishmania

#stockfootage #royaltyfree #microscopy #science #biology #micro #microscope #sciencevideo #biologylab #microworld #cellbiology #parasite #leishmania #stockvideo #4kvideo",Leishmania_V_TikTok,https://storage.googleapis.com/stockflow-social/Batch01/Montages/V/Microscopic_Parasite_Leishmania_V.mp4,Microscopic,Stockflow.media,2026-04-08 19:00
"Giardia Lamblia — Premium microscopic stock footage.
4K video & 8K images. Royalty-free.

Perfect for science documentaries, educational content, and research presentations.

Browse & download: https://stockflow.media/?cat=Microscopic&sub=Parasite&collection=Giardia+Lamblia

#stockfootage #royaltyfree #microscopy #science #biology #micro #microscope #sciencevideo #biologylab #microworld #cellbiology #parasite #giardialamblia #stockvideo #4kvideo",Giardia Lamblia_V_TikTok,https://storage.googleapis.com/stockflow-social/Batch01/Montages/V/Microscopic_Parasite_Giardia-Lamblia_V.mp4,Microscopic,Stockflow.media,2026-04-09 8:00
"Flatworm Larvae — Premium microscopic stock footage.
4K video & 8K images. Royalty-free.

Perfect for science documentaries, educational content, and research presentations.

Browse & download: https://stockflow.media/?cat=Microscopic&sub=Parasite&collection=Flatworm+Larvae

#stockfootage #royaltyfree #microscopy #science #biology #micro #microscope #sciencevideo #biologylab #microworld #cellbiology #parasite #flatwormlarvae #stockvideo #4kvideo",Flatworm Larvae_V_TikTok,https://storage.googleapis.com/stockflow-social/Batch01/Montages/V/Microscopic_Parasite_Flatworm-Larvae_V.mp4,Microscopic,Stockflow.media,2026-04-09 12:30
"Flatworm Larae — Premium microscopic stock footage.
4K video & 8K images. Royalty-free.

Perfect for science documentaries, educational content, and research presentations.

Browse & download: https://stockflow.media/?cat=Microscopic&sub=Parasite&collection=Flatworm+Larae

#stockfootage #royaltyfree #microscopy #science #biology #micro #microscope #sciencevideo #biologylab #microworld #cellbiology #parasite #flatwormlarae #stockvideo #4kvideo",Flatworm Larae_V_TikTok,https://storage.googleapis.com/stockflow-social/Batch01/Montages/V/Microscopic_Parasite_Flatworm-Larae_V.mp4,Microscopic,Stockflow.media,2026-04-09 19:00
"Cryptosporidium — Premium microscopic stock footage.
4K video & 8K images. Royalty-free.

Perfect for science documentaries, educational content, and research presentations.

Browse & download: https://stockflow.media/?cat=Microscopic&sub=Parasite&collection=Cryptosporidium

#stockfootage #royaltyfree #microscopy #science #biology #micro #microscope #sciencevideo #biologylab #microworld #cellbiology #parasite #cryptosporidium #stockvideo #4kvideo",Cryptosporidium_V_TikTok,https://storage.googleapis.com/stockflow-social/Batch01/Montages/V/Microscopic_Parasite_Cryptosporidium_V.mp4,Microscopic,Stockflow.media,2026-04-10 8:00
"Nucleus Montage — Premium microscopic stock footage.
4K video & 8K images. Royalty-free.

Perfect for science documentaries, educational content, and research presentations.

Browse & download: https://stockflow.media/?cat=Microscopic&sub=Nucleus&collection=Nucleus+Montage

#stockfootage #royaltyfree #microscopy #science #biology #micro #microscope #sciencevideo #biologylab #microworld #cellbiology #nucleus #nucleusmontage #stockvideo #4kvideo",Nucleus Montage_V_TikTok,https://storage.googleapis.com/stockflow-social/Batch01/Montages/V/Microscopic_Nucleus_Nucleus-Montage_V.mp4,Microscopic,Stockflow.media,2026-04-10 12:30
"Spinalcord — Premium microscopic stock footage.
4K video & 8K images. Royalty-free.

Perfect for science documentaries, educational content, and research presentations.

Browse & download: https://stockflow.media/?cat=Microscopic&sub=Neuropathology&collection=Spinalcord

#stockfootage #royaltyfree #microscopy #science #biology #micro #microscope #sciencevideo #biologylab #microworld #cellbiology #neuropathology #spinalcord #stockvideo #4kvideo",Spinalcord_V_TikTok,https://storage.googleapis.com/stockflow-social/Batch01/Montages/V/Microscopic_Neuropathology_Spinalcord_V.mp4,Microscopic,Stockflow.media,2026-04-10 19:00
"Coronavirus — Premium microscopic stock footage.
4K video & 8K images. Royalty-free.

Perfect for science documentaries, educational content, and research presentations.

Browse & download: https://stockflow.media/?cat=Microscopic&sub=Nucleus&collection=Coronavirus

#stockfootage #royaltyfree #microscopy #science #biology #micro #microscope #sciencevideo #biologylab #microworld #cellbiology #nucleus #coronavirus #stockvideo #4kvideo",Coronavirus_V_TikTok,https://storage.googleapis.com/stockflow-social/Batch01/Montages/V/Microscopic_Nucleus_Coronavirus_V.mp4,Microscopic,Stockflow.media,2026-04-11 8:00
"Parkinson — Premium microscopic stock footage.
4K video & 8K images. Royalty-free.

Perfect for science documentaries, educational content, and research presentations.

Browse & download: https://stockflow.media/?cat=Microscopic&sub=Neuropathology&collection=Parkinson

#stockfootage #royaltyfree #microscopy #science #biology #micro #microscope #sciencevideo #biologylab #microworld #cellbiology #neuropathology #parkinson #stockvideo #4kvideo",Parkinson_V_TikTok,https://storage.googleapis.com/stockflow-social/Batch01/Montages/V/Microscopic_Neuropathology_Parkinson_V.mp4,Microscopic,Stockflow.media,2026-04-11 12:30
"Neuropathology Montage — Premium microscopic stock footage.
4K video & 8K images. Royalty-free.

Perfect for science documentaries, educational content, and research presentations.

Browse & download: https://stockflow.media/?cat=Microscopic&sub=Neuropathology&collection=Neuropathology+Montage

#stockfootage #royaltyfree #microscopy #science #biology #micro #microscope #sciencevideo #biologylab #microworld #cellbiology #neuropathology #neuropathologymontage #stockvideo #4kvideo",Neuropathology Montage_V_TikTok,https://storage.googleapis.com/stockflow-social/Batch01/Montages/V/Microscopic_Neuropathology_Neuropathology-Montage_V.mp4,Microscopic,Stockflow.media,2026-04-11 19:00
"Multiplesclerosis — Premium microscopic stock footage.
4K video & 8K images. Royalty-free.

Perfect for science documentaries, educational content, and research presentations.

Browse & download: https://stockflow.media/?cat=Microscopic&sub=Neuropathology&collection=Multiplesclerosis

#stockfootage #royaltyfree #microscopy #science #biology #micro #microscope #sciencevideo #biologylab #microworld #cellbiology #neuropathology #multiplesclerosis #stockvideo #4kvideo",Multiplesclerosis_V_TikTok,https://storage.googleapis.com/stockflow-social/Batch01/Montages/V/Microscopic_Neuropathology_Multiplesclerosis_V.mp4,Microscopic,Stockflow.media,2026-04-12 8:00
"Neuroblastoma — Premium microscopic stock footage.
4K video & 8K images. Royalty-free.

Perfect for science documentaries, educational content, and research presentations.

Browse & download: https://stockflow.media/?cat=Microscopic&sub=Neuropathology&collection=Neuroblastoma

#stockfootage #royaltyfree #microscopy #science #biology #micro #microscope #sciencevideo #biologylab #microworld #cellbiology #neuropathology #neuroblastoma #stockvideo #4kvideo",Neuroblastoma_V_TikTok,https://storage.googleapis.com/stockflow-social/Batch01/Montages/V/Microscopic_Neuropathology_Neuroblastoma_V.mp4,Microscopic,Stockflow.media,2026-04-12 12:30
"Alzheimer — Premium microscopic stock footage.
4K video & 8K images. Royalty-free.

Perfect for science documentaries, educational content, and research presentations.

Browse & download: https://stockflow.media/?cat=Microscopic&sub=Neuropathology&collection=Alzheimer

#stockfootage #royaltyfree #microscopy #science #biology #micro #microscope #sciencevideo #biologylab #microworld #cellbiology #neuropathology #alzheimer #stockvideo #4kvideo",Alzheimer_V_TikTok,https://storage.googleapis.com/stockflow-social/Batch01/Montages/V/Microscopic_Neuropathology_Alzheimer_V.mp4,Microscopic,Stockflow.media,2026-04-12 19:00
"Tuberculosis — Premium microscopic stock footage.
4K video & 8K images. Royalty-free.

Perfect for science documentaries, educational content, and research presentations.

Browse & download: https://stockflow.media/?cat=Microscopic&sub=Infectious&collection=Tuberculosis

#stockfootage #royaltyfree #microscopy #science #biology #micro #microscope #sciencevideo #biologylab #microworld #cellbiology #infectious #tuberculosis #stockvideo #4kvideo",Tuberculosis_V_TikTok,https://storage.googleapis.com/stockflow-social/Batch01/Montages/V/Microscopic_Infectious_Tuberculosis_V.mp4,Microscopic,Stockflow.media,2026-04-13 8:00
"Toxoplasma — Premium microscopic stock footage.
4K video & 8K images. Royalty-free.

Perfect for science documentaries, educational content, and research presentations.

Browse & download: https://stockflow.media/?cat=Microscopic&sub=Infectious&collection=Toxoplasma

#stockfootage #royaltyfree #microscopy #science #biology #micro #microscope #sciencevideo #biologylab #microworld #cellbiology #infectious #toxoplasma #stockvideo #4kvideo",Toxoplasma_V_TikTok,https://storage.googleapis.com/stockflow-social/Batch01/Montages/V/Microscopic_Infectious_Toxoplasma_V.mp4,Microscopic,Stockflow.media,2026-04-13 12:30
"Schistosoma — Premium microscopic stock footage.
4K video & 8K images. Royalty-free.

Perfect for science documentaries, educational content, and research presentations.

Browse & download: https://stockflow.media/?cat=Microscopic&sub=Infectious&collection=Schistosoma

#stockfootage #royaltyfree #microscopy #science #biology #micro #microscope #sciencevideo #biologylab #microworld #cellbiology #infectious #schistosoma #stockvideo #4kvideo",Schistosoma_V_TikTok,https://storage.googleapis.com/stockflow-social/Batch01/Montages/V/Microscopic_Infectious_Schistosoma_V.mp4,Microscopic,Stockflow.media,2026-04-13 19:00
"Infectious Montage — Premium microscopic stock footage.
4K video & 8K images. Royalty-free.

Perfect for science documentaries, educational content, and research presentations.

Browse & download: https://stockflow.media/?cat=Microscopic&sub=Infectious&collection=Infectious+Montage

#stockfootage #royaltyfree #microscopy #science #biology #micro #microscope #sciencevideo #biologylab #microworld #cellbiology #infectious #infectiousmontage #stockvideo #4kvideo",Infectious Montage_V_TikTok,https://storage.googleapis.com/stockflow-social/Batch01/Montages/V/Microscopic_Infectious_Infectious-Montage_V.mp4,Microscopic,Stockflow.media,2026-04-14 8:00
"Fungal — Premium microscopic stock footage.
4K video & 8K images. Royalty-free.

Perfect for science documentaries, educational content, and research presentations.

Browse & download: https://stockflow.media/?cat=Microscopic&sub=Infectious&collection=Fungal

#stockfootage #royaltyfree #microscopy #science #biology #micro #microscope #sciencevideo #biologylab #microworld #cellbiology #infectious #fungal #stockvideo #4kvideo",Fungal_V_TikTok,https://storage.googleapis.com/stockflow-social/Batch01/Montages/V/Microscopic_Infectious_Fungal_V.mp4,Microscopic,Stockflow.media,2026-04-14 12:30
"Hepatitis — Premium microscopic stock footage.
4K video & 8K images. Royalty-free.

Perfect for science documentaries, educational content, and research presentations.

Browse & download: https://stockflow.media/?cat=Microscopic&sub=Infectious&collection=Hepatitis

#stockfootage #royaltyfree #microscopy #science #biology #micro #microscope #sciencevideo #biologylab #microworld #cellbiology #infectious #hepatitis #stockvideo #4kvideo",Hepatitis_V_TikTok,https://storage.googleapis.com/stockflow-social/Batch01/Montages/V/Microscopic_Infectious_Hepatitis_V.mp4,Microscopic,Stockflow.media,2026-04-14 19:00
"Hyphae Montage — Premium microscopic stock footage.
4K video & 8K images. Royalty-free.

Perfect for science documentaries, educational content, and research presentations.

Browse & download: https://stockflow.media/?cat=Microscopic&sub=Hyphae&collection=Hyphae+Montage

#stockfootage #royaltyfree #microscopy #science #biology #micro #microscope #sciencevideo #biologylab #microworld #cellbiology #hyphae #hyphaemontage #stockvideo #4kvideo",Hyphae Montage_V_TikTok,https://storage.googleapis.com/stockflow-social/Batch01/Montages/V/Microscopic_Hyphae_Hyphae-Montage_V.mp4,Microscopic,Stockflow.media,2026-04-15 8:00
"Hyphae — Premium microscopic stock footage.
4K video & 8K images. Royalty-free.

Perfect for science documentaries, educational content, and research presentations.

Browse & download: https://stockflow.media/?cat=Microscopic&sub=Hyphae&collection=Hyphae

#stockfootage #royaltyfree #microscopy #science #biology #micro #microscope #sciencevideo #biologylab #microworld #cellbiology #hyphae #stockvideo #4kvideo #8kimages",Hyphae_V_TikTok,https://storage.googleapis.com/stockflow-social/Batch01/Montages/V/Microscopic_Hyphae_Hyphae_V.mp4,Microscopic,Stockflow.media,2026-04-15 12:30
"Prostate — Premium microscopic stock footage.
4K video & 8K images. Royalty-free.

Perfect for science documentaries, educational content, and research presentations.

Browse & download: https://stockflow.media/?cat=Microscopic&sub=Histopathology&collection=Prostate

#stockfootage #royaltyfree #microscopy #science #biology #micro #microscope #sciencevideo #biologylab #microworld #cellbiology #histopathology #prostate #stockvideo #4kvideo",Prostate_V_TikTok,https://storage.googleapis.com/stockflow-social/Batch01/Montages/V/Microscopic_Histopathology_Prostate_V.mp4,Microscopic,Stockflow.media,2026-04-15 19:00
"Psoriatic — Premium microscopic stock footage.
4K video & 8K images. Royalty-free.

Perfect for science documentaries, educational content, and research presentations.

Browse & download: https://stockflow.media/?cat=Microscopic&sub=Histopathology&collection=Psoriatic

#stockfootage #royaltyfree #microscopy #science #biology #micro #microscope #sciencevideo #biologylab #microworld #cellbiology #histopathology #psoriatic #stockvideo #4kvideo",Psoriatic_V_TikTok,https://storage.googleapis.com/stockflow-social/Batch01/Montages/V/Microscopic_Histopathology_Psoriatic_V.mp4,Microscopic,Stockflow.media,2026-04-16 8:00
"Lung Tissue — Premium microscopic stock footage.
4K video & 8K images. Royalty-free.

Perfect for science documentaries, educational content, and research presentations.

Browse & download: https://stockflow.media/?cat=Microscopic&sub=Histopathology&collection=Lung+Tissue

#stockfootage #royaltyfree #microscopy #science #biology #micro #microscope #sciencevideo #biologylab #microworld #cellbiology #histopathology #lungtissue #stockvideo #4kvideo",Lung Tissue_V_TikTok,https://storage.googleapis.com/stockflow-social/Batch01/Montages/V/Microscopic_Histopathology_Lung-Tissue_V.mp4,Microscopic,Stockflow.media,2026-04-16 12:30
"Liver Cirrhosis — Premium microscopic stock footage.
4K video & 8K images. Royalty-free.

Perfect for science documentaries, educational content, and research presentations.

Browse & download: https://stockflow.media/?cat=Microscopic&sub=Histopathology&collection=Liver+Cirrhosis

#stockfootage #royaltyfree #microscopy #science #biology #micro #microscope #sciencevideo #biologylab #microworld #cellbiology #histopathology #livercirrhosis #stockvideo #4kvideo",Liver Cirrhosis_V_TikTok,https://storage.googleapis.com/stockflow-social/Batch01/Montages/V/Microscopic_Histopathology_Liver-Cirrhosis_V.mp4,Microscopic,Stockflow.media,2026-04-16 19:00
"Histopathology Montage — Premium microscopic stock footage.
4K video & 8K images. Royalty-free.

Perfect for science documentaries, educational content, and research presentations.

Browse & download: https://stockflow.media/?cat=Microscopic&sub=Histopathology&collection=Histopathology+Montage

#stockfootage #royaltyfree #microscopy #science #biology #micro #microscope #sciencevideo #biologylab #microworld #cellbiology #histopathology #histopathologymontage #stockvideo #4kvideo",Histopathology Montage_V_TikTok,https://storage.googleapis.com/stockflow-social/Batch01/Montages/V/Microscopic_Histopathology_Histopathology-Montage_V.mp4,Microscopic,Stockflow.media,2026-04-17 8:00
"Kidney — Premium microscopic stock footage.
4K video & 8K images. Royalty-free.

Perfect for science documentaries, educational content, and research presentations.

Browse & download: https://stockflow.media/?cat=Microscopic&sub=Histopathology&collection=Kidney

#stockfootage #royaltyfree #microscopy #science #biology #micro #microscope #sciencevideo #biologylab #microworld #cellbiology #histopathology #kidney #stockvideo #4kvideo",Kidney_V_TikTok,https://storage.googleapis.com/stockflow-social/Batch01/Montages/V/Microscopic_Histopathology_Kidney_V.mp4,Microscopic,Stockflow.media,2026-04-17 12:30
"Glioblastoma — Premium microscopic stock footage.
4K video & 8K images. Royalty-free.

Perfect for science documentaries, educational content, and research presentations.

Browse & download: https://stockflow.media/?cat=Microscopic&sub=Histopathology&collection=Glioblastoma

#stockfootage #royaltyfree #microscopy #science #biology #micro #microscope #sciencevideo #biologylab #microworld #cellbiology #histopathology #glioblastoma #stockvideo #4kvideo",Glioblastoma_V_TikTok,https://storage.googleapis.com/stockflow-social/Batch01/Montages/V/Microscopic_Histopathology_Glioblastoma_V.mp4,Microscopic,Stockflow.media,2026-04-17 19:00
"Colon Polyp — Premium microscopic stock footage.
4K video & 8K images. Royalty-free.

Perfect for science documentaries, educational content, and research presentations.

Browse & download: https://stockflow.media/?cat=Microscopic&sub=Histopathology&collection=Colon+Polyp

#stockfootage #royaltyfree #microscopy #science #biology #micro #microscope #sciencevideo #biologylab #microworld #cellbiology #histopathology #colonpolyp #stockvideo #4kvideo",Colon Polyp_V_TikTok,https://storage.googleapis.com/stockflow-social/Batch01/Montages/V/Microscopic_Histopathology_Colon-Polyp_V.mp4,Microscopic,Stockflow.media,2026-04-18 8:00
"Breast Cancer — Premium microscopic stock footage.
4K video & 8K images. Royalty-free.

Perfect for science documentaries, educational content, and research presentations.

Browse & download: https://stockflow.media/?cat=Microscopic&sub=Histopathology&collection=Breast+Cancer

#stockfootage #royaltyfree #microscopy #science #biology #micro #microscope #sciencevideo #biologylab #microworld #cellbiology #histopathology #breastcancer #stockvideo #4kvideo",Breast Cancer_V_TikTok,https://storage.googleapis.com/stockflow-social/Batch01/Montages/V/Microscopic_Histopathology_Breast-Cancer_V.mp4,Microscopic,Stockflow.media,2026-04-18 12:30
"Cervical Cells — Premium microscopic stock footage.
4K video & 8K images. Royalty-free.

Perfect for science documentaries, educational content, and research presentations.

Browse & download: https://stockflow.media/?cat=Microscopic&sub=Histopathology&collection=Cervical+Cells

#stockfootage #royaltyfree #microscopy #science #biology #micro #microscope #sciencevideo #biologylab #microworld #cellbiology #histopathology #cervicalcells #stockvideo #4kvideo",Cervical Cells_V_TikTok,https://storage.googleapis.com/stockflow-social/Batch01/Montages/V/Microscopic_Histopathology_Cervical-Cells_V.mp4,Microscopic,Stockflow.media,2026-04-18 19:00
"Sickle Cell — Premium microscopic stock footage.
4K video & 8K images. Royalty-free.

Perfect for science documentaries, educational content, and research presentations.

Browse & download: https://stockflow.media/?cat=Microscopic&sub=Hematology&collection=Sickle+Cell

#stockfootage #royaltyfree #microscopy #science #biology #micro #microscope #sciencevideo #biologylab #microworld #cellbiology #hematology #sicklecell #stockvideo #4kvideo",Sickle Cell_V_TikTok,https://storage.googleapis.com/stockflow-social/Batch01/Montages/V/Microscopic_Hematology_Sickle-Cell_V.mp4,Microscopic,Stockflow.media,2026-04-19 8:00
"Zygomycete — Premium microscopic stock footage.
4K video & 8K images. Royalty-free.

Perfect for science documentaries, educational content, and research presentations.

Browse & download: https://stockflow.media/?cat=Microscopic&sub=Fungi&collection=Zygomycete

#stockfootage #royaltyfree #microscopy #science #biology #micro #microscope #sciencevideo #biologylab #microworld #cellbiology #fungi #zygomycete #stockvideo #4kvideo",Zygomycete_V_TikTok,https://storage.googleapis.com/stockflow-social/Batch01/Montages/V/Microscopic_Fungi_Zygomycete_V.mp4,Microscopic,Stockflow.media,2026-04-19 12:30
"Hematology Montage — Premium microscopic stock footage.
4K video & 8K images. Royalty-free.

Perfect for science documentaries, educational content, and research presentations.

Browse & download: https://stockflow.media/?cat=Microscopic&sub=Hematology&collection=Hematology+Montage

#stockfootage #royaltyfree #microscopy #science #biology #micro #microscope #sciencevideo #biologylab #microworld #cellbiology #hematology #hematologymontage #stockvideo #4kvideo",Hematology Montage_V_TikTok,https://storage.googleapis.com/stockflow-social/Batch01/Montages/V/Microscopic_Hematology_Hematology-Montage_V.mp4,Microscopic,Stockflow.media,2026-04-19 19:00
"Yeast Cells — Premium microscopic stock footage.
4K video & 8K images. Royalty-free.

Perfect for science documentaries, educational content, and research presentations.

Browse & download: https://stockflow.media/?cat=Microscopic&sub=Fungi&collection=Yeast+Cells

#stockfootage #royaltyfree #microscopy #science #biology #micro #microscope #sciencevideo #biologylab #microworld #cellbiology #fungi #yeastcells #stockvideo #4kvideo",Yeast Cells_V_TikTok,https://storage.googleapis.com/stockflow-social/Batch01/Montages/V/Microscopic_Fungi_Yeast-Cells_V.mp4,Microscopic,Stockflow.media,2026-04-20 8:00
"Sporangia — Premium microscopic stock footage.
4K video & 8K images. Royalty-free.

Perfect for science documentaries, educational content, and research presentations.

Browse & download: https://stockflow.media/?cat=Microscopic&sub=Fungi&collection=Sporangia

#stockfootage #royaltyfree #microscopy #science #biology #micro #microscope #sciencevideo #biologylab #microworld #cellbiology #fungi #sporangia #stockvideo #4kvideo",Sporangia_V_TikTok,https://storage.googleapis.com/stockflow-social/Batch01/Montages/V/Microscopic_Fungi_Sporangia_V.mp4,Microscopic,Stockflow.media,2026-04-20 12:30
"Pathogenic — Premium microscopic stock footage.
4K video & 8K images. Royalty-free.

Perfect for science documentaries, educational content, and research presentations.

Browse & download: https://stockflow.media/?cat=Microscopic&sub=Fungi&collection=Pathogenic

#stockfootage #royaltyfree #microscopy #science #biology #micro #microscope #sciencevideo #biologylab #microworld #cellbiology #fungi #pathogenic #stockvideo #4kvideo",Pathogenic_V_TikTok,https://storage.googleapis.com/stockflow-social/Batch01/Montages/V/Microscopic_Fungi_Pathogenic_V.mp4,Microscopic,Stockflow.media,2026-04-20 19:00
"Mycelium — Premium microscopic stock footage.
4K video & 8K images. Royalty-free.

Perfect for science documentaries, educational content, and research presentations.

Browse & download: https://stockflow.media/?cat=Microscopic&sub=Fungi&collection=Mycelium

#stockfootage #royaltyfree #microscopy #science #biology #micro #microscope #sciencevideo #biologylab #microworld #cellbiology #fungi #mycelium #stockvideo #4kvideo",Mycelium_V_TikTok,https://storage.googleapis.com/stockflow-social/Batch01/Montages/V/Microscopic_Fungi_Mycelium_V.mp4,Microscopic,Stockflow.media,2026-04-21 8:00
"Lichen — Premium microscopic stock footage.
4K video & 8K images. Royalty-free.

Perfect for science documentaries, educational content, and research presentations.

Browse & download: https://stockflow.media/?cat=Microscopic&sub=Fungi&collection=Lichen

#stockfootage #royaltyfree #microscopy #science #biology #micro #microscope #sciencevideo #biologylab #microworld #cellbiology #fungi #lichen #stockvideo #4kvideo",Lichen_V_TikTok,https://storage.googleapis.com/stockflow-social/Batch01/Montages/V/Microscopic_Fungi_Lichen_V.mp4,Microscopic,Stockflow.media,2026-04-21 12:30
"Fungi Montage — Premium microscopic stock footage.
4K video & 8K images. Royalty-free.

Perfect for science documentaries, educational content, and research presentations.

Browse & download: https://stockflow.media/?cat=Microscopic&sub=Fungi&collection=Fungi+Montage

#stockfootage #royaltyfree #microscopy #science #biology #micro #microscope #sciencevideo #biologylab #microworld #cellbiology #fungi #fungimontage #stockvideo #4kvideo",Fungi Montage_V_TikTok,https://storage.googleapis.com/stockflow-social/Batch01/Montages/V/Microscopic_Fungi_Fungi-Montage_V.mp4,Microscopic,Stockflow.media,2026-04-21 19:00
"Fungi — Premium microscopic stock footage.
4K video & 8K images. Royalty-free.

Perfect for science documentaries, educational content, and research presentations.

Browse & download: https://stockflow.media/?cat=Microscopic&sub=Fungi&collection=Fungi

#stockfootage #royaltyfree #microscopy #science #biology #micro #microscope #sciencevideo #biologylab #microworld #cellbiology #fungi #stockvideo #4kvideo #8kimages",Fungi_V_TikTok,https://storage.googleapis.com/stockflow-social/Batch01/Montages/V/Microscopic_Fungi_Fungi_V.mp4,Microscopic,Stockflow.media,2026-04-22 8:00
"Decay — Premium microscopic stock footage.
4K video & 8K images. Royalty-free.

Perfect for science documentaries, educational content, and research presentations.

Browse & download: https://stockflow.media/?cat=Microscopic&sub=Fungi&collection=Decay

#stockfootage #royaltyfree #microscopy #science #biology #micro #microscope #sciencevideo #biologylab #microworld #cellbiology #fungi #decay #stockvideo #4kvideo",Decay_V_TikTok,https://storage.googleapis.com/stockflow-social/Batch01/Montages/V/Microscopic_Fungi_Decay_V.mp4,Microscopic,Stockflow.media,2026-04-22 12:30
"Basidiospores — Premium microscopic stock footage.
4K video & 8K images. Royalty-free.

Perfect for science documentaries, educational content, and research presentations.

Browse & download: https://stockflow.media/?cat=Microscopic&sub=Fungi&collection=Basidiospores

#stockfootage #royaltyfree #microscopy #science #biology #micro #microscope #sciencevideo #biologylab #microworld #cellbiology #fungi #basidiospores #stockvideo #4kvideo",Basidiospores_V_TikTok,https://storage.googleapis.com/stockflow-social/Batch01/Montages/V/Microscopic_Fungi_Basidiospores_V.mp4,Microscopic,Stockflow.media,2026-04-22 19:00
"Algal Cells — Premium microscopic stock footage.
4K video & 8K images. Royalty-free.

Perfect for science documentaries, educational content, and research presentations.

Browse & download: https://stockflow.media/?cat=Microscopic&sub=Fungi&collection=Algal+Cells

#stockfootage #royaltyfree #microscopy #science #biology #micro #microscope #sciencevideo #biologylab #microworld #cellbiology #fungi #algalcells #stockvideo #4kvideo",Algal Cells_V_TikTok,https://storage.googleapis.com/stockflow-social/Batch01/Montages/V/Microscopic_Fungi_Algal-Cells_V.mp4,Microscopic,Stockflow.media,2026-04-23 8:00
"Yeast And Mold — Premium microscopic stock footage.
4K video & 8K images. Royalty-free.

Perfect for science documentaries, educational content, and research presentations.

Browse & download: https://stockflow.media/?cat=Microscopic&sub=Food+Fungi&collection=Yeast+And+Mold

#stockfootage #royaltyfree #microscopy #science #biology #micro #microscope #sciencevideo #biologylab #microworld #cellbiology #foodfungi #yeastandmold #stockvideo #4kvideo",Yeast And Mold_V_TikTok,https://storage.googleapis.com/stockflow-social/Batch01/Montages/V/Microscopic_Food-Fungi_Yeast-And-Mold_V.mp4,Microscopic,Stockflow.media,2026-04-23 12:30
"Rhizopus — Premium microscopic stock footage.
4K video & 8K images. Royalty-free.

Perfect for science documentaries, educational content, and research presentations.

Browse & download: https://stockflow.media/?cat=Microscopic&sub=Food+Fungi&collection=Rhizopus

#stockfootage #royaltyfree #microscopy #science #biology #micro #microscope #sciencevideo #biologylab #microworld #cellbiology #foodfungi #rhizopus #stockvideo #4kvideo",Rhizopus_V_TikTok,https://storage.googleapis.com/stockflow-social/Batch01/Montages/V/Microscopic_Food-Fungi_Rhizopus_V.mp4,Microscopic,Stockflow.media,2026-04-23 19:00
"Penicillium — Premium microscopic stock footage.
4K video & 8K images. Royalty-free.

Perfect for science documentaries, educational content, and research presentations.

Browse & download: https://stockflow.media/?cat=Microscopic&sub=Food+Fungi&collection=Penicillium

#stockfootage #royaltyfree #microscopy #science #biology #micro #microscope #sciencevideo #biologylab #microworld #cellbiology #foodfungi #penicillium #stockvideo #4kvideo",Penicillium_V_TikTok,https://storage.googleapis.com/stockflow-social/Batch01/Montages/V/Microscopic_Food-Fungi_Penicillium_V.mp4,Microscopic,Stockflow.media,2026-04-24 8:00
"Mold Growth — Premium microscopic stock footage.
4K video & 8K images. Royalty-free.

Perfect for science documentaries, educational content, and research presentations.

Browse & download: https://stockflow.media/?cat=Microscopic&sub=Food+Fungi&collection=Mold+Growth

#stockfootage #royaltyfree #microscopy #science #biology #micro #microscope #sciencevideo #biologylab #microworld #cellbiology #foodfungi #moldgrowth #stockvideo #4kvideo",Mold Growth_V_TikTok,https://storage.googleapis.com/stockflow-social/Batch01/Montages/V/Microscopic_Food-Fungi_Mold-Growth_V.mp4,Microscopic,Stockflow.media,2026-04-24 12:30
"Fungal Penetration — Premium microscopic stock footage.
4K video & 8K images. Royalty-free.

Perfect for science documentaries, educational content, and research presentations.

Browse & download: https://stockflow.media/?cat=Microscopic&sub=Food+Fungi&collection=Fungal+Penetration

#stockfootage #royaltyfree #microscopy #science #biology #micro #microscope #sciencevideo #biologylab #microworld #cellbiology #foodfungi #fungalpenetration #stockvideo #4kvideo",Fungal Penetration_V_TikTok,https://storage.googleapis.com/stockflow-social/Batch01/Montages/V/Microscopic_Food-Fungi_Fungal-Penetration_V.mp4,Microscopic,Stockflow.media,2026-04-24 19:00
"Fungal Ecosystem — Premium microscopic stock footage.
4K video & 8K images. Royalty-free.

Perfect for science documentaries, educational content, and research presentations.

Browse & download: https://stockflow.media/?cat=Microscopic&sub=Food+Fungi&collection=Fungal+Ecosystem

#stockfootage #royaltyfree #microscopy #science #biology #micro #microscope #sciencevideo #biologylab #microworld #cellbiology #foodfungi #fungalecosystem #stockvideo #4kvideo",Fungal Ecosystem_V_TikTok,https://storage.googleapis.com/stockflow-social/Batch01/Montages/V/Microscopic_Food-Fungi_Fungal-Ecosystem_V.mp4,Microscopic,Stockflow.media,2026-04-25 8:00
"Food Fungi Montage — Premium microscopic stock footage.
4K video & 8K images. Royalty-free.

Perfect for science documentaries, educational content, and research presentations.

Browse & download: https://stockflow.media/?cat=Microscopic&sub=Food+Fungi&collection=Food+Fungi+Montage

#stockfootage #royaltyfree #microscopy #science #biology #micro #microscope #sciencevideo #biologylab #microworld #cellbiology #foodfungi #foodfungimontage #stockvideo #4kvideo",Food Fungi Montage_V_TikTok,https://storage.googleapis.com/stockflow-social/Batch01/Montages/V/Microscopic_Food-Fungi_Food-Fungi-Montage_V.mp4,Microscopic,Stockflow.media,2026-04-25 12:30
"Aspergillus — Premium microscopic stock footage.
4K video & 8K images. Royalty-free.

Perfect for science documentaries, educational content, and research presentations.

Browse & download: https://stockflow.media/?cat=Microscopic&sub=Food+Fungi&collection=Aspergillus

#stockfootage #royaltyfree #microscopy #science #biology #micro #microscope #sciencevideo #biologylab #microworld #cellbiology #foodfungi #aspergillus #stockvideo #4kvideo",Aspergillus_V_TikTok,https://storage.googleapis.com/stockflow-social/Batch01/Montages/V/Microscopic_Food-Fungi_Aspergillus_V.mp4,Microscopic,Stockflow.media,2026-04-25 19:00
"Helix — Premium microscopic stock footage.
4K video & 8K images. Royalty-free.

Perfect for science documentaries, educational content, and research presentations.

Browse & download: https://stockflow.media/?cat=Microscopic&sub=Dna&collection=Helix

#stockfootage #royaltyfree #microscopy #science #biology #micro #microscope #sciencevideo #biologylab #microworld #cellbiology #dna #helix #stockvideo #4kvideo",Helix_V_TikTok,https://storage.googleapis.com/stockflow-social/Batch01/Montages/V/Microscopic_Dna_Helix_V.mp4,Microscopic,Stockflow.media,2026-04-26 8:00
"Dna Montage — Premium microscopic stock footage.
4K video & 8K images. Royalty-free.

Perfect for science documentaries, educational content, and research presentations.

Browse & download: https://stockflow.media/?cat=Microscopic&sub=Dna&collection=Dna+Montage

#stockfootage #royaltyfree #microscopy #science #biology #micro #microscope #sciencevideo #biologylab #microworld #cellbiology #dna #dnamontage #stockvideo #4kvideo",Dna Montage_V_TikTok,https://storage.googleapis.com/stockflow-social/Batch01/Montages/V/Microscopic_Dna_Dna-Montage_V.mp4,Microscopic,Stockflow.media,2026-04-26 12:30
"Squamous — Premium microscopic stock footage.
4K video & 8K images. Royalty-free.

Perfect for science documentaries, educational content, and research presentations.

Browse & download: https://stockflow.media/?cat=Microscopic&sub=Dermatopathology&collection=Squamous

#stockfootage #royaltyfree #microscopy #science #biology #micro #microscope #sciencevideo #biologylab #microworld #cellbiology #dermatopathology #squamous #stockvideo #4kvideo",Squamous_V_TikTok,https://storage.googleapis.com/stockflow-social/Batch01/Montages/V/Microscopic_Dermatopathology_Squamous_V.mp4,Microscopic,Stockflow.media,2026-04-26 19:00
"Vitiligo — Premium microscopic stock footage.
4K video & 8K images. Royalty-free.

Perfect for science documentaries, educational content, and research presentations.

Browse & download: https://stockflow.media/?cat=Microscopic&sub=Dermatopathology&collection=Vitiligo

#stockfootage #royaltyfree #microscopy #science #biology #micro #microscope #sciencevideo #biologylab #microworld #cellbiology #dermatopathology #vitiligo #stockvideo #4kvideo",Vitiligo_V_TikTok,https://storage.googleapis.com/stockflow-social/Batch01/Montages/V/Microscopic_Dermatopathology_Vitiligo_V.mp4,Microscopic,Stockflow.media,2026-04-27 8:00
"Eczema — Premium microscopic stock footage.
4K video & 8K images. Royalty-free.

Perfect for science documentaries, educational content, and research presentations.

Browse & download: https://stockflow.media/?cat=Microscopic&sub=Dermatopathology&collection=Eczema

#stockfootage #royaltyfree #microscopy #science #biology #micro #microscope #sciencevideo #biologylab #microworld #cellbiology #dermatopathology #eczema #stockvideo #4kvideo",Eczema_V_TikTok,https://storage.googleapis.com/stockflow-social/Batch01/Montages/V/Microscopic_Dermatopathology_Eczema_V.mp4,Microscopic,Stockflow.media,2026-04-27 12:30
"Dermatopathology Montage — Premium microscopic stock footage.
4K video & 8K images. Royalty-free.

Perfect for science documentaries, educational content, and research presentations.

Browse & download: https://stockflow.media/?cat=Microscopic&sub=Dermatopathology&collection=Dermatopathology+Montage

#stockfootage #royaltyfree #microscopy #science #biology #micro #microscope #sciencevideo #biologylab #microworld #cellbiology #dermatopathology #dermatopathologymontage #stockvideo #4kvideo",Dermatopathology Montage_V_TikTok,https://storage.googleapis.com/stockflow-social/Batch01/Montages/V/Microscopic_Dermatopathology_Dermatopathology-Montage_V.mp4,Microscopic,Stockflow.media,2026-04-27 19:00
"Basal — Premium microscopic stock footage.
4K video & 8K images. Royalty-free.

Perfect for science documentaries, educational content, and research presentations.

Browse & download: https://stockflow.media/?cat=Microscopic&sub=Dermatopathology&collection=Basal

#stockfootage #royaltyfree #microscopy #science #biology #micro #microscope #sciencevideo #biologylab #microworld #cellbiology #dermatopathology #basal #stockvideo #4kvideo",Basal_V_TikTok,https://storage.googleapis.com/stockflow-social/Batch01/Montages/V/Microscopic_Dermatopathology_Basal_V.mp4,Microscopic,Stockflow.media,2026-04-28 8:00
"Ribosomes — Premium microscopic stock footage.
4K video & 8K images. Royalty-free.

Perfect for science documentaries, educational content, and research presentations.

Browse & download: https://stockflow.media/?cat=Microscopic&sub=Cellular&collection=Ribosomes

#stockfootage #royaltyfree #microscopy #science #biology #micro #microscope #sciencevideo #biologylab #microworld #cellbiology #cellular #ribosomes #stockvideo #4kvideo",Ribosomes_V_TikTok,https://storage.googleapis.com/stockflow-social/Batch01/Montages/V/Microscopic_Cellular_Ribosomes_V.mp4,Microscopic,Stockflow.media,2026-04-28 12:30
"Planktonic — Premium microscopic stock footage.
4K video & 8K images. Royalty-free.

Perfect for science documentaries, educational content, and research presentations.

Browse & download: https://stockflow.media/?cat=Microscopic&sub=Cellular&collection=Planktonic

#stockfootage #royaltyfree #microscopy #science #biology #micro #microscope #sciencevideo #biologylab #microworld #cellbiology #cellular #planktonic #stockvideo #4kvideo",Planktonic_V_TikTok,https://storage.googleapis.com/stockflow-social/Batch01/Montages/V/Microscopic_Cellular_Planktonic_V.mp4,Microscopic,Stockflow.media,2026-04-28 19:00
"Mitochondria — Premium microscopic stock footage.
4K video & 8K images. Royalty-free.

Perfect for science documentaries, educational content, and research presentations.

Browse & download: https://stockflow.media/?cat=Microscopic&sub=Cellular&collection=Mitochondria

#stockfootage #royaltyfree #microscopy #science #biology #micro #microscope #sciencevideo #biologylab #microworld #cellbiology #cellular #mitochondria #stockvideo #4kvideo",Mitochondria_V_TikTok,https://storage.googleapis.com/stockflow-social/Batch01/Montages/V/Microscopic_Cellular_Mitochondria_V.mp4,Microscopic,Stockflow.media,2026-04-29 8:00
"Lysosomes — Premium microscopic stock footage.
4K video & 8K images. Royalty-free.

Perfect for science documentaries, educational content, and research presentations.

Browse & download: https://stockflow.media/?cat=Microscopic&sub=Cellular&collection=Lysosomes

#stockfootage #royaltyfree #microscopy #science #biology #micro #microscope #sciencevideo #biologylab #microworld #cellbiology #cellular #lysosomes #stockvideo #4kvideo",Lysosomes_V_TikTok,https://storage.googleapis.com/stockflow-social/Batch01/Montages/V/Microscopic_Cellular_Lysosomes_V.mp4,Microscopic,Stockflow.media,2026-04-29 12:30
"Intracellular — Premium microscopic stock footage.
4K video & 8K images. Royalty-free.

Perfect for science documentaries, educational content, and research presentations.

Browse & download: https://stockflow.media/?cat=Microscopic&sub=Cellular&collection=Intracellular

#stockfootage #royaltyfree #microscopy #science #biology #micro #microscope #sciencevideo #biologylab #microworld #cellbiology #cellular #intracellular #stockvideo #4kvideo",Intracellular_V_TikTok,https://storage.googleapis.com/stockflow-social/Batch01/Montages/V/Microscopic_Cellular_Intracellular_V.mp4,Microscopic,Stockflow.media,2026-04-29 19:00
"Ciliated — Premium microscopic stock footage.
4K video & 8K images. Royalty-free.

Perfect for science documentaries, educational content, and research presentations.

Browse & download: https://stockflow.media/?cat=Microscopic&sub=Cellular&collection=Ciliated

#stockfootage #royaltyfree #microscopy #science #biology #micro #microscope #sciencevideo #biologylab #microworld #cellbiology #cellular #ciliated #stockvideo #4kvideo",Ciliated_V_TikTok,https://storage.googleapis.com/stockflow-social/Batch01/Montages/V/Microscopic_Cellular_Ciliated_V.mp4,Microscopic,Stockflow.media,2026-04-30 8:00
"Cellular Montage — Premium microscopic stock footage.
4K video & 8K images. Royalty-free.

Perfect for science documentaries, educational content, and research presentations.

Browse & download: https://stockflow.media/?cat=Microscopic&sub=Cellular&collection=Cellular+Montage

#stockfootage #royaltyfree #microscopy #science #biology #micro #microscope #sciencevideo #biologylab #microworld #cellbiology #cellular #cellularmontage #stockvideo #4kvideo",Cellular Montage_V_TikTok,https://storage.googleapis.com/stockflow-social/Batch01/Montages/V/Microscopic_Cellular_Cellular-Montage_V.mp4,Microscopic,Stockflow.media,2026-04-30 12:30
"Cellular — Premium microscopic stock footage.
4K video & 8K images. Royalty-free.

Perfect for science documentaries, educational content, and research presentations.

Browse & download: https://stockflow.media/?cat=Microscopic&sub=Cellular&collection=Cellular

#stockfootage #royaltyfree #microscopy #science #biology #micro #microscope #sciencevideo #biologylab #microworld #cellbiology #cellular #stockvideo #4kvideo #8kimages",Cellular_V_TikTok,https://storage.googleapis.com/stockflow-social/Batch01/Montages/V/Microscopic_Cellular_Cellular_V.mp4,Microscopic,Stockflow.media,2026-04-30 19:00
"Vs Healthy Cells — Premium microscopic stock footage.
4K video & 8K images. Royalty-free.

Perfect for science documentaries, educational content, and research presentations.

Browse & download: https://stockflow.media/?cat=Microscopic&sub=Cancer+Cell&collection=Vs+Healthy+Cells

#stockfootage #royaltyfree #microscopy #science #biology #micro #microscope #sciencevideo #biologylab #microworld #cellbiology #cancercell #vshealthycells #stockvideo #4kvideo",Vs Healthy Cells_V_TikTok,https://storage.googleapis.com/stockflow-social/Batch01/Montages/V/Microscopic_Cancer-Cell_Vs-Healthy-Cells_V.mp4,Microscopic,Stockflow.media,2026-05-01 8:00
"Brain Tissue — Premium microscopic stock footage.
4K video & 8K images. Royalty-free.

Perfect for science documentaries, educational content, and research presentations.

Browse & download: https://stockflow.media/?cat=Microscopic&sub=Cellular&collection=Brain+Tissue

#stockfootage #royaltyfree #microscopy #science #biology #micro #microscope #sciencevideo #biologylab #microworld #cellbiology #cellular #braintissue #stockvideo #4kvideo",Brain Tissue_V_TikTok,https://storage.googleapis.com/stockflow-social/Batch01/Montages/V/Microscopic_Cellular_Brain-Tissue_V.mp4,Microscopic,Stockflow.media,2026-05-01 12:30
"Tumor — Premium microscopic stock footage.
4K video & 8K images. Royalty-free.

Perfect for science documentaries, educational content, and research presentations.

Browse & download: https://stockflow.media/?cat=Microscopic&sub=Cancer+Cell&collection=Tumor

#stockfootage #royaltyfree #microscopy #science #biology #micro #microscope #sciencevideo #biologylab #microworld #cellbiology #cancercell #tumor #stockvideo #4kvideo",Tumor_V_TikTok,https://storage.googleapis.com/stockflow-social/Batch01/Montages/V/Microscopic_Cancer-Cell_Tumor_V.mp4,Microscopic,Stockflow.media,2026-05-01 19:00
"Mutations — Premium microscopic stock footage.
4K video & 8K images. Royalty-free.

Perfect for science documentaries, educational content, and research presentations.

Browse & download: https://stockflow.media/?cat=Microscopic&sub=Cancer+Cell&collection=Mutations

#stockfootage #royaltyfree #microscopy #science #biology #micro #microscope #sciencevideo #biologylab #microworld #cellbiology #cancercell #mutations #stockvideo #4kvideo",Mutations_V_TikTok,https://storage.googleapis.com/stockflow-social/Batch01/Montages/V/Microscopic_Cancer-Cell_Mutations_V.mp4,Microscopic,Stockflow.media,2026-05-02 8:00
"Tem Virus — Premium microscopic stock footage.
4K video & 8K images. Royalty-free.

Perfect for science documentaries, educational content, and research presentations.

Browse & download: https://stockflow.media/?cat=Microscopic&sub=Cancer+Cell&collection=Tem+Virus

#stockfootage #royaltyfree #microscopy #science #biology #micro #microscope #sciencevideo #biologylab #microworld #cellbiology #cancercell #temvirus #stockvideo #4kvideo",Tem Virus_V_TikTok,https://storage.googleapis.com/stockflow-social/Batch01/Montages/V/Microscopic_Cancer-Cell_Tem-Virus_V.mp4,Microscopic,Stockflow.media,2026-05-02 12:30
"Metastatic — Premium microscopic stock footage.
4K video & 8K images. Royalty-free.

Perfect for science documentaries, educational content, and research presentations.

Browse & download: https://stockflow.media/?cat=Microscopic&sub=Cancer+Cell&collection=Metastatic

#stockfootage #royaltyfree #microscopy #science #biology #micro #microscope #sciencevideo #biologylab #microworld #cellbiology #cancercell #metastatic #stockvideo #4kvideo",Metastatic_V_TikTok,https://storage.googleapis.com/stockflow-social/Batch01/Montages/V/Microscopic_Cancer-Cell_Metastatic_V.mp4,Microscopic,Stockflow.media,2026-05-02 19:00
"Melanoma — Premium microscopic stock footage.
4K video & 8K images. Royalty-free.

Perfect for science documentaries, educational content, and research presentations.

Browse & download: https://stockflow.media/?cat=Microscopic&sub=Cancer+Cell&collection=Melanoma

#stockfootage #royaltyfree #microscopy #science #biology #micro #microscope #sciencevideo #biologylab #microworld #cellbiology #cancercell #melanoma #stockvideo #4kvideo",Melanoma_V_TikTok,https://storage.googleapis.com/stockflow-social/Batch01/Montages/V/Microscopic_Cancer-Cell_Melanoma_V.mp4,Microscopic,Stockflow.media,2026-05-03 8:00
"Leukemia — Premium microscopic stock footage.
4K video & 8K images. Royalty-free.

Perfect for science documentaries, educational content, and research presentations.

Browse & download: https://stockflow.media/?cat=Microscopic&sub=Cancer+Cell&collection=Leukemia

#stockfootage #royaltyfree #microscopy #science #biology #micro #microscope #sciencevideo #biologylab #microworld #cellbiology #cancercell #leukemia #stockvideo #4kvideo",Leukemia_V_TikTok,https://storage.googleapis.com/stockflow-social/Batch01/Montages/V/Microscopic_Cancer-Cell_Leukemia_V.mp4,Microscopic,Stockflow.media,2026-05-03 12:30
"Immune — Premium microscopic stock footage.
4K video & 8K images. Royalty-free.

Perfect for science documentaries, educational content, and research presentations.

Browse & download: https://stockflow.media/?cat=Microscopic&sub=Cancer+Cell&collection=Immune

#stockfootage #royaltyfree #microscopy #science #biology #micro #microscope #sciencevideo #biologylab #microworld #cellbiology #cancercell #immune #stockvideo #4kvideo",Immune_V_TikTok,https://storage.googleapis.com/stockflow-social/Batch01/Montages/V/Microscopic_Cancer-Cell_Immune_V.mp4,Microscopic,Stockflow.media,2026-05-03 19:00
"Healthy Cells — Premium microscopic stock footage.
4K video & 8K images. Royalty-free.

Perfect for science documentaries, educational content, and research presentations.

Browse & download: https://stockflow.media/?cat=Microscopic&sub=Cancer+Cell&collection=Healthy+Cells

#stockfootage #royaltyfree #microscopy #science #biology #micro #microscope #sciencevideo #biologylab #microworld #cellbiology #cancercell #healthycells #stockvideo #4kvideo",Healthy Cells_V_TikTok,https://storage.googleapis.com/stockflow-social/Batch01/Montages/V/Microscopic_Cancer-Cell_Healthy-Cells_V.mp4,Microscopic,Stockflow.media,2026-05-04 8:00
"Fluorescence — Premium microscopic stock footage.
4K video & 8K images. Royalty-free.

Perfect for science documentaries, educational content, and research presentations.

Browse & download: https://stockflow.media/?cat=Microscopic&sub=Cancer+Cell&collection=Fluorescence

#stockfootage #royaltyfree #microscopy #science #biology #micro #microscope #sciencevideo #biologylab #microworld #cellbiology #cancercell #fluorescence #stockvideo #4kvideo",Fluorescence_V_TikTok,https://storage.googleapis.com/stockflow-social/Batch01/Montages/V/Microscopic_Cancer-Cell_Fluorescence_V.mp4,Microscopic,Stockflow.media,2026-05-04 12:30
"Chemotherapy — Premium microscopic stock footage.
4K video & 8K images. Royalty-free.

Perfect for science documentaries, educational content, and research presentations.

Browse & download: https://stockflow.media/?cat=Microscopic&sub=Cancer+Cell&collection=Chemotherapy

#stockfootage #royaltyfree #microscopy #science #biology #micro #microscope #sciencevideo #biologylab #microworld #cellbiology #cancercell #chemotherapy #stockvideo #4kvideo",Chemotherapy_V_TikTok,https://storage.googleapis.com/stockflow-social/Batch01/Montages/V/Microscopic_Cancer-Cell_Chemotherapy_V.mp4,Microscopic,Stockflow.media,2026-05-04 19:00
"Cancer Cell Montage — Premium microscopic stock footage.
4K video & 8K images. Royalty-free.

Perfect for science documentaries, educational content, and research presentations.

Browse & download: https://stockflow.media/?cat=Microscopic&sub=Cancer+Cell&collection=Cancer+Cell+Montage

#stockfootage #royaltyfree #microscopy #science #biology #micro #microscope #sciencevideo #biologylab #microworld #cellbiology #cancercell #cancercellmontage #stockvideo #4kvideo",Cancer Cell Montage_V_TikTok,https://storage.googleapis.com/stockflow-social/Batch01/Montages/V/Microscopic_Cancer-Cell_Cancer-Cell-Montage_V.mp4,Microscopic,Stockflow.media,2026-05-05 8:00
"Breast — Premium microscopic stock footage.
4K video & 8K images. Royalty-free.

Perfect for science documentaries, educational content, and research presentations.

Browse & download: https://stockflow.media/?cat=Microscopic&sub=Cancer+Cell&collection=Breast

#stockfootage #royaltyfree #microscopy #science #biology #micro #microscope #sciencevideo #biologylab #microworld #cellbiology #cancercell #breast #stockvideo #4kvideo",Breast_V_TikTok,https://storage.googleapis.com/stockflow-social/Batch01/Montages/V/Microscopic_Cancer-Cell_Breast_V.mp4,Microscopic,Stockflow.media,2026-05-05 12:30
"Aggressive — Premium microscopic stock footage.
4K video & 8K images. Royalty-free.

Perfect for science documentaries, educational content, and research presentations.

Browse & download: https://stockflow.media/?cat=Microscopic&sub=Cancer+Cell&collection=Aggressive

#stockfootage #royaltyfree #microscopy #science #biology #micro #microscope #sciencevideo #biologylab #microworld #cellbiology #cancercell #aggressive #stockvideo #4kvideo",Aggressive_V_TikTok,https://storage.googleapis.com/stockflow-social/Batch01/Montages/V/Microscopic_Cancer-Cell_Aggressive_V.mp4,Microscopic,Stockflow.media,2026-05-05 19:00
"Thrombocytopenia — Premium microscopic stock footage.
4K video & 8K images. Royalty-free.

Perfect for science documentaries, educational content, and research presentations.

Browse & download: https://stockflow.media/?cat=Microscopic&sub=Blood+Hematology&collection=Thrombocytopenia

#stockfootage #royaltyfree #microscopy #science #biology #micro #microscope #sciencevideo #biologylab #microworld #cellbiology #bloodhematology #thrombocytopenia #stockvideo #4kvideo",Thrombocytopenia_V_TikTok,https://storage.googleapis.com/stockflow-social/Batch01/Montages/V/Microscopic_Blood-Hematology_Thrombocytopenia_V.mp4,Microscopic,Stockflow.media,2026-05-06 8:00
"Blood Hematology Montage — Premium microscopic stock footage.
4K video & 8K images. Royalty-free.

Perfect for science documentaries, educational content, and research presentations.

Browse & download: https://stockflow.media/?cat=Microscopic&sub=Blood+Hematology&collection=Blood+Hematology+Montage

#stockfootage #royaltyfree #microscopy #science #biology #micro #microscope #sciencevideo #biologylab #microworld #cellbiology #bloodhematology #bloodhematologymontage #stockvideo #4kvideo",Blood Hematology Montage_V_TikTok,https://storage.googleapis.com/stockflow-social/Batch01/Montages/V/Microscopic_Blood-Hematology_Blood-Hematology-Montage_V.mp4,Microscopic,Stockflow.media,2026-05-06 12:30
"Anemia — Premium microscopic stock footage.
4K video & 8K images. Royalty-free.

Perfect for science documentaries, educational content, and research presentations.

Browse & download: https://stockflow.media/?cat=Microscopic&sub=Blood+Hematology&collection=Anemia

#stockfootage #royaltyfree #microscopy #science #biology #micro #microscope #sciencevideo #biologylab #microworld #cellbiology #bloodhematology #anemia #stockvideo #4kvideo",Anemia_V_TikTok,https://storage.googleapis.com/stockflow-social/Batch01/Montages/V/Microscopic_Blood-Hematology_Anemia_V.mp4,Microscopic,Stockflow.media,2026-05-06 19:00
"Paramecium — Premium microscopic stock footage.
4K video & 8K images. Royalty-free.

Perfect for science documentaries, educational content, and research presentations.

Browse & download: https://stockflow.media/?cat=Microscopic&sub=Biological+Creatures&collection=Paramecium

#stockfootage #royaltyfree #microscopy #science #biology #micro #microscope #sciencevideo #biologylab #microworld #cellbiology #biologicalcreatures #paramecium #stockvideo #4kvideo",Paramecium_V_TikTok,https://storage.googleapis.com/stockflow-social/Batch01/Montages/V/Microscopic_Biological-Creatures_Paramecium_V.mp4,Microscopic,Stockflow.media,2026-05-07 8:00
"Mosquito Larva — Premium microscopic stock footage.
4K video & 8K images. Royalty-free.

Perfect for science documentaries, educational content, and research presentations.

Browse & download: https://stockflow.media/?cat=Microscopic&sub=Biological+Creatures&collection=Mosquito+Larva

#stockfootage #royaltyfree #microscopy #science #biology #micro #microscope #sciencevideo #biologylab #microworld #cellbiology #biologicalcreatures #mosquitolarva #stockvideo #4kvideo",Mosquito Larva_V_TikTok,https://storage.googleapis.com/stockflow-social/Batch01/Montages/V/Microscopic_Biological-Creatures_Mosquito-Larva_V.mp4,Microscopic,Stockflow.media,2026-05-07 12:30
"Eukaryotic Cell — Premium microscopic stock footage.
4K video & 8K images. Royalty-free.

Perfect for science documentaries, educational content, and research presentations.

Browse & download: https://stockflow.media/?cat=Microscopic&sub=Biological+Creatures&collection=Eukaryotic+Cell

#stockfootage #royaltyfree #microscopy #science #biology #micro #microscope #sciencevideo #biologylab #microworld #cellbiology #biologicalcreatures #eukaryoticcell #stockvideo #4kvideo",Eukaryotic Cell_V_TikTok,https://storage.googleapis.com/stockflow-social/Batch01/Montages/V/Microscopic_Biological-Creatures_Eukaryotic-Cell_V.mp4,Microscopic,Stockflow.media,2026-05-07 19:00
"Cross Section — Premium microscopic stock footage.
4K video & 8K images. Royalty-free.

Perfect for science documentaries, educational content, and research presentations.

Browse & download: https://stockflow.media/?cat=Microscopic&sub=Biological+Creatures&collection=Cross+Section

#stockfootage #royaltyfree #microscopy #science #biology #micro #microscope #sciencevideo #biologylab #microworld #cellbiology #biologicalcreatures #crosssection #stockvideo #4kvideo",Cross Section_V_TikTok,https://storage.googleapis.com/stockflow-social/Batch01/Montages/V/Microscopic_Biological-Creatures_Cross-Section_V.mp4,Microscopic,Stockflow.media,2026-05-08 8:00
"Biological Creatures Montage — Premium microscopic stock footage.
4K video & 8K images. Royalty-free.

Perfect for science documentaries, educational content, and research presentations.

Browse & download: https://stockflow.media/?cat=Microscopic&sub=Biological+Creatures&collection=Biological+Creatures+Montage

#stockfootage #royaltyfree #microscopy #science #biology #micro #microscope #sciencevideo #biologylab #microworld #cellbiology #biologicalcreatures #biologicalcreaturesmontage #stockvideo #4kvideo",Biological Creatures Montage_V_TikTok,https://storage.googleapis.com/stockflow-social/Batch01/Montages/V/Microscopic_Biological-Creatures_Biological-Creatures-Montage_V.mp4,Microscopic,Stockflow.media,2026-05-08 12:30
"Bacteria — Premium microscopic stock footage.
4K video & 8K images. Royalty-free.

Perfect for science documentaries, educational content, and research presentations.

Browse & download: https://stockflow.media/?cat=Microscopic&sub=Biological+Creatures&collection=Bacteria

#stockfootage #royaltyfree #microscopy #science #biology #micro #microscope #sciencevideo #biologylab #microworld #cellbiology #biologicalcreatures #bacteria #stockvideo #4kvideo",Bacteria_V_TikTok,https://storage.googleapis.com/stockflow-social/Batch01/Montages/V/Microscopic_Biological-Creatures_Bacteria_V.mp4,Microscopic,Stockflow.media,2026-05-08 19:00
"Alien — Premium microscopic stock footage.
4K video & 8K images. Royalty-free.

Perfect for science documentaries, educational content, and research presentations.

Browse & download: https://stockflow.media/?cat=Microscopic&sub=Biological+Creatures&collection=Alien

#stockfootage #royaltyfree #microscopy #science #biology #micro #microscope #sciencevideo #biologylab #microworld #cellbiology #biologicalcreatures #alien #stockvideo #4kvideo",Alien_V_TikTok,https://storage.googleapis.com/stockflow-social/Batch01/Montages/V/Microscopic_Biological-Creatures_Alien_V.mp4,Microscopic,Stockflow.media,2026-05-09 8:00
"Tetani — Premium microscopic stock footage.
4K video & 8K images. Royalty-free.

Perfect for science documentaries, educational content, and research presentations.

Browse & download: https://stockflow.media/?cat=Microscopic&sub=Bacteria&collection=Tetani

#stockfootage #royaltyfree #microscopy #science #biology #micro #microscope #sciencevideo #biologylab #microworld #cellbiology #bacteria #tetani #stockvideo #4kvideo",Tetani_V_TikTok,https://storage.googleapis.com/stockflow-social/Batch01/Montages/V/Microscopic_Bacteria_Tetani_V.mp4,Microscopic,Stockflow.media,2026-05-09 12:30
"Spirochete — Premium microscopic stock footage.
4K video & 8K images. Royalty-free.

Perfect for science documentaries, educational content, and research presentations.

Browse & download: https://stockflow.media/?cat=Microscopic&sub=Bacteria&collection=Spirochete

#stockfootage #royaltyfree #microscopy #science #biology #micro #microscope #sciencevideo #biologylab #microworld #cellbiology #bacteria #spirochete #stockvideo #4kvideo",Spirochete_V_TikTok,https://storage.googleapis.com/stockflow-social/Batch01/Montages/V/Microscopic_Bacteria_Spirochete_V.mp4,Microscopic,Stockflow.media,2026-05-09 19:00
"Resistant — Premium microscopic stock footage.
4K video & 8K images. Royalty-free.

Perfect for science documentaries, educational content, and research presentations.

Browse & download: https://stockflow.media/?cat=Microscopic&sub=Bacteria&collection=Resistant

#stockfootage #royaltyfree #microscopy #science #biology #micro #microscope #sciencevideo #biologylab #microworld #cellbiology #bacteria #resistant #stockvideo #4kvideo",Resistant_V_TikTok,https://storage.googleapis.com/stockflow-social/Batch01/Montages/V/Microscopic_Bacteria_Resistant_V.mp4,Microscopic,Stockflow.media,2026-05-10 8:00
"Resistant Bacteria — Premium microscopic stock footage.
4K video & 8K images. Royalty-free.

Perfect for science documentaries, educational content, and research presentations.

Browse & download: https://stockflow.media/?cat=Microscopic&sub=Bacteria&collection=Resistant+Bacteria

#stockfootage #royaltyfree #microscopy #science #biology #micro #microscope #sciencevideo #biologylab #microworld #cellbiology #bacteria #resistantbacteria #stockvideo #4kvideo",Resistant Bacteria_V_TikTok,https://storage.googleapis.com/stockflow-social/Batch01/Montages/V/Microscopic_Bacteria_Resistant-Bacteria_V.mp4,Microscopic,Stockflow.media,2026-05-10 12:30
"E Coli — Premium microscopic stock footage.
4K video & 8K images. Royalty-free.

Perfect for science documentaries, educational content, and research presentations.

Browse & download: https://stockflow.media/?cat=Microscopic&sub=Bacteria&collection=E+Coli

#stockfootage #royaltyfree #microscopy #science #biology #micro #microscope #sciencevideo #biologylab #microworld #cellbiology #bacteria #ecoli #stockvideo #4kvideo",E Coli_V_TikTok,https://storage.googleapis.com/stockflow-social/Batch01/Montages/V/Microscopic_Bacteria_E-Coli_V.mp4,Microscopic,Stockflow.media,2026-05-10 19:00
"Cocci — Premium microscopic stock footage.
4K video & 8K images. Royalty-free.

Perfect for science documentaries, educational content, and research presentations.

Browse & download: https://stockflow.media/?cat=Microscopic&sub=Bacteria&collection=Cocci

#stockfootage #royaltyfree #microscopy #science #biology #micro #microscope #sciencevideo #biologylab #microworld #cellbiology #bacteria #cocci #stockvideo #4kvideo",Cocci_V_TikTok,https://storage.googleapis.com/stockflow-social/Batch01/Montages/V/Microscopic_Bacteria_Cocci_V.mp4,Microscopic,Stockflow.media,2026-05-11 8:00
"Biofilm — Premium microscopic stock footage.
4K video & 8K images. Royalty-free.

Perfect for science documentaries, educational content, and research presentations.

Browse & download: https://stockflow.media/?cat=Microscopic&sub=Bacteria&collection=Biofilm

#stockfootage #royaltyfree #microscopy #science #biology #micro #microscope #sciencevideo #biologylab #microworld #cellbiology #bacteria #biofilm #stockvideo #4kvideo",Biofilm_V_TikTok,https://storage.googleapis.com/stockflow-social/Batch01/Montages/V/Microscopic_Bacteria_Biofilm_V.mp4,Microscopic,Stockflow.media,2026-05-11 12:30
"Bacteria Montage — Premium microscopic stock footage.
4K video & 8K images. Royalty-free.

Perfect for science documentaries, educational content, and research presentations.

Browse & download: https://stockflow.media/?cat=Microscopic&sub=Bacteria&collection=Bacteria+Montage

#stockfootage #royaltyfree #microscopy #science #biology #micro #microscope #sciencevideo #biologylab #microworld #cellbiology #bacteria #bacteriamontage #stockvideo #4kvideo",Bacteria Montage_V_TikTok,https://storage.googleapis.com/stockflow-social/Batch01/Montages/V/Microscopic_Bacteria_Bacteria-Montage_V.mp4,Microscopic,Stockflow.media,2026-05-11 19:00
"Bacillus — Premium microscopic stock footage.
4K video & 8K images. Royalty-free.

Perfect for science documentaries, educational content, and research presentations.

Browse & download: https://stockflow.media/?cat=Microscopic&sub=Bacteria&collection=Bacillus

#stockfootage #royaltyfree #microscopy #science #biology #micro #microscope #sciencevideo #biologylab #microworld #cellbiology #bacteria #bacillus #stockvideo #4kvideo",Bacillus_V_TikTok,https://storage.googleapis.com/stockflow-social/Batch01/Montages/V/Microscopic_Bacteria_Bacillus_V.mp4,Microscopic,Stockflow.media,2026-05-12 8:00
"Agar Plate — Premium microscopic stock footage.
4K video & 8K images. Royalty-free.

Perfect for science documentaries, educational content, and research presentations.

Browse & download: https://stockflow.media/?cat=Microscopic&sub=Bacteria&collection=Agar+Plate

#stockfootage #royaltyfree #microscopy #science #biology #micro #microscope #sciencevideo #biologylab #microworld #cellbiology #bacteria #agarplate #stockvideo #4kvideo",Agar Plate_V_TikTok,https://storage.googleapis.com/stockflow-social/Batch01/Montages/V/Microscopic_Bacteria_Agar-Plate_V.mp4,Microscopic,Stockflow.media,2026-05-12 12:30
"Spirogyra — Premium microscopic stock footage.
4K video & 8K images. Royalty-free.

Perfect for science documentaries, educational content, and research presentations.

Browse & download: https://stockflow.media/?cat=Microscopic&sub=Algae&collection=Spirogyra

#stockfootage #royaltyfree #microscopy #science #biology #micro #microscope #sciencevideo #biologylab #microworld #cellbiology #algae #spirogyra #stockvideo #4kvideo",Spirogyra_V_TikTok,https://storage.googleapis.com/stockflow-social/Batch01/Montages/V/Microscopic_Algae_Spirogyra_V.mp4,Microscopic,Stockflow.media,2026-05-12 19:00
"Red — Premium microscopic stock footage.
4K video & 8K images. Royalty-free.

Perfect for science documentaries, educational content, and research presentations.

Browse & download: https://stockflow.media/?cat=Microscopic&sub=Algae&collection=Red

#stockfootage #royaltyfree #microscopy #science #biology #micro #microscope #sciencevideo #biologylab #microworld #cellbiology #algae #red #stockvideo #4kvideo",Red_V_TikTok,https://storage.googleapis.com/stockflow-social/Batch01/Montages/V/Microscopic_Algae_Red_V.mp4,Microscopic,Stockflow.media,2026-05-13 8:00
"Red Algae — Premium microscopic stock footage.
4K video & 8K images. Royalty-free.

Perfect for science documentaries, educational content, and research presentations.

Browse & download: https://stockflow.media/?cat=Microscopic&sub=Algae&collection=Red+Algae

#stockfootage #royaltyfree #microscopy #science #biology #micro #microscope #sciencevideo #biologylab #microworld #cellbiology #algae #redalgae #stockvideo #4kvideo",Red Algae_V_TikTok,https://storage.googleapis.com/stockflow-social/Batch01/Montages/V/Microscopic_Algae_Red-Algae_V.mp4,Microscopic,Stockflow.media,2026-05-13 12:30
"Green Algae — Premium microscopic stock footage.
4K video & 8K images. Royalty-free.

Perfect for science documentaries, educational content, and research presentations.

Browse & download: https://stockflow.media/?cat=Microscopic&sub=Algae&collection=Green+Algae

#stockfootage #royaltyfree #microscopy #science #biology #micro #microscope #sciencevideo #biologylab #microworld #cellbiology #algae #greenalgae #stockvideo #4kvideo",Green Algae_V_TikTok,https://storage.googleapis.com/stockflow-social/Batch01/Montages/V/Microscopic_Algae_Green-Algae_V.mp4,Microscopic,Stockflow.media,2026-05-13 19:00
"Green — Premium microscopic stock footage.
4K video & 8K images. Royalty-free.

Perfect for science documentaries, educational content, and research presentations.

Browse & download: https://stockflow.media/?cat=Microscopic&sub=Algae&collection=Green

#stockfootage #royaltyfree #microscopy #science #biology #micro #microscope #sciencevideo #biologylab #microworld #cellbiology #algae #green #stockvideo #4kvideo",Green_V_TikTok,https://storage.googleapis.com/stockflow-social/Batch01/Montages/V/Microscopic_Algae_Green_V.mp4,Microscopic,Stockflow.media,2026-05-14 8:00
"Diatoms — Premium microscopic stock footage.
4K video & 8K images. Royalty-free.

Perfect for science documentaries, educational content, and research presentations.

Browse & download: https://stockflow.media/?cat=Microscopic&sub=Algae&collection=Diatoms

#stockfootage #royaltyfree #microscopy #science #biology #micro #microscope #sciencevideo #biologylab #microworld #cellbiology #algae #diatoms #stockvideo #4kvideo",Diatoms_V_TikTok,https://storage.googleapis.com/stockflow-social/Batch01/Montages/V/Microscopic_Algae_Diatoms_V.mp4,Microscopic,Stockflow.media,2026-05-14 12:30
"Desmids — Premium microscopic stock footage.
4K video & 8K images. Royalty-free.

Perfect for science documentaries, educational content, and research presentations.

Browse & download: https://stockflow.media/?cat=Microscopic&sub=Algae&collection=Desmids

#stockfootage #royaltyfree #microscopy #science #biology #micro #microscope #sciencevideo #biologylab #microworld #cellbiology #algae #desmids #stockvideo #4kvideo",Desmids_V_TikTok,https://storage.googleapis.com/stockflow-social/Batch01/Montages/V/Microscopic_Algae_Desmids_V.mp4,Microscopic,Stockflow.media,2026-05-14 19:00
"Cyanobacteria — Premium microscopic stock footage.
4K video & 8K images. Royalty-free.

Perfect for science documentaries, educational content, and research presentations.

Browse & download: https://stockflow.media/?cat=Microscopic&sub=Algae&collection=Cyanobacteria

#stockfootage #royaltyfree #microscopy #science #biology #micro #microscope #sciencevideo #biologylab #microworld #cellbiology #algae #cyanobacteria #stockvideo #4kvideo",Cyanobacteria_V_TikTok,https://storage.googleapis.com/stockflow-social/Batch01/Montages/V/Microscopic_Algae_Cyanobacteria_V.mp4,Microscopic,Stockflow.media,2026-05-15 8:00
"Colonial — Premium microscopic stock footage.
4K video & 8K images. Royalty-free.

Perfect for science documentaries, educational content, and research presentations.

Browse & download: https://stockflow.media/?cat=Microscopic&sub=Algae&collection=Colonial

#stockfootage #royaltyfree #microscopy #science #biology #micro #microscope #sciencevideo #biologylab #microworld #cellbiology #algae #colonial #stockvideo #4kvideo",Colonial_V_TikTok,https://storage.googleapis.com/stockflow-social/Batch01/Montages/V/Microscopic_Algae_Colonial_V.mp4,Microscopic,Stockflow.media,2026-05-15 12:30
"Colonial Algae — Premium microscopic stock footage.
4K video & 8K images. Royalty-free.

Perfect for science documentaries, educational content, and research presentations.

Browse & download: https://stockflow.media/?cat=Microscopic&sub=Algae&collection=Colonial+Algae

#stockfootage #royaltyfree #microscopy #science #biology #micro #microscope #sciencevideo #biologylab #microworld #cellbiology #algae #colonialalgae #stockvideo #4kvideo",Colonial Algae_V_TikTok,https://storage.googleapis.com/stockflow-social/Batch01/Montages/V/Microscopic_Algae_Colonial-Algae_V.mp4,Microscopic,Stockflow.media,2026-05-15 19:00
"Brown — Premium microscopic stock footage.
4K video & 8K images. Royalty-free.

Perfect for science documentaries, educational content, and research presentations.

Browse & download: https://stockflow.media/?cat=Microscopic&sub=Algae&collection=Brown

#stockfootage #royaltyfree #microscopy #science #biology #micro #microscope #sciencevideo #biologylab #microworld #cellbiology #algae #brown #stockvideo #4kvideo",Brown_V_TikTok,https://storage.googleapis.com/stockflow-social/Batch01/Montages/V/Microscopic_Algae_Brown_V.mp4,Microscopic,Stockflow.media,2026-05-16 8:00
"Brown Algae — Premium microscopic stock footage.
4K video & 8K images. Royalty-free.

Perfect for science documentaries, educational content, and research presentations.

Browse & download: https://stockflow.media/?cat=Microscopic&sub=Algae&collection=Brown+Algae

#stockfootage #royaltyfree #microscopy #science #biology #micro #microscope #sciencevideo #biologylab #microworld #cellbiology #algae #brownalgae #stockvideo #4kvideo",Brown Algae_V_TikTok,https://storage.googleapis.com/stockflow-social/Batch01/Montages/V/Microscopic_Algae_Brown-Algae_V.mp4,Microscopic,Stockflow.media,2026-05-16 12:30
"Blue Green Algae — Premium microscopic stock footage.
4K video & 8K images. Royalty-free.

Perfect for science documentaries, educational content, and research presentations.

Browse & download: https://stockflow.media/?cat=Microscopic&sub=Algae&collection=Blue+Green+Algae

#stockfootage #royaltyfree #microscopy #science #biology #micro #microscope #sciencevideo #biologylab #microworld #cellbiology #algae #bluegreenalgae #stockvideo #4kvideo",Blue Green Algae_V_TikTok,https://storage.googleapis.com/stockflow-social/Batch01/Montages/V/Microscopic_Algae_Blue-Green-Algae_V.mp4,Microscopic,Stockflow.media,2026-05-16 19:00
"Bloom — Premium microscopic stock footage.
4K video & 8K images. Royalty-free.

Perfect for science documentaries, educational content, and research presentations.

Browse & download: https://stockflow.media/?cat=Microscopic&sub=Algae&collection=Bloom

#stockfootage #royaltyfree #microscopy #science #biology #micro #microscope #sciencevideo #biologylab #microworld #cellbiology #algae #bloom #stockvideo #4kvideo",Bloom_V_TikTok,https://storage.googleapis.com/stockflow-social/Batch01/Montages/V/Microscopic_Algae_Bloom_V.mp4,Microscopic,Stockflow.media,2026-05-17 8:00
"Algal Biofilm — Premium microscopic stock footage.
4K video & 8K images. Royalty-free.

Perfect for science documentaries, educational content, and research presentations.

Browse & download: https://stockflow.media/?cat=Microscopic&sub=Algae&collection=Algal+Biofilm

#stockfootage #royaltyfree #microscopy #science #biology #micro #microscope #sciencevideo #biologylab #microworld #cellbiology #algae #algalbiofilm #stockvideo #4kvideo",Algal Biofilm_V_TikTok,https://storage.googleapis.com/stockflow-social/Batch01/Montages/V/Microscopic_Algae_Algal-Biofilm_V.mp4,Microscopic,Stockflow.media,2026-05-17 12:30
"Algae Montage — Premium microscopic stock footage.
4K video & 8K images. Royalty-free.

Perfect for science documentaries, educational content, and research presentations.

Browse & download: https://stockflow.media/?cat=Microscopic&sub=Algae&collection=Algae+Montage

#stockfootage #royaltyfree #microscopy #science #biology #micro #microscope #sciencevideo #biologylab #microworld #cellbiology #algae #algaemontage #stockvideo #4kvideo",Algae Montage_V_TikTok,https://storage.googleapis.com/stockflow-social/Batch01/Montages/V/Microscopic_Algae_Algae-Montage_V.mp4,Microscopic,Stockflow.media,2026-05-17 19:00
"Algae Bloom — Premium microscopic stock footage.
4K video & 8K images. Royalty-free.

Perfect for science documentaries, educational content, and research presentations.

Browse & download: https://stockflow.media/?cat=Microscopic&sub=Algae&collection=Algae+Bloom

#stockfootage #royaltyfree #microscopy #science #biology #micro #microscope #sciencevideo #biologylab #microworld #cellbiology #algae #algaebloom #stockvideo #4kvideo",Algae Bloom_V_TikTok,https://storage.googleapis.com/stockflow-social/Batch01/Montages/V/Microscopic_Algae_Algae-Bloom_V.mp4,Microscopic,Stockflow.media,2026-05-18 8:00
"Filaments — Premium microscopic stock footage.
4K video & 8K images. Royalty-free.

Perfect for science documentaries, educational content, and research presentations.

Browse & download: https://stockflow.media/?cat=Microscopic&sub=Actin&collection=Filaments

#stockfootage #royaltyfree #microscopy #science #biology #micro #microscope #sciencevideo #biologylab #microworld #cellbiology #actin #filaments #stockvideo #4kvideo",Filaments_V_TikTok,https://storage.googleapis.com/stockflow-social/Batch01/Montages/V/Microscopic_Actin_Filaments_V.mp4,Microscopic,Stockflow.media,2026-05-18 12:30
"Actin Montage — Premium microscopic stock footage.
4K video & 8K images. Royalty-free.

Perfect for science documentaries, educational content, and research presentations.

Browse & download: https://stockflow.media/?cat=Microscopic&sub=Actin&collection=Actin+Montage

#stockfootage #royaltyfree #microscopy #science #biology #micro #microscope #sciencevideo #biologylab #microworld #cellbiology #actin #actinmontage #stockvideo #4kvideo",Actin Montage_V_TikTok,https://storage.googleapis.com/stockflow-social/Batch01/Montages/V/Microscopic_Actin_Actin-Montage_V.mp4,Microscopic,Stockflow.media,2026-05-18 19:00
"Microscopic — Premium microscopic stock footage.
4K video & 8K images. Royalty-free.

Perfect for science documentaries, educational content, and research presentations.

Browse & download: https://stockflow.media/?cat=Microscopic&sub=Microscopic+Category&collection=Microscopic

#stockfootage #royaltyfree #microscopy #science #biology #micro #microscope #sciencevideo #biologylab #microworld #cellbiology #microscopiccategory #microscopic #stockvideo #4kvideo",Microscopic_V_TikTok,https://storage.googleapis.com/stockflow-social/Batch01/Montages/V/Microscopic_Microscopic-Category_V.mp4,Microscopic,Stockflow.media,2026-05-19 8:00
"Tikka Masala — Premium food beverage stock footage.
4K video & 8K images. Royalty-free.

Perfect for restaurant marketing, food blogs, and social media campaigns.

Browse & download: https://stockflow.media/?cat=Food+Beverage&sub=Food+Menu&collection=Tikka+Masala

#stockfootage #royaltyfree #foodvideo #foodphotography #culinary #foodie #foodcontent #restaurantmarketing #foodblogger #cheflife #foodstyling #foodmenu #tikkamasala #stockvideo #4kvideo",Tikka Masala_V_TikTok,https://storage.googleapis.com/stockflow-social/Batch01/Montages/V/Food-Beverage_Food-Menu_Tikka-Masala_V.mp4,Food Beverage,Stockflow.media,2026-05-19 12:30
"Thai Noodle Soup — Premium food beverage stock footage.
4K video & 8K images. Royalty-free.

Perfect for restaurant marketing, food blogs, and social media campaigns.

Browse & download: https://stockflow.media/?cat=Food+Beverage&sub=Food+Menu&collection=Thai+Noodle+Soup

#stockfootage #royaltyfree #foodvideo #foodphotography #culinary #foodie #foodcontent #restaurantmarketing #foodblogger #cheflife #foodstyling #foodmenu #thainoodlesoup #stockvideo #4kvideo",Thai Noodle Soup_V_TikTok,https://storage.googleapis.com/stockflow-social/Batch01/Montages/V/Food-Beverage_Food-Menu_Thai-Noodle-Soup_V.mp4,Food Beverage,Stockflow.media,2026-05-19 19:00
"Thai Curry — Premium food beverage stock footage.
4K video & 8K images. Royalty-free.

Perfect for restaurant marketing, food blogs, and social media campaigns.

Browse & download: https://stockflow.media/?cat=Food+Beverage&sub=Food+Menu&collection=Thai+Curry

#stockfootage #royaltyfree #foodvideo #foodphotography #culinary #foodie #foodcontent #restaurantmarketing #foodblogger #cheflife #foodstyling #foodmenu #thaicurry #stockvideo #4kvideo",Thai Curry_V_TikTok,https://storage.googleapis.com/stockflow-social/Batch01/Montages/V/Food-Beverage_Food-Menu_Thai-Curry_V.mp4,Food Beverage,Stockflow.media,2026-05-20 8:00
"Suzhi — Premium food beverage stock footage.
4K video & 8K images. Royalty-free.

Perfect for restaurant marketing, food blogs, and social media campaigns.

Browse & download: https://stockflow.media/?cat=Food+Beverage&sub=Food+Menu&collection=Suzhi

#stockfootage #royaltyfree #foodvideo #foodphotography #culinary #foodie #foodcontent #restaurantmarketing #foodblogger #cheflife #foodstyling #foodmenu #suzhi #stockvideo #4kvideo",Suzhi_V_TikTok,https://storage.googleapis.com/stockflow-social/Batch01/Montages/V/Food-Beverage_Food-Menu_Suzhi_V.mp4,Food Beverage,Stockflow.media,2026-05-20 12:30
"Stake — Premium food beverage stock footage.
4K video & 8K images. Royalty-free.

Perfect for restaurant marketing, food blogs, and social media campaigns.

Browse & download: https://stockflow.media/?cat=Food+Beverage&sub=Food+Menu&collection=Stake

#stockfootage #royaltyfree #foodvideo #foodphotography #culinary #foodie #foodcontent #restaurantmarketing #foodblogger #cheflife #foodstyling #foodmenu #stake #stockvideo #4kvideo",Stake_V_TikTok,https://storage.googleapis.com/stockflow-social/Batch01/Montages/V/Food-Beverage_Food-Menu_Stake_V.mp4,Food Beverage,Stockflow.media,2026-05-20 19:00
"Sandwich — Premium food beverage stock footage.
4K video & 8K images. Royalty-free.

Perfect for restaurant marketing, food blogs, and social media campaigns.

Browse & download: https://stockflow.media/?cat=Food+Beverage&sub=Food+Menu&collection=Sandwich

#stockfootage #royaltyfree #foodvideo #foodphotography #culinary #foodie #foodcontent #restaurantmarketing #foodblogger #cheflife #foodstyling #foodmenu #sandwich #stockvideo #4kvideo",Sandwich_V_TikTok,https://storage.googleapis.com/stockflow-social/Batch01/Montages/V/Food-Beverage_Food-Menu_Sandwich_V.mp4,Food Beverage,Stockflow.media,2026-05-21 8:00
"Remen — Premium food beverage stock footage.
4K video & 8K images. Royalty-free.

Perfect for restaurant marketing, food blogs, and social media campaigns.

Browse & download: https://stockflow.media/?cat=Food+Beverage&sub=Food+Menu&collection=Remen

#stockfootage #royaltyfree #foodvideo #foodphotography #culinary #foodie #foodcontent #restaurantmarketing #foodblogger #cheflife #foodstyling #foodmenu #remen #stockvideo #4kvideo",Remen_V_TikTok,https://storage.googleapis.com/stockflow-social/Batch01/Montages/V/Food-Beverage_Food-Menu_Remen_V.mp4,Food Beverage,Stockflow.media,2026-05-21 12:30
"Pizza — Premium food beverage stock footage.
4K video & 8K images. Royalty-free.

Perfect for restaurant marketing, food blogs, and social media campaigns.

Browse & download: https://stockflow.media/?cat=Food+Beverage&sub=Food+Menu&collection=Pizza

#stockfootage #royaltyfree #foodvideo #foodphotography #culinary #foodie #foodcontent #restaurantmarketing #foodblogger #cheflife #foodstyling #foodmenu #pizza #stockvideo #4kvideo",Pizza_V_TikTok,https://storage.googleapis.com/stockflow-social/Batch01/Montages/V/Food-Beverage_Food-Menu_Pizza_V.mp4,Food Beverage,Stockflow.media,2026-05-21 19:00
"Noodles — Premium food beverage stock footage.
4K video & 8K images. Royalty-free.

Perfect for restaurant marketing, food blogs, and social media campaigns.

Browse & download: https://stockflow.media/?cat=Food+Beverage&sub=Food+Menu&collection=Noodles

#stockfootage #royaltyfree #foodvideo #foodphotography #culinary #foodie #foodcontent #restaurantmarketing #foodblogger #cheflife #foodstyling #foodmenu #noodles #stockvideo #4kvideo",Noodles_V_TikTok,https://storage.googleapis.com/stockflow-social/Batch01/Montages/V/Food-Beverage_Food-Menu_Noodles_V.mp4,Food Beverage,Stockflow.media,2026-05-22 8:00
"Idly Vada — Premium food beverage stock footage.
4K video & 8K images. Royalty-free.

Perfect for restaurant marketing, food blogs, and social media campaigns.

Browse & download: https://stockflow.media/?cat=Food+Beverage&sub=Food+Menu&collection=Idly+Vada

#stockfootage #royaltyfree #foodvideo #foodphotography #culinary #foodie #foodcontent #restaurantmarketing #foodblogger #cheflife #foodstyling #foodmenu #idlyvada #stockvideo #4kvideo",Idly Vada_V_TikTok,https://storage.googleapis.com/stockflow-social/Batch01/Montages/V/Food-Beverage_Food-Menu_Idly-Vada_V.mp4,Food Beverage,Stockflow.media,2026-05-22 12:30
"Food Menu Montage — Premium food beverage stock footage.
4K video & 8K images. Royalty-free.

Perfect for restaurant marketing, food blogs, and social media campaigns.

Browse & download: https://stockflow.media/?cat=Food+Beverage&sub=Food+Menu&collection=Food+Menu+Montage

#stockfootage #royaltyfree #foodvideo #foodphotography #culinary #foodie #foodcontent #restaurantmarketing #foodblogger #cheflife #foodstyling #foodmenu #foodmenumontage #stockvideo #4kvideo",Food Menu Montage_V_TikTok,https://storage.googleapis.com/stockflow-social/Batch01/Montages/V/Food-Beverage_Food-Menu_Food-Menu-Montage_V.mp4,Food Beverage,Stockflow.media,2026-05-22 19:00
"Fish Dinner — Premium food beverage stock footage.
4K video & 8K images. Royalty-free.

Perfect for restaurant marketing, food blogs, and social media campaigns.

Browse & download: https://stockflow.media/?cat=Food+Beverage&sub=Food+Menu&collection=Fish+Dinner

#stockfootage #royaltyfree #foodvideo #foodphotography #culinary #foodie #foodcontent #restaurantmarketing #foodblogger #cheflife #foodstyling #foodmenu #fishdinner #stockvideo #4kvideo",Fish Dinner_V_TikTok,https://storage.googleapis.com/stockflow-social/Batch01/Montages/V/Food-Beverage_Food-Menu_Fish-Dinner_V.mp4,Food Beverage,Stockflow.media,2026-05-23 8:00
"Dosa — Premium food beverage stock footage.
4K video & 8K images. Royalty-free.

Perfect for restaurant marketing, food blogs, and social media campaigns.

Browse & download: https://stockflow.media/?cat=Food+Beverage&sub=Food+Menu&collection=Dosa

#stockfootage #royaltyfree #foodvideo #foodphotography #culinary #foodie #foodcontent #restaurantmarketing #foodblogger #cheflife #foodstyling #foodmenu #dosa #stockvideo #4kvideo",Dosa_V_TikTok,https://storage.googleapis.com/stockflow-social/Batch01/Montages/V/Food-Beverage_Food-Menu_Dosa_V.mp4,Food Beverage,Stockflow.media,2026-05-23 12:30
"Chicken Fry — Premium food beverage stock footage.
4K video & 8K images. Royalty-free.

Perfect for restaurant marketing, food blogs, and social media campaigns.

Browse & download: https://stockflow.media/?cat=Food+Beverage&sub=Food+Menu&collection=Chicken+Fry

#stockfootage #royaltyfree #foodvideo #foodphotography #culinary #foodie #foodcontent #restaurantmarketing #foodblogger #cheflife #foodstyling #foodmenu #chickenfry #stockvideo #4kvideo",Chicken Fry_V_TikTok,https://storage.googleapis.com/stockflow-social/Batch01/Montages/V/Food-Beverage_Food-Menu_Chicken-Fry_V.mp4,Food Beverage,Stockflow.media,2026-05-23 19:00
"Chicken Dinner — Premium food beverage stock footage.
4K video & 8K images. Royalty-free.

Perfect for restaurant marketing, food blogs, and social media campaigns.

Browse & download: https://stockflow.media/?cat=Food+Beverage&sub=Food+Menu&collection=Chicken+Dinner

#stockfootage #royaltyfree #foodvideo #foodphotography #culinary #foodie #foodcontent #restaurantmarketing #foodblogger #cheflife #foodstyling #foodmenu #chickendinner #stockvideo #4kvideo",Chicken Dinner_V_TikTok,https://storage.googleapis.com/stockflow-social/Batch01/Montages/V/Food-Beverage_Food-Menu_Chicken-Dinner_V.mp4,Food Beverage,Stockflow.media,2026-05-24 8:00
"Butter Chiken — Premium food beverage stock footage.
4K video & 8K images. Royalty-free.

Perfect for restaurant marketing, food blogs, and social media campaigns.

Browse & download: https://stockflow.media/?cat=Food+Beverage&sub=Food+Menu&collection=Butter+Chiken

#stockfootage #royaltyfree #foodvideo #foodphotography #culinary #foodie #foodcontent #restaurantmarketing #foodblogger #cheflife #foodstyling #foodmenu #butterchiken #stockvideo #4kvideo",Butter Chiken_V_TikTok,https://storage.googleapis.com/stockflow-social/Batch01/Montages/V/Food-Beverage_Food-Menu_Butter-Chiken_V.mp4,Food Beverage,Stockflow.media,2026-05-24 12:30
"Buritos — Premium food beverage stock footage.
4K video & 8K images. Royalty-free.

Perfect for restaurant marketing, food blogs, and social media campaigns.

Browse & download: https://stockflow.media/?cat=Food+Beverage&sub=Food+Menu&collection=Buritos

#stockfootage #royaltyfree #foodvideo #foodphotography #culinary #foodie #foodcontent #restaurantmarketing #foodblogger #cheflife #foodstyling #foodmenu #buritos #stockvideo #4kvideo",Buritos_V_TikTok,https://storage.googleapis.com/stockflow-social/Batch01/Montages/V/Food-Beverage_Food-Menu_Buritos_V.mp4,Food Beverage,Stockflow.media,2026-05-24 19:00
"Burgers — Premium food beverage stock footage.
4K video & 8K images. Royalty-free.

Perfect for restaurant marketing, food blogs, and social media campaigns.

Browse & download: https://stockflow.media/?cat=Food+Beverage&sub=Food+Menu&collection=Burgers

#stockfootage #royaltyfree #foodvideo #foodphotography #culinary #foodie #foodcontent #restaurantmarketing #foodblogger #cheflife #foodstyling #foodmenu #burgers #stockvideo #4kvideo",Burgers_V_TikTok,https://storage.googleapis.com/stockflow-social/Batch01/Montages/V/Food-Beverage_Food-Menu_Burgers_V.mp4,Food Beverage,Stockflow.media,2026-05-25 8:00
"Biriyani — Premium food beverage stock footage.
4K video & 8K images. Royalty-free.

Perfect for restaurant marketing, food blogs, and social media campaigns.

Browse & download: https://stockflow.media/?cat=Food+Beverage&sub=Food+Menu&collection=Biriyani

#stockfootage #royaltyfree #foodvideo #foodphotography #culinary #foodie #foodcontent #restaurantmarketing #foodblogger #cheflife #foodstyling #foodmenu #biriyani #stockvideo #4kvideo",Biriyani_V_TikTok,https://storage.googleapis.com/stockflow-social/Batch01/Montages/V/Food-Beverage_Food-Menu_Biriyani_V.mp4,Food Beverage,Stockflow.media,2026-05-25 12:30
"Food Beverage — Premium food beverage stock footage.
4K video & 8K images. Royalty-free.

Perfect for restaurant marketing, food blogs, and social media campaigns.

Browse & download: https://stockflow.media/?cat=Food+Beverage&sub=Food+Beverage+Category&collection=Food+Beverage

#stockfootage #royaltyfree #foodvideo #foodphotography #culinary #foodie #foodcontent #restaurantmarketing #foodblogger #cheflife #foodstyling #foodbeveragecategory #foodbeverage #stockvideo #4kvideo",Food Beverage_V_TikTok,https://storage.googleapis.com/stockflow-social/Batch01/Montages/V/Food-Beverage_Food-Beverage-Category_V.mp4,Food Beverage,Stockflow.media,2026-05-25 19:00