Text,Title,Media URLs,Labels,Social Medias,Scheduled
"Coronavirus — Microscopic stock footage

Download: https://stockflow.media/?cat=Microscopic&sub=Nucleus&collection=Coronavirus

#stockfootage #royaltyfree #microscopy #science #biology #micro #microscope #sciencevideo #biologylab #microworld #cellbiology #nucleus #coronavirus #virus #viralparticle",Coronavirus_V_TikTok,https://storage.googleapis.com/stockflow-social/Batch01/Clips/V/Microscopic_Nucleus_Coronavirus_20260314_1127_V.mp4,Microscopic,Stockflow.media,2026-05-27 8:00
"Neuroblastoma — Microscopic stock footage

Download: https://stockflow.media/?cat=Microscopic&sub=Neuropathology&collection=Neuroblastoma

#stockfootage #royaltyfree #microscopy #science #biology #micro #microscope #sciencevideo #biologylab #microworld #cellbiology #neuropathology #neuroblastoma #histology #immunostaining",Neuroblastoma_V_TikTok,https://storage.googleapis.com/stockflow-social/Batch01/Clips/V/Microscopic_Neuropathology_Neuroblastoma_20260314_1094_V.mp4,Microscopic,Stockflow.media,2026-05-27 12:30
"SpinalCord — Microscopic stock footage

Download: https://stockflow.media/?cat=Microscopic&sub=Neuropathology&collection=SpinalCord

#stockfootage #royaltyfree #microscopy #science #biology #micro #microscope #sciencevideo #biologylab #microworld #cellbiology #neuropathology #spinalcord #highmagnification #micrograph",SpinalCord_V_TikTok,https://storage.googleapis.com/stockflow-social/Batch01/Clips/V/Microscopic_Neuropathology_SpinalCord_20260314_1091_V.mp4,Microscopic,Stockflow.media,2026-05-27 19:00
"MultipleSclerosis — Microscopic stock footage

Download: https://stockflow.media/?cat=Microscopic&sub=Neuropathology&collection=MultipleSclerosis

#stockfootage #royaltyfree #microscopy #science #biology #micro #microscope #sciencevideo #biologylab #microworld #cellbiology #neuropathology #multiplesclerosis #histology #highmagnification",MultipleSclerosis_V_TikTok,https://storage.googleapis.com/stockflow-social/Batch01/Clips/V/Microscopic_Neuropathology_MultipleSclerosis_20260314_1088_V.mp4,Microscopic,Stockflow.media,2026-05-28 8:00
"Parkinson — Microscopic stock footage

Download: https://stockflow.media/?cat=Microscopic&sub=Neuropathology&collection=Parkinson

#stockfootage #royaltyfree #microscopy #science #biology #micro #microscope #sciencevideo #biologylab #microworld #cellbiology #neuropathology #parkinson #braintissue #highmagnification",Parkinson_V_TikTok,https://storage.googleapis.com/stockflow-social/Batch01/Clips/V/Microscopic_Neuropathology_Parkinson_20260314_1085_V.mp4,Microscopic,Stockflow.media,2026-05-28 12:30
"Alzheimer — Microscopic stock footage

Download: https://stockflow.media/?cat=Microscopic&sub=Neuropathology&collection=Alzheimer

#stockfootage #royaltyfree #microscopy #science #biology #micro #microscope #sciencevideo #biologylab #microworld #cellbiology #neuropathology #alzheimer #brain #microscopic",Alzheimer_V_TikTok,https://storage.googleapis.com/stockflow-social/Batch01/Clips/V/Microscopic_Neuropathology_Alzheimer_20260314_1082_V.mp4,Microscopic,Stockflow.media,2026-05-28 19:00
"Toxoplasma — Microscopic stock footage

Download: https://stockflow.media/?cat=Microscopic&sub=Infectious&collection=Toxoplasma

#stockfootage #royaltyfree #microscopy #science #biology #micro #microscope #sciencevideo #biologylab #microworld #cellbiology #infectious #toxoplasma #toxoplasmosis #micrograph",Toxoplasma_V_TikTok,https://storage.googleapis.com/stockflow-social/Batch01/Clips/V/Microscopic_Infectious_Toxoplasma_20260314_1079_V.mp4,Microscopic,Stockflow.media,2026-05-29 8:00
"Schistosoma — Microscopic stock footage

Download: https://stockflow.media/?cat=Microscopic&sub=Infectious&collection=Schistosoma

#stockfootage #royaltyfree #microscopy #science #biology #micro #microscope #sciencevideo #biologylab #microworld #cellbiology #infectious #schistosoma #histology #schistosomiasis",Schistosoma_V_TikTok,https://storage.googleapis.com/stockflow-social/Batch01/Clips/V/Microscopic_Infectious_Schistosoma_20260314_1076_V.mp4,Microscopic,Stockflow.media,2026-05-29 12:30
"Fungal — Microscopic stock footage

Download: https://stockflow.media/?cat=Microscopic&sub=Infectious&collection=Fungal

#stockfootage #royaltyfree #microscopy #science #biology #micro #microscope #sciencevideo #biologylab #microworld #cellbiology #infectious #fungal #fungalinfection #fungalspores",Fungal_V_TikTok,https://storage.googleapis.com/stockflow-social/Batch01/Clips/V/Microscopic_Infectious_Fungal_20260314_1073_V.mp4,Microscopic,Stockflow.media,2026-05-29 19:00
"Hepatitis — Microscopic stock footage

Download: https://stockflow.media/?cat=Microscopic&sub=Infectious&collection=Hepatitis

#stockfootage #royaltyfree #microscopy #science #biology #micro #microscope #sciencevideo #biologylab #microworld #cellbiology #infectious #hepatitis #microscopic #livertissue",Hepatitis_V_TikTok,https://storage.googleapis.com/stockflow-social/Batch01/Clips/V/Microscopic_Infectious_Hepatitis_20260314_1070_V.mp4,Microscopic,Stockflow.media,2026-05-30 8:00
"Tuberculosis — Microscopic stock footage

Download: https://stockflow.media/?cat=Microscopic&sub=Infectious&collection=Tuberculosis

#stockfootage #royaltyfree #microscopy #science #biology #micro #microscope #sciencevideo #biologylab #microworld #cellbiology #infectious #tuberculosis #tb #tuberculosisgranuloma",Tuberculosis_V_TikTok,https://storage.googleapis.com/stockflow-social/Batch01/Clips/V/Microscopic_Infectious_Tuberculosis_20260314_1067_V.mp4,Microscopic,Stockflow.media,2026-05-30 12:30
"Kidney — Microscopic stock footage

Download: https://stockflow.media/?cat=Microscopic&sub=Histopathology&collection=Kidney

#stockfootage #royaltyfree #microscopy #science #biology #micro #microscope #sciencevideo #biologylab #microworld #cellbiology #histopathology #kidney #acutetubularinjury #acutekidneyinjury",Kidney_V_TikTok,https://storage.googleapis.com/stockflow-social/Batch01/Clips/V/Microscopic_Histopathology_Kidney_20260314_1063_V.mp4,Microscopic,Stockflow.media,2026-05-30 19:00
"Prostate — Microscopic stock footage

Download: https://stockflow.media/?cat=Microscopic&sub=Histopathology&collection=Prostate

#stockfootage #royaltyfree #microscopy #science #biology #micro #microscope #sciencevideo #biologylab #microworld #cellbiology #histopathology #prostate #prostategland #prostateacini",Prostate_V_TikTok,https://storage.googleapis.com/stockflow-social/Batch01/Clips/V/Microscopic_Histopathology_Prostate_20260314_1060_V.mp4,Microscopic,Stockflow.media,2026-05-31 8:00
"Glioblastoma — Microscopic stock footage

Download: https://stockflow.media/?cat=Microscopic&sub=Histopathology&collection=Glioblastoma

#stockfootage #royaltyfree #microscopy #science #biology #micro #microscope #sciencevideo #biologylab #microworld #cellbiology #histopathology #glioblastoma #pathology #braintumor",Glioblastoma_V_TikTok,https://storage.googleapis.com/stockflow-social/Batch01/Clips/V/Microscopic_Histopathology_Glioblastoma_20260314_1057_V.mp4,Microscopic,Stockflow.media,2026-05-31 12:30
"Psoriatic — Microscopic stock footage

Download: https://stockflow.media/?cat=Microscopic&sub=Histopathology&collection=Psoriatic

#stockfootage #royaltyfree #microscopy #science #biology #micro #microscope #sciencevideo #biologylab #microworld #cellbiology #histopathology #psoriatic #psoriasis #psoriaticskin",Psoriatic_V_TikTok,https://storage.googleapis.com/stockflow-social/Batch01/Clips/V/Microscopic_Histopathology_Psoriatic_20260314_1054_V.mp4,Microscopic,Stockflow.media,2026-05-31 19:00
"Liver Cirrhosis — Microscopic stock footage

Download: https://stockflow.media/?cat=Microscopic&sub=Histopathology&collection=Liver+Cirrhosis

#stockfootage #royaltyfree #microscopy #science #biology #micro #microscope #sciencevideo #biologylab #microworld #cellbiology #histopathology #livercirrhosis #highmagnification #tissuesection",Liver Cirrhosis_V_TikTok,https://storage.googleapis.com/stockflow-social/Batch01/Clips/V/Microscopic_Histopathology_Liver-Cirrhosis_20260314_1051_V.mp4,Microscopic,Stockflow.media,2026-06-01 8:00
"Cervical Cells — Microscopic stock footage

Download: https://stockflow.media/?cat=Microscopic&sub=Histopathology&collection=Cervical+Cells

#stockfootage #royaltyfree #microscopy #science #biology #micro #microscope #sciencevideo #biologylab #microworld #cellbiology #histopathology #cervicalcells #histology #cervicalcytology",Cervical Cells_V_TikTok,https://storage.googleapis.com/stockflow-social/Batch01/Clips/V/Microscopic_Histopathology_Cervical-Cells_20260314_1048_V.mp4,Microscopic,Stockflow.media,2026-06-01 12:30
"Cellular — Microscopic stock footage

Download: https://stockflow.media/?cat=Microscopic&sub=Cellular&collection=Cellular

#stockfootage #royaltyfree #microscopy #science #biology #micro #microscope #sciencevideo #biologylab #microworld #cellbiology #cellular #bloodvessel #bloodflow #redbloodcells",Cellular_V_TikTok,https://storage.googleapis.com/stockflow-social/Batch01/Clips/V/Microscopic_Cellular_Cellular_20260314_1044_V.mp4,Microscopic,Stockflow.media,2026-06-01 19:00
"Cellular — Microscopic stock footage

Download: https://stockflow.media/?cat=Microscopic&sub=Cellular&collection=Cellular

#stockfootage #royaltyfree #microscopy #science #biology #micro #microscope #sciencevideo #biologylab #microworld #cellbiology #cellular #bloodvessel #bloodstream #redbloodcells",Cellular_V_TikTok,https://storage.googleapis.com/stockflow-social/Batch01/Clips/V/Microscopic_Cellular_Cellular_20260314_1043_V.mp4,Microscopic,Stockflow.media,2026-06-02 8:00
"Lysosomes — Microscopic stock footage

Download: https://stockflow.media/?cat=Microscopic&sub=Cellular&collection=Lysosomes

#stockfootage #royaltyfree #microscopy #science #biology #micro #microscope #sciencevideo #biologylab #microworld #cellbiology #cellular #lysosomes #cellinterior #lysosome",Lysosomes_V_TikTok,https://storage.googleapis.com/stockflow-social/Batch01/Clips/V/Microscopic_Cellular_Lysosomes_20260314_1037_V.mp4,Microscopic,Stockflow.media,2026-06-02 12:30
"Ribosomes — Microscopic stock footage

Download: https://stockflow.media/?cat=Microscopic&sub=Cellular&collection=Ribosomes

#stockfootage #royaltyfree #microscopy #science #biology #micro #microscope #sciencevideo #biologylab #microworld #cellbiology #cellular #ribosomes #cellmembrane #lipidbilayer",Ribosomes_V_TikTok,https://storage.googleapis.com/stockflow-social/Batch01/Clips/V/Microscopic_Cellular_Ribosomes_20260314_1035_V.mp4,Microscopic,Stockflow.media,2026-06-02 19:00
"Ciliated — Microscopic stock footage

Download: https://stockflow.media/?cat=Microscopic&sub=Cellular&collection=Ciliated

#stockfootage #royaltyfree #microscopy #science #biology #micro #microscope #sciencevideo #biologylab #microworld #cellbiology #cellular #ciliated #ciliatedepithelium #cilia",Ciliated_V_TikTok,https://storage.googleapis.com/stockflow-social/Batch01/Clips/V/Microscopic_Cellular_Ciliated_20260314_1031_V.mp4,Microscopic,Stockflow.media,2026-06-03 8:00
"Brain Tissue — Microscopic stock footage

Download: https://stockflow.media/?cat=Microscopic&sub=Cellular&collection=Brain+Tissue

#stockfootage #royaltyfree #microscopy #science #biology #micro #microscope #sciencevideo #biologylab #microworld #cellbiology #cellular #braintissue #neuralnetworks #cellularstructure",Brain Tissue_V_TikTok,https://storage.googleapis.com/stockflow-social/Batch01/Clips/V/Microscopic_Cellular_Brain-Tissue_20260314_1029_V.mp4,Microscopic,Stockflow.media,2026-06-03 12:30
"Cellular — Microscopic stock footage

Download: https://stockflow.media/?cat=Microscopic&sub=Cellular&collection=Cellular

#stockfootage #royaltyfree #microscopy #science #biology #micro #microscope #sciencevideo #biologylab #microworld #cellbiology #cellular #neuron #neurons #brain",Cellular_V_TikTok,https://storage.googleapis.com/stockflow-social/Batch01/Clips/V/Microscopic_Cellular_Cellular_20260314_1026_V.mp4,Microscopic,Stockflow.media,2026-06-03 19:00
"Cellular — Microscopic stock footage

Download: https://stockflow.media/?cat=Microscopic&sub=Cellular&collection=Cellular

#stockfootage #royaltyfree #microscopy #science #biology #micro #microscope #sciencevideo #biologylab #microworld #cellbiology #cellular #bloodvessel #bloodstream #bloodflow",Cellular_V_TikTok,https://storage.googleapis.com/stockflow-social/Batch01/Clips/V/Microscopic_Cellular_Cellular_20260314_1025_V.mp4,Microscopic,Stockflow.media,2026-06-04 8:00
"Cellular — Microscopic stock footage

Download: https://stockflow.media/?cat=Microscopic&sub=Cellular&collection=Cellular

#stockfootage #royaltyfree #microscopy #science #biology #micro #microscope #sciencevideo #biologylab #microworld #cellbiology #cellular #neuron #glowingneuron #axon",Cellular_V_TikTok,https://storage.googleapis.com/stockflow-social/Batch01/Clips/V/Microscopic_Cellular_Cellular_20260314_1024_V.mp4,Microscopic,Stockflow.media,2026-06-04 12:30
"Cellular — Microscopic stock footage

Download: https://stockflow.media/?cat=Microscopic&sub=Cellular&collection=Cellular

#stockfootage #royaltyfree #microscopy #science #biology #micro #microscope #sciencevideo #biologylab #microworld #cellbiology #cellular #bloodvessel #circulatorysystem #micrographic",Cellular_V_TikTok,https://storage.googleapis.com/stockflow-social/Batch01/Clips/V/Microscopic_Cellular_Cellular_20260314_1023_V.mp4,Microscopic,Stockflow.media,2026-06-04 19:00
"Cellular — Microscopic stock footage

Download: https://stockflow.media/?cat=Microscopic&sub=Cellular&collection=Cellular

#stockfootage #royaltyfree #microscopy #science #biology #micro #microscope #sciencevideo #biologylab #microworld #cellbiology #cellular #neuron #neuronillustration #glowingcellbody",Cellular_V_TikTok,https://storage.googleapis.com/stockflow-social/Batch01/Clips/V/Microscopic_Cellular_Cellular_20260314_1022_V.mp4,Microscopic,Stockflow.media,2026-06-05 8:00
"Cellular — Microscopic stock footage

Download: https://stockflow.media/?cat=Microscopic&sub=Cellular&collection=Cellular

#stockfootage #royaltyfree #microscopy #science #biology #micro #microscope #sciencevideo #biologylab #microworld #cellbiology #cellular #neuron #neurons #neuralnetwork",Cellular_V_TikTok,https://storage.googleapis.com/stockflow-social/Batch01/Clips/V/Microscopic_Cellular_Cellular_20260314_1021_V.mp4,Microscopic,Stockflow.media,2026-06-05 12:30
"Colon Polyp — Microscopic stock footage

Download: https://stockflow.media/?cat=Microscopic&sub=Histopathology&collection=Colon+Polyp

#stockfootage #royaltyfree #microscopy #science #biology #micro #microscope #sciencevideo #biologylab #microworld #cellbiology #histopathology #colonpolyp #colon #colonicpolyp",Colon Polyp_V_TikTok,https://storage.googleapis.com/stockflow-social/Batch01/Clips/V/Microscopic_Histopathology_Colon-Polyp_20260314_1019_V.mp4,Microscopic,Stockflow.media,2026-06-05 19:00
"Lung Tissue — Microscopic stock footage

Download: https://stockflow.media/?cat=Microscopic&sub=Histopathology&collection=Lung+Tissue

#stockfootage #royaltyfree #microscopy #science #biology #micro #microscope #sciencevideo #biologylab #microworld #cellbiology #histopathology #lungtissue #epithelialcells #enlargednuclei",Lung Tissue_V_TikTok,https://storage.googleapis.com/stockflow-social/Batch01/Clips/V/Microscopic_Histopathology_Lung-Tissue_20260314_1011_V.mp4,Microscopic,Stockflow.media,2026-06-06 8:00
"Lavender Dreamy Coating — Microscopic stock footage

Download: https://stockflow.media/?cat=Microscopic&sub=Pollen&collection=Lavender+Dreamy+Coating

#stockfootage #royaltyfree #microscopy #science #biology #micro #microscope #sciencevideo #biologylab #microworld #cellbiology #pollen #lavenderdreamycoating #macro #closeup",Lavender Dreamy Coating_V_TikTok,https://storage.googleapis.com/stockflow-social/Batch01/Clips/V/Microscopic_Pollen_Lavender-Dreamy-Coating_20260314_1004_V.mp4,Microscopic,Stockflow.media,2026-06-06 12:30
"Lavender Dreamy Coating — Microscopic stock footage

Download: https://stockflow.media/?cat=Microscopic&sub=Pollen&collection=Lavender+Dreamy+Coating

#stockfootage #royaltyfree #microscopy #science #biology #micro #microscope #sciencevideo #biologylab #microworld #cellbiology #pollen #lavenderdreamycoating #lavender #lavenderbuds",Lavender Dreamy Coating_V_TikTok,https://storage.googleapis.com/stockflow-social/Batch01/Clips/V/Microscopic_Pollen_Lavender-Dreamy-Coating_20260314_1003_V.mp4,Microscopic,Stockflow.media,2026-06-06 19:00
"Lavender Dreamy Coating — Microscopic stock footage

Download: https://stockflow.media/?cat=Microscopic&sub=Pollen&collection=Lavender+Dreamy+Coating

#stockfootage #royaltyfree #microscopy #science #biology #micro #microscope #sciencevideo #biologylab #microworld #cellbiology #pollen #lavenderdreamycoating #lavender #macro",Lavender Dreamy Coating_V_TikTok,https://storage.googleapis.com/stockflow-social/Batch01/Clips/V/Microscopic_Pollen_Lavender-Dreamy-Coating_20260314_1002_V.mp4,Microscopic,Stockflow.media,2026-06-07 8:00
"Lotus Fluorescent Starburst — Microscopic stock footage

Download: https://stockflow.media/?cat=Microscopic&sub=Pollen&collection=Lotus+Fluorescent+Starburst

#stockfootage #royaltyfree #microscopy #science #biology #micro #microscope #sciencevideo #biologylab #microworld #cellbiology #pollen #lotusfluorescentstarburst #macro #macrophotography",Lotus Fluorescent Starburst_V_TikTok,https://storage.googleapis.com/stockflow-social/Batch01/Clips/V/Microscopic_Pollen_Lotus-Fluorescent-Starburst_20260314_1000_V.mp4,Microscopic,Stockflow.media,2026-06-07 12:30
"Lotus Fluorescent Starburst — Microscopic stock footage

Download: https://stockflow.media/?cat=Microscopic&sub=Pollen&collection=Lotus+Fluorescent+Starburst

#stockfootage #royaltyfree #microscopy #science #biology #micro #microscope #sciencevideo #biologylab #microworld #cellbiology #pollen #lotusfluorescentstarburst #macro #closeup",Lotus Fluorescent Starburst_V_TikTok,https://storage.googleapis.com/stockflow-social/Batch01/Clips/V/Microscopic_Pollen_Lotus-Fluorescent-Starburst_20260314_0999_V.mp4,Microscopic,Stockflow.media,2026-06-07 19:00
"Orchid Pollinium Smooth Shine — Microscopic stock footage

Download: https://stockflow.media/?cat=Microscopic&sub=Pollen&collection=Orchid+Pollinium+Smooth+Shine

#stockfootage #royaltyfree #microscopy #science #biology #micro #microscope #sciencevideo #biologylab #microworld #cellbiology #pollen #orchidpolliniumsmoothshine #orchidmacro #macroshotorchid",Orchid Pollinium Smooth Shine_V_TikTok,https://storage.googleapis.com/stockflow-social/Batch01/Clips/V/Microscopic_Pollen_Orchid-Pollinium-Smooth-Shine_20260314_0996_V.mp4,Microscopic,Stockflow.media,2026-06-08 8:00
"Orchid Pollinium Smooth Shine — Microscopic stock footage

Download: https://stockflow.media/?cat=Microscopic&sub=Pollen&collection=Orchid+Pollinium+Smooth+Shine

#stockfootage #royaltyfree #microscopy #science #biology #micro #microscope #sciencevideo #biologylab #microworld #cellbiology #pollen #orchidpolliniumsmoothshine #macro #macrophotography",Orchid Pollinium Smooth Shine_V_TikTok,https://storage.googleapis.com/stockflow-social/Batch01/Clips/V/Microscopic_Pollen_Orchid-Pollinium-Smooth-Shine_20260314_0995_V.mp4,Microscopic,Stockflow.media,2026-06-08 12:30
"Orchid Pollinium Smooth Shine — Microscopic stock footage

Download: https://stockflow.media/?cat=Microscopic&sub=Pollen&collection=Orchid+Pollinium+Smooth+Shine

#stockfootage #royaltyfree #microscopy #science #biology #micro #microscope #sciencevideo #biologylab #microworld #cellbiology #pollen #orchidpolliniumsmoothshine #orchid #macroshot",Orchid Pollinium Smooth Shine_V_TikTok,https://storage.googleapis.com/stockflow-social/Batch01/Clips/V/Microscopic_Pollen_Orchid-Pollinium-Smooth-Shine_20260314_0994_V.mp4,Microscopic,Stockflow.media,2026-06-08 19:00
"Ragweed Spiky Details — Microscopic stock footage

Download: https://stockflow.media/?cat=Microscopic&sub=Pollen&collection=Ragweed+Spiky+Details

#stockfootage #royaltyfree #microscopy #science #biology #micro #microscope #sciencevideo #biologylab #microworld #cellbiology #pollen #ragweedspikydetails #ragweedpollen #macroview",Ragweed Spiky Details_V_TikTok,https://storage.googleapis.com/stockflow-social/Batch01/Clips/V/Microscopic_Pollen_Ragweed-Spiky-Details_20260314_0991_V.mp4,Microscopic,Stockflow.media,2026-06-09 8:00
"Ragweed Spiky Details — Microscopic stock footage

Download: https://stockflow.media/?cat=Microscopic&sub=Pollen&collection=Ragweed+Spiky+Details

#stockfootage #royaltyfree #microscopy #science #biology #micro #microscope #sciencevideo #biologylab #microworld #cellbiology #pollen #ragweedspikydetails #closeup #macro",Ragweed Spiky Details_V_TikTok,https://storage.googleapis.com/stockflow-social/Batch01/Clips/V/Microscopic_Pollen_Ragweed-Spiky-Details_20260314_0990_V.mp4,Microscopic,Stockflow.media,2026-06-09 12:30
"Ragweed Spiky Details — Microscopic stock footage

Download: https://stockflow.media/?cat=Microscopic&sub=Pollen&collection=Ragweed+Spiky+Details

#stockfootage #royaltyfree #microscopy #science #biology #micro #microscope #sciencevideo #biologylab #microworld #cellbiology #pollen #ragweedspikydetails #ragweedpollen #pollengrain",Ragweed Spiky Details_V_TikTok,https://storage.googleapis.com/stockflow-social/Batch01/Clips/V/Microscopic_Pollen_Ragweed-Spiky-Details_20260314_0989_V.mp4,Microscopic,Stockflow.media,2026-06-09 19:00
"Ragweed Spiky Details — Microscopic stock footage

Download: https://stockflow.media/?cat=Microscopic&sub=Pollen&collection=Ragweed+Spiky+Details

#stockfootage #royaltyfree #microscopy #science #biology #micro #microscope #sciencevideo #biologylab #microworld #cellbiology #pollen #ragweedspikydetails #pollengrain #extremecloseup",Ragweed Spiky Details_V_TikTok,https://storage.googleapis.com/stockflow-social/Batch01/Clips/V/Microscopic_Pollen_Ragweed-Spiky-Details_20260314_0988_V.mp4,Microscopic,Stockflow.media,2026-06-10 8:00
"Pine Winged Form — Microscopic stock footage

Download: https://stockflow.media/?cat=Microscopic&sub=Pollen&collection=Pine+Winged+Form

#stockfootage #royaltyfree #microscopy #science #biology #micro #microscope #sciencevideo #biologylab #microworld #cellbiology #pollen #pinewingedform #pinepollen #pollengrain",Pine Winged Form_V_TikTok,https://storage.googleapis.com/stockflow-social/Batch01/Clips/V/Microscopic_Pollen_Pine-Winged-Form_20260314_0985_V.mp4,Microscopic,Stockflow.media,2026-06-10 12:30
"Grass Mesh Structure — Microscopic stock footage

Download: https://stockflow.media/?cat=Microscopic&sub=Pollen&collection=Grass+Mesh+Structure

#stockfootage #royaltyfree #microscopy #science #biology #micro #microscope #sciencevideo #biologylab #microworld #cellbiology #pollen #grassmeshstructure #pollengrain #macroshot",Grass Mesh Structure_V_TikTok,https://storage.googleapis.com/stockflow-social/Batch01/Clips/V/Microscopic_Pollen_Grass-Mesh-Structure_20260314_0982_V.mp4,Microscopic,Stockflow.media,2026-06-10 19:00
"Sunflower — Microscopic stock footage

Download: https://stockflow.media/?cat=Microscopic&sub=Pollen&collection=Sunflower

#stockfootage #royaltyfree #microscopy #science #biology #micro #microscope #sciencevideo #biologylab #microworld #cellbiology #pollen #sunflower #macro #closeup",Sunflower_V_TikTok,https://storage.googleapis.com/stockflow-social/Batch01/Clips/V/Microscopic_Pollen_Sunflower_20260314_0979_V.mp4,Microscopic,Stockflow.media,2026-06-11 8:00
"Sunflower — Microscopic stock footage

Download: https://stockflow.media/?cat=Microscopic&sub=Pollen&collection=Sunflower

#stockfootage #royaltyfree #microscopy #science #biology #micro #microscope #sciencevideo #biologylab #microworld #cellbiology #pollen #sunflower #closeup #macro",Sunflower_V_TikTok,https://storage.googleapis.com/stockflow-social/Batch01/Clips/V/Microscopic_Pollen_Sunflower_20260314_0978_V.mp4,Microscopic,Stockflow.media,2026-06-11 12:30
"Breast Cancer — Microscopic stock footage

Download: https://stockflow.media/?cat=Microscopic&sub=Histopathology&collection=Breast+Cancer

#stockfootage #royaltyfree #microscopy #science #biology #micro #microscope #sciencevideo #biologylab #microworld #cellbiology #histopathology #breastcancer #ductalcarcinoma #pathologyslide",Breast Cancer_V_TikTok,https://storage.googleapis.com/stockflow-social/Batch01/Clips/V/Microscopic_Histopathology_Breast-Cancer_20260314_0974_V.mp4,Microscopic,Stockflow.media,2026-06-11 19:00
"Eczema — Microscopic stock footage

Download: https://stockflow.media/?cat=Microscopic&sub=Dermatopathology&collection=Eczema

#stockfootage #royaltyfree #microscopy #science #biology #micro #microscope #sciencevideo #biologylab #microworld #cellbiology #dermatopathology #eczema #dermatitis #skinbiopsy",Eczema_V_TikTok,https://storage.googleapis.com/stockflow-social/Batch01/Clips/V/Microscopic_Dermatopathology_Eczema_20260314_0971_V.mp4,Microscopic,Stockflow.media,2026-06-12 8:00
"Melanoma — Microscopic stock footage

Download: https://stockflow.media/?cat=Microscopic&sub=Cancer+Cell&collection=Melanoma

#stockfootage #royaltyfree #microscopy #science #biology #micro #microscope #sciencevideo #biologylab #microworld #cellbiology #cancercell #melanoma #skincancer #canceroustumor",Melanoma_V_TikTok,https://storage.googleapis.com/stockflow-social/Batch01/Clips/V/Microscopic_Cancer-Cell_Melanoma_20260314_0967_V.mp4,Microscopic,Stockflow.media,2026-06-12 12:30
"Melanoma — Microscopic stock footage

Download: https://stockflow.media/?cat=Microscopic&sub=Cancer+Cell&collection=Melanoma

#stockfootage #royaltyfree #microscopy #science #biology #micro #microscope #sciencevideo #biologylab #microworld #cellbiology #cancercell #melanoma #skincancer #melanomapathology",Melanoma_V_TikTok,https://storage.googleapis.com/stockflow-social/Batch01/Clips/V/Microscopic_Cancer-Cell_Melanoma_20260314_0966_V.mp4,Microscopic,Stockflow.media,2026-06-12 19:00
"Chemotherapy — Microscopic stock footage

Download: https://stockflow.media/?cat=Microscopic&sub=Cancer+Cell&collection=Chemotherapy

#stockfootage #royaltyfree #microscopy #science #biology #micro #microscope #sciencevideo #biologylab #microworld #cellbiology #cancercell #chemotherapy #orange #spiky",Chemotherapy_V_TikTok,https://storage.googleapis.com/stockflow-social/Batch01/Clips/V/Microscopic_Cancer-Cell_Chemotherapy_20260314_0959_V.mp4,Microscopic,Stockflow.media,2026-06-13 8:00
"Chemotherapy — Microscopic stock footage

Download: https://stockflow.media/?cat=Microscopic&sub=Cancer+Cell&collection=Chemotherapy

#stockfootage #royaltyfree #microscopy #science #biology #micro #microscope #sciencevideo #biologylab #microworld #cellbiology #cancercell #chemotherapy #microscopicscene #cellmembrane",Chemotherapy_V_TikTok,https://storage.googleapis.com/stockflow-social/Batch01/Clips/V/Microscopic_Cancer-Cell_Chemotherapy_20260314_0958_V.mp4,Microscopic,Stockflow.media,2026-06-13 12:30
"Leukemia — Microscopic stock footage

Download: https://stockflow.media/?cat=Microscopic&sub=Cancer+Cell&collection=Leukemia

#stockfootage #royaltyfree #microscopy #science #biology #micro #microscope #sciencevideo #biologylab #microworld #cellbiology #cancercell #leukemia #bloodvessel #redbloodcells",Leukemia_V_TikTok,https://storage.googleapis.com/stockflow-social/Batch01/Clips/V/Microscopic_Cancer-Cell_Leukemia_20260314_0953_V.mp4,Microscopic,Stockflow.media,2026-06-13 19:00
"Leukemia — Microscopic stock footage

Download: https://stockflow.media/?cat=Microscopic&sub=Cancer+Cell&collection=Leukemia

#stockfootage #royaltyfree #microscopy #science #biology #micro #microscope #sciencevideo #biologylab #microworld #cellbiology #cancercell #leukemia #bloodcells #whitebloodcells",Leukemia_V_TikTok,https://storage.googleapis.com/stockflow-social/Batch01/Clips/V/Microscopic_Cancer-Cell_Leukemia_20260314_0952_V.mp4,Microscopic,Stockflow.media,2026-06-14 8:00
"Leukemia — Microscopic stock footage

Download: https://stockflow.media/?cat=Microscopic&sub=Cancer+Cell&collection=Leukemia

#stockfootage #royaltyfree #microscopy #science #biology #micro #microscope #sciencevideo #biologylab #microworld #cellbiology #cancercell #leukemia #closeup #bloodvessel",Leukemia_V_TikTok,https://storage.googleapis.com/stockflow-social/Batch01/Clips/V/Microscopic_Cancer-Cell_Leukemia_20260314_0947_V.mp4,Microscopic,Stockflow.media,2026-06-14 12:30
"Mutations — Microscopic stock footage

Download: https://stockflow.media/?cat=Microscopic&sub=Cancer+Cell&collection=Mutations

#stockfootage #royaltyfree #microscopy #science #biology #micro #microscope #sciencevideo #biologylab #microworld #cellbiology #cancercell #mutations #dna #doublehelix",Mutations_V_TikTok,https://storage.googleapis.com/stockflow-social/Batch01/Clips/V/Microscopic_Cancer-Cell_Mutations_20260314_0946_V.mp4,Microscopic,Stockflow.media,2026-06-14 19:00
"Mutations — Microscopic stock footage

Download: https://stockflow.media/?cat=Microscopic&sub=Cancer+Cell&collection=Mutations

#stockfootage #royaltyfree #microscopy #science #biology #micro #microscope #sciencevideo #biologylab #microworld #cellbiology #cancercell #mutations #dna #dnastrands",Mutations_V_TikTok,https://storage.googleapis.com/stockflow-social/Batch01/Clips/V/Microscopic_Cancer-Cell_Mutations_20260314_0945_V.mp4,Microscopic,Stockflow.media,2026-06-15 8:00
"Fluorescence — Microscopic stock footage

Download: https://stockflow.media/?cat=Microscopic&sub=Cancer+Cell&collection=Fluorescence

#stockfootage #royaltyfree #microscopy #science #biology #micro #microscope #sciencevideo #biologylab #microworld #cellbiology #cancercell #fluorescence #fluorescencemicroscopy #cellularbiology",Fluorescence_V_TikTok,https://storage.googleapis.com/stockflow-social/Batch01/Clips/V/Microscopic_Cancer-Cell_Fluorescence_20260314_0940_V.mp4,Microscopic,Stockflow.media,2026-06-15 12:30
"Fluorescence — Microscopic stock footage

Download: https://stockflow.media/?cat=Microscopic&sub=Cancer+Cell&collection=Fluorescence

#stockfootage #royaltyfree #microscopy #science #biology #micro #microscope #sciencevideo #biologylab #microworld #cellbiology #cancercell #fluorescence #fluorescencemicroscopy #cell",Fluorescence_V_TikTok,https://storage.googleapis.com/stockflow-social/Batch01/Clips/V/Microscopic_Cancer-Cell_Fluorescence_20260314_0939_V.mp4,Microscopic,Stockflow.media,2026-06-15 19:00
"Immune — Microscopic stock footage

Download: https://stockflow.media/?cat=Microscopic&sub=Cancer+Cell&collection=Immune

#stockfootage #royaltyfree #microscopy #science #biology #micro #microscope #sciencevideo #biologylab #microworld #cellbiology #cancercell #immune #immunecells #cellulardefense",Immune_V_TikTok,https://storage.googleapis.com/stockflow-social/Batch01/Clips/V/Microscopic_Cancer-Cell_Immune_20260314_0934_V.mp4,Microscopic,Stockflow.media,2026-06-16 8:00
"Immune — Microscopic stock footage

Download: https://stockflow.media/?cat=Microscopic&sub=Cancer+Cell&collection=Immune

#stockfootage #royaltyfree #microscopy #science #biology #micro #microscope #sciencevideo #biologylab #microworld #cellbiology #cancercell #immune #immunecells #cancercells",Immune_V_TikTok,https://storage.googleapis.com/stockflow-social/Batch01/Clips/V/Microscopic_Cancer-Cell_Immune_20260314_0933_V.mp4,Microscopic,Stockflow.media,2026-06-16 12:30
"Immune — Microscopic stock footage

Download: https://stockflow.media/?cat=Microscopic&sub=Cancer+Cell&collection=Immune

#stockfootage #royaltyfree #microscopy #science #biology #micro #microscope #sciencevideo #biologylab #microworld #cellbiology #cancercell #immune #cancercells #immunecells",Immune_V_TikTok,https://storage.googleapis.com/stockflow-social/Batch01/Clips/V/Microscopic_Cancer-Cell_Immune_20260314_0932_V.mp4,Microscopic,Stockflow.media,2026-06-16 19:00
"Breast — Microscopic stock footage

Download: https://stockflow.media/?cat=Microscopic&sub=Cancer+Cell&collection=Breast

#stockfootage #royaltyfree #microscopy #science #biology #micro #microscope #sciencevideo #biologylab #microworld #cellbiology #cancercell #breast #cancer #cancercells",Breast_V_TikTok,https://storage.googleapis.com/stockflow-social/Batch01/Clips/V/Microscopic_Cancer-Cell_Breast_20260314_0927_V.mp4,Microscopic,Stockflow.media,2026-06-17 8:00
"Metastatic — Microscopic stock footage

Download: https://stockflow.media/?cat=Microscopic&sub=Cancer+Cell&collection=Metastatic

#stockfootage #royaltyfree #microscopy #science #biology #micro #microscope #sciencevideo #biologylab #microworld #cellbiology #cancercell #metastatic #metastasis #metastaticcancer",Metastatic_V_TikTok,https://storage.googleapis.com/stockflow-social/Batch01/Clips/V/Microscopic_Cancer-Cell_Metastatic_20260314_0924_V.mp4,Microscopic,Stockflow.media,2026-06-17 12:30
"Tumor — Microscopic stock footage

Download: https://stockflow.media/?cat=Microscopic&sub=Cancer+Cell&collection=Tumor

#stockfootage #royaltyfree #microscopy #science #biology #micro #microscope #sciencevideo #biologylab #microworld #cellbiology #cancercell #tumor #medicalanimation #cancer",Tumor_V_TikTok,https://storage.googleapis.com/stockflow-social/Batch01/Clips/V/Microscopic_Cancer-Cell_Tumor_20260314_0921_V.mp4,Microscopic,Stockflow.media,2026-06-17 19:00
"Tumor — Microscopic stock footage

Download: https://stockflow.media/?cat=Microscopic&sub=Cancer+Cell&collection=Tumor

#stockfootage #royaltyfree #microscopy #science #biology #micro #microscope #sciencevideo #biologylab #microworld #cellbiology #cancercell #tumor #cancer #oncology",Tumor_V_TikTok,https://storage.googleapis.com/stockflow-social/Batch01/Clips/V/Microscopic_Cancer-Cell_Tumor_20260314_0920_V.mp4,Microscopic,Stockflow.media,2026-06-18 8:00
"TEM Virus — Microscopic stock footage

Download: https://stockflow.media/?cat=Microscopic&sub=Cancer+Cell&collection=TEM+Virus

#stockfootage #royaltyfree #microscopy #science #biology #micro #microscope #sciencevideo #biologylab #microworld #cellbiology #cancercell #temvirus #colorized #micrograph",TEM Virus_V_TikTok,https://storage.googleapis.com/stockflow-social/Batch01/Clips/V/Microscopic_Cancer-Cell_TEM-Virus_20260314_0917_V.mp4,Microscopic,Stockflow.media,2026-06-18 12:30
"Aggressive — Microscopic stock footage

Download: https://stockflow.media/?cat=Microscopic&sub=Cancer+Cell&collection=Aggressive

#stockfootage #royaltyfree #microscopy #science #biology #micro #microscope #sciencevideo #biologylab #microworld #cellbiology #cancercell #aggressive #cancercells #tumormicroenvironment",Aggressive_V_TikTok,https://storage.googleapis.com/stockflow-social/Batch01/Clips/V/Microscopic_Cancer-Cell_Aggressive_20260314_0914_V.mp4,Microscopic,Stockflow.media,2026-06-18 19:00
"Vs Healthy Cells — Microscopic stock footage

Download: https://stockflow.media/?cat=Microscopic&sub=Cancer+Cell&collection=Vs+Healthy+Cells

#stockfootage #royaltyfree #microscopy #science #biology #micro #microscope #sciencevideo #biologylab #microworld #cellbiology #cancercell #vshealthycells #cancercells #healthycells",Vs Healthy Cells_V_TikTok,https://storage.googleapis.com/stockflow-social/Batch01/Clips/V/Microscopic_Cancer-Cell_Vs-Healthy-Cells_20260314_0911_V.mp4,Microscopic,Stockflow.media,2026-06-19 8:00
"Trypanosoma Brucei — Microscopic stock footage

Download: https://stockflow.media/?cat=Microscopic&sub=Parasite&collection=Trypanosoma+Brucei

#stockfootage #royaltyfree #microscopy #science #biology #micro #microscope #sciencevideo #biologylab #microworld #cellbiology #parasite #trypanosomabrucei #closeup #microscopic",Trypanosoma Brucei_V_TikTok,https://storage.googleapis.com/stockflow-social/Batch01/Clips/V/Microscopic_Parasite_Trypanosoma-Brucei_20260314_0906_V.mp4,Microscopic,Stockflow.media,2026-06-19 12:30
"Parasitic Worm — Microscopic stock footage

Download: https://stockflow.media/?cat=Microscopic&sub=Parasite&collection=Parasitic+Worm

#stockfootage #royaltyfree #microscopy #science #biology #micro #microscope #sciencevideo #biologylab #microworld #cellbiology #parasite #parasiticworm #electronmicroscopy #sem",Parasitic Worm_V_TikTok,https://storage.googleapis.com/stockflow-social/Batch01/Clips/V/Microscopic_Parasite_Parasitic-Worm_20260314_0897_V.mp4,Microscopic,Stockflow.media,2026-06-19 19:00
"Trypanosoma — Microscopic stock footage

Download: https://stockflow.media/?cat=Microscopic&sub=Parasite&collection=Trypanosoma

#stockfootage #royaltyfree #microscopy #science #biology #micro #microscope #sciencevideo #biologylab #microworld #cellbiology #parasite #trypanosoma #trypanosome #protozoan",Trypanosoma_V_TikTok,https://storage.googleapis.com/stockflow-social/Batch01/Clips/V/Microscopic_Parasite_Trypanosoma_20260314_0893_V.mp4,Microscopic,Stockflow.media,2026-06-20 8:00
"Trypanosoma — Microscopic stock footage

Download: https://stockflow.media/?cat=Microscopic&sub=Parasite&collection=Trypanosoma

#stockfootage #royaltyfree #microscopy #science #biology #micro #microscope #sciencevideo #biologylab #microworld #cellbiology #parasite #trypanosoma #redbloodcell #bloodstream",Trypanosoma_V_TikTok,https://storage.googleapis.com/stockflow-social/Batch01/Clips/V/Microscopic_Parasite_Trypanosoma_20260314_0892_V.mp4,Microscopic,Stockflow.media,2026-06-20 12:30
"Leishmania — Microscopic stock footage

Download: https://stockflow.media/?cat=Microscopic&sub=Parasite&collection=Leishmania

#stockfootage #royaltyfree #microscopy #science #biology #micro #microscope #sciencevideo #biologylab #microworld #cellbiology #parasite #leishmania #fluorescent #stained",Leishmania_V_TikTok,https://storage.googleapis.com/stockflow-social/Batch01/Clips/V/Microscopic_Parasite_Leishmania_20260314_0889_V.mp4,Microscopic,Stockflow.media,2026-06-20 19:00
"Leishmania — Microscopic stock footage

Download: https://stockflow.media/?cat=Microscopic&sub=Parasite&collection=Leishmania

#stockfootage #royaltyfree #microscopy #science #biology #micro #microscope #sciencevideo #biologylab #microworld #cellbiology #parasite #leishmania #parasites #intracellular",Leishmania_V_TikTok,https://storage.googleapis.com/stockflow-social/Batch01/Clips/V/Microscopic_Parasite_Leishmania_20260314_0888_V.mp4,Microscopic,Stockflow.media,2026-06-21 8:00
"Leishmania — Microscopic stock footage

Download: https://stockflow.media/?cat=Microscopic&sub=Parasite&collection=Leishmania

#stockfootage #royaltyfree #microscopy #science #biology #micro #microscope #sciencevideo #biologylab #microworld #cellbiology #parasite #leishmania #fluorescentmicroscopy #leishmaniaparasites",Leishmania_V_TikTok,https://storage.googleapis.com/stockflow-social/Batch01/Clips/V/Microscopic_Parasite_Leishmania_20260314_0887_V.mp4,Microscopic,Stockflow.media,2026-06-21 12:30
"Cryptosporidium — Microscopic stock footage

Download: https://stockflow.media/?cat=Microscopic&sub=Parasite&collection=Cryptosporidium

#stockfootage #royaltyfree #microscopy #science #biology #micro #microscope #sciencevideo #biologylab #microworld #cellbiology #parasite #cryptosporidium #micrograph #parasites",Cryptosporidium_V_TikTok,https://storage.googleapis.com/stockflow-social/Batch01/Clips/V/Microscopic_Parasite_Cryptosporidium_20260314_0882_V.mp4,Microscopic,Stockflow.media,2026-06-21 19:00
"Flatworm Larae — Microscopic stock footage

Download: https://stockflow.media/?cat=Microscopic&sub=Parasite&collection=Flatworm+Larae

#stockfootage #royaltyfree #microscopy #science #biology #micro #microscope #sciencevideo #biologylab #microworld #cellbiology #parasite #flatwormlarae #parasiticlarvae #flatworm",Flatworm Larae_V_TikTok,https://storage.googleapis.com/stockflow-social/Batch01/Clips/V/Microscopic_Parasite_Flatworm-Larae_20260314_0877_V.mp4,Microscopic,Stockflow.media,2026-06-22 8:00
"Toxoplasma Gondii — Microscopic stock footage

Download: https://stockflow.media/?cat=Microscopic&sub=Parasite&collection=Toxoplasma+Gondii

#stockfootage #royaltyfree #microscopy #science #biology #micro #microscope #sciencevideo #biologylab #microworld #cellbiology #parasite #toxoplasmagondii #tachyzoites #micrograph",Toxoplasma Gondii_V_TikTok,https://storage.googleapis.com/stockflow-social/Batch01/Clips/V/Microscopic_Parasite_Toxoplasma-Gondii_20260314_0876_V.mp4,Microscopic,Stockflow.media,2026-06-22 12:30
"Giardia Lamblia — Microscopic stock footage

Download: https://stockflow.media/?cat=Microscopic&sub=Parasite&collection=Giardia+Lamblia

#stockfootage #royaltyfree #microscopy #science #biology #micro #microscope #sciencevideo #biologylab #microworld #cellbiology #parasite #giardialamblia #giardia #protozoanparasite",Giardia Lamblia_V_TikTok,https://storage.googleapis.com/stockflow-social/Batch01/Clips/V/Microscopic_Parasite_Giardia-Lamblia_20260314_0873_V.mp4,Microscopic,Stockflow.media,2026-06-22 19:00
"Giardia Lamblia — Microscopic stock footage

Download: https://stockflow.media/?cat=Microscopic&sub=Parasite&collection=Giardia+Lamblia

#stockfootage #royaltyfree #microscopy #science #biology #micro #microscope #sciencevideo #biologylab #microworld #cellbiology #parasite #giardialamblia #protozoan #aquatic",Giardia Lamblia_V_TikTok,https://storage.googleapis.com/stockflow-social/Batch01/Clips/V/Microscopic_Parasite_Giardia-Lamblia_20260314_0872_V.mp4,Microscopic,Stockflow.media,2026-06-23 8:00
"Giardia Lamblia — Microscopic stock footage

Download: https://stockflow.media/?cat=Microscopic&sub=Parasite&collection=Giardia+Lamblia

#stockfootage #royaltyfree #microscopy #science #biology #micro #microscope #sciencevideo #biologylab #microworld #cellbiology #parasite #giardialamblia #giardia #flagellatedparasite",Giardia Lamblia_V_TikTok,https://storage.googleapis.com/stockflow-social/Batch01/Clips/V/Microscopic_Parasite_Giardia-Lamblia_20260314_0871_V.mp4,Microscopic,Stockflow.media,2026-06-23 12:30
"Giardia Lamblia — Microscopic stock footage

Download: https://stockflow.media/?cat=Microscopic&sub=Parasite&collection=Giardia+Lamblia

#stockfootage #royaltyfree #microscopy #science #biology #micro #microscope #sciencevideo #biologylab #microworld #cellbiology #parasite #giardialamblia #giardia #microscopicview",Giardia Lamblia_V_TikTok,https://storage.googleapis.com/stockflow-social/Batch01/Clips/V/Microscopic_Parasite_Giardia-Lamblia_20260314_0870_V.mp4,Microscopic,Stockflow.media,2026-06-23 19:00
"Plasmodium — Microscopic stock footage

Download: https://stockflow.media/?cat=Microscopic&sub=Parasite&collection=Plasmodium

#stockfootage #royaltyfree #microscopy #science #biology #micro #microscope #sciencevideo #biologylab #microworld #cellbiology #parasite #plasmodium #microscopic #bloodsmear",Plasmodium_V_TikTok,https://storage.googleapis.com/stockflow-social/Batch01/Clips/V/Microscopic_Parasite_Plasmodium_20260314_0861_V.mp4,Microscopic,Stockflow.media,2026-06-24 8:00
"Vitiligo — Microscopic stock footage

Download: https://stockflow.media/?cat=Microscopic&sub=Dermatopathology&collection=Vitiligo

#stockfootage #royaltyfree #microscopy #science #biology #micro #microscope #sciencevideo #biologylab #microworld #cellbiology #dermatopathology #vitiligo #skin #dermatology",Vitiligo_V_TikTok,https://storage.googleapis.com/stockflow-social/Batch01/Clips/V/Microscopic_Dermatopathology_Vitiligo_20260314_0858_V.mp4,Microscopic,Stockflow.media,2026-06-24 12:30
"Fungi — Microscopic stock footage

Download: https://stockflow.media/?cat=Microscopic&sub=Fungi&collection=Fungi

#stockfootage #royaltyfree #microscopy #science #biology #micro #microscope #sciencevideo #biologylab #microworld #cellbiology #fungi #wood #crosssection #woodanatomy",Fungi_V_TikTok,https://storage.googleapis.com/stockflow-social/Batch01/Clips/V/Microscopic_Fungi_Fungi_20260314_0854_V.mp4,Microscopic,Stockflow.media,2026-06-24 19:00
"Decay — Microscopic stock footage

Download: https://stockflow.media/?cat=Microscopic&sub=Fungi&collection=Decay

#stockfootage #royaltyfree #microscopy #science #biology #micro #microscope #sciencevideo #biologylab #microworld #cellbiology #fungi #decay #microview #decayingtreebark",Decay_V_TikTok,https://storage.googleapis.com/stockflow-social/Batch01/Clips/V/Microscopic_Fungi_Decay_20260314_0851_V.mp4,Microscopic,Stockflow.media,2026-06-25 8:00
"Zygomycete — Microscopic stock footage

Download: https://stockflow.media/?cat=Microscopic&sub=Fungi&collection=Zygomycete

#stockfootage #royaltyfree #microscopy #science #biology #micro #microscope #sciencevideo #biologylab #microworld #cellbiology #fungi #zygomycete #mold #fungus",Zygomycete_V_TikTok,https://storage.googleapis.com/stockflow-social/Batch01/Clips/V/Microscopic_Fungi_Zygomycete_20260314_0848_V.mp4,Microscopic,Stockflow.media,2026-06-25 12:30
"Zygomycete — Microscopic stock footage

Download: https://stockflow.media/?cat=Microscopic&sub=Fungi&collection=Zygomycete

#stockfootage #royaltyfree #microscopy #science #biology #micro #microscope #sciencevideo #biologylab #microworld #cellbiology #fungi #zygomycete #fungus #mycology",Zygomycete_V_TikTok,https://storage.googleapis.com/stockflow-social/Batch01/Clips/V/Microscopic_Fungi_Zygomycete_20260314_0847_V.mp4,Microscopic,Stockflow.media,2026-06-25 19:00
"Zygomycete — Microscopic stock footage

Download: https://stockflow.media/?cat=Microscopic&sub=Fungi&collection=Zygomycete

#stockfootage #royaltyfree #microscopy #science #biology #micro #microscope #sciencevideo #biologylab #microworld #cellbiology #fungi #zygomycete #macroshot #zygomycetemold",Zygomycete_V_TikTok,https://storage.googleapis.com/stockflow-social/Batch01/Clips/V/Microscopic_Fungi_Zygomycete_20260314_0846_V.mp4,Microscopic,Stockflow.media,2026-06-26 8:00
"Algae — Microscopic stock footage

Download: https://stockflow.media/?cat=Microscopic&sub=Fungi&collection=Algae

#stockfootage #royaltyfree #microscopy #science #biology #micro #microscope #sciencevideo #biologylab #microworld #cellbiology #fungi #algae #closeup #macro",Algae_V_TikTok,https://storage.googleapis.com/stockflow-social/Batch01/Clips/V/Microscopic_Fungi_Algae_20260314_0843_V.mp4,Microscopic,Stockflow.media,2026-06-26 12:30
"Algae — Microscopic stock footage

Download: https://stockflow.media/?cat=Microscopic&sub=Fungi&collection=Algae

#stockfootage #royaltyfree #microscopy #science #biology #micro #microscope #sciencevideo #biologylab #microworld #cellbiology #fungi #algae #lichen #bark",Algae_V_TikTok,https://storage.googleapis.com/stockflow-social/Batch01/Clips/V/Microscopic_Fungi_Algae_20260314_0842_V.mp4,Microscopic,Stockflow.media,2026-06-26 19:00
"Lichen — Microscopic stock footage

Download: https://stockflow.media/?cat=Microscopic&sub=Fungi&collection=Lichen

#stockfootage #royaltyfree #microscopy #science #biology #micro #microscope #sciencevideo #biologylab #microworld #cellbiology #fungi #lichen #mushrooms #closeup",Lichen_V_TikTok,https://storage.googleapis.com/stockflow-social/Batch01/Clips/V/Microscopic_Fungi_Lichen_20260314_0839_V.mp4,Microscopic,Stockflow.media,2026-06-27 8:00
"Pathogenic — Microscopic stock footage

Download: https://stockflow.media/?cat=Microscopic&sub=Fungi&collection=Pathogenic

#stockfootage #royaltyfree #microscopy #science #biology #micro #microscope #sciencevideo #biologylab #microworld #cellbiology #fungi #pathogenic #hyphae #pathogenicfungi",Pathogenic_V_TikTok,https://storage.googleapis.com/stockflow-social/Batch01/Clips/V/Microscopic_Fungi_Pathogenic_20260314_0836_V.mp4,Microscopic,Stockflow.media,2026-06-27 12:30
"Pathogenic — Microscopic stock footage

Download: https://stockflow.media/?cat=Microscopic&sub=Fungi&collection=Pathogenic

#stockfootage #royaltyfree #microscopy #science #biology #micro #microscope #sciencevideo #biologylab #microworld #cellbiology #fungi #pathogenic #pathogenicfungi #micrograph",Pathogenic_V_TikTok,https://storage.googleapis.com/stockflow-social/Batch01/Clips/V/Microscopic_Fungi_Pathogenic_20260314_0835_V.mp4,Microscopic,Stockflow.media,2026-06-27 19:00
"Yeast Cells — Microscopic stock footage

Download: https://stockflow.media/?cat=Microscopic&sub=Fungi&collection=Yeast+Cells

#stockfootage #royaltyfree #microscopy #science #biology #micro #microscope #sciencevideo #biologylab #microworld #cellbiology #fungi #yeastcells #purple #rodshaped",Yeast Cells_V_TikTok,https://storage.googleapis.com/stockflow-social/Batch01/Clips/V/Microscopic_Fungi_Yeast-Cells_20260314_0832_V.mp4,Microscopic,Stockflow.media,2026-06-28 8:00
"Mycelium — Microscopic stock footage

Download: https://stockflow.media/?cat=Microscopic&sub=Fungi&collection=Mycelium

#stockfootage #royaltyfree #microscopy #science #biology #micro #microscope #sciencevideo #biologylab #microworld #cellbiology #fungi #mycelium #fungalfilaments #whitefungus",Mycelium_V_TikTok,https://storage.googleapis.com/stockflow-social/Batch01/Clips/V/Microscopic_Fungi_Mycelium_20260314_0829_V.mp4,Microscopic,Stockflow.media,2026-06-28 12:30
"Mycelium — Microscopic stock footage

Download: https://stockflow.media/?cat=Microscopic&sub=Fungi&collection=Mycelium

#stockfootage #royaltyfree #microscopy #science #biology #micro #microscope #sciencevideo #biologylab #microworld #cellbiology #fungi #mycelium #fungus #lacelikefilaments",Mycelium_V_TikTok,https://storage.googleapis.com/stockflow-social/Batch01/Clips/V/Microscopic_Fungi_Mycelium_20260314_0828_V.mp4,Microscopic,Stockflow.media,2026-06-28 19:00
"Basidiospores — Microscopic stock footage

Download: https://stockflow.media/?cat=Microscopic&sub=Fungi&collection=Basidiospores

#stockfootage #royaltyfree #microscopy #science #biology #micro #microscope #sciencevideo #biologylab #microworld #cellbiology #fungi #basidiospores #fungalsurface #macroview",Basidiospores_V_TikTok,https://storage.googleapis.com/stockflow-social/Batch01/Clips/V/Microscopic_Fungi_Basidiospores_20260314_0825_V.mp4,Microscopic,Stockflow.media,2026-06-29 8:00
"Basidiospores — Microscopic stock footage

Download: https://stockflow.media/?cat=Microscopic&sub=Fungi&collection=Basidiospores

#stockfootage #royaltyfree #microscopy #science #biology #micro #microscope #sciencevideo #biologylab #microworld #cellbiology #fungi #basidiospores #leather #shoes",Basidiospores_V_TikTok,https://storage.googleapis.com/stockflow-social/Batch01/Clips/V/Microscopic_Fungi_Basidiospores_20260314_0824_V.mp4,Microscopic,Stockflow.media,2026-06-29 12:30
"Sporangia — Microscopic stock footage

Download: https://stockflow.media/?cat=Microscopic&sub=Fungi&collection=Sporangia

#stockfootage #royaltyfree #microscopy #science #biology #micro #microscope #sciencevideo #biologylab #microworld #cellbiology #fungi #sporangia #fungus #microscopic",Sporangia_V_TikTok,https://storage.googleapis.com/stockflow-social/Batch01/Clips/V/Microscopic_Fungi_Sporangia_20260314_0821_V.mp4,Microscopic,Stockflow.media,2026-06-29 19:00
"Sporangia — Microscopic stock footage

Download: https://stockflow.media/?cat=Microscopic&sub=Fungi&collection=Sporangia

#stockfootage #royaltyfree #microscopy #science #biology #micro #microscope #sciencevideo #biologylab #microworld #cellbiology #fungi #sporangia #fungalhyphae #hyphae",Sporangia_V_TikTok,https://storage.googleapis.com/stockflow-social/Batch01/Clips/V/Microscopic_Fungi_Sporangia_20260314_0820_V.mp4,Microscopic,Stockflow.media,2026-06-30 8:00
"Sporangia — Microscopic stock footage

Download: https://stockflow.media/?cat=Microscopic&sub=Fungi&collection=Sporangia

#stockfootage #royaltyfree #microscopy #science #biology #micro #microscope #sciencevideo #biologylab #microworld #cellbiology #fungi #sporangia #fungal #fungus",Sporangia_V_TikTok,https://storage.googleapis.com/stockflow-social/Batch01/Clips/V/Microscopic_Fungi_Sporangia_20260314_0819_V.mp4,Microscopic,Stockflow.media,2026-06-30 12:30
"Sporangia — Microscopic stock footage

Download: https://stockflow.media/?cat=Microscopic&sub=Fungi&collection=Sporangia

#stockfootage #royaltyfree #microscopy #science #biology #micro #microscope #sciencevideo #biologylab #microworld #cellbiology #fungi #sporangia #macro #macroshot",Sporangia_V_TikTok,https://storage.googleapis.com/stockflow-social/Batch01/Clips/V/Microscopic_Fungi_Sporangia_20260314_0818_V.mp4,Microscopic,Stockflow.media,2026-06-30 19:00
"Sporangia — Microscopic stock footage

Download: https://stockflow.media/?cat=Microscopic&sub=Fungi&collection=Sporangia

#stockfootage #royaltyfree #microscopy #science #biology #micro #microscope #sciencevideo #biologylab #microworld #cellbiology #fungi #sporangia #fungal #hyphae",Sporangia_V_TikTok,https://storage.googleapis.com/stockflow-social/Batch01/Clips/V/Microscopic_Fungi_Sporangia_20260314_0817_V.mp4,Microscopic,Stockflow.media,2026-07-01 8:00
"Lichen — Microscopic stock footage

Download: https://stockflow.media/?cat=Microscopic&sub=Dermatopathology&collection=Lichen

#stockfootage #royaltyfree #microscopy #science #biology #micro #microscope #sciencevideo #biologylab #microworld #cellbiology #dermatopathology #lichen #skin #micrograph",Lichen_V_TikTok,https://storage.googleapis.com/stockflow-social/Batch01/Clips/V/Microscopic_Dermatopathology_Lichen_20260314_0809_V.mp4,Microscopic,Stockflow.media,2026-07-01 12:30
"Squamous — Microscopic stock footage

Download: https://stockflow.media/?cat=Microscopic&sub=Dermatopathology&collection=Squamous

#stockfootage #royaltyfree #microscopy #science #biology #micro #microscope #sciencevideo #biologylab #microworld #cellbiology #dermatopathology #squamous #micrograph #squamouscell",Squamous_V_TikTok,https://storage.googleapis.com/stockflow-social/Batch01/Clips/V/Microscopic_Dermatopathology_Squamous_20260314_0806_V.mp4,Microscopic,Stockflow.media,2026-07-01 19:00
"Agar Plate — Microscopic stock footage

Download: https://stockflow.media/?cat=Microscopic&sub=Bacteria&collection=Agar+Plate

#stockfootage #royaltyfree #microscopy #science #biology #micro #microscope #sciencevideo #biologylab #microworld #cellbiology #bacteria #agarplate #microbial #colony",Agar Plate_V_TikTok,https://storage.googleapis.com/stockflow-social/Batch01/Clips/V/Microscopic_Bacteria_Agar-Plate_20260314_0799_V.mp4,Microscopic,Stockflow.media,2026-07-02 8:00
"Agar Plate — Microscopic stock footage

Download: https://stockflow.media/?cat=Microscopic&sub=Bacteria&collection=Agar+Plate

#stockfootage #royaltyfree #microscopy #science #biology #micro #microscope #sciencevideo #biologylab #microworld #cellbiology #bacteria #agarplate #yellowstarburst #droplets",Agar Plate_V_TikTok,https://storage.googleapis.com/stockflow-social/Batch01/Clips/V/Microscopic_Bacteria_Agar-Plate_20260314_0798_V.mp4,Microscopic,Stockflow.media,2026-07-02 12:30
"Tetani — Microscopic stock footage

Download: https://stockflow.media/?cat=Microscopic&sub=Bacteria&collection=Tetani

#stockfootage #royaltyfree #microscopy #science #biology #micro #microscope #sciencevideo #biologylab #microworld #cellbiology #bacteria #tetani #bluefluorescence #rodshapedbacteria",Tetani_V_TikTok,https://storage.googleapis.com/stockflow-social/Batch01/Clips/V/Microscopic_Bacteria_Tetani_20260314_0793_V.mp4,Microscopic,Stockflow.media,2026-07-02 19:00
"Resistant — Microscopic stock footage

Download: https://stockflow.media/?cat=Microscopic&sub=Bacteria&collection=Resistant

#stockfootage #royaltyfree #microscopy #science #biology #micro #microscope #sciencevideo #biologylab #microworld #cellbiology #bacteria #resistant #micrograph #rodshaped",Resistant_V_TikTok,https://storage.googleapis.com/stockflow-social/Batch01/Clips/V/Microscopic_Bacteria_Resistant_20260314_0790_V.mp4,Microscopic,Stockflow.media,2026-07-03 8:00
"Resistant — Microscopic stock footage

Download: https://stockflow.media/?cat=Microscopic&sub=Bacteria&collection=Resistant

#stockfootage #royaltyfree #microscopy #science #biology #micro #microscope #sciencevideo #biologylab #microworld #cellbiology #bacteria #resistant #closeup #rodshaped",Resistant_V_TikTok,https://storage.googleapis.com/stockflow-social/Batch01/Clips/V/Microscopic_Bacteria_Resistant_20260314_0789_V.mp4,Microscopic,Stockflow.media,2026-07-03 12:30
"Pathogenic — Microscopic stock footage

Download: https://stockflow.media/?cat=Microscopic&sub=Bacteria&collection=Pathogenic

#stockfootage #royaltyfree #microscopy #science #biology #micro #microscope #sciencevideo #biologylab #microworld #cellbiology #bacteria #pathogenic #bloodvessel #colorenhanced",Pathogenic_V_TikTok,https://storage.googleapis.com/stockflow-social/Batch01/Clips/V/Microscopic_Bacteria_Pathogenic_20260314_0786_V.mp4,Microscopic,Stockflow.media,2026-07-03 19:00
"Pathogenic — Microscopic stock footage

Download: https://stockflow.media/?cat=Microscopic&sub=Bacteria&collection=Pathogenic

#stockfootage #royaltyfree #microscopy #science #biology #micro #microscope #sciencevideo #biologylab #microworld #cellbiology #bacteria #pathogenic #pathogenicbacteria #intracellularbacteria",Pathogenic_V_TikTok,https://storage.googleapis.com/stockflow-social/Batch01/Clips/V/Microscopic_Bacteria_Pathogenic_20260314_0785_V.mp4,Microscopic,Stockflow.media,2026-07-04 8:00
"Biofilm — Microscopic stock footage

Download: https://stockflow.media/?cat=Microscopic&sub=Bacteria&collection=Biofilm

#stockfootage #royaltyfree #microscopy #science #biology #micro #microscope #sciencevideo #biologylab #microworld #cellbiology #bacteria #biofilm #biofilmstructure #extracellularmatrix",Biofilm_V_TikTok,https://storage.googleapis.com/stockflow-social/Batch01/Clips/V/Microscopic_Bacteria_Biofilm_20260314_0782_V.mp4,Microscopic,Stockflow.media,2026-07-04 12:30
"Biofilm — Microscopic stock footage

Download: https://stockflow.media/?cat=Microscopic&sub=Bacteria&collection=Biofilm

#stockfootage #royaltyfree #microscopy #science #biology #micro #microscope #sciencevideo #biologylab #microworld #cellbiology #bacteria #biofilm #rodshapedbacteria #microbialcommunity",Biofilm_V_TikTok,https://storage.googleapis.com/stockflow-social/Batch01/Clips/V/Microscopic_Bacteria_Biofilm_20260314_0781_V.mp4,Microscopic,Stockflow.media,2026-07-04 19:00
"Biofilm — Microscopic stock footage

Download: https://stockflow.media/?cat=Microscopic&sub=Bacteria&collection=Biofilm

#stockfootage #royaltyfree #microscopy #science #biology #micro #microscope #sciencevideo #biologylab #microworld #cellbiology #bacteria #biofilm #rodshapedbacteria #biofilmonsurface",Biofilm_V_TikTok,https://storage.googleapis.com/stockflow-social/Batch01/Clips/V/Microscopic_Bacteria_Biofilm_20260314_0780_V.mp4,Microscopic,Stockflow.media,2026-07-05 8:00
"E Coli — Microscopic stock footage

Download: https://stockflow.media/?cat=Microscopic&sub=Bacteria&collection=E+Coli

#stockfootage #royaltyfree #microscopy #science #biology #micro #microscope #sciencevideo #biologylab #microworld #cellbiology #bacteria #ecoli #escherichiacoli #rodshapedbacteria",E Coli_V_TikTok,https://storage.googleapis.com/stockflow-social/Batch01/Clips/V/Microscopic_Bacteria_E-Coli_20260314_0777_V.mp4,Microscopic,Stockflow.media,2026-07-05 12:30
"Spirochete — Microscopic stock footage

Download: https://stockflow.media/?cat=Microscopic&sub=Bacteria&collection=Spirochete

#stockfootage #royaltyfree #microscopy #science #biology #micro #microscope #sciencevideo #biologylab #microworld #cellbiology #bacteria #spirochete #microscale #slender",Spirochete_V_TikTok,https://storage.googleapis.com/stockflow-social/Batch01/Clips/V/Microscopic_Bacteria_Spirochete_20260314_0774_V.mp4,Microscopic,Stockflow.media,2026-07-05 19:00
"Cocci — Microscopic stock footage

Download: https://stockflow.media/?cat=Microscopic&sub=Bacteria&collection=Cocci

#stockfootage #royaltyfree #microscopy #science #biology #micro #microscope #sciencevideo #biologylab #microworld #cellbiology #bacteria #cocci #chainformingbacteria #filamentformingbacteria",Cocci_V_TikTok,https://storage.googleapis.com/stockflow-social/Batch01/Clips/V/Microscopic_Bacteria_Cocci_20260314_0771_V.mp4,Microscopic,Stockflow.media,2026-07-06 8:00
"Basal — Microscopic stock footage

Download: https://stockflow.media/?cat=Microscopic&sub=Dermatopathology&collection=Basal

#stockfootage #royaltyfree #microscopy #science #biology #micro #microscope #sciencevideo #biologylab #microworld #cellbiology #dermatopathology #basal #basalcellcarcinoma #basaloidcells",Basal_V_TikTok,https://storage.googleapis.com/stockflow-social/Batch01/Clips/V/Microscopic_Dermatopathology_Basal_20260314_0768_V.mp4,Microscopic,Stockflow.media,2026-07-06 12:30
"Bloom — Microscopic stock footage

Download: https://stockflow.media/?cat=Microscopic&sub=Algae&collection=Bloom

#stockfootage #royaltyfree #microscopy #science #biology #micro #microscope #sciencevideo #biologylab #microworld #cellbiology #algae #bloom #underwater #greenalgae",Bloom_V_TikTok,https://storage.googleapis.com/stockflow-social/Batch01/Clips/V/Microscopic_Algae_Bloom_20260314_0758_V.mp4,Microscopic,Stockflow.media,2026-07-06 19:00
"Bloom — Microscopic stock footage

Download: https://stockflow.media/?cat=Microscopic&sub=Algae&collection=Bloom

#stockfootage #royaltyfree #microscopy #science #biology #micro #microscope #sciencevideo #biologylab #microworld #cellbiology #algae #bloom #macro #algalbloom",Bloom_V_TikTok,https://storage.googleapis.com/stockflow-social/Batch01/Clips/V/Microscopic_Algae_Bloom_20260314_0757_V.mp4,Microscopic,Stockflow.media,2026-07-07 8:00
"Desmids — Microscopic stock footage

Download: https://stockflow.media/?cat=Microscopic&sub=Algae&collection=Desmids

#stockfootage #royaltyfree #microscopy #science #biology #micro #microscope #sciencevideo #biologylab #microworld #cellbiology #algae #desmids #desmidalgae #freshwateralgae",Desmids_V_TikTok,https://storage.googleapis.com/stockflow-social/Batch01/Clips/V/Microscopic_Algae_Desmids_20260314_0754_V.mp4,Microscopic,Stockflow.media,2026-07-07 12:30
"Brown — Microscopic stock footage

Download: https://stockflow.media/?cat=Microscopic&sub=Algae&collection=Brown

#stockfootage #royaltyfree #microscopy #science #biology #micro #microscope #sciencevideo #biologylab #microworld #cellbiology #algae #brown #underwater #seascape",Brown_V_TikTok,https://storage.googleapis.com/stockflow-social/Batch01/Clips/V/Microscopic_Algae_Brown_20260314_0751_V.mp4,Microscopic,Stockflow.media,2026-07-07 19:00
"Brown — Microscopic stock footage

Download: https://stockflow.media/?cat=Microscopic&sub=Algae&collection=Brown

#stockfootage #royaltyfree #microscopy #science #biology #micro #microscope #sciencevideo #biologylab #microworld #cellbiology #algae #brown #underwater #goldenbrownalgae",Brown_V_TikTok,https://storage.googleapis.com/stockflow-social/Batch01/Clips/V/Microscopic_Algae_Brown_20260314_0750_V.mp4,Microscopic,Stockflow.media,2026-07-08 8:00
"Algae — Microscopic stock footage

Download: https://stockflow.media/?cat=Microscopic&sub=Algae&collection=Algae

#stockfootage #royaltyfree #microscopy #science #biology #micro #microscope #sciencevideo #biologylab #microworld #cellbiology #algae #biofilm #greenalgae #microview",Algae_V_TikTok,https://storage.googleapis.com/stockflow-social/Batch01/Clips/V/Microscopic_Algae_Algae_20260314_0747_V.mp4,Microscopic,Stockflow.media,2026-07-08 12:30
"Colonial — Microscopic stock footage

Download: https://stockflow.media/?cat=Microscopic&sub=Algae&collection=Colonial

#stockfootage #royaltyfree #microscopy #science #biology #micro #microscope #sciencevideo #biologylab #microworld #cellbiology #algae #colonial #volvox #greenalgae",Colonial_V_TikTok,https://storage.googleapis.com/stockflow-social/Batch01/Clips/V/Microscopic_Algae_Colonial_20260314_0744_V.mp4,Microscopic,Stockflow.media,2026-07-08 19:00
"Red — Microscopic stock footage

Download: https://stockflow.media/?cat=Microscopic&sub=Algae&collection=Red

#stockfootage #royaltyfree #microscopy #science #biology #micro #microscope #sciencevideo #biologylab #microworld #cellbiology #algae #red #redalgae #closeup",Red_V_TikTok,https://storage.googleapis.com/stockflow-social/Batch01/Clips/V/Microscopic_Algae_Red_20260314_0741_V.mp4,Microscopic,Stockflow.media,2026-07-09 8:00
"Red — Microscopic stock footage

Download: https://stockflow.media/?cat=Microscopic&sub=Algae&collection=Red

#stockfootage #royaltyfree #microscopy #science #biology #micro #microscope #sciencevideo #biologylab #microworld #cellbiology #algae #red #redalgae #micrograph",Red_V_TikTok,https://storage.googleapis.com/stockflow-social/Batch01/Clips/V/Microscopic_Algae_Red_20260314_0740_V.mp4,Microscopic,Stockflow.media,2026-07-09 12:30
"Cyanobacteria — Microscopic stock footage

Download: https://stockflow.media/?cat=Microscopic&sub=Algae&collection=Cyanobacteria

#stockfootage #royaltyfree #microscopy #science #biology #micro #microscope #sciencevideo #biologylab #microworld #cellbiology #algae #cyanobacteria #bluegreenalgae #microalgae",Cyanobacteria_V_TikTok,https://storage.googleapis.com/stockflow-social/Batch01/Clips/V/Microscopic_Algae_Cyanobacteria_20260314_0737_V.mp4,Microscopic,Stockflow.media,2026-07-09 19:00
"Cyanobacteria — Microscopic stock footage

Download: https://stockflow.media/?cat=Microscopic&sub=Algae&collection=Cyanobacteria

#stockfootage #royaltyfree #microscopy #science #biology #micro #microscope #sciencevideo #biologylab #microworld #cellbiology #algae #cyanobacteria #bluegreenalgae #closeup",Cyanobacteria_V_TikTok,https://storage.googleapis.com/stockflow-social/Batch01/Clips/V/Microscopic_Algae_Cyanobacteria_20260314_0736_V.mp4,Microscopic,Stockflow.media,2026-07-10 8:00
"Diatoms — Microscopic stock footage

Download: https://stockflow.media/?cat=Microscopic&sub=Algae&collection=Diatoms

#stockfootage #royaltyfree #microscopy #science #biology #micro #microscope #sciencevideo #biologylab #microworld #cellbiology #algae #diatoms #diatomspores #diatomfrustules",Diatoms_V_TikTok,https://storage.googleapis.com/stockflow-social/Batch01/Clips/V/Microscopic_Algae_Diatoms_20260314_0733_V.mp4,Microscopic,Stockflow.media,2026-07-10 12:30
"Spirogyra — Microscopic stock footage

Download: https://stockflow.media/?cat=Microscopic&sub=Algae&collection=Spirogyra

#stockfootage #royaltyfree #microscopy #science #biology #micro #microscope #sciencevideo #biologylab #microworld #cellbiology #algae #spirogyra #closeup #filaments",Spirogyra_V_TikTok,https://storage.googleapis.com/stockflow-social/Batch01/Clips/V/Microscopic_Algae_Spirogyra_20260314_0730_V.mp4,Microscopic,Stockflow.media,2026-07-10 19:00
"Green — Microscopic stock footage

Download: https://stockflow.media/?cat=Microscopic&sub=Algae&collection=Green

#stockfootage #royaltyfree #microscopy #science #biology #micro #microscope #sciencevideo #biologylab #microworld #cellbiology #algae #green #closeup #macro",Green_V_TikTok,https://storage.googleapis.com/stockflow-social/Batch01/Clips/V/Microscopic_Algae_Green_20260314_0727_V.mp4,Microscopic,Stockflow.media,2026-07-11 8:00
"Algae — Microscopic stock footage

Download: https://stockflow.media/?cat=Microscopic&sub=Worms&collection=Algae

#stockfootage #royaltyfree #microscopy #science #biology #micro #microscope #sciencevideo #biologylab #microworld #cellbiology #worms #algae #closeup #larva",Algae_V_TikTok,https://storage.googleapis.com/stockflow-social/Batch01/Clips/V/Microscopic_Worms_Algae_20260314_0720_V.mp4,Microscopic,Stockflow.media,2026-07-11 12:30
"Algae — Microscopic stock footage

Download: https://stockflow.media/?cat=Microscopic&sub=Worms&collection=Algae

#stockfootage #royaltyfree #microscopy #science #biology #micro #microscope #sciencevideo #biologylab #microworld #cellbiology #worms #algae #tiny #translucent",Algae_V_TikTok,https://storage.googleapis.com/stockflow-social/Batch01/Clips/V/Microscopic_Worms_Algae_20260314_0719_V.mp4,Microscopic,Stockflow.media,2026-07-11 19:00
"Compost — Microscopic stock footage

Download: https://stockflow.media/?cat=Microscopic&sub=Worms&collection=Compost

#stockfootage #royaltyfree #microscopy #science #biology #micro #microscope #sciencevideo #biologylab #microworld #cellbiology #worms #compost #closeup #pinkearthworms",Compost_V_TikTok,https://storage.googleapis.com/stockflow-social/Batch01/Clips/V/Microscopic_Worms_Compost_20260314_0714_V.mp4,Microscopic,Stockflow.media,2026-07-12 8:00
"Compost — Microscopic stock footage

Download: https://stockflow.media/?cat=Microscopic&sub=Worms&collection=Compost

#stockfootage #royaltyfree #microscopy #science #biology #micro #microscope #sciencevideo #biologylab #microworld #cellbiology #worms #compost #pinkearthworms #earthworms",Compost_V_TikTok,https://storage.googleapis.com/stockflow-social/Batch01/Clips/V/Microscopic_Worms_Compost_20260314_0713_V.mp4,Microscopic,Stockflow.media,2026-07-12 12:30
"Flatworms — Microscopic stock footage

Download: https://stockflow.media/?cat=Microscopic&sub=Worms&collection=Flatworms

#stockfootage #royaltyfree #microscopy #science #biology #micro #microscope #sciencevideo #biologylab #microworld #cellbiology #worms #flatworms #microscopic #macro",Flatworms_V_TikTok,https://storage.googleapis.com/stockflow-social/Batch01/Clips/V/Microscopic_Worms_Flatworms_20260314_0710_V.mp4,Microscopic,Stockflow.media,2026-07-12 19:00
"Flatworms — Microscopic stock footage

Download: https://stockflow.media/?cat=Microscopic&sub=Worms&collection=Flatworms

#stockfootage #royaltyfree #microscopy #science #biology #micro #microscope #sciencevideo #biologylab #microworld #cellbiology #worms #flatworms #aquatic #underwater",Flatworms_V_TikTok,https://storage.googleapis.com/stockflow-social/Batch01/Clips/V/Microscopic_Worms_Flatworms_20260314_0709_V.mp4,Microscopic,Stockflow.media,2026-07-13 8:00
"Parasitic Worms — Microscopic stock footage

Download: https://stockflow.media/?cat=Microscopic&sub=Worms&collection=Parasitic+Worms

#stockfootage #royaltyfree #microscopy #science #biology #micro #microscope #sciencevideo #biologylab #microworld #cellbiology #worms #parasiticworms #nematodes #plantroots",Parasitic Worms_V_TikTok,https://storage.googleapis.com/stockflow-social/Batch01/Clips/V/Microscopic_Worms_Parasitic-Worms_20260314_0707_V.mp4,Microscopic,Stockflow.media,2026-07-13 12:30
"Parasitic Worms — Microscopic stock footage

Download: https://stockflow.media/?cat=Microscopic&sub=Worms&collection=Parasitic+Worms

#stockfootage #royaltyfree #microscopy #science #biology #micro #microscope #sciencevideo #biologylab #microworld #cellbiology #worms #parasiticworms #crosssection #tissueinvasion",Parasitic Worms_V_TikTok,https://storage.googleapis.com/stockflow-social/Batch01/Clips/V/Microscopic_Worms_Parasitic-Worms_20260314_0706_V.mp4,Microscopic,Stockflow.media,2026-07-13 19:00
"Protozoa — Microscopic stock footage

Download: https://stockflow.media/?cat=Microscopic&sub=Worms&collection=Protozoa

#stockfootage #royaltyfree #microscopy #science #biology #micro #microscope #sciencevideo #biologylab #microworld #cellbiology #worms #protozoa #microscopic #micrographics",Protozoa_V_TikTok,https://storage.googleapis.com/stockflow-social/Batch01/Clips/V/Microscopic_Worms_Protozoa_20260314_0701_V.mp4,Microscopic,Stockflow.media,2026-07-14 8:00
"C Elegans — Microscopic stock footage

Download: https://stockflow.media/?cat=Microscopic&sub=Worms&collection=C+Elegans

#stockfootage #royaltyfree #microscopy #science #biology #micro #microscope #sciencevideo #biologylab #microworld #cellbiology #worms #celegans #caenorhabditiselegans #nematode",C Elegans_V_TikTok,https://storage.googleapis.com/stockflow-social/Batch01/Clips/V/Microscopic_Worms_C-Elegans_20260314_0700_V.mp4,Microscopic,Stockflow.media,2026-07-14 12:30
"C Elegans — Microscopic stock footage

Download: https://stockflow.media/?cat=Microscopic&sub=Worms&collection=C+Elegans

#stockfootage #royaltyfree #microscopy #science #biology #micro #microscope #sciencevideo #biologylab #microworld #cellbiology #worms #celegans #fluorescent #stained",C Elegans_V_TikTok,https://storage.googleapis.com/stockflow-social/Batch01/Clips/V/Microscopic_Worms_C-Elegans_20260314_0699_V.mp4,Microscopic,Stockflow.media,2026-07-14 19:00
"Turbellarians — Microscopic stock footage

Download: https://stockflow.media/?cat=Microscopic&sub=Worms&collection=Turbellarians

#stockfootage #royaltyfree #microscopy #science #biology #micro #microscope #sciencevideo #biologylab #microworld #cellbiology #worms #turbellarians #turbellarian #planarian",Turbellarians_V_TikTok,https://storage.googleapis.com/stockflow-social/Batch01/Clips/V/Microscopic_Worms_Turbellarians_20260314_0696_V.mp4,Microscopic,Stockflow.media,2026-07-15 8:00
"Turbellarians — Microscopic stock footage

Download: https://stockflow.media/?cat=Microscopic&sub=Worms&collection=Turbellarians

#stockfootage #royaltyfree #microscopy #science #biology #micro #microscope #sciencevideo #biologylab #microworld #cellbiology #worms #turbellarians #turbellarian #flatworm",Turbellarians_V_TikTok,https://storage.googleapis.com/stockflow-social/Batch01/Clips/V/Microscopic_Worms_Turbellarians_20260314_0695_V.mp4,Microscopic,Stockflow.media,2026-07-15 12:30
"Parasitic Micro Worm — Microscopic stock footage

Download: https://stockflow.media/?cat=Microscopic&sub=Worms&collection=Parasitic+Micro+Worm

#stockfootage #royaltyfree #microscopy #science #biology #micro #microscope #sciencevideo #biologylab #microworld #cellbiology #worms #parasiticmicroworm #parasiticworm #parasite",Parasitic Micro Worm_V_TikTok,https://storage.googleapis.com/stockflow-social/Batch01/Clips/V/Microscopic_Worms_Parasitic-Micro-Worm_20260314_0693_V.mp4,Microscopic,Stockflow.media,2026-07-15 19:00
"Parasitic Micro Worm — Microscopic stock footage

Download: https://stockflow.media/?cat=Microscopic&sub=Worms&collection=Parasitic+Micro+Worm

#stockfootage #royaltyfree #microscopy #science #biology #micro #microscope #sciencevideo #biologylab #microworld #cellbiology #worms #parasiticmicroworm #histology #histological",Parasitic Micro Worm_V_TikTok,https://storage.googleapis.com/stockflow-social/Batch01/Clips/V/Microscopic_Worms_Parasitic-Micro-Worm_20260314_0692_V.mp4,Microscopic,Stockflow.media,2026-07-16 8:00
"Nematode Worms — Microscopic stock footage

Download: https://stockflow.media/?cat=Microscopic&sub=Worms&collection=Nematode+Worms

#stockfootage #royaltyfree #microscopy #science #biology #micro #microscope #sciencevideo #biologylab #microworld #cellbiology #worms #nematodeworms #nematodes #soil",Nematode Worms_V_TikTok,https://storage.googleapis.com/stockflow-social/Batch01/Clips/V/Microscopic_Worms_Nematode-Worms_20260314_0689_V.mp4,Microscopic,Stockflow.media,2026-07-16 12:30
"Nematode Worms — Microscopic stock footage

Download: https://stockflow.media/?cat=Microscopic&sub=Worms&collection=Nematode+Worms

#stockfootage #royaltyfree #microscopy #science #biology #micro #microscope #sciencevideo #biologylab #microworld #cellbiology #worms #nematodeworms #nematodes #soil",Nematode Worms_V_TikTok,https://storage.googleapis.com/stockflow-social/Batch01/Clips/V/Microscopic_Worms_Nematode-Worms_20260314_0688_V.mp4,Microscopic,Stockflow.media,2026-07-16 19:00
"Nematode Worms — Microscopic stock footage

Download: https://stockflow.media/?cat=Microscopic&sub=Worms&collection=Nematode+Worms

#stockfootage #royaltyfree #microscopy #science #biology #micro #microscope #sciencevideo #biologylab #microworld #cellbiology #worms #nematodeworms #nematodes #soilnematodes",Nematode Worms_V_TikTok,https://storage.googleapis.com/stockflow-social/Batch01/Clips/V/Microscopic_Worms_Nematode-Worms_20260314_0685_V.mp4,Microscopic,Stockflow.media,2026-07-17 8:00
"Parasite — Microscopic stock footage

Download: https://stockflow.media/?cat=Microscopic&sub=Blood+Hematology&collection=Parasite

#stockfootage #royaltyfree #microscopy #science #biology #micro #microscope #sciencevideo #biologylab #microworld #cellbiology #bloodhematology #parasite #redbloodcell #redbloodcells",Parasite_V_TikTok,https://storage.googleapis.com/stockflow-social/Batch01/Clips/V/Microscopic_Blood-Hematology_Parasite_20260314_0684_V.mp4,Microscopic,Stockflow.media,2026-07-17 12:30
"Fungal Ecosystem — Microscopic stock footage

Download: https://stockflow.media/?cat=Microscopic&sub=Food+Fungi&collection=Fungal+Ecosystem

#stockfootage #royaltyfree #microscopy #science #biology #micro #microscope #sciencevideo #biologylab #microworld #cellbiology #foodfungi #fungalecosystem #microfungi #decayinglog",Fungal Ecosystem_V_TikTok,https://storage.googleapis.com/stockflow-social/Batch01/Clips/V/Microscopic_Food-Fungi_Fungal-Ecosystem_20260314_0681_V.mp4,Microscopic,Stockflow.media,2026-07-17 19:00
"Fungal Ecosystem — Microscopic stock footage

Download: https://stockflow.media/?cat=Microscopic&sub=Food+Fungi&collection=Fungal+Ecosystem

#stockfootage #royaltyfree #microscopy #science #biology #micro #microscope #sciencevideo #biologylab #microworld #cellbiology #foodfungi #fungalecosystem #treebark #fungi",Fungal Ecosystem_V_TikTok,https://storage.googleapis.com/stockflow-social/Batch01/Clips/V/Microscopic_Food-Fungi_Fungal-Ecosystem_20260314_0680_V.mp4,Microscopic,Stockflow.media,2026-07-18 8:00
"Fungal Ecosystem — Microscopic stock footage

Download: https://stockflow.media/?cat=Microscopic&sub=Food+Fungi&collection=Fungal+Ecosystem

#stockfootage #royaltyfree #microscopy #science #biology #micro #microscope #sciencevideo #biologylab #microworld #cellbiology #foodfungi #fungalecosystem #fungalnetwork #mycelium",Fungal Ecosystem_V_TikTok,https://storage.googleapis.com/stockflow-social/Batch01/Clips/V/Microscopic_Food-Fungi_Fungal-Ecosystem_20260314_0679_V.mp4,Microscopic,Stockflow.media,2026-07-18 12:30
"Fungal Ecosystem — Microscopic stock footage

Download: https://stockflow.media/?cat=Microscopic&sub=Food+Fungi&collection=Fungal+Ecosystem

#stockfootage #royaltyfree #microscopy #science #biology #micro #microscope #sciencevideo #biologylab #microworld #cellbiology #foodfungi #fungalecosystem #fungi #mycology",Fungal Ecosystem_V_TikTok,https://storage.googleapis.com/stockflow-social/Batch01/Clips/V/Microscopic_Food-Fungi_Fungal-Ecosystem_20260314_0678_V.mp4,Microscopic,Stockflow.media,2026-07-18 19:00
"Fungal Ecosystem — Microscopic stock footage

Download: https://stockflow.media/?cat=Microscopic&sub=Food+Fungi&collection=Fungal+Ecosystem

#stockfootage #royaltyfree #microscopy #science #biology #micro #microscope #sciencevideo #biologylab #microworld #cellbiology #foodfungi #fungalecosystem #microfungi #fungi",Fungal Ecosystem_V_TikTok,https://storage.googleapis.com/stockflow-social/Batch01/Clips/V/Microscopic_Food-Fungi_Fungal-Ecosystem_20260314_0677_V.mp4,Microscopic,Stockflow.media,2026-07-19 8:00
"Fungal Ecosystem — Microscopic stock footage

Download: https://stockflow.media/?cat=Microscopic&sub=Food+Fungi&collection=Fungal+Ecosystem

#stockfootage #royaltyfree #microscopy #science #biology #micro #microscope #sciencevideo #biologylab #microworld #cellbiology #foodfungi #fungalecosystem #bluemold #bluemoldcolonies",Fungal Ecosystem_V_TikTok,https://storage.googleapis.com/stockflow-social/Batch01/Clips/V/Microscopic_Food-Fungi_Fungal-Ecosystem_20260314_0676_V.mp4,Microscopic,Stockflow.media,2026-07-19 12:30
"Mold Growth — Microscopic stock footage

Download: https://stockflow.media/?cat=Microscopic&sub=Food+Fungi&collection=Mold+Growth

#stockfootage #royaltyfree #microscopy #science #biology #micro #microscope #sciencevideo #biologylab #microworld #cellbiology #foodfungi #moldgrowth #mold #greenmold",Mold Growth_V_TikTok,https://storage.googleapis.com/stockflow-social/Batch01/Clips/V/Microscopic_Food-Fungi_Mold-Growth_20260314_0669_V.mp4,Microscopic,Stockflow.media,2026-07-19 19:00
"Mold Growth — Microscopic stock footage

Download: https://stockflow.media/?cat=Microscopic&sub=Food+Fungi&collection=Mold+Growth

#stockfootage #royaltyfree #microscopy #science #biology #micro #microscope #sciencevideo #biologylab #microworld #cellbiology #foodfungi #moldgrowth #plateofpenne #pennepasta",Mold Growth_V_TikTok,https://storage.googleapis.com/stockflow-social/Batch01/Clips/V/Microscopic_Food-Fungi_Mold-Growth_20260314_0668_V.mp4,Microscopic,Stockflow.media,2026-07-20 8:00
"Mold Growth — Microscopic stock footage

Download: https://stockflow.media/?cat=Microscopic&sub=Food+Fungi&collection=Mold+Growth

#stockfootage #royaltyfree #microscopy #science #biology #micro #microscope #sciencevideo #biologylab #microworld #cellbiology #foodfungi #moldgrowth #mold #bluegreenmold",Mold Growth_V_TikTok,https://storage.googleapis.com/stockflow-social/Batch01/Clips/V/Microscopic_Food-Fungi_Mold-Growth_20260314_0667_V.mp4,Microscopic,Stockflow.media,2026-07-20 12:30
"Mold Growth — Microscopic stock footage

Download: https://stockflow.media/?cat=Microscopic&sub=Food+Fungi&collection=Mold+Growth

#stockfootage #royaltyfree #microscopy #science #biology #micro #microscope #sciencevideo #biologylab #microworld #cellbiology #foodfungi #moldgrowth #mold #bluegreenmold",Mold Growth_V_TikTok,https://storage.googleapis.com/stockflow-social/Batch01/Clips/V/Microscopic_Food-Fungi_Mold-Growth_20260314_0666_V.mp4,Microscopic,Stockflow.media,2026-07-20 19:00
"Mold Growth — Microscopic stock footage

Download: https://stockflow.media/?cat=Microscopic&sub=Food+Fungi&collection=Mold+Growth

#stockfootage #royaltyfree #microscopy #science #biology #micro #microscope #sciencevideo #biologylab #microworld #cellbiology #foodfungi #moldgrowth #macroshot #bluegreenmold",Mold Growth_V_TikTok,https://storage.googleapis.com/stockflow-social/Batch01/Clips/V/Microscopic_Food-Fungi_Mold-Growth_20260314_0665_V.mp4,Microscopic,Stockflow.media,2026-07-21 8:00
"Mold Growth — Microscopic stock footage

Download: https://stockflow.media/?cat=Microscopic&sub=Food+Fungi&collection=Mold+Growth

#stockfootage #royaltyfree #microscopy #science #biology #micro #microscope #sciencevideo #biologylab #microworld #cellbiology #foodfungi #moldgrowth #mold #bluegreenmold",Mold Growth_V_TikTok,https://storage.googleapis.com/stockflow-social/Batch01/Clips/V/Microscopic_Food-Fungi_Mold-Growth_20260314_0658_V.mp4,Microscopic,Stockflow.media,2026-07-21 12:30
"Yeast And Mold — Microscopic stock footage

Download: https://stockflow.media/?cat=Microscopic&sub=Food+Fungi&collection=Yeast+And+Mold

#stockfootage #royaltyfree #microscopy #science #biology #micro #microscope #sciencevideo #biologylab #microworld #cellbiology #foodfungi #yeastandmold #macro #macrophotography",Yeast And Mold_V_TikTok,https://storage.googleapis.com/stockflow-social/Batch01/Clips/V/Microscopic_Food-Fungi_Yeast-And-Mold_20260314_0657_V.mp4,Microscopic,Stockflow.media,2026-07-21 19:00
"Yeast And Mold — Microscopic stock footage

Download: https://stockflow.media/?cat=Microscopic&sub=Food+Fungi&collection=Yeast+And+Mold

#stockfootage #royaltyfree #microscopy #science #biology #micro #microscope #sciencevideo #biologylab #microworld #cellbiology #foodfungi #yeastandmold #macroshot #fungi",Yeast And Mold_V_TikTok,https://storage.googleapis.com/stockflow-social/Batch01/Clips/V/Microscopic_Food-Fungi_Yeast-And-Mold_20260314_0656_V.mp4,Microscopic,Stockflow.media,2026-07-22 8:00
"Fungal Penetration — Microscopic stock footage

Download: https://stockflow.media/?cat=Microscopic&sub=Food+Fungi&collection=Fungal+Penetration

#stockfootage #royaltyfree #microscopy #science #biology #micro #microscope #sciencevideo #biologylab #microworld #cellbiology #foodfungi #fungalpenetration #fungalinvasion #hyphae",Fungal Penetration_V_TikTok,https://storage.googleapis.com/stockflow-social/Batch01/Clips/V/Microscopic_Food-Fungi_Fungal-Penetration_20260314_0651_V.mp4,Microscopic,Stockflow.media,2026-07-22 12:30
"Fungal Penetration — Microscopic stock footage

Download: https://stockflow.media/?cat=Microscopic&sub=Food+Fungi&collection=Fungal+Penetration

#stockfootage #royaltyfree #microscopy #science #biology #micro #microscope #sciencevideo #biologylab #microworld #cellbiology #foodfungi #fungalpenetration #microscopic #crosssection",Fungal Penetration_V_TikTok,https://storage.googleapis.com/stockflow-social/Batch01/Clips/V/Microscopic_Food-Fungi_Fungal-Penetration_20260314_0650_V.mp4,Microscopic,Stockflow.media,2026-07-22 19:00
"Fungal Penetration — Microscopic stock footage

Download: https://stockflow.media/?cat=Microscopic&sub=Food+Fungi&collection=Fungal+Penetration

#stockfootage #royaltyfree #microscopy #science #biology #micro #microscope #sciencevideo #biologylab #microworld #cellbiology #foodfungi #fungalpenetration #cellularnetworks #branchingcells",Fungal Penetration_V_TikTok,https://storage.googleapis.com/stockflow-social/Batch01/Clips/V/Microscopic_Food-Fungi_Fungal-Penetration_20260314_0649_V.mp4,Microscopic,Stockflow.media,2026-07-23 8:00
"Fungal Penetration — Microscopic stock footage

Download: https://stockflow.media/?cat=Microscopic&sub=Food+Fungi&collection=Fungal+Penetration

#stockfootage #royaltyfree #microscopy #science #biology #micro #microscope #sciencevideo #biologylab #microworld #cellbiology #foodfungi #fungalpenetration #plant #stem",Fungal Penetration_V_TikTok,https://storage.googleapis.com/stockflow-social/Batch01/Clips/V/Microscopic_Food-Fungi_Fungal-Penetration_20260314_0648_V.mp4,Microscopic,Stockflow.media,2026-07-23 12:30
"Fungi — Microscopic stock footage

Download: https://stockflow.media/?cat=Microscopic&sub=Food+Fungi&collection=Fungi

#stockfootage #royaltyfree #microscopy #science #biology #micro #microscope #sciencevideo #biologylab #microworld #cellbiology #foodfungi #fungi #fungalhyphae #mycology",Fungi_V_TikTok,https://storage.googleapis.com/stockflow-social/Batch01/Clips/V/Microscopic_Food-Fungi_Fungi_20260314_0643_V.mp4,Microscopic,Stockflow.media,2026-07-23 19:00
"Fungi — Microscopic stock footage

Download: https://stockflow.media/?cat=Microscopic&sub=Food+Fungi&collection=Fungi

#stockfootage #royaltyfree #microscopy #science #biology #micro #microscope #sciencevideo #biologylab #microworld #cellbiology #foodfungi #fungi #fungalhyphae #bluegreen",Fungi_V_TikTok,https://storage.googleapis.com/stockflow-social/Batch01/Clips/V/Microscopic_Food-Fungi_Fungi_20260314_0642_V.mp4,Microscopic,Stockflow.media,2026-07-24 8:00
"Fungi — Microscopic stock footage

Download: https://stockflow.media/?cat=Microscopic&sub=Food+Fungi&collection=Fungi

#stockfootage #royaltyfree #microscopy #science #biology #micro #microscope #sciencevideo #biologylab #microworld #cellbiology #foodfungi #fungi #mold #moldgrowth",Fungi_V_TikTok,https://storage.googleapis.com/stockflow-social/Batch01/Clips/V/Microscopic_Food-Fungi_Fungi_20260314_0641_V.mp4,Microscopic,Stockflow.media,2026-07-24 12:30
"Fungi — Microscopic stock footage

Download: https://stockflow.media/?cat=Microscopic&sub=Food+Fungi&collection=Fungi

#stockfootage #royaltyfree #microscopy #science #biology #micro #microscope #sciencevideo #biologylab #microworld #cellbiology #foodfungi #fungi #fungalspores #microbiology",Fungi_V_TikTok,https://storage.googleapis.com/stockflow-social/Batch01/Clips/V/Microscopic_Food-Fungi_Fungi_20260314_0640_V.mp4,Microscopic,Stockflow.media,2026-07-24 19:00
"Fungi — Microscopic stock footage

Download: https://stockflow.media/?cat=Microscopic&sub=Food+Fungi&collection=Fungi

#stockfootage #royaltyfree #microscopy #science #biology #micro #microscope #sciencevideo #biologylab #microworld #cellbiology #foodfungi #fungi #turquoisespores #fungalspores",Fungi_V_TikTok,https://storage.googleapis.com/stockflow-social/Batch01/Clips/V/Microscopic_Food-Fungi_Fungi_20260314_0639_V.mp4,Microscopic,Stockflow.media,2026-07-25 8:00
"Fungi — Microscopic stock footage

Download: https://stockflow.media/?cat=Microscopic&sub=Food+Fungi&collection=Fungi

#stockfootage #royaltyfree #microscopy #science #biology #micro #microscope #sciencevideo #biologylab #microworld #cellbiology #foodfungi #fungi #mycology #micrograph",Fungi_V_TikTok,https://storage.googleapis.com/stockflow-social/Batch01/Clips/V/Microscopic_Food-Fungi_Fungi_20260314_0638_V.mp4,Microscopic,Stockflow.media,2026-07-25 12:30
"Fungi — Microscopic stock footage

Download: https://stockflow.media/?cat=Microscopic&sub=Food+Fungi&collection=Fungi

#stockfootage #royaltyfree #microscopy #science #biology #micro #microscope #sciencevideo #biologylab #microworld #cellbiology #foodfungi #fungi #fungalhyphae #microbiology",Fungi_V_TikTok,https://storage.googleapis.com/stockflow-social/Batch01/Clips/V/Microscopic_Food-Fungi_Fungi_20260314_0631_V.mp4,Microscopic,Stockflow.media,2026-07-25 19:00
"Fungi — Microscopic stock footage

Download: https://stockflow.media/?cat=Microscopic&sub=Food+Fungi&collection=Fungi

#stockfootage #royaltyfree #microscopy #science #biology #micro #microscope #sciencevideo #biologylab #microworld #cellbiology #foodfungi #fungi #fungalhyphae #micrograph",Fungi_V_TikTok,https://storage.googleapis.com/stockflow-social/Batch01/Clips/V/Microscopic_Food-Fungi_Fungi_20260314_0630_V.mp4,Microscopic,Stockflow.media,2026-07-26 8:00
"Fungi — Microscopic stock footage

Download: https://stockflow.media/?cat=Microscopic&sub=Food+Fungi&collection=Fungi

#stockfootage #royaltyfree #microscopy #science #biology #micro #microscope #sciencevideo #biologylab #microworld #cellbiology #foodfungi #fungi #fungal #hyphae",Fungi_V_TikTok,https://storage.googleapis.com/stockflow-social/Batch01/Clips/V/Microscopic_Food-Fungi_Fungi_20260314_0629_V.mp4,Microscopic,Stockflow.media,2026-07-26 12:30
"Fungi — Microscopic stock footage

Download: https://stockflow.media/?cat=Microscopic&sub=Food+Fungi&collection=Fungi

#stockfootage #royaltyfree #microscopy #science #biology #micro #microscope #sciencevideo #biologylab #microworld #cellbiology #foodfungi #fungi #fungalhyphae #hyphae",Fungi_V_TikTok,https://storage.googleapis.com/stockflow-social/Batch01/Clips/V/Microscopic_Food-Fungi_Fungi_20260314_0624_V.mp4,Microscopic,Stockflow.media,2026-07-26 19:00
"Rhizopus — Microscopic stock footage

Download: https://stockflow.media/?cat=Microscopic&sub=Food+Fungi&collection=Rhizopus

#stockfootage #royaltyfree #microscopy #science #biology #micro #microscope #sciencevideo #biologylab #microworld #cellbiology #foodfungi #rhizopus #mold #fungus",Rhizopus_V_TikTok,https://storage.googleapis.com/stockflow-social/Batch01/Clips/V/Microscopic_Food-Fungi_Rhizopus_20260314_0623_V.mp4,Microscopic,Stockflow.media,2026-07-27 8:00
"Rhizopus — Microscopic stock footage

Download: https://stockflow.media/?cat=Microscopic&sub=Food+Fungi&collection=Rhizopus

#stockfootage #royaltyfree #microscopy #science #biology #micro #microscope #sciencevideo #biologylab #microworld #cellbiology #foodfungi #rhizopus #mold #fungi",Rhizopus_V_TikTok,https://storage.googleapis.com/stockflow-social/Batch01/Clips/V/Microscopic_Food-Fungi_Rhizopus_20260314_0622_V.mp4,Microscopic,Stockflow.media,2026-07-27 12:30
"Rhizopus — Microscopic stock footage

Download: https://stockflow.media/?cat=Microscopic&sub=Food+Fungi&collection=Rhizopus

#stockfootage #royaltyfree #microscopy #science #biology #micro #microscope #sciencevideo #biologylab #microworld #cellbiology #foodfungi #rhizopus #macroshot #mold",Rhizopus_V_TikTok,https://storage.googleapis.com/stockflow-social/Batch01/Clips/V/Microscopic_Food-Fungi_Rhizopus_20260314_0621_V.mp4,Microscopic,Stockflow.media,2026-07-27 19:00
"Rhizopus — Microscopic stock footage

Download: https://stockflow.media/?cat=Microscopic&sub=Food+Fungi&collection=Rhizopus

#stockfootage #royaltyfree #microscopy #science #biology #micro #microscope #sciencevideo #biologylab #microworld #cellbiology #foodfungi #rhizopus #mold #fungi",Rhizopus_V_TikTok,https://storage.googleapis.com/stockflow-social/Batch01/Clips/V/Microscopic_Food-Fungi_Rhizopus_20260314_0620_V.mp4,Microscopic,Stockflow.media,2026-07-28 8:00
"Yeast Cells — Microscopic stock footage

Download: https://stockflow.media/?cat=Microscopic&sub=Food+Fungi&collection=Yeast+Cells

#stockfootage #royaltyfree #microscopy #science #biology #micro #microscope #sciencevideo #biologylab #microworld #cellbiology #foodfungi #yeastcells #yeast #buddingyeast",Yeast Cells_V_TikTok,https://storage.googleapis.com/stockflow-social/Batch01/Clips/V/Microscopic_Food-Fungi_Yeast-Cells_20260314_0611_V.mp4,Microscopic,Stockflow.media,2026-07-28 12:30
"Yeast Cells — Microscopic stock footage

Download: https://stockflow.media/?cat=Microscopic&sub=Food+Fungi&collection=Yeast+Cells

#stockfootage #royaltyfree #microscopy #science #biology #micro #microscope #sciencevideo #biologylab #microworld #cellbiology #foodfungi #yeastcells #highmagnification #buddingyeast",Yeast Cells_V_TikTok,https://storage.googleapis.com/stockflow-social/Batch01/Clips/V/Microscopic_Food-Fungi_Yeast-Cells_20260314_0610_V.mp4,Microscopic,Stockflow.media,2026-07-28 19:00
"Yeast Cells — Microscopic stock footage

Download: https://stockflow.media/?cat=Microscopic&sub=Food+Fungi&collection=Yeast+Cells

#stockfootage #royaltyfree #microscopy #science #biology #micro #microscope #sciencevideo #biologylab #microworld #cellbiology #foodfungi #yeastcells #yeast #fermentation",Yeast Cells_V_TikTok,https://storage.googleapis.com/stockflow-social/Batch01/Clips/V/Microscopic_Food-Fungi_Yeast-Cells_20260314_0609_V.mp4,Microscopic,Stockflow.media,2026-07-29 8:00
"Aspergillus — Microscopic stock footage

Download: https://stockflow.media/?cat=Microscopic&sub=Food+Fungi&collection=Aspergillus

#stockfootage #royaltyfree #microscopy #science #biology #micro #microscope #sciencevideo #biologylab #microworld #cellbiology #foodfungi #aspergillus #fungus #mycology",Aspergillus_V_TikTok,https://storage.googleapis.com/stockflow-social/Batch01/Clips/V/Microscopic_Food-Fungi_Aspergillus_20260314_0604_V.mp4,Microscopic,Stockflow.media,2026-07-29 12:30
"Aspergillus — Microscopic stock footage

Download: https://stockflow.media/?cat=Microscopic&sub=Food+Fungi&collection=Aspergillus

#stockfootage #royaltyfree #microscopy #science #biology #micro #microscope #sciencevideo #biologylab #microworld #cellbiology #foodfungi #aspergillus #mold #fungi",Aspergillus_V_TikTok,https://storage.googleapis.com/stockflow-social/Batch01/Clips/V/Microscopic_Food-Fungi_Aspergillus_20260314_0603_V.mp4,Microscopic,Stockflow.media,2026-07-29 19:00
"Aspergillus — Microscopic stock footage

Download: https://stockflow.media/?cat=Microscopic&sub=Food+Fungi&collection=Aspergillus

#stockfootage #royaltyfree #microscopy #science #biology #micro #microscope #sciencevideo #biologylab #microworld #cellbiology #foodfungi #aspergillus #closeup #fungalhyphae",Aspergillus_V_TikTok,https://storage.googleapis.com/stockflow-social/Batch01/Clips/V/Microscopic_Food-Fungi_Aspergillus_20260314_0602_V.mp4,Microscopic,Stockflow.media,2026-07-30 8:00
"Aspergillus — Microscopic stock footage

Download: https://stockflow.media/?cat=Microscopic&sub=Food+Fungi&collection=Aspergillus

#stockfootage #royaltyfree #microscopy #science #biology #micro #microscope #sciencevideo #biologylab #microworld #cellbiology #foodfungi #aspergillus #mold #mycelium",Aspergillus_V_TikTok,https://storage.googleapis.com/stockflow-social/Batch01/Clips/V/Microscopic_Food-Fungi_Aspergillus_20260314_0601_V.mp4,Microscopic,Stockflow.media,2026-07-30 12:30
"Aspergillus — Microscopic stock footage

Download: https://stockflow.media/?cat=Microscopic&sub=Food+Fungi&collection=Aspergillus

#stockfootage #royaltyfree #microscopy #science #biology #micro #microscope #sciencevideo #biologylab #microworld #cellbiology #foodfungi #aspergillus #closeup #fungal",Aspergillus_V_TikTok,https://storage.googleapis.com/stockflow-social/Batch01/Clips/V/Microscopic_Food-Fungi_Aspergillus_20260314_0600_V.mp4,Microscopic,Stockflow.media,2026-07-30 19:00
"Aspergillus — Microscopic stock footage

Download: https://stockflow.media/?cat=Microscopic&sub=Food+Fungi&collection=Aspergillus

#stockfootage #royaltyfree #microscopy #science #biology #micro #microscope #sciencevideo #biologylab #microworld #cellbiology #foodfungi #aspergillus #fungi #filamentousfungi",Aspergillus_V_TikTok,https://storage.googleapis.com/stockflow-social/Batch01/Clips/V/Microscopic_Food-Fungi_Aspergillus_20260314_0599_V.mp4,Microscopic,Stockflow.media,2026-07-31 8:00
"Aspergillus — Microscopic stock footage

Download: https://stockflow.media/?cat=Microscopic&sub=Food+Fungi&collection=Aspergillus

#stockfootage #royaltyfree #microscopy #science #biology #micro #microscope #sciencevideo #biologylab #microworld #cellbiology #foodfungi #aspergillus #fungalhyphae #conidia",Aspergillus_V_TikTok,https://storage.googleapis.com/stockflow-social/Batch01/Clips/V/Microscopic_Food-Fungi_Aspergillus_20260314_0598_V.mp4,Microscopic,Stockflow.media,2026-07-31 12:30
"Aspergillus — Microscopic stock footage

Download: https://stockflow.media/?cat=Microscopic&sub=Food+Fungi&collection=Aspergillus

#stockfootage #royaltyfree #microscopy #science #biology #micro #microscope #sciencevideo #biologylab #microworld #cellbiology #foodfungi #aspergillus #fungus #fungi",Aspergillus_V_TikTok,https://storage.googleapis.com/stockflow-social/Batch01/Clips/V/Microscopic_Food-Fungi_Aspergillus_20260314_0589_V.mp4,Microscopic,Stockflow.media,2026-07-31 19:00
"Penicillium — Microscopic stock footage

Download: https://stockflow.media/?cat=Microscopic&sub=Food+Fungi&collection=Penicillium

#stockfootage #royaltyfree #microscopy #science #biology #micro #microscope #sciencevideo #biologylab #microworld #cellbiology #foodfungi #penicillium #macro #macrophotography",Penicillium_V_TikTok,https://storage.googleapis.com/stockflow-social/Batch01/Clips/V/Microscopic_Food-Fungi_Penicillium_20260314_0588_V.mp4,Microscopic,Stockflow.media,2026-08-01 8:00
"Penicillium — Microscopic stock footage

Download: https://stockflow.media/?cat=Microscopic&sub=Food+Fungi&collection=Penicillium

#stockfootage #royaltyfree #microscopy #science #biology #micro #microscope #sciencevideo #biologylab #microworld #cellbiology #foodfungi #penicillium #closeup #spores",Penicillium_V_TikTok,https://storage.googleapis.com/stockflow-social/Batch01/Clips/V/Microscopic_Food-Fungi_Penicillium_20260314_0587_V.mp4,Microscopic,Stockflow.media,2026-08-01 12:30
"Penicillium — Microscopic stock footage

Download: https://stockflow.media/?cat=Microscopic&sub=Food+Fungi&collection=Penicillium

#stockfootage #royaltyfree #microscopy #science #biology #micro #microscope #sciencevideo #biologylab #microworld #cellbiology #foodfungi #penicillium #closeup #bluefungi",Penicillium_V_TikTok,https://storage.googleapis.com/stockflow-social/Batch01/Clips/V/Microscopic_Food-Fungi_Penicillium_20260314_0586_V.mp4,Microscopic,Stockflow.media,2026-08-01 19:00
"Penicillium — Microscopic stock footage

Download: https://stockflow.media/?cat=Microscopic&sub=Food+Fungi&collection=Penicillium

#stockfootage #royaltyfree #microscopy #science #biology #micro #microscope #sciencevideo #biologylab #microworld #cellbiology #foodfungi #penicillium #mold #moldgrowth",Penicillium_V_TikTok,https://storage.googleapis.com/stockflow-social/Batch01/Clips/V/Microscopic_Food-Fungi_Penicillium_20260314_0585_V.mp4,Microscopic,Stockflow.media,2026-08-02 8:00
"Penicillium — Microscopic stock footage

Download: https://stockflow.media/?cat=Microscopic&sub=Food+Fungi&collection=Penicillium

#stockfootage #royaltyfree #microscopy #science #biology #micro #microscope #sciencevideo #biologylab #microworld #cellbiology #foodfungi #penicillium #mold #fungi",Penicillium_V_TikTok,https://storage.googleapis.com/stockflow-social/Batch01/Clips/V/Microscopic_Food-Fungi_Penicillium_20260314_0584_V.mp4,Microscopic,Stockflow.media,2026-08-02 12:30
"Penicillium — Microscopic stock footage

Download: https://stockflow.media/?cat=Microscopic&sub=Food+Fungi&collection=Penicillium

#stockfootage #royaltyfree #microscopy #science #biology #micro #microscope #sciencevideo #biologylab #microworld #cellbiology #foodfungi #penicillium #mold #fungus",Penicillium_V_TikTok,https://storage.googleapis.com/stockflow-social/Batch01/Clips/V/Microscopic_Food-Fungi_Penicillium_20260314_0583_V.mp4,Microscopic,Stockflow.media,2026-08-02 19:00
"Penicillium — Microscopic stock footage

Download: https://stockflow.media/?cat=Microscopic&sub=Food+Fungi&collection=Penicillium

#stockfootage #royaltyfree #microscopy #science #biology #micro #microscope #sciencevideo #biologylab #microworld #cellbiology #foodfungi #penicillium #mold #fungus",Penicillium_V_TikTok,https://storage.googleapis.com/stockflow-social/Batch01/Clips/V/Microscopic_Food-Fungi_Penicillium_20260314_0574_V.mp4,Microscopic,Stockflow.media,2026-08-03 8:00
"Thrombocytopenia — Microscopic stock footage

Download: https://stockflow.media/?cat=Microscopic&sub=Blood+Hematology&collection=Thrombocytopenia

#stockfootage #royaltyfree #microscopy #science #biology #micro #microscope #sciencevideo #biologylab #microworld #cellbiology #bloodhematology #thrombocytopenia #bloodsmear #hematology",Thrombocytopenia_V_TikTok,https://storage.googleapis.com/stockflow-social/Batch01/Clips/V/Microscopic_Blood-Hematology_Thrombocytopenia_20260314_0569_V.mp4,Microscopic,Stockflow.media,2026-08-03 12:30
"Seawater Droplet — Microscopic stock footage

Download: https://stockflow.media/?cat=Microscopic&sub=Underwater&collection=Seawater+Droplet

#stockfootage #royaltyfree #microscopy #science #biology #micro #microscope #sciencevideo #biologylab #microworld #cellbiology #underwater #seawaterdroplet #bacteria #microbiology",Seawater Droplet_V_TikTok,https://storage.googleapis.com/stockflow-social/Batch01/Clips/V/Microscopic_Underwater_Seawater-Droplet_20260314_0566_V.mp4,Microscopic,Stockflow.media,2026-08-03 19:00
"Seawater Droplet — Microscopic stock footage

Download: https://stockflow.media/?cat=Microscopic&sub=Underwater&collection=Seawater+Droplet

#stockfootage #royaltyfree #microscopy #science #biology #micro #microscope #sciencevideo #biologylab #microworld #cellbiology #underwater #seawaterdroplet #seawatermicroorganisms #microscale",Seawater Droplet_V_TikTok,https://storage.googleapis.com/stockflow-social/Batch01/Clips/V/Microscopic_Underwater_Seawater-Droplet_20260314_0565_V.mp4,Microscopic,Stockflow.media,2026-08-04 8:00
"Seawater Droplet — Microscopic stock footage

Download: https://stockflow.media/?cat=Microscopic&sub=Underwater&collection=Seawater+Droplet

#stockfootage #royaltyfree #microscopy #science #biology #micro #microscope #sciencevideo #biologylab #microworld #cellbiology #underwater #seawaterdroplet #macro #bacteria",Seawater Droplet_V_TikTok,https://storage.googleapis.com/stockflow-social/Batch01/Clips/V/Microscopic_Underwater_Seawater-Droplet_20260314_0564_V.mp4,Microscopic,Stockflow.media,2026-08-04 12:30
"Seawater Droplet — Microscopic stock footage

Download: https://stockflow.media/?cat=Microscopic&sub=Underwater&collection=Seawater+Droplet

#stockfootage #royaltyfree #microscopy #science #biology #micro #microscope #sciencevideo #biologylab #microworld #cellbiology #underwater #seawaterdroplet #ultrastructural #micrograph",Seawater Droplet_V_TikTok,https://storage.googleapis.com/stockflow-social/Batch01/Clips/V/Microscopic_Underwater_Seawater-Droplet_20260314_0563_V.mp4,Microscopic,Stockflow.media,2026-08-04 19:00
"Seawater Droplet — Microscopic stock footage

Download: https://stockflow.media/?cat=Microscopic&sub=Underwater&collection=Seawater+Droplet

#stockfootage #royaltyfree #microscopy #science #biology #micro #microscope #sciencevideo #biologylab #microworld #cellbiology #underwater #seawaterdroplet #microscopic #marine",Seawater Droplet_V_TikTok,https://storage.googleapis.com/stockflow-social/Batch01/Clips/V/Microscopic_Underwater_Seawater-Droplet_20260314_0562_V.mp4,Microscopic,Stockflow.media,2026-08-05 8:00
"Seawater Droplet — Microscopic stock footage

Download: https://stockflow.media/?cat=Microscopic&sub=Underwater&collection=Seawater+Droplet

#stockfootage #royaltyfree #microscopy #science #biology #micro #microscope #sciencevideo #biologylab #microworld #cellbiology #underwater #seawaterdroplet #seawater #bacteria",Seawater Droplet_V_TikTok,https://storage.googleapis.com/stockflow-social/Batch01/Clips/V/Microscopic_Underwater_Seawater-Droplet_20260314_0561_V.mp4,Microscopic,Stockflow.media,2026-08-05 12:30
"Seawater Droplet — Microscopic stock footage

Download: https://stockflow.media/?cat=Microscopic&sub=Underwater&collection=Seawater+Droplet

#stockfootage #royaltyfree #microscopy #science #biology #micro #microscope #sciencevideo #biologylab #microworld #cellbiology #underwater #seawaterdroplet #closeup #rodshapedbacteria",Seawater Droplet_V_TikTok,https://storage.googleapis.com/stockflow-social/Batch01/Clips/V/Microscopic_Underwater_Seawater-Droplet_20260314_0560_V.mp4,Microscopic,Stockflow.media,2026-08-05 19:00
"Seawater Droplet — Microscopic stock footage

Download: https://stockflow.media/?cat=Microscopic&sub=Underwater&collection=Seawater+Droplet

#stockfootage #royaltyfree #microscopy #science #biology #micro #microscope #sciencevideo #biologylab #microworld #cellbiology #underwater #seawaterdroplet #microscopic #bacteria",Seawater Droplet_V_TikTok,https://storage.googleapis.com/stockflow-social/Batch01/Clips/V/Microscopic_Underwater_Seawater-Droplet_20260314_0559_V.mp4,Microscopic,Stockflow.media,2026-08-06 8:00
"Seawater Droplet — Microscopic stock footage

Download: https://stockflow.media/?cat=Microscopic&sub=Underwater&collection=Seawater+Droplet

#stockfootage #royaltyfree #microscopy #science #biology #micro #microscope #sciencevideo #biologylab #microworld #cellbiology #underwater #seawaterdroplet #cell #magnified",Seawater Droplet_V_TikTok,https://storage.googleapis.com/stockflow-social/Batch01/Clips/V/Microscopic_Underwater_Seawater-Droplet_20260314_0558_V.mp4,Microscopic,Stockflow.media,2026-08-06 12:30
"Seawater Droplet — Microscopic stock footage

Download: https://stockflow.media/?cat=Microscopic&sub=Underwater&collection=Seawater+Droplet

#stockfootage #royaltyfree #microscopy #science #biology #micro #microscope #sciencevideo #biologylab #microworld #cellbiology #underwater #seawaterdroplet #rodshapedbacteria #bacteria",Seawater Droplet_V_TikTok,https://storage.googleapis.com/stockflow-social/Batch01/Clips/V/Microscopic_Underwater_Seawater-Droplet_20260314_0557_V.mp4,Microscopic,Stockflow.media,2026-08-06 19:00
"Seawater Droplet — Microscopic stock footage

Download: https://stockflow.media/?cat=Microscopic&sub=Underwater&collection=Seawater+Droplet

#stockfootage #royaltyfree #microscopy #science #biology #micro #microscope #sciencevideo #biologylab #microworld #cellbiology #underwater #seawaterdroplet #closeup #microscopic",Seawater Droplet_V_TikTok,https://storage.googleapis.com/stockflow-social/Batch01/Clips/V/Microscopic_Underwater_Seawater-Droplet_20260314_0556_V.mp4,Microscopic,Stockflow.media,2026-08-07 8:00
"Seawater Droplet — Microscopic stock footage

Download: https://stockflow.media/?cat=Microscopic&sub=Underwater&collection=Seawater+Droplet

#stockfootage #royaltyfree #microscopy #science #biology #micro #microscope #sciencevideo #biologylab #microworld #cellbiology #underwater #seawaterdroplet #microbes #bacteria",Seawater Droplet_V_TikTok,https://storage.googleapis.com/stockflow-social/Batch01/Clips/V/Microscopic_Underwater_Seawater-Droplet_20260314_0555_V.mp4,Microscopic,Stockflow.media,2026-08-07 12:30
"Seawater Droplet — Microscopic stock footage

Download: https://stockflow.media/?cat=Microscopic&sub=Underwater&collection=Seawater+Droplet

#stockfootage #royaltyfree #microscopy #science #biology #micro #microscope #sciencevideo #biologylab #microworld #cellbiology #underwater #seawaterdroplet #microscopic #closeup",Seawater Droplet_V_TikTok,https://storage.googleapis.com/stockflow-social/Batch01/Clips/V/Microscopic_Underwater_Seawater-Droplet_20260314_0554_V.mp4,Microscopic,Stockflow.media,2026-08-07 19:00
"Seawater Droplet — Microscopic stock footage

Download: https://stockflow.media/?cat=Microscopic&sub=Underwater&collection=Seawater+Droplet

#stockfootage #royaltyfree #microscopy #science #biology #micro #microscope #sciencevideo #biologylab #microworld #cellbiology #underwater #seawaterdroplet #marine #seawater",Seawater Droplet_V_TikTok,https://storage.googleapis.com/stockflow-social/Batch01/Clips/V/Microscopic_Underwater_Seawater-Droplet_20260314_0553_V.mp4,Microscopic,Stockflow.media,2026-08-08 8:00
"Seawater Droplet — Microscopic stock footage

Download: https://stockflow.media/?cat=Microscopic&sub=Underwater&collection=Seawater+Droplet

#stockfootage #royaltyfree #microscopy #science #biology #micro #microscope #sciencevideo #biologylab #microworld #cellbiology #underwater #seawaterdroplet #micrograph #mineralorganic",Seawater Droplet_V_TikTok,https://storage.googleapis.com/stockflow-social/Batch01/Clips/V/Microscopic_Underwater_Seawater-Droplet_20260314_0552_V.mp4,Microscopic,Stockflow.media,2026-08-08 12:30
"Seawater Droplet — Microscopic stock footage

Download: https://stockflow.media/?cat=Microscopic&sub=Underwater&collection=Seawater+Droplet

#stockfootage #royaltyfree #microscopy #science #biology #micro #microscope #sciencevideo #biologylab #microworld #cellbiology #underwater #seawaterdroplet #microbial #seawater",Seawater Droplet_V_TikTok,https://storage.googleapis.com/stockflow-social/Batch01/Clips/V/Microscopic_Underwater_Seawater-Droplet_20260314_0535_V.mp4,Microscopic,Stockflow.media,2026-08-08 19:00
"Juvenile Plankton — Microscopic stock footage

Download: https://stockflow.media/?cat=Microscopic&sub=Underwater&collection=Juvenile+Plankton

#stockfootage #royaltyfree #microscopy #science #biology #micro #microscope #sciencevideo #biologylab #microworld #cellbiology #underwater #juvenileplankton #marinelife #shrimp",Juvenile Plankton_V_TikTok,https://storage.googleapis.com/stockflow-social/Batch01/Clips/V/Microscopic_Underwater_Juvenile-Plankton_20260314_0534_V.mp4,Microscopic,Stockflow.media,2026-08-09 8:00
"Juvenile Plankton — Microscopic stock footage

Download: https://stockflow.media/?cat=Microscopic&sub=Underwater&collection=Juvenile+Plankton

#stockfootage #royaltyfree #microscopy #science #biology #micro #microscope #sciencevideo #biologylab #microworld #cellbiology #underwater #juvenileplankton #coralreef #neongreenshrimp",Juvenile Plankton_V_TikTok,https://storage.googleapis.com/stockflow-social/Batch01/Clips/V/Microscopic_Underwater_Juvenile-Plankton_20260314_0533_V.mp4,Microscopic,Stockflow.media,2026-08-09 12:30
"Juvenile Plankton — Microscopic stock footage

Download: https://stockflow.media/?cat=Microscopic&sub=Underwater&collection=Juvenile+Plankton

#stockfootage #royaltyfree #microscopy #science #biology #micro #microscope #sciencevideo #biologylab #microworld #cellbiology #underwater #juvenileplankton #coral #polyps",Juvenile Plankton_V_TikTok,https://storage.googleapis.com/stockflow-social/Batch01/Clips/V/Microscopic_Underwater_Juvenile-Plankton_20260314_0532_V.mp4,Microscopic,Stockflow.media,2026-08-09 19:00
"Juvenile Plankton — Microscopic stock footage

Download: https://stockflow.media/?cat=Microscopic&sub=Underwater&collection=Juvenile+Plankton

#stockfootage #royaltyfree #microscopy #science #biology #micro #microscope #sciencevideo #biologylab #microworld #cellbiology #underwater #juvenileplankton #coralreef #colorful",Juvenile Plankton_V_TikTok,https://storage.googleapis.com/stockflow-social/Batch01/Clips/V/Microscopic_Underwater_Juvenile-Plankton_20260314_0531_V.mp4,Microscopic,Stockflow.media,2026-08-10 8:00
"Juvenile Plankton — Microscopic stock footage

Download: https://stockflow.media/?cat=Microscopic&sub=Underwater&collection=Juvenile+Plankton

#stockfootage #royaltyfree #microscopy #science #biology #micro #microscope #sciencevideo #biologylab #microworld #cellbiology #underwater #juvenileplankton #juvenilecrustaceans #colorfulcrustaceans",Juvenile Plankton_V_TikTok,https://storage.googleapis.com/stockflow-social/Batch01/Clips/V/Microscopic_Underwater_Juvenile-Plankton_20260314_0530_V.mp4,Microscopic,Stockflow.media,2026-08-10 12:30
"Juvenile Plankton — Microscopic stock footage

Download: https://stockflow.media/?cat=Microscopic&sub=Underwater&collection=Juvenile+Plankton

#stockfootage #royaltyfree #microscopy #science #biology #micro #microscope #sciencevideo #biologylab #microworld #cellbiology #underwater #juvenileplankton #macro #reef",Juvenile Plankton_V_TikTok,https://storage.googleapis.com/stockflow-social/Batch01/Clips/V/Microscopic_Underwater_Juvenile-Plankton_20260314_0529_V.mp4,Microscopic,Stockflow.media,2026-08-10 19:00
"Juvenile Plankton — Microscopic stock footage

Download: https://stockflow.media/?cat=Microscopic&sub=Underwater&collection=Juvenile+Plankton

#stockfootage #royaltyfree #microscopy #science #biology #micro #microscope #sciencevideo #biologylab #microworld #cellbiology #underwater #juvenileplankton #microunderwater #macrocoral",Juvenile Plankton_V_TikTok,https://storage.googleapis.com/stockflow-social/Batch01/Clips/V/Microscopic_Underwater_Juvenile-Plankton_20260314_0528_V.mp4,Microscopic,Stockflow.media,2026-08-11 8:00
"Juvenile Plankton — Microscopic stock footage

Download: https://stockflow.media/?cat=Microscopic&sub=Underwater&collection=Juvenile+Plankton

#stockfootage #royaltyfree #microscopy #science #biology #micro #microscope #sciencevideo #biologylab #microworld #cellbiology #underwater #juvenileplankton #coralreef #coralpolyps",Juvenile Plankton_V_TikTok,https://storage.googleapis.com/stockflow-social/Batch01/Clips/V/Microscopic_Underwater_Juvenile-Plankton_20260314_0527_V.mp4,Microscopic,Stockflow.media,2026-08-11 12:30
"Juvenile Plankton — Microscopic stock footage

Download: https://stockflow.media/?cat=Microscopic&sub=Underwater&collection=Juvenile+Plankton

#stockfootage #royaltyfree #microscopy #science #biology #micro #microscope #sciencevideo #biologylab #microworld #cellbiology #underwater #juvenileplankton #tinytransparentshrimp #translucentshrimp",Juvenile Plankton_V_TikTok,https://storage.googleapis.com/stockflow-social/Batch01/Clips/V/Microscopic_Underwater_Juvenile-Plankton_20260314_0526_V.mp4,Microscopic,Stockflow.media,2026-08-11 19:00
"Juvenile Plankton — Microscopic stock footage

Download: https://stockflow.media/?cat=Microscopic&sub=Underwater&collection=Juvenile+Plankton

#stockfootage #royaltyfree #microscopy #science #biology #micro #microscope #sciencevideo #biologylab #microworld #cellbiology #underwater #juvenileplankton #macro #transparentshrimp",Juvenile Plankton_V_TikTok,https://storage.googleapis.com/stockflow-social/Batch01/Clips/V/Microscopic_Underwater_Juvenile-Plankton_20260314_0525_V.mp4,Microscopic,Stockflow.media,2026-08-12 8:00
"Juvenile Plankton — Microscopic stock footage

Download: https://stockflow.media/?cat=Microscopic&sub=Underwater&collection=Juvenile+Plankton

#stockfootage #royaltyfree #microscopy #science #biology #micro #microscope #sciencevideo #biologylab #microworld #cellbiology #underwater #juvenileplankton #reef #coral",Juvenile Plankton_V_TikTok,https://storage.googleapis.com/stockflow-social/Batch01/Clips/V/Microscopic_Underwater_Juvenile-Plankton_20260314_0524_V.mp4,Microscopic,Stockflow.media,2026-08-12 12:30
"Juvenile Plankton — Microscopic stock footage

Download: https://stockflow.media/?cat=Microscopic&sub=Underwater&collection=Juvenile+Plankton

#stockfootage #royaltyfree #microscopy #science #biology #micro #microscope #sciencevideo #biologylab #microworld #cellbiology #underwater #juvenileplankton #coralreef #closeup",Juvenile Plankton_V_TikTok,https://storage.googleapis.com/stockflow-social/Batch01/Clips/V/Microscopic_Underwater_Juvenile-Plankton_20260314_0523_V.mp4,Microscopic,Stockflow.media,2026-08-12 19:00
"Juvenile Plankton — Microscopic stock footage

Download: https://stockflow.media/?cat=Microscopic&sub=Underwater&collection=Juvenile+Plankton

#stockfootage #royaltyfree #microscopy #science #biology #micro #microscope #sciencevideo #biologylab #microworld #cellbiology #underwater #juvenileplankton #coralreef #closeup",Juvenile Plankton_V_TikTok,https://storage.googleapis.com/stockflow-social/Batch01/Clips/V/Microscopic_Underwater_Juvenile-Plankton_20260314_0522_V.mp4,Microscopic,Stockflow.media,2026-08-13 8:00
"Juvenile Plankton — Microscopic stock footage

Download: https://stockflow.media/?cat=Microscopic&sub=Underwater&collection=Juvenile+Plankton

#stockfootage #royaltyfree #microscopy #science #biology #micro #microscope #sciencevideo #biologylab #microworld #cellbiology #underwater #juvenileplankton #coralreef #reefscene",Juvenile Plankton_V_TikTok,https://storage.googleapis.com/stockflow-social/Batch01/Clips/V/Microscopic_Underwater_Juvenile-Plankton_20260314_0521_V.mp4,Microscopic,Stockflow.media,2026-08-13 12:30
"Juvenile Plankton — Microscopic stock footage

Download: https://stockflow.media/?cat=Microscopic&sub=Underwater&collection=Juvenile+Plankton

#stockfootage #royaltyfree #microscopy #science #biology #micro #microscope #sciencevideo #biologylab #microworld #cellbiology #underwater #juvenileplankton #coralreef #pinkcoral",Juvenile Plankton_V_TikTok,https://storage.googleapis.com/stockflow-social/Batch01/Clips/V/Microscopic_Underwater_Juvenile-Plankton_20260314_0520_V.mp4,Microscopic,Stockflow.media,2026-08-13 19:00
"Juvenile Plankton — Microscopic stock footage

Download: https://stockflow.media/?cat=Microscopic&sub=Underwater&collection=Juvenile+Plankton

#stockfootage #royaltyfree #microscopy #science #biology #micro #microscope #sciencevideo #biologylab #microworld #cellbiology #underwater #juvenileplankton #pinkcoral #coralreef",Juvenile Plankton_V_TikTok,https://storage.googleapis.com/stockflow-social/Batch01/Clips/V/Microscopic_Underwater_Juvenile-Plankton_20260314_0519_V.mp4,Microscopic,Stockflow.media,2026-08-14 8:00
"Juvenile Plankton — Microscopic stock footage

Download: https://stockflow.media/?cat=Microscopic&sub=Underwater&collection=Juvenile+Plankton

#stockfootage #royaltyfree #microscopy #science #biology #micro #microscope #sciencevideo #biologylab #microworld #cellbiology #underwater #juvenileplankton #ocean #reef",Juvenile Plankton_V_TikTok,https://storage.googleapis.com/stockflow-social/Batch01/Clips/V/Microscopic_Underwater_Juvenile-Plankton_20260314_0518_V.mp4,Microscopic,Stockflow.media,2026-08-14 12:30
"Juvenile Plankton — Microscopic stock footage

Download: https://stockflow.media/?cat=Microscopic&sub=Underwater&collection=Juvenile+Plankton

#stockfootage #royaltyfree #microscopy #science #biology #micro #microscope #sciencevideo #biologylab #microworld #cellbiology #underwater #juvenileplankton #coralreef #closeup",Juvenile Plankton_V_TikTok,https://storage.googleapis.com/stockflow-social/Batch01/Clips/V/Microscopic_Underwater_Juvenile-Plankton_20260314_0517_V.mp4,Microscopic,Stockflow.media,2026-08-14 19:00
"Juvenile Plankton — Microscopic stock footage

Download: https://stockflow.media/?cat=Microscopic&sub=Underwater&collection=Juvenile+Plankton

#stockfootage #royaltyfree #microscopy #science #biology #micro #microscope #sciencevideo #biologylab #microworld #cellbiology #underwater #juvenileplankton #colorful #microscopic",Juvenile Plankton_V_TikTok,https://storage.googleapis.com/stockflow-social/Batch01/Clips/V/Microscopic_Underwater_Juvenile-Plankton_20260314_0516_V.mp4,Microscopic,Stockflow.media,2026-08-15 8:00
"Juvenile Plankton — Microscopic stock footage

Download: https://stockflow.media/?cat=Microscopic&sub=Underwater&collection=Juvenile+Plankton

#stockfootage #royaltyfree #microscopy #science #biology #micro #microscope #sciencevideo #biologylab #microworld #cellbiology #underwater #juvenileplankton #closeup #coralreef",Juvenile Plankton_V_TikTok,https://storage.googleapis.com/stockflow-social/Batch01/Clips/V/Microscopic_Underwater_Juvenile-Plankton_20260314_0515_V.mp4,Microscopic,Stockflow.media,2026-08-15 12:30
"Juvenile Plankton — Microscopic stock footage

Download: https://stockflow.media/?cat=Microscopic&sub=Underwater&collection=Juvenile+Plankton

#stockfootage #royaltyfree #microscopy #science #biology #micro #microscope #sciencevideo #biologylab #microworld #cellbiology #underwater #juvenileplankton #colorful #microscopic",Juvenile Plankton_V_TikTok,https://storage.googleapis.com/stockflow-social/Batch01/Clips/V/Microscopic_Underwater_Juvenile-Plankton_20260314_0514_V.mp4,Microscopic,Stockflow.media,2026-08-15 19:00
"Juvenile Plankton — Microscopic stock footage

Download: https://stockflow.media/?cat=Microscopic&sub=Underwater&collection=Juvenile+Plankton

#stockfootage #royaltyfree #microscopy #science #biology #micro #microscope #sciencevideo #biologylab #microworld #cellbiology #underwater #juvenileplankton #macro #pinkcoral",Juvenile Plankton_V_TikTok,https://storage.googleapis.com/stockflow-social/Batch01/Clips/V/Microscopic_Underwater_Juvenile-Plankton_20260314_0513_V.mp4,Microscopic,Stockflow.media,2026-08-16 8:00
"Euglena — Microscopic stock footage

Download: https://stockflow.media/?cat=Microscopic&sub=Underwater&collection=Euglena

#stockfootage #royaltyfree #microscopy #science #biology #micro #microscope #sciencevideo #biologylab #microworld #cellbiology #underwater #euglena #aquatic #ocean",Euglena_V_TikTok,https://storage.googleapis.com/stockflow-social/Batch01/Clips/V/Microscopic_Underwater_Euglena_20260314_0486_V.mp4,Microscopic,Stockflow.media,2026-08-16 12:30
"Euglena — Microscopic stock footage

Download: https://stockflow.media/?cat=Microscopic&sub=Underwater&collection=Euglena

#stockfootage #royaltyfree #microscopy #science #biology #micro #microscope #sciencevideo #biologylab #microworld #cellbiology #underwater #euglena #algae #greenalgae",Euglena_V_TikTok,https://storage.googleapis.com/stockflow-social/Batch01/Clips/V/Microscopic_Underwater_Euglena_20260314_0485_V.mp4,Microscopic,Stockflow.media,2026-08-16 19:00
"Bioluminescent — Microscopic stock footage

Download: https://stockflow.media/?cat=Microscopic&sub=Underwater&collection=Bioluminescent

#stockfootage #royaltyfree #microscopy #science #biology #micro #microscope #sciencevideo #biologylab #microworld #cellbiology #underwater #bioluminescent #creatures #glow",Bioluminescent_V_TikTok,https://storage.googleapis.com/stockflow-social/Batch01/Clips/V/Microscopic_Underwater_Bioluminescent_20260314_0480_V.mp4,Microscopic,Stockflow.media,2026-08-17 8:00
"Bioluminescent — Microscopic stock footage

Download: https://stockflow.media/?cat=Microscopic&sub=Underwater&collection=Bioluminescent

#stockfootage #royaltyfree #microscopy #science #biology #micro #microscope #sciencevideo #biologylab #microworld #cellbiology #underwater #bioluminescent #bioluminescentshrimp #underwaterscene",Bioluminescent_V_TikTok,https://storage.googleapis.com/stockflow-social/Batch01/Clips/V/Microscopic_Underwater_Bioluminescent_20260314_0479_V.mp4,Microscopic,Stockflow.media,2026-08-17 12:30
"Bioluminescent — Microscopic stock footage

Download: https://stockflow.media/?cat=Microscopic&sub=Underwater&collection=Bioluminescent

#stockfootage #royaltyfree #microscopy #science #biology #micro #microscope #sciencevideo #biologylab #microworld #cellbiology #underwater #bioluminescent #glowing #microcreatures",Bioluminescent_V_TikTok,https://storage.googleapis.com/stockflow-social/Batch01/Clips/V/Microscopic_Underwater_Bioluminescent_20260314_0478_V.mp4,Microscopic,Stockflow.media,2026-08-17 19:00
"Bioluminescent — Microscopic stock footage

Download: https://stockflow.media/?cat=Microscopic&sub=Underwater&collection=Bioluminescent

#stockfootage #royaltyfree #microscopy #science #biology #micro #microscope #sciencevideo #biologylab #microworld #cellbiology #underwater #bioluminescent #shrimplike #creatures",Bioluminescent_V_TikTok,https://storage.googleapis.com/stockflow-social/Batch01/Clips/V/Microscopic_Underwater_Bioluminescent_20260314_0477_V.mp4,Microscopic,Stockflow.media,2026-08-18 8:00
"Bioluminescent — Microscopic stock footage

Download: https://stockflow.media/?cat=Microscopic&sub=Underwater&collection=Bioluminescent

#stockfootage #royaltyfree #microscopy #science #biology #micro #microscope #sciencevideo #biologylab #microworld #cellbiology #underwater #bioluminescent #microlife #glow",Bioluminescent_V_TikTok,https://storage.googleapis.com/stockflow-social/Batch01/Clips/V/Microscopic_Underwater_Bioluminescent_20260314_0476_V.mp4,Microscopic,Stockflow.media,2026-08-18 12:30
"Bioluminescent — Microscopic stock footage

Download: https://stockflow.media/?cat=Microscopic&sub=Underwater&collection=Bioluminescent

#stockfootage #royaltyfree #microscopy #science #biology #micro #microscope #sciencevideo #biologylab #microworld #cellbiology #underwater #bioluminescent #bioluminescentshrimp #shrimp",Bioluminescent_V_TikTok,https://storage.googleapis.com/stockflow-social/Batch01/Clips/V/Microscopic_Underwater_Bioluminescent_20260314_0475_V.mp4,Microscopic,Stockflow.media,2026-08-18 19:00
"Rotifers — Microscopic stock footage

Download: https://stockflow.media/?cat=Microscopic&sub=Underwater&collection=Rotifers

#stockfootage #royaltyfree #microscopy #science #biology #micro #microscope #sciencevideo #biologylab #microworld #cellbiology #underwater #rotifers #microscopic #freshwater",Rotifers_V_TikTok,https://storage.googleapis.com/stockflow-social/Batch01/Clips/V/Microscopic_Underwater_Rotifers_20260314_0466_V.mp4,Microscopic,Stockflow.media,2026-08-19 8:00
"Rotifers — Microscopic stock footage

Download: https://stockflow.media/?cat=Microscopic&sub=Underwater&collection=Rotifers

#stockfootage #royaltyfree #microscopy #science #biology #micro #microscope #sciencevideo #biologylab #microworld #cellbiology #underwater #rotifers #closeup #macro",Rotifers_V_TikTok,https://storage.googleapis.com/stockflow-social/Batch01/Clips/V/Microscopic_Underwater_Rotifers_20260314_0465_V.mp4,Microscopic,Stockflow.media,2026-08-19 12:30
"Rotifers — Microscopic stock footage

Download: https://stockflow.media/?cat=Microscopic&sub=Underwater&collection=Rotifers

#stockfootage #royaltyfree #microscopy #science #biology #micro #microscope #sciencevideo #biologylab #microworld #cellbiology #underwater #rotifers #microscene #translucent",Rotifers_V_TikTok,https://storage.googleapis.com/stockflow-social/Batch01/Clips/V/Microscopic_Underwater_Rotifers_20260314_0464_V.mp4,Microscopic,Stockflow.media,2026-08-19 19:00
"Rotifers — Microscopic stock footage

Download: https://stockflow.media/?cat=Microscopic&sub=Underwater&collection=Rotifers

#stockfootage #royaltyfree #microscopy #science #biology #micro #microscope #sciencevideo #biologylab #microworld #cellbiology #underwater #rotifers #microunderwaterscene #microscopic",Rotifers_V_TikTok,https://storage.googleapis.com/stockflow-social/Batch01/Clips/V/Microscopic_Underwater_Rotifers_20260314_0463_V.mp4,Microscopic,Stockflow.media,2026-08-20 8:00
"Rotifers — Microscopic stock footage

Download: https://stockflow.media/?cat=Microscopic&sub=Underwater&collection=Rotifers

#stockfootage #royaltyfree #microscopy #science #biology #micro #microscope #sciencevideo #biologylab #microworld #cellbiology #underwater #rotifers #micrograph #algae",Rotifers_V_TikTok,https://storage.googleapis.com/stockflow-social/Batch01/Clips/V/Microscopic_Underwater_Rotifers_20260314_0462_V.mp4,Microscopic,Stockflow.media,2026-08-20 12:30
"Rotifers — Microscopic stock footage

Download: https://stockflow.media/?cat=Microscopic&sub=Underwater&collection=Rotifers

#stockfootage #royaltyfree #microscopy #science #biology #micro #microscope #sciencevideo #biologylab #microworld #cellbiology #underwater #rotifers #microunderwaterscene #aquaticalgae",Rotifers_V_TikTok,https://storage.googleapis.com/stockflow-social/Batch01/Clips/V/Microscopic_Underwater_Rotifers_20260314_0461_V.mp4,Microscopic,Stockflow.media,2026-08-20 19:00
"Rotifers — Microscopic stock footage

Download: https://stockflow.media/?cat=Microscopic&sub=Underwater&collection=Rotifers

#stockfootage #royaltyfree #microscopy #science #biology #micro #microscope #sciencevideo #biologylab #microworld #cellbiology #underwater #rotifers #rotifer #microunderwaterscene",Rotifers_V_TikTok,https://storage.googleapis.com/stockflow-social/Batch01/Clips/V/Microscopic_Underwater_Rotifers_20260314_0460_V.mp4,Microscopic,Stockflow.media,2026-08-21 8:00
"Rotifers — Microscopic stock footage

Download: https://stockflow.media/?cat=Microscopic&sub=Underwater&collection=Rotifers

#stockfootage #royaltyfree #microscopy #science #biology #micro #microscope #sciencevideo #biologylab #microworld #cellbiology #underwater #rotifers #microscopic #algae",Rotifers_V_TikTok,https://storage.googleapis.com/stockflow-social/Batch01/Clips/V/Microscopic_Underwater_Rotifers_20260314_0451_V.mp4,Microscopic,Stockflow.media,2026-08-21 12:30
"Plankton — Microscopic stock footage

Download: https://stockflow.media/?cat=Microscopic&sub=Underwater&collection=Plankton

#stockfootage #royaltyfree #microscopy #science #biology #micro #microscope #sciencevideo #biologylab #microworld #cellbiology #underwater #plankton #microscopic #marineplankton",Plankton_V_TikTok,https://storage.googleapis.com/stockflow-social/Batch01/Clips/V/Microscopic_Underwater_Plankton_20260314_0450_V.mp4,Microscopic,Stockflow.media,2026-08-21 19:00
"Plankton — Microscopic stock footage

Download: https://stockflow.media/?cat=Microscopic&sub=Underwater&collection=Plankton

#stockfootage #royaltyfree #microscopy #science #biology #micro #microscope #sciencevideo #biologylab #microworld #cellbiology #underwater #plankton #phytoplankton #diatoms",Plankton_V_TikTok,https://storage.googleapis.com/stockflow-social/Batch01/Clips/V/Microscopic_Underwater_Plankton_20260314_0449_V.mp4,Microscopic,Stockflow.media,2026-08-22 8:00
"Plankton — Microscopic stock footage

Download: https://stockflow.media/?cat=Microscopic&sub=Underwater&collection=Plankton

#stockfootage #royaltyfree #microscopy #science #biology #micro #microscope #sciencevideo #biologylab #microworld #cellbiology #underwater #plankton #aquaticlife #diatoms",Plankton_V_TikTok,https://storage.googleapis.com/stockflow-social/Batch01/Clips/V/Microscopic_Underwater_Plankton_20260314_0448_V.mp4,Microscopic,Stockflow.media,2026-08-22 12:30
"Plankton — Microscopic stock footage

Download: https://stockflow.media/?cat=Microscopic&sub=Underwater&collection=Plankton

#stockfootage #royaltyfree #microscopy #science #biology #micro #microscope #sciencevideo #biologylab #microworld #cellbiology #underwater #plankton #microplankton #marineplankton",Plankton_V_TikTok,https://storage.googleapis.com/stockflow-social/Batch01/Clips/V/Microscopic_Underwater_Plankton_20260314_0447_V.mp4,Microscopic,Stockflow.media,2026-08-22 19:00
"Plankton — Microscopic stock footage

Download: https://stockflow.media/?cat=Microscopic&sub=Underwater&collection=Plankton

#stockfootage #royaltyfree #microscopy #science #biology #micro #microscope #sciencevideo #biologylab #microworld #cellbiology #underwater #plankton #glowinggreen #marineplankton",Plankton_V_TikTok,https://storage.googleapis.com/stockflow-social/Batch01/Clips/V/Microscopic_Underwater_Plankton_20260314_0446_V.mp4,Microscopic,Stockflow.media,2026-08-23 8:00
"Plankton — Microscopic stock footage

Download: https://stockflow.media/?cat=Microscopic&sub=Underwater&collection=Plankton

#stockfootage #royaltyfree #microscopy #science #biology #micro #microscope #sciencevideo #biologylab #microworld #cellbiology #underwater #plankton #microscopic #marine",Plankton_V_TikTok,https://storage.googleapis.com/stockflow-social/Batch01/Clips/V/Microscopic_Underwater_Plankton_20260314_0445_V.mp4,Microscopic,Stockflow.media,2026-08-23 12:30
"Plankton — Microscopic stock footage

Download: https://stockflow.media/?cat=Microscopic&sub=Underwater&collection=Plankton

#stockfootage #royaltyfree #microscopy #science #biology #micro #microscope #sciencevideo #biologylab #microworld #cellbiology #underwater #plankton #marine #ocean",Plankton_V_TikTok,https://storage.googleapis.com/stockflow-social/Batch01/Clips/V/Microscopic_Underwater_Plankton_20260314_0444_V.mp4,Microscopic,Stockflow.media,2026-08-23 19:00
"Plankton — Microscopic stock footage

Download: https://stockflow.media/?cat=Microscopic&sub=Underwater&collection=Plankton

#stockfootage #royaltyfree #microscopy #science #biology #micro #microscope #sciencevideo #biologylab #microworld #cellbiology #underwater #plankton #zooplankton #microscale",Plankton_V_TikTok,https://storage.googleapis.com/stockflow-social/Batch01/Clips/V/Microscopic_Underwater_Plankton_20260314_0435_V.mp4,Microscopic,Stockflow.media,2026-08-24 8:00
"Protozoa — Microscopic stock footage

Download: https://stockflow.media/?cat=Microscopic&sub=Underwater&collection=Protozoa

#stockfootage #royaltyfree #microscopy #science #biology #micro #microscope #sciencevideo #biologylab #microworld #cellbiology #underwater #protozoa #algae #greenalgae",Protozoa_V_TikTok,https://storage.googleapis.com/stockflow-social/Batch01/Clips/V/Microscopic_Underwater_Protozoa_20260314_0434_V.mp4,Microscopic,Stockflow.media,2026-08-24 12:30
"Protozoa — Microscopic stock footage

Download: https://stockflow.media/?cat=Microscopic&sub=Underwater&collection=Protozoa

#stockfootage #royaltyfree #microscopy #science #biology #micro #microscope #sciencevideo #biologylab #microworld #cellbiology #underwater #protozoa #closeup #greenfilaments",Protozoa_V_TikTok,https://storage.googleapis.com/stockflow-social/Batch01/Clips/V/Microscopic_Underwater_Protozoa_20260314_0433_V.mp4,Microscopic,Stockflow.media,2026-08-24 19:00
"Protozoa — Microscopic stock footage

Download: https://stockflow.media/?cat=Microscopic&sub=Underwater&collection=Protozoa

#stockfootage #royaltyfree #microscopy #science #biology #micro #microscope #sciencevideo #biologylab #microworld #cellbiology #underwater #protozoa #algae #sphericalclusters",Protozoa_V_TikTok,https://storage.googleapis.com/stockflow-social/Batch01/Clips/V/Microscopic_Underwater_Protozoa_20260314_0432_V.mp4,Microscopic,Stockflow.media,2026-08-25 8:00
"Protozoa — Microscopic stock footage

Download: https://stockflow.media/?cat=Microscopic&sub=Underwater&collection=Protozoa

#stockfootage #royaltyfree #microscopy #science #biology #micro #microscope #sciencevideo #biologylab #microworld #cellbiology #underwater #protozoa #macro #algae",Protozoa_V_TikTok,https://storage.googleapis.com/stockflow-social/Batch01/Clips/V/Microscopic_Underwater_Protozoa_20260314_0431_V.mp4,Microscopic,Stockflow.media,2026-08-25 12:30
"Protozoa — Microscopic stock footage

Download: https://stockflow.media/?cat=Microscopic&sub=Underwater&collection=Protozoa

#stockfootage #royaltyfree #microscopy #science #biology #micro #microscope #sciencevideo #biologylab #microworld #cellbiology #underwater #protozoa #aquatic #microscopic",Protozoa_V_TikTok,https://storage.googleapis.com/stockflow-social/Batch01/Clips/V/Microscopic_Underwater_Protozoa_20260314_0430_V.mp4,Microscopic,Stockflow.media,2026-08-25 19:00
"Protozoa — Microscopic stock footage

Download: https://stockflow.media/?cat=Microscopic&sub=Underwater&collection=Protozoa

#stockfootage #royaltyfree #microscopy #science #biology #micro #microscope #sciencevideo #biologylab #microworld #cellbiology #underwater #protozoa #macro #network",Protozoa_V_TikTok,https://storage.googleapis.com/stockflow-social/Batch01/Clips/V/Microscopic_Underwater_Protozoa_20260314_0429_V.mp4,Microscopic,Stockflow.media,2026-08-26 8:00
"Protozoa — Microscopic stock footage

Download: https://stockflow.media/?cat=Microscopic&sub=Underwater&collection=Protozoa

#stockfootage #royaltyfree #microscopy #science #biology #micro #microscope #sciencevideo #biologylab #microworld #cellbiology #underwater #protozoa #closeup #tangledfilaments",Protozoa_V_TikTok,https://storage.googleapis.com/stockflow-social/Batch01/Clips/V/Microscopic_Underwater_Protozoa_20260314_0428_V.mp4,Microscopic,Stockflow.media,2026-08-26 12:30
"Protozoa — Microscopic stock footage

Download: https://stockflow.media/?cat=Microscopic&sub=Underwater&collection=Protozoa

#stockfootage #royaltyfree #microscopy #science #biology #micro #microscope #sciencevideo #biologylab #microworld #cellbiology #underwater #protozoa #microbial #ocean",Protozoa_V_TikTok,https://storage.googleapis.com/stockflow-social/Batch01/Clips/V/Microscopic_Underwater_Protozoa_20260314_0419_V.mp4,Microscopic,Stockflow.media,2026-08-26 19:00
"Single Celled — Microscopic stock footage

Download: https://stockflow.media/?cat=Microscopic&sub=Underwater&collection=Single+Celled

#stockfootage #royaltyfree #microscopy #science #biology #micro #microscope #sciencevideo #biologylab #microworld #cellbiology #underwater #singlecelled #microorganism #microbe",Single Celled_V_TikTok,https://storage.googleapis.com/stockflow-social/Batch01/Clips/V/Microscopic_Underwater_Single-Celled_20260314_0418_V.mp4,Microscopic,Stockflow.media,2026-08-27 8:00
"Single Celled — Microscopic stock footage

Download: https://stockflow.media/?cat=Microscopic&sub=Underwater&collection=Single+Celled

#stockfootage #royaltyfree #microscopy #science #biology #micro #microscope #sciencevideo #biologylab #microworld #cellbiology #underwater #singlecelled #microscopic #microorganisms",Single Celled_V_TikTok,https://storage.googleapis.com/stockflow-social/Batch01/Clips/V/Microscopic_Underwater_Single-Celled_20260314_0417_V.mp4,Microscopic,Stockflow.media,2026-08-27 12:30
"Single Celled — Microscopic stock footage

Download: https://stockflow.media/?cat=Microscopic&sub=Underwater&collection=Single+Celled

#stockfootage #royaltyfree #microscopy #science #biology #micro #microscope #sciencevideo #biologylab #microworld #cellbiology #underwater #singlecelled #closeup #singlecelledorganism",Single Celled_V_TikTok,https://storage.googleapis.com/stockflow-social/Batch01/Clips/V/Microscopic_Underwater_Single-Celled_20260314_0416_V.mp4,Microscopic,Stockflow.media,2026-08-27 19:00
"Single Celled — Microscopic stock footage

Download: https://stockflow.media/?cat=Microscopic&sub=Underwater&collection=Single+Celled

#stockfootage #royaltyfree #microscopy #science #biology #micro #microscope #sciencevideo #biologylab #microworld #cellbiology #underwater #singlecelled #microfauna #microorganisms",Single Celled_V_TikTok,https://storage.googleapis.com/stockflow-social/Batch01/Clips/V/Microscopic_Underwater_Single-Celled_20260314_0415_V.mp4,Microscopic,Stockflow.media,2026-08-28 8:00
"Single Celled — Microscopic stock footage

Download: https://stockflow.media/?cat=Microscopic&sub=Underwater&collection=Single+Celled

#stockfootage #royaltyfree #microscopy #science #biology #micro #microscope #sciencevideo #biologylab #microworld #cellbiology #underwater #singlecelled #microbe #microorganism",Single Celled_V_TikTok,https://storage.googleapis.com/stockflow-social/Batch01/Clips/V/Microscopic_Underwater_Single-Celled_20260314_0414_V.mp4,Microscopic,Stockflow.media,2026-08-28 12:30
"Single Celled — Microscopic stock footage

Download: https://stockflow.media/?cat=Microscopic&sub=Underwater&collection=Single+Celled

#stockfootage #royaltyfree #microscopy #science #biology #micro #microscope #sciencevideo #biologylab #microworld #cellbiology #underwater #singlecelled #microcosm #organisms",Single Celled_V_TikTok,https://storage.googleapis.com/stockflow-social/Batch01/Clips/V/Microscopic_Underwater_Single-Celled_20260314_0413_V.mp4,Microscopic,Stockflow.media,2026-08-28 19:00
"Single Celled — Microscopic stock footage

Download: https://stockflow.media/?cat=Microscopic&sub=Underwater&collection=Single+Celled

#stockfootage #royaltyfree #microscopy #science #biology #micro #microscope #sciencevideo #biologylab #microworld #cellbiology #underwater #singlecelled #microorganisms #microbes",Single Celled_V_TikTok,https://storage.googleapis.com/stockflow-social/Batch01/Clips/V/Microscopic_Underwater_Single-Celled_20260314_0412_V.mp4,Microscopic,Stockflow.media,2026-08-29 8:00
"Single Celled — Microscopic stock footage

Download: https://stockflow.media/?cat=Microscopic&sub=Underwater&collection=Single+Celled

#stockfootage #royaltyfree #microscopy #science #biology #micro #microscope #sciencevideo #biologylab #microworld #cellbiology #underwater #singlecelled #microscopic #organisms",Single Celled_V_TikTok,https://storage.googleapis.com/stockflow-social/Batch01/Clips/V/Microscopic_Underwater_Single-Celled_20260314_0403_V.mp4,Microscopic,Stockflow.media,2026-08-29 12:30
"Sickle Cell — Microscopic stock footage

Download: https://stockflow.media/?cat=Microscopic&sub=Blood+Hematology&collection=Sickle+Cell

#stockfootage #royaltyfree #microscopy #science #biology #micro #microscope #sciencevideo #biologylab #microworld #cellbiology #bloodhematology #sicklecell #hematology #bloodcomponents",Sickle Cell_V_TikTok,https://storage.googleapis.com/stockflow-social/Batch01/Clips/V/Microscopic_Blood-Hematology_Sickle-Cell_20260314_0402_V.mp4,Microscopic,Stockflow.media,2026-08-29 19:00
"Protozoa — Microscopic stock footage

Download: https://stockflow.media/?cat=Microscopic&sub=Waterborne&collection=Protozoa

#stockfootage #royaltyfree #microscopy #science #biology #micro #microscope #sciencevideo #biologylab #microworld #cellbiology #waterborne #protozoa #aquatic #green",Protozoa_V_TikTok,https://storage.googleapis.com/stockflow-social/Batch01/Clips/V/Microscopic_Waterborne_Protozoa_20260314_0385_V.mp4,Microscopic,Stockflow.media,2026-08-30 8:00
"Protozoa — Microscopic stock footage

Download: https://stockflow.media/?cat=Microscopic&sub=Waterborne&collection=Protozoa

#stockfootage #royaltyfree #microscopy #science #biology #micro #microscope #sciencevideo #biologylab #microworld #cellbiology #waterborne #protozoa #microscopic #aquatic",Protozoa_V_TikTok,https://storage.googleapis.com/stockflow-social/Batch01/Clips/V/Microscopic_Waterborne_Protozoa_20260314_0384_V.mp4,Microscopic,Stockflow.media,2026-08-30 12:30
"Protozoa — Microscopic stock footage

Download: https://stockflow.media/?cat=Microscopic&sub=Waterborne&collection=Protozoa

#stockfootage #royaltyfree #microscopy #science #biology #micro #microscope #sciencevideo #biologylab #microworld #cellbiology #waterborne #protozoa #protozoan #flagella",Protozoa_V_TikTok,https://storage.googleapis.com/stockflow-social/Batch01/Clips/V/Microscopic_Waterborne_Protozoa_20260314_0377_V.mp4,Microscopic,Stockflow.media,2026-08-30 19:00
"Protozoa — Microscopic stock footage

Download: https://stockflow.media/?cat=Microscopic&sub=Waterborne&collection=Protozoa

#stockfootage #royaltyfree #microscopy #science #biology #micro #microscope #sciencevideo #biologylab #microworld #cellbiology #waterborne #protozoa #singlecelled #microorganisms",Protozoa_V_TikTok,https://storage.googleapis.com/stockflow-social/Batch01/Clips/V/Microscopic_Waterborne_Protozoa_20260314_0376_V.mp4,Microscopic,Stockflow.media,2026-08-31 8:00
"Protozoa — Microscopic stock footage

Download: https://stockflow.media/?cat=Microscopic&sub=Waterborne&collection=Protozoa

#stockfootage #royaltyfree #microscopy #science #biology #micro #microscope #sciencevideo #biologylab #microworld #cellbiology #waterborne #protozoa #microwaterborneprotozoan #swimmingprotozoan",Protozoa_V_TikTok,https://storage.googleapis.com/stockflow-social/Batch01/Clips/V/Microscopic_Waterborne_Protozoa_20260314_0375_V.mp4,Microscopic,Stockflow.media,2026-08-31 12:30
"Aquatic — Microscopic stock footage

Download: https://stockflow.media/?cat=Microscopic&sub=Waterborne&collection=Aquatic

#stockfootage #royaltyfree #microscopy #science #biology #micro #microscope #sciencevideo #biologylab #microworld #cellbiology #waterborne #aquatic #microaquaticorganisms #clearbluewater",Aquatic_V_TikTok,https://storage.googleapis.com/stockflow-social/Batch01/Clips/V/Microscopic_Waterborne_Aquatic_20260314_0366_V.mp4,Microscopic,Stockflow.media,2026-08-31 19:00
"Aquatic — Microscopic stock footage

Download: https://stockflow.media/?cat=Microscopic&sub=Waterborne&collection=Aquatic

#stockfootage #royaltyfree #microscopy #science #biology #micro #microscope #sciencevideo #biologylab #microworld #cellbiology #waterborne #aquatic #macro #closeup",Aquatic_V_TikTok,https://storage.googleapis.com/stockflow-social/Batch01/Clips/V/Microscopic_Waterborne_Aquatic_20260314_0365_V.mp4,Microscopic,Stockflow.media,2026-09-01 8:00
"Aquatic — Microscopic stock footage

Download: https://stockflow.media/?cat=Microscopic&sub=Waterborne&collection=Aquatic

#stockfootage #royaltyfree #microscopy #science #biology #micro #microscope #sciencevideo #biologylab #microworld #cellbiology #waterborne #aquatic #microorganisms #cells",Aquatic_V_TikTok,https://storage.googleapis.com/stockflow-social/Batch01/Clips/V/Microscopic_Waterborne_Aquatic_20260314_0364_V.mp4,Microscopic,Stockflow.media,2026-09-01 12:30
"Aquatic — Microscopic stock footage

Download: https://stockflow.media/?cat=Microscopic&sub=Waterborne&collection=Aquatic

#stockfootage #royaltyfree #microscopy #science #biology #micro #microscope #sciencevideo #biologylab #microworld #cellbiology #waterborne #aquatic #microscopic #microorganisms",Aquatic_V_TikTok,https://storage.googleapis.com/stockflow-social/Batch01/Clips/V/Microscopic_Waterborne_Aquatic_20260314_0359_V.mp4,Microscopic,Stockflow.media,2026-09-01 19:00
"Plankton — Microscopic stock footage

Download: https://stockflow.media/?cat=Microscopic&sub=Waterborne&collection=Plankton

#stockfootage #royaltyfree #microscopy #science #biology #micro #microscope #sciencevideo #biologylab #microworld #cellbiology #waterborne #plankton #crustacean #aquatic",Plankton_V_TikTok,https://storage.googleapis.com/stockflow-social/Batch01/Clips/V/Microscopic_Waterborne_Plankton_20260314_0358_V.mp4,Microscopic,Stockflow.media,2026-09-02 8:00
"Plankton — Microscopic stock footage

Download: https://stockflow.media/?cat=Microscopic&sub=Waterborne&collection=Plankton

#stockfootage #royaltyfree #microscopy #science #biology #micro #microscope #sciencevideo #biologylab #microworld #cellbiology #waterborne #plankton #copepod #planktonic",Plankton_V_TikTok,https://storage.googleapis.com/stockflow-social/Batch01/Clips/V/Microscopic_Waterborne_Plankton_20260314_0357_V.mp4,Microscopic,Stockflow.media,2026-09-02 12:30
"Plankton — Microscopic stock footage

Download: https://stockflow.media/?cat=Microscopic&sub=Waterborne&collection=Plankton

#stockfootage #royaltyfree #microscopy #science #biology #micro #microscope #sciencevideo #biologylab #microworld #cellbiology #waterborne #plankton #marine #crustacean",Plankton_V_TikTok,https://storage.googleapis.com/stockflow-social/Batch01/Clips/V/Microscopic_Waterborne_Plankton_20260314_0356_V.mp4,Microscopic,Stockflow.media,2026-09-02 19:00
"Plankton — Microscopic stock footage

Download: https://stockflow.media/?cat=Microscopic&sub=Waterborne&collection=Plankton

#stockfootage #royaltyfree #microscopy #science #biology #micro #microscope #sciencevideo #biologylab #microworld #cellbiology #waterborne #plankton #closeup #translucent",Plankton_V_TikTok,https://storage.googleapis.com/stockflow-social/Batch01/Clips/V/Microscopic_Waterborne_Plankton_20260314_0355_V.mp4,Microscopic,Stockflow.media,2026-09-03 8:00
"Plankton — Microscopic stock footage

Download: https://stockflow.media/?cat=Microscopic&sub=Waterborne&collection=Plankton

#stockfootage #royaltyfree #microscopy #science #biology #micro #microscope #sciencevideo #biologylab #microworld #cellbiology #waterborne #plankton #macroshot #macrophotography",Plankton_V_TikTok,https://storage.googleapis.com/stockflow-social/Batch01/Clips/V/Microscopic_Waterborne_Plankton_20260314_0354_V.mp4,Microscopic,Stockflow.media,2026-09-03 12:30
"Plankton — Microscopic stock footage

Download: https://stockflow.media/?cat=Microscopic&sub=Waterborne&collection=Plankton

#stockfootage #royaltyfree #microscopy #science #biology #micro #microscope #sciencevideo #biologylab #microworld #cellbiology #waterborne #plankton #tinytransparentcrustacean #microwater",Plankton_V_TikTok,https://storage.googleapis.com/stockflow-social/Batch01/Clips/V/Microscopic_Waterborne_Plankton_20260314_0353_V.mp4,Microscopic,Stockflow.media,2026-09-03 19:00
"Plankton — Microscopic stock footage

Download: https://stockflow.media/?cat=Microscopic&sub=Waterborne&collection=Plankton

#stockfootage #royaltyfree #microscopy #science #biology #micro #microscope #sciencevideo #biologylab #microworld #cellbiology #waterborne #plankton #zooplankton #closeup",Plankton_V_TikTok,https://storage.googleapis.com/stockflow-social/Batch01/Clips/V/Microscopic_Waterborne_Plankton_20260314_0352_V.mp4,Microscopic,Stockflow.media,2026-09-04 8:00
"Plankton — Microscopic stock footage

Download: https://stockflow.media/?cat=Microscopic&sub=Waterborne&collection=Plankton

#stockfootage #royaltyfree #microscopy #science #biology #micro #microscope #sciencevideo #biologylab #microworld #cellbiology #waterborne #plankton #zooplankton #crustacean",Plankton_V_TikTok,https://storage.googleapis.com/stockflow-social/Batch01/Clips/V/Microscopic_Waterborne_Plankton_20260314_0343_V.mp4,Microscopic,Stockflow.media,2026-09-04 12:30
"Diatom — Microscopic stock footage

Download: https://stockflow.media/?cat=Microscopic&sub=Waterborne&collection=Diatom

#stockfootage #royaltyfree #microscopy #science #biology #micro #microscope #sciencevideo #biologylab #microworld #cellbiology #waterborne #diatom #diatoms #microalgae",Diatom_V_TikTok,https://storage.googleapis.com/stockflow-social/Batch01/Clips/V/Microscopic_Waterborne_Diatom_20260314_0342_V.mp4,Microscopic,Stockflow.media,2026-09-04 19:00
"Diatom — Microscopic stock footage

Download: https://stockflow.media/?cat=Microscopic&sub=Waterborne&collection=Diatom

#stockfootage #royaltyfree #microscopy #science #biology #micro #microscope #sciencevideo #biologylab #microworld #cellbiology #waterborne #diatom #macro #green",Diatom_V_TikTok,https://storage.googleapis.com/stockflow-social/Batch01/Clips/V/Microscopic_Waterborne_Diatom_20260314_0341_V.mp4,Microscopic,Stockflow.media,2026-09-05 8:00
"Diatom — Microscopic stock footage

Download: https://stockflow.media/?cat=Microscopic&sub=Waterborne&collection=Diatom

#stockfootage #royaltyfree #microscopy #science #biology #micro #microscope #sciencevideo #biologylab #microworld #cellbiology #waterborne #diatom #diatoms #microwaterbornediatoms",Diatom_V_TikTok,https://storage.googleapis.com/stockflow-social/Batch01/Clips/V/Microscopic_Waterborne_Diatom_20260314_0340_V.mp4,Microscopic,Stockflow.media,2026-09-05 12:30
"Diatom — Microscopic stock footage

Download: https://stockflow.media/?cat=Microscopic&sub=Waterborne&collection=Diatom

#stockfootage #royaltyfree #microscopy #science #biology #micro #microscope #sciencevideo #biologylab #microworld #cellbiology #waterborne #diatom #diatoms #micrograph",Diatom_V_TikTok,https://storage.googleapis.com/stockflow-social/Batch01/Clips/V/Microscopic_Waterborne_Diatom_20260314_0339_V.mp4,Microscopic,Stockflow.media,2026-09-05 19:00
"Diatom — Microscopic stock footage

Download: https://stockflow.media/?cat=Microscopic&sub=Waterborne&collection=Diatom

#stockfootage #royaltyfree #microscopy #science #biology #micro #microscope #sciencevideo #biologylab #microworld #cellbiology #waterborne #diatom #closeup #silicashells",Diatom_V_TikTok,https://storage.googleapis.com/stockflow-social/Batch01/Clips/V/Microscopic_Waterborne_Diatom_20260314_0338_V.mp4,Microscopic,Stockflow.media,2026-09-06 8:00
"Diatom — Microscopic stock footage

Download: https://stockflow.media/?cat=Microscopic&sub=Waterborne&collection=Diatom

#stockfootage #royaltyfree #microscopy #science #biology #micro #microscope #sciencevideo #biologylab #microworld #cellbiology #waterborne #diatom #diatoms #magnification",Diatom_V_TikTok,https://storage.googleapis.com/stockflow-social/Batch01/Clips/V/Microscopic_Waterborne_Diatom_20260314_0337_V.mp4,Microscopic,Stockflow.media,2026-09-06 12:30
"Diatom — Microscopic stock footage

Download: https://stockflow.media/?cat=Microscopic&sub=Waterborne&collection=Diatom

#stockfootage #royaltyfree #microscopy #science #biology #micro #microscope #sciencevideo #biologylab #microworld #cellbiology #waterborne #diatom #magnified #microalga",Diatom_V_TikTok,https://storage.googleapis.com/stockflow-social/Batch01/Clips/V/Microscopic_Waterborne_Diatom_20260314_0328_V.mp4,Microscopic,Stockflow.media,2026-09-06 19:00
"Amoebas — Microscopic stock footage

Download: https://stockflow.media/?cat=Microscopic&sub=Waterborne&collection=Amoebas

#stockfootage #royaltyfree #microscopy #science #biology #micro #microscope #sciencevideo #biologylab #microworld #cellbiology #waterborne #amoebas #deepblue #jellyfishlike",Amoebas_V_TikTok,https://storage.googleapis.com/stockflow-social/Batch01/Clips/V/Microscopic_Waterborne_Amoebas_20260314_0327_V.mp4,Microscopic,Stockflow.media,2026-09-07 8:00
"Amoebas — Microscopic stock footage

Download: https://stockflow.media/?cat=Microscopic&sub=Waterborne&collection=Amoebas

#stockfootage #royaltyfree #microscopy #science #biology #micro #microscope #sciencevideo #biologylab #microworld #cellbiology #waterborne #amoebas #microscopiclife #aquaticlife",Amoebas_V_TikTok,https://storage.googleapis.com/stockflow-social/Batch01/Clips/V/Microscopic_Waterborne_Amoebas_20260314_0326_V.mp4,Microscopic,Stockflow.media,2026-09-07 12:30
"Amoebas — Microscopic stock footage

Download: https://stockflow.media/?cat=Microscopic&sub=Waterborne&collection=Amoebas

#stockfootage #royaltyfree #microscopy #science #biology #micro #microscope #sciencevideo #biologylab #microworld #cellbiology #waterborne #amoebas #underwater #jellyfish",Amoebas_V_TikTok,https://storage.googleapis.com/stockflow-social/Batch01/Clips/V/Microscopic_Waterborne_Amoebas_20260314_0325_V.mp4,Microscopic,Stockflow.media,2026-09-07 19:00
"Euglena — Microscopic stock footage

Download: https://stockflow.media/?cat=Microscopic&sub=Waterborne&collection=Euglena

#stockfootage #royaltyfree #microscopy #science #biology #micro #microscope #sciencevideo #biologylab #microworld #cellbiology #waterborne #euglena #singlecelled #microorganism",Euglena_V_TikTok,https://storage.googleapis.com/stockflow-social/Batch01/Clips/V/Microscopic_Waterborne_Euglena_20260314_0317_V.mp4,Microscopic,Stockflow.media,2026-09-08 8:00
"Euglena — Microscopic stock footage

Download: https://stockflow.media/?cat=Microscopic&sub=Waterborne&collection=Euglena

#stockfootage #royaltyfree #microscopy #science #biology #micro #microscope #sciencevideo #biologylab #microworld #cellbiology #waterborne #euglena #microalgae #algae",Euglena_V_TikTok,https://storage.googleapis.com/stockflow-social/Batch01/Clips/V/Microscopic_Waterborne_Euglena_20260314_0316_V.mp4,Microscopic,Stockflow.media,2026-09-08 12:30
"Euglena — Microscopic stock footage

Download: https://stockflow.media/?cat=Microscopic&sub=Waterborne&collection=Euglena

#stockfootage #royaltyfree #microscopy #science #biology #micro #microscope #sciencevideo #biologylab #microworld #cellbiology #waterborne #euglena #algae #singlecelled",Euglena_V_TikTok,https://storage.googleapis.com/stockflow-social/Batch01/Clips/V/Microscopic_Waterborne_Euglena_20260314_0315_V.mp4,Microscopic,Stockflow.media,2026-09-08 19:00
"Euglena — Microscopic stock footage

Download: https://stockflow.media/?cat=Microscopic&sub=Waterborne&collection=Euglena

#stockfootage #royaltyfree #microscopy #science #biology #micro #microscope #sciencevideo #biologylab #microworld #cellbiology #waterborne #euglena #greenalgae #singlecelledorganism",Euglena_V_TikTok,https://storage.googleapis.com/stockflow-social/Batch01/Clips/V/Microscopic_Waterborne_Euglena_20260314_0314_V.mp4,Microscopic,Stockflow.media,2026-09-09 8:00
"Euglena — Microscopic stock footage

Download: https://stockflow.media/?cat=Microscopic&sub=Waterborne&collection=Euglena

#stockfootage #royaltyfree #microscopy #science #biology #micro #microscope #sciencevideo #biologylab #microworld #cellbiology #waterborne #euglena #micrograph #singlecelled",Euglena_V_TikTok,https://storage.googleapis.com/stockflow-social/Batch01/Clips/V/Microscopic_Waterborne_Euglena_20260314_0303_V.mp4,Microscopic,Stockflow.media,2026-09-09 12:30
"Plankton — Microscopic stock footage

Download: https://stockflow.media/?cat=Microscopic&sub=Waterborne&collection=Plankton

#stockfootage #royaltyfree #microscopy #science #biology #micro #microscope #sciencevideo #biologylab #microworld #cellbiology #waterborne #plankton #microplankton #transparentorganism",Plankton_V_TikTok,https://storage.googleapis.com/stockflow-social/Batch01/Clips/V/Microscopic_Waterborne_Plankton_20260314_0302_V.mp4,Microscopic,Stockflow.media,2026-09-09 19:00
"Plankton — Microscopic stock footage

Download: https://stockflow.media/?cat=Microscopic&sub=Waterborne&collection=Plankton

#stockfootage #royaltyfree #microscopy #science #biology #micro #microscope #sciencevideo #biologylab #microworld #cellbiology #waterborne #plankton #aquaticcreature #crustacean",Plankton_V_TikTok,https://storage.googleapis.com/stockflow-social/Batch01/Clips/V/Microscopic_Waterborne_Plankton_20260314_0301_V.mp4,Microscopic,Stockflow.media,2026-09-10 8:00
"Plankton — Microscopic stock footage

Download: https://stockflow.media/?cat=Microscopic&sub=Waterborne&collection=Plankton

#stockfootage #royaltyfree #microscopy #science #biology #micro #microscope #sciencevideo #biologylab #microworld #cellbiology #waterborne #plankton #microwaterborneplankton #zooplankton",Plankton_V_TikTok,https://storage.googleapis.com/stockflow-social/Batch01/Clips/V/Microscopic_Waterborne_Plankton_20260314_0300_V.mp4,Microscopic,Stockflow.media,2026-09-10 12:30
"Plankton — Microscopic stock footage

Download: https://stockflow.media/?cat=Microscopic&sub=Waterborne&collection=Plankton

#stockfootage #royaltyfree #microscopy #science #biology #micro #microscope #sciencevideo #biologylab #microworld #cellbiology #waterborne #plankton #macroshot #transparentplanktoniccreature",Plankton_V_TikTok,https://storage.googleapis.com/stockflow-social/Batch01/Clips/V/Microscopic_Waterborne_Plankton_20260314_0299_V.mp4,Microscopic,Stockflow.media,2026-09-10 19:00
"Plankton — Microscopic stock footage

Download: https://stockflow.media/?cat=Microscopic&sub=Waterborne&collection=Plankton

#stockfootage #royaltyfree #microscopy #science #biology #micro #microscope #sciencevideo #biologylab #microworld #cellbiology #waterborne #plankton #microshrimp #transparentcrustacean",Plankton_V_TikTok,https://storage.googleapis.com/stockflow-social/Batch01/Clips/V/Microscopic_Waterborne_Plankton_20260314_0298_V.mp4,Microscopic,Stockflow.media,2026-09-11 8:00
"Plankton — Microscopic stock footage

Download: https://stockflow.media/?cat=Microscopic&sub=Waterborne&collection=Plankton

#stockfootage #royaltyfree #microscopy #science #biology #micro #microscope #sciencevideo #biologylab #microworld #cellbiology #waterborne #plankton #closeup #zooplankton",Plankton_V_TikTok,https://storage.googleapis.com/stockflow-social/Batch01/Clips/V/Microscopic_Waterborne_Plankton_20260314_0297_V.mp4,Microscopic,Stockflow.media,2026-09-11 12:30
"Plankton — Microscopic stock footage

Download: https://stockflow.media/?cat=Microscopic&sub=Waterborne&collection=Plankton

#stockfootage #royaltyfree #microscopy #science #biology #micro #microscope #sciencevideo #biologylab #microworld #cellbiology #waterborne #plankton #macro #macroshot",Plankton_V_TikTok,https://storage.googleapis.com/stockflow-social/Batch01/Clips/V/Microscopic_Waterborne_Plankton_20260314_0296_V.mp4,Microscopic,Stockflow.media,2026-09-11 19:00
"Plankton — Microscopic stock footage

Download: https://stockflow.media/?cat=Microscopic&sub=Waterborne&collection=Plankton

#stockfootage #royaltyfree #microscopy #science #biology #micro #microscope #sciencevideo #biologylab #microworld #cellbiology #waterborne #plankton #shrimp #crustacean",Plankton_V_TikTok,https://storage.googleapis.com/stockflow-social/Batch01/Clips/V/Microscopic_Waterborne_Plankton_20260314_0287_V.mp4,Microscopic,Stockflow.media,2026-09-12 8:00
"Diatom Shell — Microscopic stock footage

Download: https://stockflow.media/?cat=Microscopic&sub=Waterborne&collection=Diatom+Shell

#stockfootage #royaltyfree #microscopy #science #biology #micro #microscope #sciencevideo #biologylab #microworld #cellbiology #waterborne #diatomshell #diatoms #diatomshells",Diatom Shell_V_TikTok,https://storage.googleapis.com/stockflow-social/Batch01/Clips/V/Microscopic_Waterborne_Diatom-Shell_20260314_0286_V.mp4,Microscopic,Stockflow.media,2026-09-12 12:30
"Diatom Shell — Microscopic stock footage

Download: https://stockflow.media/?cat=Microscopic&sub=Waterborne&collection=Diatom+Shell

#stockfootage #royaltyfree #microscopy #science #biology #micro #microscope #sciencevideo #biologylab #microworld #cellbiology #waterborne #diatomshell #diatom #diatoms",Diatom Shell_V_TikTok,https://storage.googleapis.com/stockflow-social/Batch01/Clips/V/Microscopic_Waterborne_Diatom-Shell_20260314_0285_V.mp4,Microscopic,Stockflow.media,2026-09-12 19:00
"Diatom Shell — Microscopic stock footage

Download: https://stockflow.media/?cat=Microscopic&sub=Waterborne&collection=Diatom+Shell

#stockfootage #royaltyfree #microscopy #science #biology #micro #microscope #sciencevideo #biologylab #microworld #cellbiology #waterborne #diatomshell #diatoms #microscopic",Diatom Shell_V_TikTok,https://storage.googleapis.com/stockflow-social/Batch01/Clips/V/Microscopic_Waterborne_Diatom-Shell_20260314_0284_V.mp4,Microscopic,Stockflow.media,2026-09-13 8:00
"Diatom Shell — Microscopic stock footage

Download: https://stockflow.media/?cat=Microscopic&sub=Waterborne&collection=Diatom+Shell

#stockfootage #royaltyfree #microscopy #science #biology #micro #microscope #sciencevideo #biologylab #microworld #cellbiology #waterborne #diatomshell #diatom #diatoms",Diatom Shell_V_TikTok,https://storage.googleapis.com/stockflow-social/Batch01/Clips/V/Microscopic_Waterborne_Diatom-Shell_20260314_0279_V.mp4,Microscopic,Stockflow.media,2026-09-13 12:30
"Algae — Microscopic stock footage

Download: https://stockflow.media/?cat=Microscopic&sub=Waterborne&collection=Algae

#stockfootage #royaltyfree #microscopy #science #biology #micro #microscope #sciencevideo #biologylab #microworld #cellbiology #waterborne #algae #microscopic #greenalgae",Algae_V_TikTok,https://storage.googleapis.com/stockflow-social/Batch01/Clips/V/Microscopic_Waterborne_Algae_20260314_0278_V.mp4,Microscopic,Stockflow.media,2026-09-13 19:00
"Algae — Microscopic stock footage

Download: https://stockflow.media/?cat=Microscopic&sub=Waterborne&collection=Algae

#stockfootage #royaltyfree #microscopy #science #biology #micro #microscope #sciencevideo #biologylab #microworld #cellbiology #waterborne #algae #microalgae #greenalgae",Algae_V_TikTok,https://storage.googleapis.com/stockflow-social/Batch01/Clips/V/Microscopic_Waterborne_Algae_20260314_0277_V.mp4,Microscopic,Stockflow.media,2026-09-14 8:00
"Algae — Microscopic stock footage

Download: https://stockflow.media/?cat=Microscopic&sub=Waterborne&collection=Algae

#stockfootage #royaltyfree #microscopy #science #biology #micro #microscope #sciencevideo #biologylab #microworld #cellbiology #waterborne #algae #closeup #microalgae",Algae_V_TikTok,https://storage.googleapis.com/stockflow-social/Batch01/Clips/V/Microscopic_Waterborne_Algae_20260314_0276_V.mp4,Microscopic,Stockflow.media,2026-09-14 12:30
"Algae — Microscopic stock footage

Download: https://stockflow.media/?cat=Microscopic&sub=Waterborne&collection=Algae

#stockfootage #royaltyfree #microscopy #science #biology #micro #microscope #sciencevideo #biologylab #microworld #cellbiology #waterborne #algae #microalgae #greenalgae",Algae_V_TikTok,https://storage.googleapis.com/stockflow-social/Batch01/Clips/V/Microscopic_Waterborne_Algae_20260314_0275_V.mp4,Microscopic,Stockflow.media,2026-09-14 19:00
"Algae — Microscopic stock footage

Download: https://stockflow.media/?cat=Microscopic&sub=Waterborne&collection=Algae

#stockfootage #royaltyfree #microscopy #science #biology #micro #microscope #sciencevideo #biologylab #microworld #cellbiology #waterborne #algae #greenalgae #chloroplasts",Algae_V_TikTok,https://storage.googleapis.com/stockflow-social/Batch01/Clips/V/Microscopic_Waterborne_Algae_20260314_0274_V.mp4,Microscopic,Stockflow.media,2026-09-15 8:00
"Algae — Microscopic stock footage

Download: https://stockflow.media/?cat=Microscopic&sub=Waterborne&collection=Algae

#stockfootage #royaltyfree #microscopy #science #biology #micro #microscope #sciencevideo #biologylab #microworld #cellbiology #waterborne #algae #emeraldalgae #greenalgae",Algae_V_TikTok,https://storage.googleapis.com/stockflow-social/Batch01/Clips/V/Microscopic_Waterborne_Algae_20260314_0267_V.mp4,Microscopic,Stockflow.media,2026-09-15 12:30
"Rotifers — Microscopic stock footage

Download: https://stockflow.media/?cat=Microscopic&sub=Waterborne&collection=Rotifers

#stockfootage #royaltyfree #microscopy #science #biology #micro #microscope #sciencevideo #biologylab #microworld #cellbiology #waterborne #rotifers #rotifer #microscopic",Rotifers_V_TikTok,https://storage.googleapis.com/stockflow-social/Batch01/Clips/V/Microscopic_Waterborne_Rotifers_20260314_0266_V.mp4,Microscopic,Stockflow.media,2026-09-15 19:00
"Rotifers — Microscopic stock footage

Download: https://stockflow.media/?cat=Microscopic&sub=Waterborne&collection=Rotifers

#stockfootage #royaltyfree #microscopy #science #biology #micro #microscope #sciencevideo #biologylab #microworld #cellbiology #waterborne #rotifers #rotifer #microwaterborne",Rotifers_V_TikTok,https://storage.googleapis.com/stockflow-social/Batch01/Clips/V/Microscopic_Waterborne_Rotifers_20260314_0265_V.mp4,Microscopic,Stockflow.media,2026-09-16 8:00
"Rotifers — Microscopic stock footage

Download: https://stockflow.media/?cat=Microscopic&sub=Waterborne&collection=Rotifers

#stockfootage #royaltyfree #microscopy #science #biology #micro #microscope #sciencevideo #biologylab #microworld #cellbiology #waterborne #rotifers #micrograph #microcosm",Rotifers_V_TikTok,https://storage.googleapis.com/stockflow-social/Batch01/Clips/V/Microscopic_Waterborne_Rotifers_20260314_0264_V.mp4,Microscopic,Stockflow.media,2026-09-16 12:30
"Rotifers — Microscopic stock footage

Download: https://stockflow.media/?cat=Microscopic&sub=Waterborne&collection=Rotifers

#stockfootage #royaltyfree #microscopy #science #biology #micro #microscope #sciencevideo #biologylab #microworld #cellbiology #waterborne #rotifers #microvideo #rotifer",Rotifers_V_TikTok,https://storage.googleapis.com/stockflow-social/Batch01/Clips/V/Microscopic_Waterborne_Rotifers_20260314_0263_V.mp4,Microscopic,Stockflow.media,2026-09-16 19:00
"Rotifers — Microscopic stock footage

Download: https://stockflow.media/?cat=Microscopic&sub=Waterborne&collection=Rotifers

#stockfootage #royaltyfree #microscopy #science #biology #micro #microscope #sciencevideo #biologylab #microworld #cellbiology #waterborne #rotifers #rotifer #microrotifers",Rotifers_V_TikTok,https://storage.googleapis.com/stockflow-social/Batch01/Clips/V/Microscopic_Waterborne_Rotifers_20260314_0262_V.mp4,Microscopic,Stockflow.media,2026-09-17 8:00
"Rotifers — Microscopic stock footage

Download: https://stockflow.media/?cat=Microscopic&sub=Waterborne&collection=Rotifers

#stockfootage #royaltyfree #microscopy #science #biology #micro #microscope #sciencevideo #biologylab #microworld #cellbiology #waterborne #rotifers #rotifer #microscopic",Rotifers_V_TikTok,https://storage.googleapis.com/stockflow-social/Batch01/Clips/V/Microscopic_Waterborne_Rotifers_20260314_0261_V.mp4,Microscopic,Stockflow.media,2026-09-17 12:30
"Rotifers — Microscopic stock footage

Download: https://stockflow.media/?cat=Microscopic&sub=Waterborne&collection=Rotifers

#stockfootage #royaltyfree #microscopy #science #biology #micro #microscope #sciencevideo #biologylab #microworld #cellbiology #waterborne #rotifers #rotifer #microscopic",Rotifers_V_TikTok,https://storage.googleapis.com/stockflow-social/Batch01/Clips/V/Microscopic_Waterborne_Rotifers_20260314_0260_V.mp4,Microscopic,Stockflow.media,2026-09-17 19:00
"Rotifers — Microscopic stock footage

Download: https://stockflow.media/?cat=Microscopic&sub=Waterborne&collection=Rotifers

#stockfootage #royaltyfree #microscopy #science #biology #micro #microscope #sciencevideo #biologylab #microworld #cellbiology #waterborne #rotifers #rotifer #micrograph",Rotifers_V_TikTok,https://storage.googleapis.com/stockflow-social/Batch01/Clips/V/Microscopic_Waterborne_Rotifers_20260314_0259_V.mp4,Microscopic,Stockflow.media,2026-09-18 8:00
"Anemia — Microscopic stock footage

Download: https://stockflow.media/?cat=Microscopic&sub=Blood+Hematology&collection=Anemia

#stockfootage #royaltyfree #microscopy #science #biology #micro #microscope #sciencevideo #biologylab #microworld #cellbiology #bloodhematology #anemia #bloodsmear #neutrophils",Anemia_V_TikTok,https://storage.googleapis.com/stockflow-social/Batch01/Clips/V/Microscopic_Blood-Hematology_Anemia_20260314_0258_V.mp4,Microscopic,Stockflow.media,2026-09-18 12:30
"Anemia — Microscopic stock footage

Download: https://stockflow.media/?cat=Microscopic&sub=Blood+Hematology&collection=Anemia

#stockfootage #royaltyfree #microscopy #science #biology #micro #microscope #sciencevideo #biologylab #microworld #cellbiology #bloodhematology #anemia #peripheralbloodsmear #bloodsmear",Anemia_V_TikTok,https://storage.googleapis.com/stockflow-social/Batch01/Clips/V/Microscopic_Blood-Hematology_Anemia_20260314_0257_V.mp4,Microscopic,Stockflow.media,2026-09-18 19:00
"Hyphae — Microscopic stock footage

Download: https://stockflow.media/?cat=Microscopic&sub=Hyphae&collection=Hyphae

#stockfootage #royaltyfree #microscopy #science #biology #micro #microscope #sciencevideo #biologylab #microworld #cellbiology #hyphae #microscopic #fungal #fungi",Hyphae_V_TikTok,https://storage.googleapis.com/stockflow-social/Batch01/Clips/V/Microscopic_Hyphae_Hyphae_20260314_0254_V.mp4,Microscopic,Stockflow.media,2026-09-19 8:00
"Hyphae — Microscopic stock footage

Download: https://stockflow.media/?cat=Microscopic&sub=Hyphae&collection=Hyphae

#stockfootage #royaltyfree #microscopy #science #biology #micro #microscope #sciencevideo #biologylab #microworld #cellbiology #hyphae #microscopic #fungi #fungal",Hyphae_V_TikTok,https://storage.googleapis.com/stockflow-social/Batch01/Clips/V/Microscopic_Hyphae_Hyphae_20260314_0253_V.mp4,Microscopic,Stockflow.media,2026-09-19 12:30
"Helix — Microscopic stock footage

Download: https://stockflow.media/?cat=Microscopic&sub=Dna&collection=Helix

#stockfootage #royaltyfree #microscopy #science #biology #micro #microscope #sciencevideo #biologylab #microworld #cellbiology #dna #helix #dnahelix #doublehelix",Helix_V_TikTok,https://storage.googleapis.com/stockflow-social/Batch01/Clips/V/Microscopic_Dna_Helix_20260314_0246_V.mp4,Microscopic,Stockflow.media,2026-09-19 19:00
"Helix — Microscopic stock footage

Download: https://stockflow.media/?cat=Microscopic&sub=Dna&collection=Helix

#stockfootage #royaltyfree #microscopy #science #biology #micro #microscope #sciencevideo #biologylab #microworld #cellbiology #dna #helix #dnafootage #doublehelix",Helix_V_TikTok,https://storage.googleapis.com/stockflow-social/Batch01/Clips/V/Microscopic_Dna_Helix_20260314_0245_V.mp4,Microscopic,Stockflow.media,2026-09-20 8:00
"Helix — Microscopic stock footage

Download: https://stockflow.media/?cat=Microscopic&sub=Dna&collection=Helix

#stockfootage #royaltyfree #microscopy #science #biology #micro #microscope #sciencevideo #biologylab #microworld #cellbiology #dna #helix #doublehelix #molecularbiology",Helix_V_TikTok,https://storage.googleapis.com/stockflow-social/Batch01/Clips/V/Microscopic_Dna_Helix_20260314_0244_V.mp4,Microscopic,Stockflow.media,2026-09-20 12:30
"Dandelion — Microscopic stock footage

Download: https://stockflow.media/?cat=Microscopic&sub=Pollen&collection=Dandelion

#stockfootage #royaltyfree #microscopy #science #biology #micro #microscope #sciencevideo #biologylab #microworld #cellbiology #pollen #dandelion #dandelionseedhead #macroshot",Dandelion_V_TikTok,https://storage.googleapis.com/stockflow-social/Batch01/Clips/V/Microscopic_Pollen_Dandelion_20260314_0233_V.mp4,Microscopic,Stockflow.media,2026-09-20 19:00
"Dandelion — Microscopic stock footage

Download: https://stockflow.media/?cat=Microscopic&sub=Pollen&collection=Dandelion

#stockfootage #royaltyfree #microscopy #science #biology #micro #microscope #sciencevideo #biologylab #microworld #cellbiology #pollen #dandelion #macro #macroshot",Dandelion_V_TikTok,https://storage.googleapis.com/stockflow-social/Batch01/Clips/V/Microscopic_Pollen_Dandelion_20260314_0232_V.mp4,Microscopic,Stockflow.media,2026-09-21 8:00
"Leukemia — Microscopic stock footage

Download: https://stockflow.media/?cat=Microscopic&sub=Blood+Hematology&collection=Leukemia

#stockfootage #royaltyfree #microscopy #science #biology #micro #microscope #sciencevideo #biologylab #microworld #cellbiology #bloodhematology #leukemia #bloodsmear #thinbloodsmear",Leukemia_V_TikTok,https://storage.googleapis.com/stockflow-social/Batch01/Clips/V/Microscopic_Blood-Hematology_Leukemia_20260314_0231_V.mp4,Microscopic,Stockflow.media,2026-09-21 12:30
"Leukemia — Microscopic stock footage

Download: https://stockflow.media/?cat=Microscopic&sub=Blood+Hematology&collection=Leukemia

#stockfootage #royaltyfree #microscopy #science #biology #micro #microscope #sciencevideo #biologylab #microworld #cellbiology #bloodhematology #leukemia #bloodsmear #hematology",Leukemia_V_TikTok,https://storage.googleapis.com/stockflow-social/Batch01/Clips/V/Microscopic_Blood-Hematology_Leukemia_20260314_0230_V.mp4,Microscopic,Stockflow.media,2026-09-21 19:00
"Mosquito Larva — Microscopic stock footage

Download: https://stockflow.media/?cat=Microscopic&sub=Biological+Creatures&collection=Mosquito+Larva

#stockfootage #royaltyfree #microscopy #science #biology #micro #microscope #sciencevideo #biologylab #microworld #cellbiology #biologicalcreatures #mosquitolarva #macroshot #closeup",Mosquito Larva_V_TikTok,https://storage.googleapis.com/stockflow-social/Batch01/Clips/V/Microscopic_Biological-Creatures_Mosquito-Larva_20260314_0216_V.mp4,Microscopic,Stockflow.media,2026-09-22 8:00
"Mosquito Larva — Microscopic stock footage

Download: https://stockflow.media/?cat=Microscopic&sub=Biological+Creatures&collection=Mosquito+Larva

#stockfootage #royaltyfree #microscopy #science #biology #micro #microscope #sciencevideo #biologylab #microworld #cellbiology #biologicalcreatures #mosquitolarva #macroshot #larva",Mosquito Larva_V_TikTok,https://storage.googleapis.com/stockflow-social/Batch01/Clips/V/Microscopic_Biological-Creatures_Mosquito-Larva_20260314_0215_V.mp4,Microscopic,Stockflow.media,2026-09-22 12:30
"Paramecium — Microscopic stock footage

Download: https://stockflow.media/?cat=Microscopic&sub=Biological+Creatures&collection=Paramecium

#stockfootage #royaltyfree #microscopy #science #biology #micro #microscope #sciencevideo #biologylab #microworld #cellbiology #biologicalcreatures #paramecium #microscopicorganism #macrobiology",Paramecium_V_TikTok,https://storage.googleapis.com/stockflow-social/Batch01/Clips/V/Microscopic_Biological-Creatures_Paramecium_20260314_0210_V.mp4,Microscopic,Stockflow.media,2026-09-22 19:00
"Paramecium — Microscopic stock footage

Download: https://stockflow.media/?cat=Microscopic&sub=Biological+Creatures&collection=Paramecium

#stockfootage #royaltyfree #microscopy #science #biology #micro #microscope #sciencevideo #biologylab #microworld #cellbiology #biologicalcreatures #paramecium #ciliate #ciliates",Paramecium_V_TikTok,https://storage.googleapis.com/stockflow-social/Batch01/Clips/V/Microscopic_Biological-Creatures_Paramecium_20260314_0209_V.mp4,Microscopic,Stockflow.media,2026-09-23 8:00
"Paramecium — Microscopic stock footage

Download: https://stockflow.media/?cat=Microscopic&sub=Biological+Creatures&collection=Paramecium

#stockfootage #royaltyfree #microscopy #science #biology #micro #microscope #sciencevideo #biologylab #microworld #cellbiology #biologicalcreatures #paramecium #closeup #highdetail",Paramecium_V_TikTok,https://storage.googleapis.com/stockflow-social/Batch01/Clips/V/Microscopic_Biological-Creatures_Paramecium_20260314_0208_V.mp4,Microscopic,Stockflow.media,2026-09-23 12:30
"Paramecium — Microscopic stock footage

Download: https://stockflow.media/?cat=Microscopic&sub=Biological+Creatures&collection=Paramecium

#stockfootage #royaltyfree #microscopy #science #biology #micro #microscope #sciencevideo #biologylab #microworld #cellbiology #biologicalcreatures #paramecium #singlecelledorganism #translucentbody",Paramecium_V_TikTok,https://storage.googleapis.com/stockflow-social/Batch01/Clips/V/Microscopic_Biological-Creatures_Paramecium_20260314_0207_V.mp4,Microscopic,Stockflow.media,2026-09-23 19:00
"Paramecium — Microscopic stock footage

Download: https://stockflow.media/?cat=Microscopic&sub=Biological+Creatures&collection=Paramecium

#stockfootage #royaltyfree #microscopy #science #biology #micro #microscope #sciencevideo #biologylab #microworld #cellbiology #biologicalcreatures #paramecium #paramecia #ciliates",Paramecium_V_TikTok,https://storage.googleapis.com/stockflow-social/Batch01/Clips/V/Microscopic_Biological-Creatures_Paramecium_20260314_0206_V.mp4,Microscopic,Stockflow.media,2026-09-24 8:00
"Tardigrade — Microscopic stock footage

Download: https://stockflow.media/?cat=Microscopic&sub=Biological+Creatures&collection=Tardigrade

#stockfootage #royaltyfree #microscopy #science #biology #micro #microscope #sciencevideo #biologylab #microworld #cellbiology #biologicalcreatures #tardigrade #translucent #bubblewrapped",Tardigrade_V_TikTok,https://storage.googleapis.com/stockflow-social/Batch01/Clips/V/Microscopic_Biological-Creatures_Tardigrade_20260314_0205_V.mp4,Microscopic,Stockflow.media,2026-09-24 12:30
"Tardigrade — Microscopic stock footage

Download: https://stockflow.media/?cat=Microscopic&sub=Biological+Creatures&collection=Tardigrade

#stockfootage #royaltyfree #microscopy #science #biology #micro #microscope #sciencevideo #biologylab #microworld #cellbiology #biologicalcreatures #tardigrade #delicate #translucent",Tardigrade_V_TikTok,https://storage.googleapis.com/stockflow-social/Batch01/Clips/V/Microscopic_Biological-Creatures_Tardigrade_20260314_0204_V.mp4,Microscopic,Stockflow.media,2026-09-24 19:00
"Tardigrade — Microscopic stock footage

Download: https://stockflow.media/?cat=Microscopic&sub=Biological+Creatures&collection=Tardigrade

#stockfootage #royaltyfree #microscopy #science #biology #micro #microscope #sciencevideo #biologylab #microworld #cellbiology #biologicalcreatures #tardigrade #microscopic #closeup",Tardigrade_V_TikTok,https://storage.googleapis.com/stockflow-social/Batch01/Clips/V/Microscopic_Biological-Creatures_Tardigrade_20260314_0203_V.mp4,Microscopic,Stockflow.media,2026-09-25 8:00
"Tardigrade — Microscopic stock footage

Download: https://stockflow.media/?cat=Microscopic&sub=Biological+Creatures&collection=Tardigrade

#stockfootage #royaltyfree #microscopy #science #biology #micro #microscope #sciencevideo #biologylab #microworld #cellbiology #biologicalcreatures #tardigrade #microscopic #microbe",Tardigrade_V_TikTok,https://storage.googleapis.com/stockflow-social/Batch01/Clips/V/Microscopic_Biological-Creatures_Tardigrade_20260314_0200_V.mp4,Microscopic,Stockflow.media,2026-09-25 12:30
"Eukaryotic Cell — Microscopic stock footage

Download: https://stockflow.media/?cat=Microscopic&sub=Biological+Creatures&collection=Eukaryotic+Cell

#stockfootage #royaltyfree #microscopy #science #biology #micro #microscope #sciencevideo #biologylab #microworld #cellbiology #biologicalcreatures #eukaryoticcell #cellular #cell",Eukaryotic Cell_V_TikTok,https://storage.googleapis.com/stockflow-social/Batch01/Clips/V/Microscopic_Biological-Creatures_Eukaryotic-Cell_20260314_0197_V.mp4,Microscopic,Stockflow.media,2026-09-25 19:00
"Eukaryotic Cell — Microscopic stock footage

Download: https://stockflow.media/?cat=Microscopic&sub=Biological+Creatures&collection=Eukaryotic+Cell

#stockfootage #royaltyfree #microscopy #science #biology #micro #microscope #sciencevideo #biologylab #microworld #cellbiology #biologicalcreatures #eukaryoticcell #microscopic #cell",Eukaryotic Cell_V_TikTok,https://storage.googleapis.com/stockflow-social/Batch01/Clips/V/Microscopic_Biological-Creatures_Eukaryotic-Cell_20260314_0196_V.mp4,Microscopic,Stockflow.media,2026-09-26 8:00
"Eukaryotic Cell — Microscopic stock footage

Download: https://stockflow.media/?cat=Microscopic&sub=Biological+Creatures&collection=Eukaryotic+Cell

#stockfootage #royaltyfree #microscopy #science #biology #micro #microscope #sciencevideo #biologylab #microworld #cellbiology #biologicalcreatures #eukaryoticcell #neon #crosssection",Eukaryotic Cell_V_TikTok,https://storage.googleapis.com/stockflow-social/Batch01/Clips/V/Microscopic_Biological-Creatures_Eukaryotic-Cell_20260314_0193_V.mp4,Microscopic,Stockflow.media,2026-09-26 12:30
"Planktonic — Microscopic stock footage

Download: https://stockflow.media/?cat=Microscopic&sub=Biological+Creatures&collection=Planktonic

#stockfootage #royaltyfree #microscopy #science #biology #micro #microscope #sciencevideo #biologylab #microworld #cellbiology #biologicalcreatures #planktonic #plankton #microorganisms",Planktonic_V_TikTok,https://storage.googleapis.com/stockflow-social/Batch01/Clips/V/Microscopic_Biological-Creatures_Planktonic_20260314_0190_V.mp4,Microscopic,Stockflow.media,2026-09-26 19:00
"Planktonic — Microscopic stock footage

Download: https://stockflow.media/?cat=Microscopic&sub=Biological+Creatures&collection=Planktonic

#stockfootage #royaltyfree #microscopy #science #biology #micro #microscope #sciencevideo #biologylab #microworld #cellbiology #biologicalcreatures #planktonic #plankton #microscopic",Planktonic_V_TikTok,https://storage.googleapis.com/stockflow-social/Batch01/Clips/V/Microscopic_Biological-Creatures_Planktonic_20260314_0189_V.mp4,Microscopic,Stockflow.media,2026-09-27 8:00
"Planktonic — Microscopic stock footage

Download: https://stockflow.media/?cat=Microscopic&sub=Biological+Creatures&collection=Planktonic

#stockfootage #royaltyfree #microscopy #science #biology #micro #microscope #sciencevideo #biologylab #microworld #cellbiology #biologicalcreatures #planktonic #plankton #microscopic",Planktonic_V_TikTok,https://storage.googleapis.com/stockflow-social/Batch01/Clips/V/Microscopic_Biological-Creatures_Planktonic_20260314_0188_V.mp4,Microscopic,Stockflow.media,2026-09-27 12:30
"Planktonic — Microscopic stock footage

Download: https://stockflow.media/?cat=Microscopic&sub=Biological+Creatures&collection=Planktonic

#stockfootage #royaltyfree #microscopy #science #biology #micro #microscope #sciencevideo #biologylab #microworld #cellbiology #biologicalcreatures #planktonic #plankton #bloom",Planktonic_V_TikTok,https://storage.googleapis.com/stockflow-social/Batch01/Clips/V/Microscopic_Biological-Creatures_Planktonic_20260314_0187_V.mp4,Microscopic,Stockflow.media,2026-09-27 19:00
"Planktonic — Microscopic stock footage

Download: https://stockflow.media/?cat=Microscopic&sub=Biological+Creatures&collection=Planktonic

#stockfootage #royaltyfree #microscopy #science #biology #micro #microscope #sciencevideo #biologylab #microworld #cellbiology #biologicalcreatures #planktonic #plankton #microscopic",Planktonic_V_TikTok,https://storage.googleapis.com/stockflow-social/Batch01/Clips/V/Microscopic_Biological-Creatures_Planktonic_20260314_0186_V.mp4,Microscopic,Stockflow.media,2026-09-28 8:00
"Planktonic — Microscopic stock footage

Download: https://stockflow.media/?cat=Microscopic&sub=Biological+Creatures&collection=Planktonic

#stockfootage #royaltyfree #microscopy #science #biology #micro #microscope #sciencevideo #biologylab #microworld #cellbiology #biologicalcreatures #planktonic #plankton #microscopic",Planktonic_V_TikTok,https://storage.googleapis.com/stockflow-social/Batch01/Clips/V/Microscopic_Biological-Creatures_Planktonic_20260314_0185_V.mp4,Microscopic,Stockflow.media,2026-09-28 12:30
"Planktonic — Microscopic stock footage

Download: https://stockflow.media/?cat=Microscopic&sub=Biological+Creatures&collection=Planktonic

#stockfootage #royaltyfree #microscopy #science #biology #micro #microscope #sciencevideo #biologylab #microworld #cellbiology #biologicalcreatures #planktonic #plankton #microscopic",Planktonic_V_TikTok,https://storage.googleapis.com/stockflow-social/Batch01/Clips/V/Microscopic_Biological-Creatures_Planktonic_20260314_0184_V.mp4,Microscopic,Stockflow.media,2026-09-28 19:00
"Planktonic — Microscopic stock footage

Download: https://stockflow.media/?cat=Microscopic&sub=Biological+Creatures&collection=Planktonic

#stockfootage #royaltyfree #microscopy #science #biology #micro #microscope #sciencevideo #biologylab #microworld #cellbiology #biologicalcreatures #planktonic #plankton #crustacean",Planktonic_V_TikTok,https://storage.googleapis.com/stockflow-social/Batch01/Clips/V/Microscopic_Biological-Creatures_Planktonic_20260314_0181_V.mp4,Microscopic,Stockflow.media,2026-09-29 8:00
"Mitochondria — Microscopic stock footage

Download: https://stockflow.media/?cat=Microscopic&sub=Biological+Creatures&collection=Mitochondria

#stockfootage #royaltyfree #microscopy #science #biology #micro #microscope #sciencevideo #biologylab #microworld #cellbiology #biologicalcreatures #mitochondria #mitochondrion #cristae",Mitochondria_V_TikTok,https://storage.googleapis.com/stockflow-social/Batch01/Clips/V/Microscopic_Biological-Creatures_Mitochondria_20260314_0178_V.mp4,Microscopic,Stockflow.media,2026-09-29 12:30
"Mitochondria — Microscopic stock footage

Download: https://stockflow.media/?cat=Microscopic&sub=Biological+Creatures&collection=Mitochondria

#stockfootage #royaltyfree #microscopy #science #biology #micro #microscope #sciencevideo #biologylab #microworld #cellbiology #biologicalcreatures #mitochondria #mitochondrion #cellularrespiration",Mitochondria_V_TikTok,https://storage.googleapis.com/stockflow-social/Batch01/Clips/V/Microscopic_Biological-Creatures_Mitochondria_20260314_0177_V.mp4,Microscopic,Stockflow.media,2026-09-29 19:00
"Mitochondria — Microscopic stock footage

Download: https://stockflow.media/?cat=Microscopic&sub=Biological+Creatures&collection=Mitochondria

#stockfootage #royaltyfree #microscopy #science #biology #micro #microscope #sciencevideo #biologylab #microworld #cellbiology #biologicalcreatures #mitochondria #micrographic #microscopic",Mitochondria_V_TikTok,https://storage.googleapis.com/stockflow-social/Batch01/Clips/V/Microscopic_Biological-Creatures_Mitochondria_20260314_0176_V.mp4,Microscopic,Stockflow.media,2026-09-30 8:00
"Mitochondria — Microscopic stock footage

Download: https://stockflow.media/?cat=Microscopic&sub=Biological+Creatures&collection=Mitochondria

#stockfootage #royaltyfree #microscopy #science #biology #micro #microscope #sciencevideo #biologylab #microworld #cellbiology #biologicalcreatures #mitochondria #mitochondrion #3danimation",Mitochondria_V_TikTok,https://storage.googleapis.com/stockflow-social/Batch01/Clips/V/Microscopic_Biological-Creatures_Mitochondria_20260314_0175_V.mp4,Microscopic,Stockflow.media,2026-09-30 12:30
"Mitochondria — Microscopic stock footage

Download: https://stockflow.media/?cat=Microscopic&sub=Biological+Creatures&collection=Mitochondria

#stockfootage #royaltyfree #microscopy #science #biology #micro #microscope #sciencevideo #biologylab #microworld #cellbiology #biologicalcreatures #mitochondria #highmagnification #bluefilaments",Mitochondria_V_TikTok,https://storage.googleapis.com/stockflow-social/Batch01/Clips/V/Microscopic_Biological-Creatures_Mitochondria_20260314_0174_V.mp4,Microscopic,Stockflow.media,2026-09-30 19:00
"Mitochondria — Microscopic stock footage

Download: https://stockflow.media/?cat=Microscopic&sub=Biological+Creatures&collection=Mitochondria

#stockfootage #royaltyfree #microscopy #science #biology #micro #microscope #sciencevideo #biologylab #microworld #cellbiology #biologicalcreatures #mitochondria #mitochondrion #3drender",Mitochondria_V_TikTok,https://storage.googleapis.com/stockflow-social/Batch01/Clips/V/Microscopic_Biological-Creatures_Mitochondria_20260314_0167_V.mp4,Microscopic,Stockflow.media,2026-10-01 8:00
"Cross Section — Microscopic stock footage

Download: https://stockflow.media/?cat=Microscopic&sub=Biological+Creatures&collection=Cross+Section

#stockfootage #royaltyfree #microscopy #science #biology #micro #microscope #sciencevideo #biologylab #microworld #cellbiology #biologicalcreatures #crosssection #vividgreen #microscopiccrosssection",Cross Section_V_TikTok,https://storage.googleapis.com/stockflow-social/Batch01/Clips/V/Microscopic_Biological-Creatures_Cross-Section_20260314_0166_V.mp4,Microscopic,Stockflow.media,2026-10-01 12:30
"Cross Section — Microscopic stock footage

Download: https://stockflow.media/?cat=Microscopic&sub=Biological+Creatures&collection=Cross+Section

#stockfootage #royaltyfree #microscopy #science #biology #micro #microscope #sciencevideo #biologylab #microworld #cellbiology #biologicalcreatures #crosssection #plantcell #micrographic",Cross Section_V_TikTok,https://storage.googleapis.com/stockflow-social/Batch01/Clips/V/Microscopic_Biological-Creatures_Cross-Section_20260314_0165_V.mp4,Microscopic,Stockflow.media,2026-10-01 19:00
"Cross Section — Microscopic stock footage

Download: https://stockflow.media/?cat=Microscopic&sub=Biological+Creatures&collection=Cross+Section

#stockfootage #royaltyfree #microscopy #science #biology #micro #microscope #sciencevideo #biologylab #microworld #cellbiology #biologicalcreatures #crosssection #plantcell #cellwall",Cross Section_V_TikTok,https://storage.googleapis.com/stockflow-social/Batch01/Clips/V/Microscopic_Biological-Creatures_Cross-Section_20260314_0164_V.mp4,Microscopic,Stockflow.media,2026-10-02 8:00
"Cross Section — Microscopic stock footage

Download: https://stockflow.media/?cat=Microscopic&sub=Biological+Creatures&collection=Cross+Section

#stockfootage #royaltyfree #microscopy #science #biology #micro #microscope #sciencevideo #biologylab #microworld #cellbiology #biologicalcreatures #crosssection #plantcell #microscopiccrosssection",Cross Section_V_TikTok,https://storage.googleapis.com/stockflow-social/Batch01/Clips/V/Microscopic_Biological-Creatures_Cross-Section_20260314_0163_V.mp4,Microscopic,Stockflow.media,2026-10-02 12:30
"Cross Section — Microscopic stock footage

Download: https://stockflow.media/?cat=Microscopic&sub=Biological+Creatures&collection=Cross+Section

#stockfootage #royaltyfree #microscopy #science #biology #micro #microscope #sciencevideo #biologylab #microworld #cellbiology #biologicalcreatures #crosssection #plantcell #magnified",Cross Section_V_TikTok,https://storage.googleapis.com/stockflow-social/Batch01/Clips/V/Microscopic_Biological-Creatures_Cross-Section_20260314_0162_V.mp4,Microscopic,Stockflow.media,2026-10-02 19:00
"Cross Section — Microscopic stock footage

Download: https://stockflow.media/?cat=Microscopic&sub=Biological+Creatures&collection=Cross+Section

#stockfootage #royaltyfree #microscopy #science #biology #micro #microscope #sciencevideo #biologylab #microworld #cellbiology #biologicalcreatures #crosssection #plantcells #cellwalls",Cross Section_V_TikTok,https://storage.googleapis.com/stockflow-social/Batch01/Clips/V/Microscopic_Biological-Creatures_Cross-Section_20260314_0161_V.mp4,Microscopic,Stockflow.media,2026-10-03 8:00
"Cross Section — Microscopic stock footage

Download: https://stockflow.media/?cat=Microscopic&sub=Biological+Creatures&collection=Cross+Section

#stockfootage #royaltyfree #microscopy #science #biology #micro #microscope #sciencevideo #biologylab #microworld #cellbiology #biologicalcreatures #crosssection #planttissue #microscopicview",Cross Section_V_TikTok,https://storage.googleapis.com/stockflow-social/Batch01/Clips/V/Microscopic_Biological-Creatures_Cross-Section_20260314_0160_V.mp4,Microscopic,Stockflow.media,2026-10-03 12:30
"Cross Section — Microscopic stock footage

Download: https://stockflow.media/?cat=Microscopic&sub=Biological+Creatures&collection=Cross+Section

#stockfootage #royaltyfree #microscopy #science #biology #micro #microscope #sciencevideo #biologylab #microworld #cellbiology #biologicalcreatures #crosssection #plant #plantcell",Cross Section_V_TikTok,https://storage.googleapis.com/stockflow-social/Batch01/Clips/V/Microscopic_Biological-Creatures_Cross-Section_20260314_0156_V.mp4,Microscopic,Stockflow.media,2026-10-03 19:00
"Intracellular — Microscopic stock footage

Download: https://stockflow.media/?cat=Microscopic&sub=Biological+Creatures&collection=Intracellular

#stockfootage #royaltyfree #microscopy #science #biology #micro #microscope #sciencevideo #biologylab #microworld #cellbiology #biologicalcreatures #intracellular #microscopic #cells",Intracellular_V_TikTok,https://storage.googleapis.com/stockflow-social/Batch01/Clips/V/Microscopic_Biological-Creatures_Intracellular_20260314_0152_V.mp4,Microscopic,Stockflow.media,2026-10-04 8:00
"Intracellular — Microscopic stock footage

Download: https://stockflow.media/?cat=Microscopic&sub=Biological+Creatures&collection=Intracellular

#stockfootage #royaltyfree #microscopy #science #biology #micro #microscope #sciencevideo #biologylab #microworld #cellbiology #biologicalcreatures #intracellular #cellular #cells",Intracellular_V_TikTok,https://storage.googleapis.com/stockflow-social/Batch01/Clips/V/Microscopic_Biological-Creatures_Intracellular_20260314_0151_V.mp4,Microscopic,Stockflow.media,2026-10-04 12:30
"Intracellular — Microscopic stock footage

Download: https://stockflow.media/?cat=Microscopic&sub=Biological+Creatures&collection=Intracellular

#stockfootage #royaltyfree #microscopy #science #biology #micro #microscope #sciencevideo #biologylab #microworld #cellbiology #biologicalcreatures #intracellular #microscopic #cellular",Intracellular_V_TikTok,https://storage.googleapis.com/stockflow-social/Batch01/Clips/V/Microscopic_Biological-Creatures_Intracellular_20260314_0150_V.mp4,Microscopic,Stockflow.media,2026-10-04 19:00
"Intracellular — Microscopic stock footage

Download: https://stockflow.media/?cat=Microscopic&sub=Biological+Creatures&collection=Intracellular

#stockfootage #royaltyfree #microscopy #science #biology #micro #microscope #sciencevideo #biologylab #microworld #cellbiology #biologicalcreatures #intracellular #elongatedcell #translucentcell",Intracellular_V_TikTok,https://storage.googleapis.com/stockflow-social/Batch01/Clips/V/Microscopic_Biological-Creatures_Intracellular_20260314_0149_V.mp4,Microscopic,Stockflow.media,2026-10-05 8:00
"Intracellular — Microscopic stock footage

Download: https://stockflow.media/?cat=Microscopic&sub=Biological+Creatures&collection=Intracellular

#stockfootage #royaltyfree #microscopy #science #biology #micro #microscope #sciencevideo #biologylab #microworld #cellbiology #biologicalcreatures #intracellular #organelle #dna",Intracellular_V_TikTok,https://storage.googleapis.com/stockflow-social/Batch01/Clips/V/Microscopic_Biological-Creatures_Intracellular_20260314_0143_V.mp4,Microscopic,Stockflow.media,2026-10-05 12:30
"Bacteria — Microscopic stock footage

Download: https://stockflow.media/?cat=Microscopic&sub=Biological+Creatures&collection=Bacteria

#stockfootage #royaltyfree #microscopy #science #biology #micro #microscope #sciencevideo #biologylab #microworld #cellbiology #biologicalcreatures #bacteria #electronmicroscopy #sem",Bacteria_V_TikTok,https://storage.googleapis.com/stockflow-social/Batch01/Clips/V/Microscopic_Biological-Creatures_Bacteria_20260314_0137_V.mp4,Microscopic,Stockflow.media,2026-10-05 19:00
"Bacteria — Microscopic stock footage

Download: https://stockflow.media/?cat=Microscopic&sub=Biological+Creatures&collection=Bacteria

#stockfootage #royaltyfree #microscopy #science #biology #micro #microscope #sciencevideo #biologylab #microworld #cellbiology #biologicalcreatures #bacteria #bacterium #rodshaped",Bacteria_V_TikTok,https://storage.googleapis.com/stockflow-social/Batch01/Clips/V/Microscopic_Biological-Creatures_Bacteria_20260314_0136_V.mp4,Microscopic,Stockflow.media,2026-10-06 8:00
"Bacteria — Microscopic stock footage

Download: https://stockflow.media/?cat=Microscopic&sub=Biological+Creatures&collection=Bacteria

#stockfootage #royaltyfree #microscopy #science #biology #micro #microscope #sciencevideo #biologylab #microworld #cellbiology #biologicalcreatures #bacteria #bacterialcells #chainofbacteria",Bacteria_V_TikTok,https://storage.googleapis.com/stockflow-social/Batch01/Clips/V/Microscopic_Biological-Creatures_Bacteria_20260314_0135_V.mp4,Microscopic,Stockflow.media,2026-10-06 12:30
"Bacteria — Microscopic stock footage

Download: https://stockflow.media/?cat=Microscopic&sub=Biological+Creatures&collection=Bacteria

#stockfootage #royaltyfree #microscopy #science #biology #micro #microscope #sciencevideo #biologylab #microworld #cellbiology #biologicalcreatures #bacteria #microscopic #microbe",Bacteria_V_TikTok,https://storage.googleapis.com/stockflow-social/Batch01/Clips/V/Microscopic_Biological-Creatures_Bacteria_20260314_0134_V.mp4,Microscopic,Stockflow.media,2026-10-06 19:00
"Alien — Microscopic stock footage

Download: https://stockflow.media/?cat=Microscopic&sub=Biological+Creatures&collection=Alien

#stockfootage #royaltyfree #microscopy #science #biology #micro #microscope #sciencevideo #biologylab #microworld #cellbiology #biologicalcreatures #alien #jellyfishlike #transparent",Alien_V_TikTok,https://storage.googleapis.com/stockflow-social/Batch01/Clips/V/Microscopic_Biological-Creatures_Alien_20260314_0125_V.mp4,Microscopic,Stockflow.media,2026-10-07 8:00
"Alien — Microscopic stock footage

Download: https://stockflow.media/?cat=Microscopic&sub=Biological+Creatures&collection=Alien

#stockfootage #royaltyfree #microscopy #science #biology #micro #microscope #sciencevideo #biologylab #microworld #cellbiology #biologicalcreatures #alien #macro #macrophotography",Alien_V_TikTok,https://storage.googleapis.com/stockflow-social/Batch01/Clips/V/Microscopic_Biological-Creatures_Alien_20260314_0124_V.mp4,Microscopic,Stockflow.media,2026-10-07 12:30
"Alien — Microscopic stock footage

Download: https://stockflow.media/?cat=Microscopic&sub=Biological+Creatures&collection=Alien

#stockfootage #royaltyfree #microscopy #science #biology #micro #microscope #sciencevideo #biologylab #microworld #cellbiology #biologicalcreatures #alien #microscopic #jellyfish",Alien_V_TikTok,https://storage.googleapis.com/stockflow-social/Batch01/Clips/V/Microscopic_Biological-Creatures_Alien_20260314_0123_V.mp4,Microscopic,Stockflow.media,2026-10-07 19:00
"Bacillus — Microscopic stock footage

Download: https://stockflow.media/?cat=Microscopic&sub=Bacteria&collection=Bacillus

#stockfootage #royaltyfree #microscopy #science #biology #micro #microscope #sciencevideo #biologylab #microworld #cellbiology #bacteria #bacillus #closeup #highcontrast",Bacillus_V_TikTok,https://storage.googleapis.com/stockflow-social/Batch01/Clips/V/Microscopic_Bacteria_Bacillus_20260314_0122_V.mp4,Microscopic,Stockflow.media,2026-10-08 8:00
"Filaments — Microscopic stock footage

Download: https://stockflow.media/?cat=Microscopic&sub=Actin&collection=Filaments

#stockfootage #royaltyfree #microscopy #science #biology #micro #microscope #sciencevideo #biologylab #microworld #cellbiology #actin #filaments #fluorescentmicroscopy #fluorescenceimaging",Filaments_V_TikTok,https://storage.googleapis.com/stockflow-social/Batch01/Clips/V/Microscopic_Actin_Filaments_20260314_0107_V.mp4,Microscopic,Stockflow.media,2026-10-08 12:30
"Filaments — Microscopic stock footage

Download: https://stockflow.media/?cat=Microscopic&sub=Actin&collection=Filaments

#stockfootage #royaltyfree #microscopy #science #biology #micro #microscope #sciencevideo #biologylab #microworld #cellbiology #actin #filaments #actinfilaments #cytoskeleton",Filaments_V_TikTok,https://storage.googleapis.com/stockflow-social/Batch01/Clips/V/Microscopic_Actin_Filaments_20260314_0106_V.mp4,Microscopic,Stockflow.media,2026-10-08 19:00
"Filaments — Microscopic stock footage

Download: https://stockflow.media/?cat=Microscopic&sub=Actin&collection=Filaments

#stockfootage #royaltyfree #microscopy #science #biology #micro #microscope #sciencevideo #biologylab #microworld #cellbiology #actin #filaments #fluorescentcellimage #cytoskeleton",Filaments_V_TikTok,https://storage.googleapis.com/stockflow-social/Batch01/Clips/V/Microscopic_Actin_Filaments_20260314_0105_V.mp4,Microscopic,Stockflow.media,2026-10-09 8:00
"Membrane — Microscopic stock footage

Download: https://stockflow.media/?cat=Microscopic&sub=Virus&collection=Membrane

#stockfootage #royaltyfree #microscopy #science #biology #micro #microscope #sciencevideo #biologylab #microworld #cellbiology #virus #membrane #virusparticle #spikyvirus",Membrane_V_TikTok,https://storage.googleapis.com/stockflow-social/Batch01/Clips/V/Microscopic_Virus_Membrane_20260314_0098_V.mp4,Microscopic,Stockflow.media,2026-10-09 12:30
"Membrane — Microscopic stock footage

Download: https://stockflow.media/?cat=Microscopic&sub=Virus&collection=Membrane

#stockfootage #royaltyfree #microscopy #science #biology #micro #microscope #sciencevideo #biologylab #microworld #cellbiology #virus #membrane #virusparticle #spike",Membrane_V_TikTok,https://storage.googleapis.com/stockflow-social/Batch01/Clips/V/Microscopic_Virus_Membrane_20260314_0097_V.mp4,Microscopic,Stockflow.media,2026-10-09 19:00
"Membrane — Microscopic stock footage

Download: https://stockflow.media/?cat=Microscopic&sub=Virus&collection=Membrane

#stockfootage #royaltyfree #microscopy #science #biology #micro #microscope #sciencevideo #biologylab #microworld #cellbiology #virus #membrane #cellmembrane #receptors",Membrane_V_TikTok,https://storage.googleapis.com/stockflow-social/Batch01/Clips/V/Microscopic_Virus_Membrane_20260314_0096_V.mp4,Microscopic,Stockflow.media,2026-10-10 8:00
"Membrane — Microscopic stock footage

Download: https://stockflow.media/?cat=Microscopic&sub=Virus&collection=Membrane

#stockfootage #royaltyfree #microscopy #science #biology #micro #microscope #sciencevideo #biologylab #microworld #cellbiology #virus #membrane #virusparticle #cellmembrane",Membrane_V_TikTok,https://storage.googleapis.com/stockflow-social/Batch01/Clips/V/Microscopic_Virus_Membrane_20260314_0095_V.mp4,Microscopic,Stockflow.media,2026-10-10 12:30
"Membrane — Microscopic stock footage

Download: https://stockflow.media/?cat=Microscopic&sub=Virus&collection=Membrane

#stockfootage #royaltyfree #microscopy #science #biology #micro #microscope #sciencevideo #biologylab #microworld #cellbiology #virus #membrane #closeup #virusparticle",Membrane_V_TikTok,https://storage.googleapis.com/stockflow-social/Batch01/Clips/V/Microscopic_Virus_Membrane_20260314_0094_V.mp4,Microscopic,Stockflow.media,2026-10-10 19:00
"Membrane — Microscopic stock footage

Download: https://stockflow.media/?cat=Microscopic&sub=Virus&collection=Membrane

#stockfootage #royaltyfree #microscopy #science #biology #micro #microscope #sciencevideo #biologylab #microworld #cellbiology #virus #membrane #pathogen #sphericalpathogen",Membrane_V_TikTok,https://storage.googleapis.com/stockflow-social/Batch01/Clips/V/Microscopic_Virus_Membrane_20260314_0093_V.mp4,Microscopic,Stockflow.media,2026-10-11 8:00
"Membrane — Microscopic stock footage

Download: https://stockflow.media/?cat=Microscopic&sub=Virus&collection=Membrane

#stockfootage #royaltyfree #microscopy #science #biology #micro #microscope #sciencevideo #biologylab #microworld #cellbiology #virus #membrane #viralparticle #spikyvirus",Membrane_V_TikTok,https://storage.googleapis.com/stockflow-social/Batch01/Clips/V/Microscopic_Virus_Membrane_20260314_0092_V.mp4,Microscopic,Stockflow.media,2026-10-11 12:30
"Membrane — Microscopic stock footage

Download: https://stockflow.media/?cat=Microscopic&sub=Virus&collection=Membrane

#stockfootage #royaltyfree #microscopy #science #biology #micro #microscope #sciencevideo #biologylab #microworld #cellbiology #virus #membrane #virusentry #viralentry",Membrane_V_TikTok,https://storage.googleapis.com/stockflow-social/Batch01/Clips/V/Microscopic_Virus_Membrane_20260314_0091_V.mp4,Microscopic,Stockflow.media,2026-10-11 19:00
"Membrane — Microscopic stock footage

Download: https://stockflow.media/?cat=Microscopic&sub=Virus&collection=Membrane

#stockfootage #royaltyfree #microscopy #science #biology #micro #microscope #sciencevideo #biologylab #microworld #cellbiology #virus #membrane #virusparticle #spikeproteins",Membrane_V_TikTok,https://storage.googleapis.com/stockflow-social/Batch01/Clips/V/Microscopic_Virus_Membrane_20260314_0090_V.mp4,Microscopic,Stockflow.media,2026-10-12 8:00
"Membrane — Microscopic stock footage

Download: https://stockflow.media/?cat=Microscopic&sub=Virus&collection=Membrane

#stockfootage #royaltyfree #microscopy #science #biology #micro #microscope #sciencevideo #biologylab #microworld #cellbiology #virus #membrane #virusparticle #virion",Membrane_V_TikTok,https://storage.googleapis.com/stockflow-social/Batch01/Clips/V/Microscopic_Virus_Membrane_20260314_0089_V.mp4,Microscopic,Stockflow.media,2026-10-12 12:30
"Membrane — Microscopic stock footage

Download: https://stockflow.media/?cat=Microscopic&sub=Virus&collection=Membrane

#stockfootage #royaltyfree #microscopy #science #biology #micro #microscope #sciencevideo #biologylab #microworld #cellbiology #virus #membrane #virusparticle #cellularmembrane",Membrane_V_TikTok,https://storage.googleapis.com/stockflow-social/Batch01/Clips/V/Microscopic_Virus_Membrane_20260314_0088_V.mp4,Microscopic,Stockflow.media,2026-10-12 19:00
"Membrane — Microscopic stock footage

Download: https://stockflow.media/?cat=Microscopic&sub=Virus&collection=Membrane

#stockfootage #royaltyfree #microscopy #science #biology #micro #microscope #sciencevideo #biologylab #microworld #cellbiology #virus #membrane #virusparticle #cellmembrane",Membrane_V_TikTok,https://storage.googleapis.com/stockflow-social/Batch01/Clips/V/Microscopic_Virus_Membrane_20260314_0087_V.mp4,Microscopic,Stockflow.media,2026-10-13 8:00
"Membrane — Microscopic stock footage

Download: https://stockflow.media/?cat=Microscopic&sub=Virus&collection=Membrane

#stockfootage #royaltyfree #microscopy #science #biology #micro #microscope #sciencevideo #biologylab #microworld #cellbiology #virus #membrane #cellularmembrane #spikeproteins",Membrane_V_TikTok,https://storage.googleapis.com/stockflow-social/Batch01/Clips/V/Microscopic_Virus_Membrane_20260314_0086_V.mp4,Microscopic,Stockflow.media,2026-10-13 12:30
"Membrane — Microscopic stock footage

Download: https://stockflow.media/?cat=Microscopic&sub=Virus&collection=Membrane

#stockfootage #royaltyfree #microscopy #science #biology #micro #microscope #sciencevideo #biologylab #microworld #cellbiology #virus #membrane #cell #cellular",Membrane_V_TikTok,https://storage.googleapis.com/stockflow-social/Batch01/Clips/V/Microscopic_Virus_Membrane_20260314_0085_V.mp4,Microscopic,Stockflow.media,2026-10-13 19:00
"Membrane — Microscopic stock footage

Download: https://stockflow.media/?cat=Microscopic&sub=Virus&collection=Membrane

#stockfootage #royaltyfree #microscopy #science #biology #micro #microscope #sciencevideo #biologylab #microworld #cellbiology #virus #membrane #virusanimation #coronavirus",Membrane_V_TikTok,https://storage.googleapis.com/stockflow-social/Batch01/Clips/V/Microscopic_Virus_Membrane_20260314_0084_V.mp4,Microscopic,Stockflow.media,2026-10-14 8:00
"Membrane — Microscopic stock footage

Download: https://stockflow.media/?cat=Microscopic&sub=Virus&collection=Membrane

#stockfootage #royaltyfree #microscopy #science #biology #micro #microscope #sciencevideo #biologylab #microworld #cellbiology #virus #membrane #virusparticles #cellmembrane",Membrane_V_TikTok,https://storage.googleapis.com/stockflow-social/Batch01/Clips/V/Microscopic_Virus_Membrane_20260314_0083_V.mp4,Microscopic,Stockflow.media,2026-10-14 12:30
"Membrane — Microscopic stock footage

Download: https://stockflow.media/?cat=Microscopic&sub=Virus&collection=Membrane

#stockfootage #royaltyfree #microscopy #science #biology #micro #microscope #sciencevideo #biologylab #microworld #cellbiology #virus #membrane #virushostinteraction #cellmembrane",Membrane_V_TikTok,https://storage.googleapis.com/stockflow-social/Batch01/Clips/V/Microscopic_Virus_Membrane_20260314_0082_V.mp4,Microscopic,Stockflow.media,2026-10-14 19:00
"Membrane — Microscopic stock footage

Download: https://stockflow.media/?cat=Microscopic&sub=Virus&collection=Membrane

#stockfootage #royaltyfree #microscopy #science #biology #micro #microscope #sciencevideo #biologylab #microworld #cellbiology #virus #membrane #virology #redvirus",Membrane_V_TikTok,https://storage.googleapis.com/stockflow-social/Batch01/Clips/V/Microscopic_Virus_Membrane_20260314_0081_V.mp4,Microscopic,Stockflow.media,2026-10-15 8:00
"Membrane — Microscopic stock footage

Download: https://stockflow.media/?cat=Microscopic&sub=Virus&collection=Membrane

#stockfootage #royaltyfree #microscopy #science #biology #micro #microscope #sciencevideo #biologylab #microworld #cellbiology #virus #membrane #pathogen #redparticle",Membrane_V_TikTok,https://storage.googleapis.com/stockflow-social/Batch01/Clips/V/Microscopic_Virus_Membrane_20260314_0080_V.mp4,Microscopic,Stockflow.media,2026-10-15 12:30
"Membrane — Microscopic stock footage

Download: https://stockflow.media/?cat=Microscopic&sub=Virus&collection=Membrane

#stockfootage #royaltyfree #microscopy #science #biology #micro #microscope #sciencevideo #biologylab #microworld #cellbiology #virus #membrane #virusparticle #viralentry",Membrane_V_TikTok,https://storage.googleapis.com/stockflow-social/Batch01/Clips/V/Microscopic_Virus_Membrane_20260314_0002_V.mp4,Microscopic,Stockflow.media,2026-10-15 19:00
"Thai Noodle Soup — Food Beverage stock footage

Download: https://stockflow.media/?cat=Food+Beverage&sub=Food+Menu&collection=Thai+Noodle+Soup

#stockfootage #royaltyfree #foodvideo #foodphotography #culinary #foodie #foodcontent #restaurantmarketing #foodblogger #cheflife #foodstyling #foodmenu #thainoodlesoup #thai #shrimp",Thai Noodle Soup_V_TikTok,https://storage.googleapis.com/stockflow-social/Batch01/Clips/V/Food-Beverage_Food-Menu_Thai-Noodle-Soup_20260215_000527_V.mp4,Food Beverage,Stockflow.media,2026-10-16 8:00
"Thai Noodle Soup — Food Beverage stock footage

Download: https://stockflow.media/?cat=Food+Beverage&sub=Food+Menu&collection=Thai+Noodle+Soup

#stockfootage #royaltyfree #foodvideo #foodphotography #culinary #foodie #foodcontent #restaurantmarketing #foodblogger #cheflife #foodstyling #foodmenu #thainoodlesoup #steamingbowl #yellownoodles",Thai Noodle Soup_V_TikTok,https://storage.googleapis.com/stockflow-social/Batch01/Clips/V/Food-Beverage_Food-Menu_Thai-Noodle-Soup_20260215_000526_V.mp4,Food Beverage,Stockflow.media,2026-10-16 12:30
"Thai Noodle Soup — Food Beverage stock footage

Download: https://stockflow.media/?cat=Food+Beverage&sub=Food+Menu&collection=Thai+Noodle+Soup

#stockfootage #royaltyfree #foodvideo #foodphotography #culinary #foodie #foodcontent #restaurantmarketing #foodblogger #cheflife #foodstyling #foodmenu #thainoodlesoup #steaming #shrimp",Thai Noodle Soup_V_TikTok,https://storage.googleapis.com/stockflow-social/Batch01/Clips/V/Food-Beverage_Food-Menu_Thai-Noodle-Soup_20260215_000525_V.mp4,Food Beverage,Stockflow.media,2026-10-16 19:00
"Thai Noodle Soup — Food Beverage stock footage

Download: https://stockflow.media/?cat=Food+Beverage&sub=Food+Menu&collection=Thai+Noodle+Soup

#stockfootage #royaltyfree #foodvideo #foodphotography #culinary #foodie #foodcontent #restaurantmarketing #foodblogger #cheflife #foodstyling #foodmenu #thainoodlesoup #shrimp #steamingbowl",Thai Noodle Soup_V_TikTok,https://storage.googleapis.com/stockflow-social/Batch01/Clips/V/Food-Beverage_Food-Menu_Thai-Noodle-Soup_20260215_000524_V.mp4,Food Beverage,Stockflow.media,2026-10-17 8:00
"Thai Noodle Soup — Food Beverage stock footage

Download: https://stockflow.media/?cat=Food+Beverage&sub=Food+Menu&collection=Thai+Noodle+Soup

#stockfootage #royaltyfree #foodvideo #foodphotography #culinary #foodie #foodcontent #restaurantmarketing #foodblogger #cheflife #foodstyling #foodmenu #thainoodlesoup #thai #thaifood",Thai Noodle Soup_V_TikTok,https://storage.googleapis.com/stockflow-social/Batch01/Clips/V/Food-Beverage_Food-Menu_Thai-Noodle-Soup_20260215_000523_V.mp4,Food Beverage,Stockflow.media,2026-10-17 12:30
"Thai Noodle Soup — Food Beverage stock footage

Download: https://stockflow.media/?cat=Food+Beverage&sub=Food+Menu&collection=Thai+Noodle+Soup

#stockfootage #royaltyfree #foodvideo #foodphotography #culinary #foodie #foodcontent #restaurantmarketing #foodblogger #cheflife #foodstyling #foodmenu #thainoodlesoup #steamingbowl #tenderchunks",Thai Noodle Soup_V_TikTok,https://storage.googleapis.com/stockflow-social/Batch01/Clips/V/Food-Beverage_Food-Menu_Thai-Noodle-Soup_20260215_000522_V.mp4,Food Beverage,Stockflow.media,2026-10-17 19:00
"Thai Noodle Soup — Food Beverage stock footage

Download: https://stockflow.media/?cat=Food+Beverage&sub=Food+Menu&collection=Thai+Noodle+Soup

#stockfootage #royaltyfree #foodvideo #foodphotography #culinary #foodie #foodcontent #restaurantmarketing #foodblogger #cheflife #foodstyling #foodmenu #thainoodlesoup #steamingbowl #thaicuisine",Thai Noodle Soup_V_TikTok,https://storage.googleapis.com/stockflow-social/Batch01/Clips/V/Food-Beverage_Food-Menu_Thai-Noodle-Soup_20260215_000521_V.mp4,Food Beverage,Stockflow.media,2026-10-18 8:00
"Thai Noodle Soup — Food Beverage stock footage

Download: https://stockflow.media/?cat=Food+Beverage&sub=Food+Menu&collection=Thai+Noodle+Soup

#stockfootage #royaltyfree #foodvideo #foodphotography #culinary #foodie #foodcontent #restaurantmarketing #foodblogger #cheflife #foodstyling #foodmenu #thainoodlesoup #thai #noodlesoup",Thai Noodle Soup_V_TikTok,https://storage.googleapis.com/stockflow-social/Batch01/Clips/V/Food-Beverage_Food-Menu_Thai-Noodle-Soup_20260215_000520_V.mp4,Food Beverage,Stockflow.media,2026-10-18 12:30
"Thai Curry — Food Beverage stock footage

Download: https://stockflow.media/?cat=Food+Beverage&sub=Food+Menu&collection=Thai+Curry

#stockfootage #royaltyfree #foodvideo #foodphotography #culinary #foodie #foodcontent #restaurantmarketing #foodblogger #cheflife #foodstyling #foodmenu #thaicurry #richthaicurry #tendermeat",Thai Curry_V_TikTok,https://storage.googleapis.com/stockflow-social/Batch01/Clips/V/Food-Beverage_Food-Menu_Thai-Curry_20260215_000494_V.mp4,Food Beverage,Stockflow.media,2026-10-18 19:00
"Thai Curry — Food Beverage stock footage

Download: https://stockflow.media/?cat=Food+Beverage&sub=Food+Menu&collection=Thai+Curry

#stockfootage #royaltyfree #foodvideo #foodphotography #culinary #foodie #foodcontent #restaurantmarketing #foodblogger #cheflife #foodstyling #foodmenu #thaicurry #yellowcurry #thaicuisine",Thai Curry_V_TikTok,https://storage.googleapis.com/stockflow-social/Batch01/Clips/V/Food-Beverage_Food-Menu_Thai-Curry_20260215_000493_V.mp4,Food Beverage,Stockflow.media,2026-10-19 8:00
"Thai Curry — Food Beverage stock footage

Download: https://stockflow.media/?cat=Food+Beverage&sub=Food+Menu&collection=Thai+Curry

#stockfootage #royaltyfree #foodvideo #foodphotography #culinary #foodie #foodcontent #restaurantmarketing #foodblogger #cheflife #foodstyling #foodmenu #thaicurry #thai #chickencurry",Thai Curry_V_TikTok,https://storage.googleapis.com/stockflow-social/Batch01/Clips/V/Food-Beverage_Food-Menu_Thai-Curry_20260215_000492_V.mp4,Food Beverage,Stockflow.media,2026-10-19 12:30
"Thai Curry — Food Beverage stock footage

Download: https://stockflow.media/?cat=Food+Beverage&sub=Food+Menu&collection=Thai+Curry

#stockfootage #royaltyfree #foodvideo #foodphotography #culinary #foodie #foodcontent #restaurantmarketing #foodblogger #cheflife #foodstyling #foodmenu #thaicurry #thai #thaigreencurry",Thai Curry_V_TikTok,https://storage.googleapis.com/stockflow-social/Batch01/Clips/V/Food-Beverage_Food-Menu_Thai-Curry_20260215_000491_V.mp4,Food Beverage,Stockflow.media,2026-10-19 19:00
"Thai Curry — Food Beverage stock footage

Download: https://stockflow.media/?cat=Food+Beverage&sub=Food+Menu&collection=Thai+Curry

#stockfootage #royaltyfree #foodvideo #foodphotography #culinary #foodie #foodcontent #restaurantmarketing #foodblogger #cheflife #foodstyling #foodmenu #thaicurry #thai #greencurry",Thai Curry_V_TikTok,https://storage.googleapis.com/stockflow-social/Batch01/Clips/V/Food-Beverage_Food-Menu_Thai-Curry_20260215_000490_V.mp4,Food Beverage,Stockflow.media,2026-10-20 8:00
"Thai Curry — Food Beverage stock footage

Download: https://stockflow.media/?cat=Food+Beverage&sub=Food+Menu&collection=Thai+Curry

#stockfootage #royaltyfree #foodvideo #foodphotography #culinary #foodie #foodcontent #restaurantmarketing #foodblogger #cheflife #foodstyling #foodmenu #thaicurry #thai #thaigreencurry",Thai Curry_V_TikTok,https://storage.googleapis.com/stockflow-social/Batch01/Clips/V/Food-Beverage_Food-Menu_Thai-Curry_20260215_000489_V.mp4,Food Beverage,Stockflow.media,2026-10-20 12:30
"Thai Curry — Food Beverage stock footage

Download: https://stockflow.media/?cat=Food+Beverage&sub=Food+Menu&collection=Thai+Curry

#stockfootage #royaltyfree #foodvideo #foodphotography #culinary #foodie #foodcontent #restaurantmarketing #foodblogger #cheflife #foodstyling #foodmenu #thaicurry #thaigreencurry #chickencurry",Thai Curry_V_TikTok,https://storage.googleapis.com/stockflow-social/Batch01/Clips/V/Food-Beverage_Food-Menu_Thai-Curry_20260215_000488_V.mp4,Food Beverage,Stockflow.media,2026-10-20 19:00
"Suzhi — Food Beverage stock footage

Download: https://stockflow.media/?cat=Food+Beverage&sub=Food+Menu&collection=Suzhi

#stockfootage #royaltyfree #foodvideo #foodphotography #culinary #foodie #foodcontent #restaurantmarketing #foodblogger #cheflife #foodstyling #foodmenu #suzhi #sushi #nigiri",Suzhi_V_TikTok,https://storage.googleapis.com/stockflow-social/Batch01/Clips/V/Food-Beverage_Food-Menu_Suzhi_20260215_000464_V.mp4,Food Beverage,Stockflow.media,2026-10-21 8:00
"Suzhi — Food Beverage stock footage

Download: https://stockflow.media/?cat=Food+Beverage&sub=Food+Menu&collection=Suzhi

#stockfootage #royaltyfree #foodvideo #foodphotography #culinary #foodie #foodcontent #restaurantmarketing #foodblogger #cheflife #foodstyling #foodmenu #suzhi #sushi #japanese",Suzhi_V_TikTok,https://storage.googleapis.com/stockflow-social/Batch01/Clips/V/Food-Beverage_Food-Menu_Suzhi_20260215_000463_V.mp4,Food Beverage,Stockflow.media,2026-10-21 12:30
"Suzhi — Food Beverage stock footage

Download: https://stockflow.media/?cat=Food+Beverage&sub=Food+Menu&collection=Suzhi

#stockfootage #royaltyfree #foodvideo #foodphotography #culinary #foodie #foodcontent #restaurantmarketing #foodblogger #cheflife #foodstyling #foodmenu #suzhi #sushi #nigiri",Suzhi_V_TikTok,https://storage.googleapis.com/stockflow-social/Batch01/Clips/V/Food-Beverage_Food-Menu_Suzhi_20260215_000462_V.mp4,Food Beverage,Stockflow.media,2026-10-21 19:00
"Suzhi — Food Beverage stock footage

Download: https://stockflow.media/?cat=Food+Beverage&sub=Food+Menu&collection=Suzhi

#stockfootage #royaltyfree #foodvideo #foodphotography #culinary #foodie #foodcontent #restaurantmarketing #foodblogger #cheflife #foodstyling #foodmenu #suzhi #sushi #nigiri",Suzhi_V_TikTok,https://storage.googleapis.com/stockflow-social/Batch01/Clips/V/Food-Beverage_Food-Menu_Suzhi_20260215_000461_V.mp4,Food Beverage,Stockflow.media,2026-10-22 8:00
"Suzhi — Food Beverage stock footage

Download: https://stockflow.media/?cat=Food+Beverage&sub=Food+Menu&collection=Suzhi

#stockfootage #royaltyfree #foodvideo #foodphotography #culinary #foodie #foodcontent #restaurantmarketing #foodblogger #cheflife #foodstyling #foodmenu #suzhi #sushi #sashimi",Suzhi_V_TikTok,https://storage.googleapis.com/stockflow-social/Batch01/Clips/V/Food-Beverage_Food-Menu_Suzhi_20260215_000460_V.mp4,Food Beverage,Stockflow.media,2026-10-22 12:30
"Stake — Food Beverage stock footage

Download: https://stockflow.media/?cat=Food+Beverage&sub=Food+Menu&collection=Stake

#stockfootage #royaltyfree #foodvideo #foodphotography #culinary #foodie #foodcontent #restaurantmarketing #foodblogger #cheflife #foodstyling #foodmenu #stake #steak #grilledsteak",Stake_V_TikTok,https://storage.googleapis.com/stockflow-social/Batch01/Clips/V/Food-Beverage_Food-Menu_Stake_20260215_000440_V.mp4,Food Beverage,Stockflow.media,2026-10-22 19:00
"Stake — Food Beverage stock footage

Download: https://stockflow.media/?cat=Food+Beverage&sub=Food+Menu&collection=Stake

#stockfootage #royaltyfree #foodvideo #foodphotography #culinary #foodie #foodcontent #restaurantmarketing #foodblogger #cheflife #foodstyling #foodmenu #stake #premiumplatedsteak #roastedvegetables",Stake_V_TikTok,https://storage.googleapis.com/stockflow-social/Batch01/Clips/V/Food-Beverage_Food-Menu_Stake_20260215_000439_V.mp4,Food Beverage,Stockflow.media,2026-10-23 8:00
"Stake — Food Beverage stock footage

Download: https://stockflow.media/?cat=Food+Beverage&sub=Food+Menu&collection=Stake

#stockfootage #royaltyfree #foodvideo #foodphotography #culinary #foodie #foodcontent #restaurantmarketing #foodblogger #cheflife #foodstyling #foodmenu #stake #steak #searedsteak",Stake_V_TikTok,https://storage.googleapis.com/stockflow-social/Batch01/Clips/V/Food-Beverage_Food-Menu_Stake_20260215_000438_V.mp4,Food Beverage,Stockflow.media,2026-10-23 12:30
"Stake — Food Beverage stock footage

Download: https://stockflow.media/?cat=Food+Beverage&sub=Food+Menu&collection=Stake

#stockfootage #royaltyfree #foodvideo #foodphotography #culinary #foodie #foodcontent #restaurantmarketing #foodblogger #cheflife #foodstyling #foodmenu #stake #steak #searedsteak",Stake_V_TikTok,https://storage.googleapis.com/stockflow-social/Batch01/Clips/V/Food-Beverage_Food-Menu_Stake_20260215_000437_V.mp4,Food Beverage,Stockflow.media,2026-10-23 19:00
"Stake — Food Beverage stock footage

Download: https://stockflow.media/?cat=Food+Beverage&sub=Food+Menu&collection=Stake

#stockfootage #royaltyfree #foodvideo #foodphotography #culinary #foodie #foodcontent #restaurantmarketing #foodblogger #cheflife #foodstyling #foodmenu #stake #steak #platedsteak",Stake_V_TikTok,https://storage.googleapis.com/stockflow-social/Batch01/Clips/V/Food-Beverage_Food-Menu_Stake_20260215_000436_V.mp4,Food Beverage,Stockflow.media,2026-10-24 8:00
"Stake — Food Beverage stock footage

Download: https://stockflow.media/?cat=Food+Beverage&sub=Food+Menu&collection=Stake

#stockfootage #royaltyfree #foodvideo #foodphotography #culinary #foodie #foodcontent #restaurantmarketing #foodblogger #cheflife #foodstyling #foodmenu #stake #steak #grilledsteak",Stake_V_TikTok,https://storage.googleapis.com/stockflow-social/Batch01/Clips/V/Food-Beverage_Food-Menu_Stake_20260215_000435_V.mp4,Food Beverage,Stockflow.media,2026-10-24 12:30
"Stake — Food Beverage stock footage

Download: https://stockflow.media/?cat=Food+Beverage&sub=Food+Menu&collection=Stake

#stockfootage #royaltyfree #foodvideo #foodphotography #culinary #foodie #foodcontent #restaurantmarketing #foodblogger #cheflife #foodstyling #foodmenu #stake #steak #beef",Stake_V_TikTok,https://storage.googleapis.com/stockflow-social/Batch01/Clips/V/Food-Beverage_Food-Menu_Stake_20260215_000434_V.mp4,Food Beverage,Stockflow.media,2026-10-24 19:00
"Stake — Food Beverage stock footage

Download: https://stockflow.media/?cat=Food+Beverage&sub=Food+Menu&collection=Stake

#stockfootage #royaltyfree #foodvideo #foodphotography #culinary #foodie #foodcontent #restaurantmarketing #foodblogger #cheflife #foodstyling #foodmenu #stake #juicy #grilledsteak",Stake_V_TikTok,https://storage.googleapis.com/stockflow-social/Batch01/Clips/V/Food-Beverage_Food-Menu_Stake_20260215_000433_V.mp4,Food Beverage,Stockflow.media,2026-10-25 8:00
"Chicken Fry — Food Beverage stock footage

Download: https://stockflow.media/?cat=Food+Beverage&sub=Food+Menu&collection=Chicken+Fry

#stockfootage #royaltyfree #foodvideo #foodphotography #culinary #foodie #foodcontent #restaurantmarketing #foodblogger #cheflife #foodstyling #foodmenu #chickenfry #crispyfriedchickenbites #gourmetfriedchicken",Chicken Fry_V_TikTok,https://storage.googleapis.com/stockflow-social/Batch01/Clips/V/Food-Beverage_Food-Menu_Chicken-Fry_20260215_000399_V.mp4,Food Beverage,Stockflow.media,2026-10-25 12:30
"Chicken Fry — Food Beverage stock footage

Download: https://stockflow.media/?cat=Food+Beverage&sub=Food+Menu&collection=Chicken+Fry

#stockfootage #royaltyfree #foodvideo #foodphotography #culinary #foodie #foodcontent #restaurantmarketing #foodblogger #cheflife #foodstyling #foodmenu #chickenfry #frenchfries #seasonedfries",Chicken Fry_V_TikTok,https://storage.googleapis.com/stockflow-social/Batch01/Clips/V/Food-Beverage_Food-Menu_Chicken-Fry_20260215_000398_V.mp4,Food Beverage,Stockflow.media,2026-10-25 19:00
"Chicken Fry — Food Beverage stock footage

Download: https://stockflow.media/?cat=Food+Beverage&sub=Food+Menu&collection=Chicken+Fry

#stockfootage #royaltyfree #foodvideo #foodphotography #culinary #foodie #foodcontent #restaurantmarketing #foodblogger #cheflife #foodstyling #foodmenu #chickenfry #crispyfriedchickenbites #friedchickenbites",Chicken Fry_V_TikTok,https://storage.googleapis.com/stockflow-social/Batch01/Clips/V/Food-Beverage_Food-Menu_Chicken-Fry_20260215_000397_V.mp4,Food Beverage,Stockflow.media,2026-10-26 8:00
"Chicken Fry — Food Beverage stock footage

Download: https://stockflow.media/?cat=Food+Beverage&sub=Food+Menu&collection=Chicken+Fry

#stockfootage #royaltyfree #foodvideo #foodphotography #culinary #foodie #foodcontent #restaurantmarketing #foodblogger #cheflife #foodstyling #foodmenu #chickenfry #crispyfriedchicken #friedchickenpieces",Chicken Fry_V_TikTok,https://storage.googleapis.com/stockflow-social/Batch01/Clips/V/Food-Beverage_Food-Menu_Chicken-Fry_20260215_000396_V.mp4,Food Beverage,Stockflow.media,2026-10-26 12:30
"Chicken Fry — Food Beverage stock footage

Download: https://stockflow.media/?cat=Food+Beverage&sub=Food+Menu&collection=Chicken+Fry

#stockfootage #royaltyfree #foodvideo #foodphotography #culinary #foodie #foodcontent #restaurantmarketing #foodblogger #cheflife #foodstyling #foodmenu #chickenfry #crispyfriedchicken #friedchickenpieces",Chicken Fry_V_TikTok,https://storage.googleapis.com/stockflow-social/Batch01/Clips/V/Food-Beverage_Food-Menu_Chicken-Fry_20260215_000395_V.mp4,Food Beverage,Stockflow.media,2026-10-26 19:00
"Chicken Fry — Food Beverage stock footage

Download: https://stockflow.media/?cat=Food+Beverage&sub=Food+Menu&collection=Chicken+Fry

#stockfootage #royaltyfree #foodvideo #foodphotography #culinary #foodie #foodcontent #restaurantmarketing #foodblogger #cheflife #foodstyling #foodmenu #chickenfry #friedchicken #crispychickenbites",Chicken Fry_V_TikTok,https://storage.googleapis.com/stockflow-social/Batch01/Clips/V/Food-Beverage_Food-Menu_Chicken-Fry_20260215_000394_V.mp4,Food Beverage,Stockflow.media,2026-10-27 8:00
"Chicken Fry — Food Beverage stock footage

Download: https://stockflow.media/?cat=Food+Beverage&sub=Food+Menu&collection=Chicken+Fry

#stockfootage #royaltyfree #foodvideo #foodphotography #culinary #foodie #foodcontent #restaurantmarketing #foodblogger #cheflife #foodstyling #foodmenu #chickenfry #friedchicken #crispychicken",Chicken Fry_V_TikTok,https://storage.googleapis.com/stockflow-social/Batch01/Clips/V/Food-Beverage_Food-Menu_Chicken-Fry_20260215_000393_V.mp4,Food Beverage,Stockflow.media,2026-10-27 12:30
"Buritos — Food Beverage stock footage

Download: https://stockflow.media/?cat=Food+Beverage&sub=Food+Menu&collection=Buritos

#stockfootage #royaltyfree #foodvideo #foodphotography #culinary #foodie #foodcontent #restaurantmarketing #foodblogger #cheflife #foodstyling #foodmenu #buritos #burritos #beefburrito",Buritos_V_TikTok,https://storage.googleapis.com/stockflow-social/Batch01/Clips/V/Food-Beverage_Food-Menu_Buritos_20260215_000379_V.mp4,Food Beverage,Stockflow.media,2026-10-27 19:00
"Burgers — Food Beverage stock footage

Download: https://stockflow.media/?cat=Food+Beverage&sub=Food+Menu&collection=Burgers

#stockfootage #royaltyfree #foodvideo #foodphotography #culinary #foodie #foodcontent #restaurantmarketing #foodblogger #cheflife #foodstyling #foodmenu #burgers #juicycheeseburger #meltedcheddar",Burgers_V_TikTok,https://storage.googleapis.com/stockflow-social/Batch01/Clips/V/Food-Beverage_Food-Menu_Burgers_20260215_000354_V.mp4,Food Beverage,Stockflow.media,2026-10-28 8:00
"Burgers — Food Beverage stock footage

Download: https://stockflow.media/?cat=Food+Beverage&sub=Food+Menu&collection=Burgers

#stockfootage #royaltyfree #foodvideo #foodphotography #culinary #foodie #foodcontent #restaurantmarketing #foodblogger #cheflife #foodstyling #foodmenu #burgers #cheeseburger #burger",Burgers_V_TikTok,https://storage.googleapis.com/stockflow-social/Batch01/Clips/V/Food-Beverage_Food-Menu_Burgers_20260215_000353_V.mp4,Food Beverage,Stockflow.media,2026-10-28 12:30
"Burgers — Food Beverage stock footage

Download: https://stockflow.media/?cat=Food+Beverage&sub=Food+Menu&collection=Burgers

#stockfootage #royaltyfree #foodvideo #foodphotography #culinary #foodie #foodcontent #restaurantmarketing #foodblogger #cheflife #foodstyling #foodmenu #burgers #cheeseburger #burger",Burgers_V_TikTok,https://storage.googleapis.com/stockflow-social/Batch01/Clips/V/Food-Beverage_Food-Menu_Burgers_20260215_000352_V.mp4,Food Beverage,Stockflow.media,2026-10-28 19:00
"Burgers — Food Beverage stock footage

Download: https://stockflow.media/?cat=Food+Beverage&sub=Food+Menu&collection=Burgers

#stockfootage #royaltyfree #foodvideo #foodphotography #culinary #foodie #foodcontent #restaurantmarketing #foodblogger #cheflife #foodstyling #foodmenu #burgers #cheeseburger #juicy",Burgers_V_TikTok,https://storage.googleapis.com/stockflow-social/Batch01/Clips/V/Food-Beverage_Food-Menu_Burgers_20260215_000351_V.mp4,Food Beverage,Stockflow.media,2026-10-29 8:00
"Burgers — Food Beverage stock footage

Download: https://stockflow.media/?cat=Food+Beverage&sub=Food+Menu&collection=Burgers

#stockfootage #royaltyfree #foodvideo #foodphotography #culinary #foodie #foodcontent #restaurantmarketing #foodblogger #cheflife #foodstyling #foodmenu #burgers #cheeseburger #burger",Burgers_V_TikTok,https://storage.googleapis.com/stockflow-social/Batch01/Clips/V/Food-Beverage_Food-Menu_Burgers_20260215_000350_V.mp4,Food Beverage,Stockflow.media,2026-10-29 12:30
"Burgers — Food Beverage stock footage

Download: https://stockflow.media/?cat=Food+Beverage&sub=Food+Menu&collection=Burgers

#stockfootage #royaltyfree #foodvideo #foodphotography #culinary #foodie #foodcontent #restaurantmarketing #foodblogger #cheflife #foodstyling #foodmenu #burgers #cheeseburger #juicyburger",Burgers_V_TikTok,https://storage.googleapis.com/stockflow-social/Batch01/Clips/V/Food-Beverage_Food-Menu_Burgers_20260215_000349_V.mp4,Food Beverage,Stockflow.media,2026-10-29 19:00
"Burgers — Food Beverage stock footage

Download: https://stockflow.media/?cat=Food+Beverage&sub=Food+Menu&collection=Burgers

#stockfootage #royaltyfree #foodvideo #foodphotography #culinary #foodie #foodcontent #restaurantmarketing #foodblogger #cheflife #foodstyling #foodmenu #burgers #cheeseburger #burger",Burgers_V_TikTok,https://storage.googleapis.com/stockflow-social/Batch01/Clips/V/Food-Beverage_Food-Menu_Burgers_20260215_000348_V.mp4,Food Beverage,Stockflow.media,2026-10-30 8:00
"Burgers — Food Beverage stock footage

Download: https://stockflow.media/?cat=Food+Beverage&sub=Food+Menu&collection=Burgers

#stockfootage #royaltyfree #foodvideo #foodphotography #culinary #foodie #foodcontent #restaurantmarketing #foodblogger #cheflife #foodstyling #foodmenu #burgers #cheeseburger #lettuce",Burgers_V_TikTok,https://storage.googleapis.com/stockflow-social/Batch01/Clips/V/Food-Beverage_Food-Menu_Burgers_20260215_000347_V.mp4,Food Beverage,Stockflow.media,2026-10-30 12:30
"Remen — Food Beverage stock footage

Download: https://stockflow.media/?cat=Food+Beverage&sub=Food+Menu&collection=Remen

#stockfootage #royaltyfree #foodvideo #foodphotography #culinary #foodie #foodcontent #restaurantmarketing #foodblogger #cheflife #foodstyling #foodmenu #remen #ramen #ramenbowl",Remen_V_TikTok,https://storage.googleapis.com/stockflow-social/Batch01/Clips/V/Food-Beverage_Food-Menu_Remen_20260215_000325_V.mp4,Food Beverage,Stockflow.media,2026-10-30 19:00
"Remen — Food Beverage stock footage

Download: https://stockflow.media/?cat=Food+Beverage&sub=Food+Menu&collection=Remen

#stockfootage #royaltyfree #foodvideo #foodphotography #culinary #foodie #foodcontent #restaurantmarketing #foodblogger #cheflife #foodstyling #foodmenu #remen #ramen #steaming",Remen_V_TikTok,https://storage.googleapis.com/stockflow-social/Batch01/Clips/V/Food-Beverage_Food-Menu_Remen_20260215_000324_V.mp4,Food Beverage,Stockflow.media,2026-10-31 8:00
"Remen — Food Beverage stock footage

Download: https://stockflow.media/?cat=Food+Beverage&sub=Food+Menu&collection=Remen

#stockfootage #royaltyfree #foodvideo #foodphotography #culinary #foodie #foodcontent #restaurantmarketing #foodblogger #cheflife #foodstyling #foodmenu #remen #ramen #ramenbowl",Remen_V_TikTok,https://storage.googleapis.com/stockflow-social/Batch01/Clips/V/Food-Beverage_Food-Menu_Remen_20260215_000323_V.mp4,Food Beverage,Stockflow.media,2026-10-31 12:30
"Remen — Food Beverage stock footage

Download: https://stockflow.media/?cat=Food+Beverage&sub=Food+Menu&collection=Remen

#stockfootage #royaltyfree #foodvideo #foodphotography #culinary #foodie #foodcontent #restaurantmarketing #foodblogger #cheflife #foodstyling #foodmenu #remen #ramen #noodles",Remen_V_TikTok,https://storage.googleapis.com/stockflow-social/Batch01/Clips/V/Food-Beverage_Food-Menu_Remen_20260215_000322_V.mp4,Food Beverage,Stockflow.media,2026-10-31 19:00
"Remen — Food Beverage stock footage

Download: https://stockflow.media/?cat=Food+Beverage&sub=Food+Menu&collection=Remen

#stockfootage #royaltyfree #foodvideo #foodphotography #culinary #foodie #foodcontent #restaurantmarketing #foodblogger #cheflife #foodstyling #foodmenu #remen #ramen #bowl",Remen_V_TikTok,https://storage.googleapis.com/stockflow-social/Batch01/Clips/V/Food-Beverage_Food-Menu_Remen_20260215_000321_V.mp4,Food Beverage,Stockflow.media,2026-11-01 8:00
"Remen — Food Beverage stock footage

Download: https://stockflow.media/?cat=Food+Beverage&sub=Food+Menu&collection=Remen

#stockfootage #royaltyfree #foodvideo #foodphotography #culinary #foodie #foodcontent #restaurantmarketing #foodblogger #cheflife #foodstyling #foodmenu #remen #ramen #bowloframen",Remen_V_TikTok,https://storage.googleapis.com/stockflow-social/Batch01/Clips/V/Food-Beverage_Food-Menu_Remen_20260215_000320_V.mp4,Food Beverage,Stockflow.media,2026-11-01 12:30
"Remen — Food Beverage stock footage

Download: https://stockflow.media/?cat=Food+Beverage&sub=Food+Menu&collection=Remen

#stockfootage #royaltyfree #foodvideo #foodphotography #culinary #foodie #foodcontent #restaurantmarketing #foodblogger #cheflife #foodstyling #foodmenu #remen #ramen #ramenbowl",Remen_V_TikTok,https://storage.googleapis.com/stockflow-social/Batch01/Clips/V/Food-Beverage_Food-Menu_Remen_20260215_000319_V.mp4,Food Beverage,Stockflow.media,2026-11-01 19:00
"Remen — Food Beverage stock footage

Download: https://stockflow.media/?cat=Food+Beverage&sub=Food+Menu&collection=Remen

#stockfootage #royaltyfree #foodvideo #foodphotography #culinary #foodie #foodcontent #restaurantmarketing #foodblogger #cheflife #foodstyling #foodmenu #remen #ramen #bowl",Remen_V_TikTok,https://storage.googleapis.com/stockflow-social/Batch01/Clips/V/Food-Beverage_Food-Menu_Remen_20260215_000318_V.mp4,Food Beverage,Stockflow.media,2026-11-01 8:00
"Sandwich — Food Beverage stock footage

Download: https://stockflow.media/?cat=Food+Beverage&sub=Food+Menu&collection=Sandwich

#stockfootage #royaltyfree #foodvideo #foodphotography #culinary #foodie #foodcontent #restaurantmarketing #foodblogger #cheflife #foodstyling #foodmenu #sandwich #italiansandwich #mozzarella",Sandwich_V_TikTok,https://storage.googleapis.com/stockflow-social/Batch01/Clips/V/Food-Beverage_Food-Menu_Sandwich_20260215_000298_V.mp4,Food Beverage,Stockflow.media,2026-11-01 12:30
"Sandwich — Food Beverage stock footage

Download: https://stockflow.media/?cat=Food+Beverage&sub=Food+Menu&collection=Sandwich

#stockfootage #royaltyfree #foodvideo #foodphotography #culinary #foodie #foodcontent #restaurantmarketing #foodblogger #cheflife #foodstyling #foodmenu #sandwich #italiansandwich #mozzarella",Sandwich_V_TikTok,https://storage.googleapis.com/stockflow-social/Batch01/Clips/V/Food-Beverage_Food-Menu_Sandwich_20260215_000297_V.mp4,Food Beverage,Stockflow.media,2026-11-01 19:00
"Sandwich — Food Beverage stock footage

Download: https://stockflow.media/?cat=Food+Beverage&sub=Food+Menu&collection=Sandwich

#stockfootage #royaltyfree #foodvideo #foodphotography #culinary #foodie #foodcontent #restaurantmarketing #foodblogger #cheflife #foodstyling #foodmenu #sandwich #italiansandwich #ham",Sandwich_V_TikTok,https://storage.googleapis.com/stockflow-social/Batch01/Clips/V/Food-Beverage_Food-Menu_Sandwich_20260215_000296_V.mp4,Food Beverage,Stockflow.media,2026-11-02 8:00
"Sandwich — Food Beverage stock footage

Download: https://stockflow.media/?cat=Food+Beverage&sub=Food+Menu&collection=Sandwich

#stockfootage #royaltyfree #foodvideo #foodphotography #culinary #foodie #foodcontent #restaurantmarketing #foodblogger #cheflife #foodstyling #foodmenu #sandwich #italiansandwich #rusticboard",Sandwich_V_TikTok,https://storage.googleapis.com/stockflow-social/Batch01/Clips/V/Food-Beverage_Food-Menu_Sandwich_20260215_000295_V.mp4,Food Beverage,Stockflow.media,2026-11-02 12:30
"Pizza — Food Beverage stock footage

Download: https://stockflow.media/?cat=Food+Beverage&sub=Food+Menu&collection=Pizza

#stockfootage #royaltyfree #foodvideo #foodphotography #culinary #foodie #foodcontent #restaurantmarketing #foodblogger #cheflife #foodstyling #foodmenu #pizza #margherita #margheritapizza",Pizza_V_TikTok,https://storage.googleapis.com/stockflow-social/Batch01/Clips/V/Food-Beverage_Food-Menu_Pizza_20260215_000275_V.mp4,Food Beverage,Stockflow.media,2026-11-02 19:00
"Pizza — Food Beverage stock footage

Download: https://stockflow.media/?cat=Food+Beverage&sub=Food+Menu&collection=Pizza

#stockfootage #royaltyfree #foodvideo #foodphotography #culinary #foodie #foodcontent #restaurantmarketing #foodblogger #cheflife #foodstyling #foodmenu #pizza #italianpizza #mozzarella",Pizza_V_TikTok,https://storage.googleapis.com/stockflow-social/Batch01/Clips/V/Food-Beverage_Food-Menu_Pizza_20260215_000274_V.mp4,Food Beverage,Stockflow.media,2026-11-03 8:00
"Pizza — Food Beverage stock footage

Download: https://stockflow.media/?cat=Food+Beverage&sub=Food+Menu&collection=Pizza

#stockfootage #royaltyfree #foodvideo #foodphotography #culinary #foodie #foodcontent #restaurantmarketing #foodblogger #cheflife #foodstyling #foodmenu #pizza #italianpizza #mozzarella",Pizza_V_TikTok,https://storage.googleapis.com/stockflow-social/Batch01/Clips/V/Food-Beverage_Food-Menu_Pizza_20260215_000273_V.mp4,Food Beverage,Stockflow.media,2026-11-03 12:30
"Pizza — Food Beverage stock footage

Download: https://stockflow.media/?cat=Food+Beverage&sub=Food+Menu&collection=Pizza

#stockfootage #royaltyfree #foodvideo #foodphotography #culinary #foodie #foodcontent #restaurantmarketing #foodblogger #cheflife #foodstyling #foodmenu #pizza #italian #mozzarella",Pizza_V_TikTok,https://storage.googleapis.com/stockflow-social/Batch01/Clips/V/Food-Beverage_Food-Menu_Pizza_20260215_000272_V.mp4,Food Beverage,Stockflow.media,2026-11-03 19:00
"Pizza — Food Beverage stock footage

Download: https://stockflow.media/?cat=Food+Beverage&sub=Food+Menu&collection=Pizza

#stockfootage #royaltyfree #foodvideo #foodphotography #culinary #foodie #foodcontent #restaurantmarketing #foodblogger #cheflife #foodstyling #foodmenu #pizza #pizzas #woodentable",Pizza_V_TikTok,https://storage.googleapis.com/stockflow-social/Batch01/Clips/V/Food-Beverage_Food-Menu_Pizza_20260215_000271_V.mp4,Food Beverage,Stockflow.media,2026-11-04 8:00
"Pizza — Food Beverage stock footage

Download: https://stockflow.media/?cat=Food+Beverage&sub=Food+Menu&collection=Pizza

#stockfootage #royaltyfree #foodvideo #foodphotography #culinary #foodie #foodcontent #restaurantmarketing #foodblogger #cheflife #foodstyling #foodmenu #pizza #italian #pizzas",Pizza_V_TikTok,https://storage.googleapis.com/stockflow-social/Batch01/Clips/V/Food-Beverage_Food-Menu_Pizza_20260215_000270_V.mp4,Food Beverage,Stockflow.media,2026-11-04 12:30
"Pizza — Food Beverage stock footage

Download: https://stockflow.media/?cat=Food+Beverage&sub=Food+Menu&collection=Pizza

#stockfootage #royaltyfree #foodvideo #foodphotography #culinary #foodie #foodcontent #restaurantmarketing #foodblogger #cheflife #foodstyling #foodmenu #pizza #italianpizza #freshpizza",Pizza_V_TikTok,https://storage.googleapis.com/stockflow-social/Batch01/Clips/V/Food-Beverage_Food-Menu_Pizza_20260215_000269_V.mp4,Food Beverage,Stockflow.media,2026-11-04 19:00
"Pizza — Food Beverage stock footage

Download: https://stockflow.media/?cat=Food+Beverage&sub=Food+Menu&collection=Pizza

#stockfootage #royaltyfree #foodvideo #foodphotography #culinary #foodie #foodcontent #restaurantmarketing #foodblogger #cheflife #foodstyling #foodmenu #pizza #pepperonipizza #gooeycheese",Pizza_V_TikTok,https://storage.googleapis.com/stockflow-social/Batch01/Clips/V/Food-Beverage_Food-Menu_Pizza_20260215_000268_V.mp4,Food Beverage,Stockflow.media,2026-11-05 8:00
"Pizza — Food Beverage stock footage

Download: https://stockflow.media/?cat=Food+Beverage&sub=Food+Menu&collection=Pizza

#stockfootage #royaltyfree #foodvideo #foodphotography #culinary #foodie #foodcontent #restaurantmarketing #foodblogger #cheflife #foodstyling #foodmenu #pizza #pepperoni #cheese",Pizza_V_TikTok,https://storage.googleapis.com/stockflow-social/Batch01/Clips/V/Food-Beverage_Food-Menu_Pizza_20260215_000267_V.mp4,Food Beverage,Stockflow.media,2026-11-05 12:30
"Pizza — Food Beverage stock footage

Download: https://stockflow.media/?cat=Food+Beverage&sub=Food+Menu&collection=Pizza

#stockfootage #royaltyfree #foodvideo #foodphotography #culinary #foodie #foodcontent #restaurantmarketing #foodblogger #cheflife #foodstyling #foodmenu #pizza #pepperonipizza #italian",Pizza_V_TikTok,https://storage.googleapis.com/stockflow-social/Batch01/Clips/V/Food-Beverage_Food-Menu_Pizza_20260215_000266_V.mp4,Food Beverage,Stockflow.media,2026-11-05 19:00
"Pizza — Food Beverage stock footage

Download: https://stockflow.media/?cat=Food+Beverage&sub=Food+Menu&collection=Pizza

#stockfootage #royaltyfree #foodvideo #foodphotography #culinary #foodie #foodcontent #restaurantmarketing #foodblogger #cheflife #foodstyling #foodmenu #pizza #pepperoni #hotpizza",Pizza_V_TikTok,https://storage.googleapis.com/stockflow-social/Batch01/Clips/V/Food-Beverage_Food-Menu_Pizza_20260215_000265_V.mp4,Food Beverage,Stockflow.media,2026-11-06 8:00
"Pizza — Food Beverage stock footage

Download: https://stockflow.media/?cat=Food+Beverage&sub=Food+Menu&collection=Pizza

#stockfootage #royaltyfree #foodvideo #foodphotography #culinary #foodie #foodcontent #restaurantmarketing #foodblogger #cheflife #foodstyling #foodmenu #pizza #woodfired #italianpizza",Pizza_V_TikTok,https://storage.googleapis.com/stockflow-social/Batch01/Clips/V/Food-Beverage_Food-Menu_Pizza_20260215_000264_V.mp4,Food Beverage,Stockflow.media,2026-11-06 12:30
"Pizza — Food Beverage stock footage

Download: https://stockflow.media/?cat=Food+Beverage&sub=Food+Menu&collection=Pizza

#stockfootage #royaltyfree #foodvideo #foodphotography #culinary #foodie #foodcontent #restaurantmarketing #foodblogger #cheflife #foodstyling #foodmenu #pizza #rustic #italianpizza",Pizza_V_TikTok,https://storage.googleapis.com/stockflow-social/Batch01/Clips/V/Food-Beverage_Food-Menu_Pizza_20260215_000263_V.mp4,Food Beverage,Stockflow.media,2026-11-06 19:00
"Pizza — Food Beverage stock footage

Download: https://stockflow.media/?cat=Food+Beverage&sub=Food+Menu&collection=Pizza

#stockfootage #royaltyfree #foodvideo #foodphotography #culinary #foodie #foodcontent #restaurantmarketing #foodblogger #cheflife #foodstyling #foodmenu #pizza #italian #woodfired",Pizza_V_TikTok,https://storage.googleapis.com/stockflow-social/Batch01/Clips/V/Food-Beverage_Food-Menu_Pizza_20260215_000262_V.mp4,Food Beverage,Stockflow.media,2026-11-07 8:00
"Pizza — Food Beverage stock footage

Download: https://stockflow.media/?cat=Food+Beverage&sub=Food+Menu&collection=Pizza

#stockfootage #royaltyfree #foodvideo #foodphotography #culinary #foodie #foodcontent #restaurantmarketing #foodblogger #cheflife #foodstyling #foodmenu #pizza #italianpizza #prosciutto",Pizza_V_TikTok,https://storage.googleapis.com/stockflow-social/Batch01/Clips/V/Food-Beverage_Food-Menu_Pizza_20260215_000261_V.mp4,Food Beverage,Stockflow.media,2026-11-07 12:30
"Pizza — Food Beverage stock footage

Download: https://stockflow.media/?cat=Food+Beverage&sub=Food+Menu&collection=Pizza

#stockfootage #royaltyfree #foodvideo #foodphotography #culinary #foodie #foodcontent #restaurantmarketing #foodblogger #cheflife #foodstyling #foodmenu #pizza #premium #italianpizza",Pizza_V_TikTok,https://storage.googleapis.com/stockflow-social/Batch01/Clips/V/Food-Beverage_Food-Menu_Pizza_20260215_000260_V.mp4,Food Beverage,Stockflow.media,2026-11-07 19:00
"Pizza — Food Beverage stock footage

Download: https://stockflow.media/?cat=Food+Beverage&sub=Food+Menu&collection=Pizza

#stockfootage #royaltyfree #foodvideo #foodphotography #culinary #foodie #foodcontent #restaurantmarketing #foodblogger #cheflife #foodstyling #foodmenu #pizza #rustic #italian",Pizza_V_TikTok,https://storage.googleapis.com/stockflow-social/Batch01/Clips/V/Food-Beverage_Food-Menu_Pizza_20260215_000259_V.mp4,Food Beverage,Stockflow.media,2026-11-08 8:00
"Pizza — Food Beverage stock footage

Download: https://stockflow.media/?cat=Food+Beverage&sub=Food+Menu&collection=Pizza

#stockfootage #royaltyfree #foodvideo #foodphotography #culinary #foodie #foodcontent #restaurantmarketing #foodblogger #cheflife #foodstyling #foodmenu #pizza #italian #woodfired",Pizza_V_TikTok,https://storage.googleapis.com/stockflow-social/Batch01/Clips/V/Food-Beverage_Food-Menu_Pizza_20260215_000258_V.mp4,Food Beverage,Stockflow.media,2026-11-08 12:30
"Pizza — Food Beverage stock footage

Download: https://stockflow.media/?cat=Food+Beverage&sub=Food+Menu&collection=Pizza

#stockfootage #royaltyfree #foodvideo #foodphotography #culinary #foodie #foodcontent #restaurantmarketing #foodblogger #cheflife #foodstyling #foodmenu #pizza #pizzacrust #italianpizza",Pizza_V_TikTok,https://storage.googleapis.com/stockflow-social/Batch01/Clips/V/Food-Beverage_Food-Menu_Pizza_20260215_000257_V.mp4,Food Beverage,Stockflow.media,2026-11-08 19:00
"Pizza — Food Beverage stock footage

Download: https://stockflow.media/?cat=Food+Beverage&sub=Food+Menu&collection=Pizza

#stockfootage #royaltyfree #foodvideo #foodphotography #culinary #foodie #foodcontent #restaurantmarketing #foodblogger #cheflife #foodstyling #foodmenu #pizza #italianpizza #meltedcheese",Pizza_V_TikTok,https://storage.googleapis.com/stockflow-social/Batch01/Clips/V/Food-Beverage_Food-Menu_Pizza_20260215_000256_V.mp4,Food Beverage,Stockflow.media,2026-11-09 8:00
"Pizza — Food Beverage stock footage

Download: https://stockflow.media/?cat=Food+Beverage&sub=Food+Menu&collection=Pizza

#stockfootage #royaltyfree #foodvideo #foodphotography #culinary #foodie #foodcontent #restaurantmarketing #foodblogger #cheflife #foodstyling #foodmenu #pizza #italianpizza #freshbasil",Pizza_V_TikTok,https://storage.googleapis.com/stockflow-social/Batch01/Clips/V/Food-Beverage_Food-Menu_Pizza_20260215_000255_V.mp4,Food Beverage,Stockflow.media,2026-11-09 12:30
"Pizza — Food Beverage stock footage

Download: https://stockflow.media/?cat=Food+Beverage&sub=Food+Menu&collection=Pizza

#stockfootage #royaltyfree #foodvideo #foodphotography #culinary #foodie #foodcontent #restaurantmarketing #foodblogger #cheflife #foodstyling #foodmenu #pizza #italianpizza #mushroompizza",Pizza_V_TikTok,https://storage.googleapis.com/stockflow-social/Batch01/Clips/V/Food-Beverage_Food-Menu_Pizza_20260215_000254_V.mp4,Food Beverage,Stockflow.media,2026-11-09 19:00
"Dosa — Food Beverage stock footage

Download: https://stockflow.media/?cat=Food+Beverage&sub=Food+Menu&collection=Dosa

#stockfootage #royaltyfree #foodvideo #foodphotography #culinary #foodie #foodcontent #restaurantmarketing #foodblogger #cheflife #foodstyling #foodmenu #dosa #dosai #crispydosa",Dosa_V_TikTok,https://storage.googleapis.com/stockflow-social/Batch01/Clips/V/Food-Beverage_Food-Menu_Dosa_20260215_000222_V.mp4,Food Beverage,Stockflow.media,2026-11-10 8:00
"Dosa — Food Beverage stock footage

Download: https://stockflow.media/?cat=Food+Beverage&sub=Food+Menu&collection=Dosa

#stockfootage #royaltyfree #foodvideo #foodphotography #culinary #foodie #foodcontent #restaurantmarketing #foodblogger #cheflife #foodstyling #foodmenu #dosa #southindian #bananaleaf",Dosa_V_TikTok,https://storage.googleapis.com/stockflow-social/Batch01/Clips/V/Food-Beverage_Food-Menu_Dosa_20260215_000221_V.mp4,Food Beverage,Stockflow.media,2026-11-10 12:30
"Dosa — Food Beverage stock footage

Download: https://stockflow.media/?cat=Food+Beverage&sub=Food+Menu&collection=Dosa

#stockfootage #royaltyfree #foodvideo #foodphotography #culinary #foodie #foodcontent #restaurantmarketing #foodblogger #cheflife #foodstyling #foodmenu #dosa #southindiandosa #crispydosa",Dosa_V_TikTok,https://storage.googleapis.com/stockflow-social/Batch01/Clips/V/Food-Beverage_Food-Menu_Dosa_20260215_000220_V.mp4,Food Beverage,Stockflow.media,2026-11-10 19:00
"Dosa — Food Beverage stock footage

Download: https://stockflow.media/?cat=Food+Beverage&sub=Food+Menu&collection=Dosa

#stockfootage #royaltyfree #foodvideo #foodphotography #culinary #foodie #foodcontent #restaurantmarketing #foodblogger #cheflife #foodstyling #foodmenu #dosa #dosaroll #crispydosa",Dosa_V_TikTok,https://storage.googleapis.com/stockflow-social/Batch01/Clips/V/Food-Beverage_Food-Menu_Dosa_20260215_000219_V.mp4,Food Beverage,Stockflow.media,2026-11-11 8:00
"Dosa — Food Beverage stock footage

Download: https://stockflow.media/?cat=Food+Beverage&sub=Food+Menu&collection=Dosa

#stockfootage #royaltyfree #foodvideo #foodphotography #culinary #foodie #foodcontent #restaurantmarketing #foodblogger #cheflife #foodstyling #foodmenu #dosa #crispydosa #southindiandosa",Dosa_V_TikTok,https://storage.googleapis.com/stockflow-social/Batch01/Clips/V/Food-Beverage_Food-Menu_Dosa_20260215_000218_V.mp4,Food Beverage,Stockflow.media,2026-11-11 12:30
"Dosa — Food Beverage stock footage

Download: https://stockflow.media/?cat=Food+Beverage&sub=Food+Menu&collection=Dosa

#stockfootage #royaltyfree #foodvideo #foodphotography #culinary #foodie #foodcontent #restaurantmarketing #foodblogger #cheflife #foodstyling #foodmenu #dosa #bananaleaf #sambar",Dosa_V_TikTok,https://storage.googleapis.com/stockflow-social/Batch01/Clips/V/Food-Beverage_Food-Menu_Dosa_20260215_000217_V.mp4,Food Beverage,Stockflow.media,2026-11-11 19:00
"Dosa — Food Beverage stock footage

Download: https://stockflow.media/?cat=Food+Beverage&sub=Food+Menu&collection=Dosa

#stockfootage #royaltyfree #foodvideo #foodphotography #culinary #foodie #foodcontent #restaurantmarketing #foodblogger #cheflife #foodstyling #foodmenu #dosa #southindiandosa #dosaonbananaleaf",Dosa_V_TikTok,https://storage.googleapis.com/stockflow-social/Batch01/Clips/V/Food-Beverage_Food-Menu_Dosa_20260215_000216_V.mp4,Food Beverage,Stockflow.media,2026-11-12 8:00
"Dosa — Food Beverage stock footage

Download: https://stockflow.media/?cat=Food+Beverage&sub=Food+Menu&collection=Dosa

#stockfootage #royaltyfree #foodvideo #foodphotography #culinary #foodie #foodcontent #restaurantmarketing #foodblogger #cheflife #foodstyling #foodmenu #dosa #masaladosa #crispydosa",Dosa_V_TikTok,https://storage.googleapis.com/stockflow-social/Batch01/Clips/V/Food-Beverage_Food-Menu_Dosa_20260215_000215_V.mp4,Food Beverage,Stockflow.media,2026-11-12 12:30
"Idly Vada — Food Beverage stock footage

Download: https://stockflow.media/?cat=Food+Beverage&sub=Food+Menu&collection=Idly+Vada

#stockfootage #royaltyfree #foodvideo #foodphotography #culinary #foodie #foodcontent #restaurantmarketing #foodblogger #cheflife #foodstyling #foodmenu #idlyvada #crispyidlis #idli",Idly Vada_V_TikTok,https://storage.googleapis.com/stockflow-social/Batch01/Clips/V/Food-Beverage_Food-Menu_Idly-Vada_20260215_000203_V.mp4,Food Beverage,Stockflow.media,2026-11-12 19:00
"Idly Vada — Food Beverage stock footage

Download: https://stockflow.media/?cat=Food+Beverage&sub=Food+Menu&collection=Idly+Vada

#stockfootage #royaltyfree #foodvideo #foodphotography #culinary #foodie #foodcontent #restaurantmarketing #foodblogger #cheflife #foodstyling #foodmenu #idlyvada #delicious #southindianthali",Idly Vada_V_TikTok,https://storage.googleapis.com/stockflow-social/Batch01/Clips/V/Food-Beverage_Food-Menu_Idly-Vada_20260215_000202_V.mp4,Food Beverage,Stockflow.media,2026-11-13 8:00
"Idly Vada — Food Beverage stock footage

Download: https://stockflow.media/?cat=Food+Beverage&sub=Food+Menu&collection=Idly+Vada

#stockfootage #royaltyfree #foodvideo #foodphotography #culinary #foodie #foodcontent #restaurantmarketing #foodblogger #cheflife #foodstyling #foodmenu #idlyvada #indian #idli",Idly Vada_V_TikTok,https://storage.googleapis.com/stockflow-social/Batch01/Clips/V/Food-Beverage_Food-Menu_Idly-Vada_20260215_000201_V.mp4,Food Beverage,Stockflow.media,2026-11-13 12:30
"Idly Vada — Food Beverage stock footage

Download: https://stockflow.media/?cat=Food+Beverage&sub=Food+Menu&collection=Idly+Vada

#stockfootage #royaltyfree #foodvideo #foodphotography #culinary #foodie #foodcontent #restaurantmarketing #foodblogger #cheflife #foodstyling #foodmenu #idlyvada #idlis #vadas",Idly Vada_V_TikTok,https://storage.googleapis.com/stockflow-social/Batch01/Clips/V/Food-Beverage_Food-Menu_Idly-Vada_20260215_000200_V.mp4,Food Beverage,Stockflow.media,2026-11-13 19:00
"Idly Vada — Food Beverage stock footage

Download: https://stockflow.media/?cat=Food+Beverage&sub=Food+Menu&collection=Idly+Vada

#stockfootage #royaltyfree #foodvideo #foodphotography #culinary #foodie #foodcontent #restaurantmarketing #foodblogger #cheflife #foodstyling #foodmenu #idlyvada #southindian #idlis",Idly Vada_V_TikTok,https://storage.googleapis.com/stockflow-social/Batch01/Clips/V/Food-Beverage_Food-Menu_Idly-Vada_20260215_000199_V.mp4,Food Beverage,Stockflow.media,2026-11-14 8:00
"Butter Chiken — Food Beverage stock footage

Download: https://stockflow.media/?cat=Food+Beverage&sub=Food+Menu&collection=Butter+Chiken

#stockfootage #royaltyfree #foodvideo #foodphotography #culinary #foodie #foodcontent #restaurantmarketing #foodblogger #cheflife #foodstyling #foodmenu #butterchiken #butterchicken #murghmakhani",Butter Chiken_V_TikTok,https://storage.googleapis.com/stockflow-social/Batch01/Clips/V/Food-Beverage_Food-Menu_Butter-Chiken_20260215_000160_V.mp4,Food Beverage,Stockflow.media,2026-11-14 12:30
"Butter Chiken — Food Beverage stock footage

Download: https://stockflow.media/?cat=Food+Beverage&sub=Food+Menu&collection=Butter+Chiken

#stockfootage #royaltyfree #foodvideo #foodphotography #culinary #foodie #foodcontent #restaurantmarketing #foodblogger #cheflife #foodstyling #foodmenu #butterchiken #butterchicken #indianfood",Butter Chiken_V_TikTok,https://storage.googleapis.com/stockflow-social/Batch01/Clips/V/Food-Beverage_Food-Menu_Butter-Chiken_20260215_000159_V.mp4,Food Beverage,Stockflow.media,2026-11-14 19:00
"Butter Chiken — Food Beverage stock footage

Download: https://stockflow.media/?cat=Food+Beverage&sub=Food+Menu&collection=Butter+Chiken

#stockfootage #royaltyfree #foodvideo #foodphotography #culinary #foodie #foodcontent #restaurantmarketing #foodblogger #cheflife #foodstyling #foodmenu #butterchiken #butterchicken #chickencurry",Butter Chiken_V_TikTok,https://storage.googleapis.com/stockflow-social/Batch01/Clips/V/Food-Beverage_Food-Menu_Butter-Chiken_20260215_000158_V.mp4,Food Beverage,Stockflow.media,2026-11-15 8:00
"Butter Chiken — Food Beverage stock footage

Download: https://stockflow.media/?cat=Food+Beverage&sub=Food+Menu&collection=Butter+Chiken

#stockfootage #royaltyfree #foodvideo #foodphotography #culinary #foodie #foodcontent #restaurantmarketing #foodblogger #cheflife #foodstyling #foodmenu #butterchiken #butterchicken #butterchickencurry",Butter Chiken_V_TikTok,https://storage.googleapis.com/stockflow-social/Batch01/Clips/V/Food-Beverage_Food-Menu_Butter-Chiken_20260215_000157_V.mp4,Food Beverage,Stockflow.media,2026-11-15 12:30
"Butter Chiken — Food Beverage stock footage

Download: https://stockflow.media/?cat=Food+Beverage&sub=Food+Menu&collection=Butter+Chiken

#stockfootage #royaltyfree #foodvideo #foodphotography #culinary #foodie #foodcontent #restaurantmarketing #foodblogger #cheflife #foodstyling #foodmenu #butterchiken #butterchicken #chickencurry",Butter Chiken_V_TikTok,https://storage.googleapis.com/stockflow-social/Batch01/Clips/V/Food-Beverage_Food-Menu_Butter-Chiken_20260215_000156_V.mp4,Food Beverage,Stockflow.media,2026-11-15 19:00
"Butter Chiken — Food Beverage stock footage

Download: https://stockflow.media/?cat=Food+Beverage&sub=Food+Menu&collection=Butter+Chiken

#stockfootage #royaltyfree #foodvideo #foodphotography #culinary #foodie #foodcontent #restaurantmarketing #foodblogger #cheflife #foodstyling #foodmenu #butterchiken #butterchicken #indiancuisine",Butter Chiken_V_TikTok,https://storage.googleapis.com/stockflow-social/Batch01/Clips/V/Food-Beverage_Food-Menu_Butter-Chiken_20260215_000155_V.mp4,Food Beverage,Stockflow.media,2026-11-16 8:00
"Butter Chiken — Food Beverage stock footage

Download: https://stockflow.media/?cat=Food+Beverage&sub=Food+Menu&collection=Butter+Chiken

#stockfootage #royaltyfree #foodvideo #foodphotography #culinary #foodie #foodcontent #restaurantmarketing #foodblogger #cheflife #foodstyling #foodmenu #butterchiken #creamy #tomatobased",Butter Chiken_V_TikTok,https://storage.googleapis.com/stockflow-social/Batch01/Clips/V/Food-Beverage_Food-Menu_Butter-Chiken_20260215_000154_V.mp4,Food Beverage,Stockflow.media,2026-11-16 12:30
"Butter Chiken — Food Beverage stock footage

Download: https://stockflow.media/?cat=Food+Beverage&sub=Food+Menu&collection=Butter+Chiken

#stockfootage #royaltyfree #foodvideo #foodphotography #culinary #foodie #foodcontent #restaurantmarketing #foodblogger #cheflife #foodstyling #foodmenu #butterchiken #butterchicken #indianfood",Butter Chiken_V_TikTok,https://storage.googleapis.com/stockflow-social/Batch01/Clips/V/Food-Beverage_Food-Menu_Butter-Chiken_20260215_000153_V.mp4,Food Beverage,Stockflow.media,2026-11-16 19:00
"Butter Chiken — Food Beverage stock footage

Download: https://stockflow.media/?cat=Food+Beverage&sub=Food+Menu&collection=Butter+Chiken

#stockfootage #royaltyfree #foodvideo #foodphotography #culinary #foodie #foodcontent #restaurantmarketing #foodblogger #cheflife #foodstyling #foodmenu #butterchiken #butterchicken #indianbutterchicken",Butter Chiken_V_TikTok,https://storage.googleapis.com/stockflow-social/Batch01/Clips/V/Food-Beverage_Food-Menu_Butter-Chiken_20260215_000152_V.mp4,Food Beverage,Stockflow.media,2026-11-17 8:00
"Butter Chiken — Food Beverage stock footage

Download: https://stockflow.media/?cat=Food+Beverage&sub=Food+Menu&collection=Butter+Chiken

#stockfootage #royaltyfree #foodvideo #foodphotography #culinary #foodie #foodcontent #restaurantmarketing #foodblogger #cheflife #foodstyling #foodmenu #butterchiken #indianbutterchicken #butterchicken",Butter Chiken_V_TikTok,https://storage.googleapis.com/stockflow-social/Batch01/Clips/V/Food-Beverage_Food-Menu_Butter-Chiken_20260215_000151_V.mp4,Food Beverage,Stockflow.media,2026-11-17 12:30
"Butter Chiken — Food Beverage stock footage

Download: https://stockflow.media/?cat=Food+Beverage&sub=Food+Menu&collection=Butter+Chiken

#stockfootage #royaltyfree #foodvideo #foodphotography #culinary #foodie #foodcontent #restaurantmarketing #foodblogger #cheflife #foodstyling #foodmenu #butterchiken #indian #butterchicken",Butter Chiken_V_TikTok,https://storage.googleapis.com/stockflow-social/Batch01/Clips/V/Food-Beverage_Food-Menu_Butter-Chiken_20260215_000150_V.mp4,Food Beverage,Stockflow.media,2026-11-17 19:00
"Butter Chiken — Food Beverage stock footage

Download: https://stockflow.media/?cat=Food+Beverage&sub=Food+Menu&collection=Butter+Chiken

#stockfootage #royaltyfree #foodvideo #foodphotography #culinary #foodie #foodcontent #restaurantmarketing #foodblogger #cheflife #foodstyling #foodmenu #butterchiken #butterchicken #chickencurry",Butter Chiken_V_TikTok,https://storage.googleapis.com/stockflow-social/Batch01/Clips/V/Food-Beverage_Food-Menu_Butter-Chiken_20260215_000149_V.mp4,Food Beverage,Stockflow.media,2026-11-18 8:00
"Butter Chiken — Food Beverage stock footage

Download: https://stockflow.media/?cat=Food+Beverage&sub=Food+Menu&collection=Butter+Chiken

#stockfootage #royaltyfree #foodvideo #foodphotography #culinary #foodie #foodcontent #restaurantmarketing #foodblogger #cheflife #foodstyling #foodmenu #butterchiken #butterchicken #chickencurry",Butter Chiken_V_TikTok,https://storage.googleapis.com/stockflow-social/Batch01/Clips/V/Food-Beverage_Food-Menu_Butter-Chiken_20260215_000148_V.mp4,Food Beverage,Stockflow.media,2026-11-18 12:30
"Butter Chiken — Food Beverage stock footage

Download: https://stockflow.media/?cat=Food+Beverage&sub=Food+Menu&collection=Butter+Chiken

#stockfootage #royaltyfree #foodvideo #foodphotography #culinary #foodie #foodcontent #restaurantmarketing #foodblogger #cheflife #foodstyling #foodmenu #butterchiken #creamy #butterchicken",Butter Chiken_V_TikTok,https://storage.googleapis.com/stockflow-social/Batch01/Clips/V/Food-Beverage_Food-Menu_Butter-Chiken_20260215_000147_V.mp4,Food Beverage,Stockflow.media,2026-11-18 19:00
"Butter Chiken — Food Beverage stock footage

Download: https://stockflow.media/?cat=Food+Beverage&sub=Food+Menu&collection=Butter+Chiken

#stockfootage #royaltyfree #foodvideo #foodphotography #culinary #foodie #foodcontent #restaurantmarketing #foodblogger #cheflife #foodstyling #foodmenu #butterchiken #indian #butterchicken",Butter Chiken_V_TikTok,https://storage.googleapis.com/stockflow-social/Batch01/Clips/V/Food-Beverage_Food-Menu_Butter-Chiken_20260215_000146_V.mp4,Food Beverage,Stockflow.media,2026-11-19 8:00
"Butter Chiken — Food Beverage stock footage

Download: https://stockflow.media/?cat=Food+Beverage&sub=Food+Menu&collection=Butter+Chiken

#stockfootage #royaltyfree #foodvideo #foodphotography #culinary #foodie #foodcontent #restaurantmarketing #foodblogger #cheflife #foodstyling #foodmenu #butterchiken #butterchicken #creamycurry",Butter Chiken_V_TikTok,https://storage.googleapis.com/stockflow-social/Batch01/Clips/V/Food-Beverage_Food-Menu_Butter-Chiken_20260215_000145_V.mp4,Food Beverage,Stockflow.media,2026-11-19 12:30
"Butter Chiken — Food Beverage stock footage

Download: https://stockflow.media/?cat=Food+Beverage&sub=Food+Menu&collection=Butter+Chiken

#stockfootage #royaltyfree #foodvideo #foodphotography #culinary #foodie #foodcontent #restaurantmarketing #foodblogger #cheflife #foodstyling #foodmenu #butterchiken #butterchicken #creamychicken",Butter Chiken_V_TikTok,https://storage.googleapis.com/stockflow-social/Batch01/Clips/V/Food-Beverage_Food-Menu_Butter-Chiken_20260215_000144_V.mp4,Food Beverage,Stockflow.media,2026-11-19 19:00
"Butter Chiken — Food Beverage stock footage

Download: https://stockflow.media/?cat=Food+Beverage&sub=Food+Menu&collection=Butter+Chiken

#stockfootage #royaltyfree #foodvideo #foodphotography #culinary #foodie #foodcontent #restaurantmarketing #foodblogger #cheflife #foodstyling #foodmenu #butterchiken #butterchicken #indiancuisine",Butter Chiken_V_TikTok,https://storage.googleapis.com/stockflow-social/Batch01/Clips/V/Food-Beverage_Food-Menu_Butter-Chiken_20260215_000143_V.mp4,Food Beverage,Stockflow.media,2026-11-20 8:00
"Butter Chiken — Food Beverage stock footage

Download: https://stockflow.media/?cat=Food+Beverage&sub=Food+Menu&collection=Butter+Chiken

#stockfootage #royaltyfree #foodvideo #foodphotography #culinary #foodie #foodcontent #restaurantmarketing #foodblogger #cheflife #foodstyling #foodmenu #butterchiken #butterchicken #orangecurry",Butter Chiken_V_TikTok,https://storage.googleapis.com/stockflow-social/Batch01/Clips/V/Food-Beverage_Food-Menu_Butter-Chiken_20260215_000142_V.mp4,Food Beverage,Stockflow.media,2026-11-20 12:30
"Butter Chiken — Food Beverage stock footage

Download: https://stockflow.media/?cat=Food+Beverage&sub=Food+Menu&collection=Butter+Chiken

#stockfootage #royaltyfree #foodvideo #foodphotography #culinary #foodie #foodcontent #restaurantmarketing #foodblogger #cheflife #foodstyling #foodmenu #butterchiken #butterchicken #chickencurry",Butter Chiken_V_TikTok,https://storage.googleapis.com/stockflow-social/Batch01/Clips/V/Food-Beverage_Food-Menu_Butter-Chiken_20260215_000141_V.mp4,Food Beverage,Stockflow.media,2026-11-20 19:00
"Butter Chiken — Food Beverage stock footage

Download: https://stockflow.media/?cat=Food+Beverage&sub=Food+Menu&collection=Butter+Chiken

#stockfootage #royaltyfree #foodvideo #foodphotography #culinary #foodie #foodcontent #restaurantmarketing #foodblogger #cheflife #foodstyling #foodmenu #butterchiken #butterchicken #chickencurry",Butter Chiken_V_TikTok,https://storage.googleapis.com/stockflow-social/Batch01/Clips/V/Food-Beverage_Food-Menu_Butter-Chiken_20260215_000140_V.mp4,Food Beverage,Stockflow.media,2026-11-21 8:00
"Butter Chiken — Food Beverage stock footage

Download: https://stockflow.media/?cat=Food+Beverage&sub=Food+Menu&collection=Butter+Chiken

#stockfootage #royaltyfree #foodvideo #foodphotography #culinary #foodie #foodcontent #restaurantmarketing #foodblogger #cheflife #foodstyling #foodmenu #butterchiken #butterchicken #indiancurry",Butter Chiken_V_TikTok,https://storage.googleapis.com/stockflow-social/Batch01/Clips/V/Food-Beverage_Food-Menu_Butter-Chiken_20260215_000139_V.mp4,Food Beverage,Stockflow.media,2026-11-21 12:30
"Biriyani — Food Beverage stock footage

Download: https://stockflow.media/?cat=Food+Beverage&sub=Food+Menu&collection=Biriyani

#stockfootage #royaltyfree #foodvideo #foodphotography #culinary #foodie #foodcontent #restaurantmarketing #foodblogger #cheflife #foodstyling #foodmenu #biriyani #indian #biryani",Biriyani_V_TikTok,https://storage.googleapis.com/stockflow-social/Batch01/Clips/V/Food-Beverage_Food-Menu_Biriyani_20260215_000105_V.mp4,Food Beverage,Stockflow.media,2026-11-21 19:00
"Biriyani — Food Beverage stock footage

Download: https://stockflow.media/?cat=Food+Beverage&sub=Food+Menu&collection=Biriyani

#stockfootage #royaltyfree #foodvideo #foodphotography #culinary #foodie #foodcontent #restaurantmarketing #foodblogger #cheflife #foodstyling #foodmenu #biriyani #biryani #indianbiryani",Biriyani_V_TikTok,https://storage.googleapis.com/stockflow-social/Batch01/Clips/V/Food-Beverage_Food-Menu_Biriyani_20260215_000104_V.mp4,Food Beverage,Stockflow.media,2026-11-22 8:00
"Biriyani — Food Beverage stock footage

Download: https://stockflow.media/?cat=Food+Beverage&sub=Food+Menu&collection=Biriyani

#stockfootage #royaltyfree #foodvideo #foodphotography #culinary #foodie #foodcontent #restaurantmarketing #foodblogger #cheflife #foodstyling #foodmenu #biriyani #biryani #indiancuisine",Biriyani_V_TikTok,https://storage.googleapis.com/stockflow-social/Batch01/Clips/V/Food-Beverage_Food-Menu_Biriyani_20260215_000103_V.mp4,Food Beverage,Stockflow.media,2026-11-22 12:30
"Biriyani — Food Beverage stock footage

Download: https://stockflow.media/?cat=Food+Beverage&sub=Food+Menu&collection=Biriyani

#stockfootage #royaltyfree #foodvideo #foodphotography #culinary #foodie #foodcontent #restaurantmarketing #foodblogger #cheflife #foodstyling #foodmenu #biriyani #biryani #saffronrice",Biriyani_V_TikTok,https://storage.googleapis.com/stockflow-social/Batch01/Clips/V/Food-Beverage_Food-Menu_Biriyani_20260215_000102_V.mp4,Food Beverage,Stockflow.media,2026-11-22 19:00
"Biriyani — Food Beverage stock footage

Download: https://stockflow.media/?cat=Food+Beverage&sub=Food+Menu&collection=Biriyani

#stockfootage #royaltyfree #foodvideo #foodphotography #culinary #foodie #foodcontent #restaurantmarketing #foodblogger #cheflife #foodstyling #foodmenu #biriyani #biryani #indiancuisine",Biriyani_V_TikTok,https://storage.googleapis.com/stockflow-social/Batch01/Clips/V/Food-Beverage_Food-Menu_Biriyani_20260215_000101_V.mp4,Food Beverage,Stockflow.media,2026-11-23 8:00
"Biriyani — Food Beverage stock footage

Download: https://stockflow.media/?cat=Food+Beverage&sub=Food+Menu&collection=Biriyani

#stockfootage #royaltyfree #foodvideo #foodphotography #culinary #foodie #foodcontent #restaurantmarketing #foodblogger #cheflife #foodstyling #foodmenu #biriyani #biryani #saffronrice",Biriyani_V_TikTok,https://storage.googleapis.com/stockflow-social/Batch01/Clips/V/Food-Beverage_Food-Menu_Biriyani_20260215_000100_V.mp4,Food Beverage,Stockflow.media,2026-11-23 12:30
"Biriyani — Food Beverage stock footage

Download: https://stockflow.media/?cat=Food+Beverage&sub=Food+Menu&collection=Biriyani

#stockfootage #royaltyfree #foodvideo #foodphotography #culinary #foodie #foodcontent #restaurantmarketing #foodblogger #cheflife #foodstyling #foodmenu #biriyani #biryani #copperpot",Biriyani_V_TikTok,https://storage.googleapis.com/stockflow-social/Batch01/Clips/V/Food-Beverage_Food-Menu_Biriyani_20260215_000098_V.mp4,Food Beverage,Stockflow.media,2026-11-23 19:00
"Fish Dinner — Food Beverage stock footage

Download: https://stockflow.media/?cat=Food+Beverage&sub=Food+Menu&collection=Fish+Dinner

#stockfootage #royaltyfree #foodvideo #foodphotography #culinary #foodie #foodcontent #restaurantmarketing #foodblogger #cheflife #foodstyling #foodmenu #fishdinner #gourmet #whitefish",Fish Dinner_V_TikTok,https://storage.googleapis.com/stockflow-social/Batch01/Clips/V/Food-Beverage_Food-Menu_Fish-Dinner_20260215_000077_V.mp4,Food Beverage,Stockflow.media,2026-11-24 8:00
"Fish Dinner — Food Beverage stock footage

Download: https://stockflow.media/?cat=Food+Beverage&sub=Food+Menu&collection=Fish+Dinner

#stockfootage #royaltyfree #foodvideo #foodphotography #culinary #foodie #foodcontent #restaurantmarketing #foodblogger #cheflife #foodstyling #foodmenu #fishdinner #fishfillet #platedfish",Fish Dinner_V_TikTok,https://storage.googleapis.com/stockflow-social/Batch01/Clips/V/Food-Beverage_Food-Menu_Fish-Dinner_20260215_000076_V.mp4,Food Beverage,Stockflow.media,2026-11-24 12:30
"Fish Dinner — Food Beverage stock footage

Download: https://stockflow.media/?cat=Food+Beverage&sub=Food+Menu&collection=Fish+Dinner

#stockfootage #royaltyfree #foodvideo #foodphotography #culinary #foodie #foodcontent #restaurantmarketing #foodblogger #cheflife #foodstyling #foodmenu #fishdinner #fish #seared",Fish Dinner_V_TikTok,https://storage.googleapis.com/stockflow-social/Batch01/Clips/V/Food-Beverage_Food-Menu_Fish-Dinner_20260215_000075_V.mp4,Food Beverage,Stockflow.media,2026-11-24 19:00
"Fish Dinner — Food Beverage stock footage

Download: https://stockflow.media/?cat=Food+Beverage&sub=Food+Menu&collection=Fish+Dinner

#stockfootage #royaltyfree #foodvideo #foodphotography #culinary #foodie #foodcontent #restaurantmarketing #foodblogger #cheflife #foodstyling #foodmenu #fishdinner #searedfishfillet #fishfillet",Fish Dinner_V_TikTok,https://storage.googleapis.com/stockflow-social/Batch01/Clips/V/Food-Beverage_Food-Menu_Fish-Dinner_20260215_000074_V.mp4,Food Beverage,Stockflow.media,2026-11-25 8:00
"Fish Dinner — Food Beverage stock footage

Download: https://stockflow.media/?cat=Food+Beverage&sub=Food+Menu&collection=Fish+Dinner

#stockfootage #royaltyfree #foodvideo #foodphotography #culinary #foodie #foodcontent #restaurantmarketing #foodblogger #cheflife #foodstyling #foodmenu #fishdinner #elegant #platedfish",Fish Dinner_V_TikTok,https://storage.googleapis.com/stockflow-social/Batch01/Clips/V/Food-Beverage_Food-Menu_Fish-Dinner_20260215_000073_V.mp4,Food Beverage,Stockflow.media,2026-11-25 12:30
"Fish Dinner — Food Beverage stock footage

Download: https://stockflow.media/?cat=Food+Beverage&sub=Food+Menu&collection=Fish+Dinner

#stockfootage #royaltyfree #foodvideo #foodphotography #culinary #foodie #foodcontent #restaurantmarketing #foodblogger #cheflife #foodstyling #foodmenu #fishdinner #searedfishfillet #lemonandherbs",Fish Dinner_V_TikTok,https://storage.googleapis.com/stockflow-social/Batch01/Clips/V/Food-Beverage_Food-Menu_Fish-Dinner_20260215_000072_V.mp4,Food Beverage,Stockflow.media,2026-11-25 19:00
"Fish Dinner — Food Beverage stock footage

Download: https://stockflow.media/?cat=Food+Beverage&sub=Food+Menu&collection=Fish+Dinner

#stockfootage #royaltyfree #foodvideo #foodphotography #culinary #foodie #foodcontent #restaurantmarketing #foodblogger #cheflife #foodstyling #foodmenu #fishdinner #searedfishfillet #caramelizedcrust",Fish Dinner_V_TikTok,https://storage.googleapis.com/stockflow-social/Batch01/Clips/V/Food-Beverage_Food-Menu_Fish-Dinner_20260215_000071_V.mp4,Food Beverage,Stockflow.media,2026-11-26 8:00
"Fish Dinner — Food Beverage stock footage

Download: https://stockflow.media/?cat=Food+Beverage&sub=Food+Menu&collection=Fish+Dinner

#stockfootage #royaltyfree #foodvideo #foodphotography #culinary #foodie #foodcontent #restaurantmarketing #foodblogger #cheflife #foodstyling #foodmenu #fishdinner #herbsearedfishfillet #lemon",Fish Dinner_V_TikTok,https://storage.googleapis.com/stockflow-social/Batch01/Clips/V/Food-Beverage_Food-Menu_Fish-Dinner_20260215_000070_V.mp4,Food Beverage,Stockflow.media,2026-11-26 12:30
"Fish Dinner — Food Beverage stock footage

Download: https://stockflow.media/?cat=Food+Beverage&sub=Food+Menu&collection=Fish+Dinner

#stockfootage #royaltyfree #foodvideo #foodphotography #culinary #foodie #foodcontent #restaurantmarketing #foodblogger #cheflife #foodstyling #foodmenu #fishdinner #elegantfishdinner #searedfillet",Fish Dinner_V_TikTok,https://storage.googleapis.com/stockflow-social/Batch01/Clips/V/Food-Beverage_Food-Menu_Fish-Dinner_20260215_000069_V.mp4,Food Beverage,Stockflow.media,2026-11-26 19:00
"Fish Dinner — Food Beverage stock footage

Download: https://stockflow.media/?cat=Food+Beverage&sub=Food+Menu&collection=Fish+Dinner

#stockfootage #royaltyfree #foodvideo #foodphotography #culinary #foodie #foodcontent #restaurantmarketing #foodblogger #cheflife #foodstyling #foodmenu #fishdinner #platedwholefish #wholefishwithsauce",Fish Dinner_V_TikTok,https://storage.googleapis.com/stockflow-social/Batch01/Clips/V/Food-Beverage_Food-Menu_Fish-Dinner_20260215_000068_V.mp4,Food Beverage,Stockflow.media,2026-11-27 8:00
"Fish Dinner — Food Beverage stock footage

Download: https://stockflow.media/?cat=Food+Beverage&sub=Food+Menu&collection=Fish+Dinner

#stockfootage #royaltyfree #foodvideo #foodphotography #culinary #foodie #foodcontent #restaurantmarketing #foodblogger #cheflife #foodstyling #foodmenu #fishdinner #platedfishfillet #fishfillet",Fish Dinner_V_TikTok,https://storage.googleapis.com/stockflow-social/Batch01/Clips/V/Food-Beverage_Food-Menu_Fish-Dinner_20260215_000067_V.mp4,Food Beverage,Stockflow.media,2026-11-27 12:30
"Fish Dinner — Food Beverage stock footage

Download: https://stockflow.media/?cat=Food+Beverage&sub=Food+Menu&collection=Fish+Dinner

#stockfootage #royaltyfree #foodvideo #foodphotography #culinary #foodie #foodcontent #restaurantmarketing #foodblogger #cheflife #foodstyling #foodmenu #fishdinner #elegant #plated",Fish Dinner_V_TikTok,https://storage.googleapis.com/stockflow-social/Batch01/Clips/V/Food-Beverage_Food-Menu_Fish-Dinner_20260215_000066_V.mp4,Food Beverage,Stockflow.media,2026-11-27 19:00
"Tikka Masala — Food Beverage stock footage

Download: https://stockflow.media/?cat=Food+Beverage&sub=Food+Menu&collection=Tikka+Masala

#stockfootage #royaltyfree #foodvideo #foodphotography #culinary #foodie #foodcontent #restaurantmarketing #foodblogger #cheflife #foodstyling #foodmenu #tikkamasala #chickentikkamasala #creamy",Tikka Masala_V_TikTok,https://storage.googleapis.com/stockflow-social/Batch01/Clips/V/Food-Beverage_Food-Menu_Tikka-Masala_20260215_000051_V.mp4,Food Beverage,Stockflow.media,2026-11-28 8:00
"Tikka Masala — Food Beverage stock footage

Download: https://stockflow.media/?cat=Food+Beverage&sub=Food+Menu&collection=Tikka+Masala

#stockfootage #royaltyfree #foodvideo #foodphotography #culinary #foodie #foodcontent #restaurantmarketing #foodblogger #cheflife #foodstyling #foodmenu #tikkamasala #chickentikkamasala #creamytomatosauce",Tikka Masala_V_TikTok,https://storage.googleapis.com/stockflow-social/Batch01/Clips/V/Food-Beverage_Food-Menu_Tikka-Masala_20260215_000050_V.mp4,Food Beverage,Stockflow.media,2026-11-28 12:30
"Tikka Masala — Food Beverage stock footage

Download: https://stockflow.media/?cat=Food+Beverage&sub=Food+Menu&collection=Tikka+Masala

#stockfootage #royaltyfree #foodvideo #foodphotography #culinary #foodie #foodcontent #restaurantmarketing #foodblogger #cheflife #foodstyling #foodmenu #tikkamasala #chickentikkamasala #curry",Tikka Masala_V_TikTok,https://storage.googleapis.com/stockflow-social/Batch01/Clips/V/Food-Beverage_Food-Menu_Tikka-Masala_20260215_000049_V.mp4,Food Beverage,Stockflow.media,2026-11-28 19:00
"Tikka Masala — Food Beverage stock footage

Download: https://stockflow.media/?cat=Food+Beverage&sub=Food+Menu&collection=Tikka+Masala

#stockfootage #royaltyfree #foodvideo #foodphotography #culinary #foodie #foodcontent #restaurantmarketing #foodblogger #cheflife #foodstyling #foodmenu #tikkamasala #chickencurry #creamy",Tikka Masala_V_TikTok,https://storage.googleapis.com/stockflow-social/Batch01/Clips/V/Food-Beverage_Food-Menu_Tikka-Masala_20260215_000048_V.mp4,Food Beverage,Stockflow.media,2026-11-29 8:00
"Tikka Masala — Food Beverage stock footage

Download: https://stockflow.media/?cat=Food+Beverage&sub=Food+Menu&collection=Tikka+Masala

#stockfootage #royaltyfree #foodvideo #foodphotography #culinary #foodie #foodcontent #restaurantmarketing #foodblogger #cheflife #foodstyling #foodmenu #tikkamasala #chickentikkamasala #chickencurry",Tikka Masala_V_TikTok,https://storage.googleapis.com/stockflow-social/Batch01/Clips/V/Food-Beverage_Food-Menu_Tikka-Masala_20260215_000047_V.mp4,Food Beverage,Stockflow.media,2026-11-29 12:30
"Tikka Masala — Food Beverage stock footage

Download: https://stockflow.media/?cat=Food+Beverage&sub=Food+Menu&collection=Tikka+Masala

#stockfootage #royaltyfree #foodvideo #foodphotography #culinary #foodie #foodcontent #restaurantmarketing #foodblogger #cheflife #foodstyling #foodmenu #tikkamasala #chickentikkamasala #creamytomatosauce",Tikka Masala_V_TikTok,https://storage.googleapis.com/stockflow-social/Batch01/Clips/V/Food-Beverage_Food-Menu_Tikka-Masala_20260215_000046_V.mp4,Food Beverage,Stockflow.media,2026-11-29 19:00
"Tikka Masala — Food Beverage stock footage

Download: https://stockflow.media/?cat=Food+Beverage&sub=Food+Menu&collection=Tikka+Masala

#stockfootage #royaltyfree #foodvideo #foodphotography #culinary #foodie #foodcontent #restaurantmarketing #foodblogger #cheflife #foodstyling #foodmenu #tikkamasala #chickentikkamasala #creamy",Tikka Masala_V_TikTok,https://storage.googleapis.com/stockflow-social/Batch01/Clips/V/Food-Beverage_Food-Menu_Tikka-Masala_20260215_000045_V.mp4,Food Beverage,Stockflow.media,2026-11-30 8:00
"Chicken Dinner — Food Beverage stock footage

Download: https://stockflow.media/?cat=Food+Beverage&sub=Food+Menu&collection=Chicken+Dinner

#stockfootage #royaltyfree #foodvideo #foodphotography #culinary #foodie #foodcontent #restaurantmarketing #foodblogger #cheflife #foodstyling #foodmenu #chickendinner #herbcrustedchicken #chickenbreast",Chicken Dinner_V_TikTok,https://storage.googleapis.com/stockflow-social/Batch01/Clips/V/Food-Beverage_Food-Menu_Chicken-Dinner_20260215_000022_V.mp4,Food Beverage,Stockflow.media,2026-11-30 12:30
"Chicken Dinner — Food Beverage stock footage

Download: https://stockflow.media/?cat=Food+Beverage&sub=Food+Menu&collection=Chicken+Dinner

#stockfootage #royaltyfree #foodvideo #foodphotography #culinary #foodie #foodcontent #restaurantmarketing #foodblogger #cheflife #foodstyling #foodmenu #chickendinner #roastedchicken #crispyglaze",Chicken Dinner_V_TikTok,https://storage.googleapis.com/stockflow-social/Batch01/Clips/V/Food-Beverage_Food-Menu_Chicken-Dinner_20260215_000021_V.mp4,Food Beverage,Stockflow.media,2026-11-30 19:00
"Chicken Dinner — Food Beverage stock footage

Download: https://stockflow.media/?cat=Food+Beverage&sub=Food+Menu&collection=Chicken+Dinner

#stockfootage #royaltyfree #foodvideo #foodphotography #culinary #foodie #foodcontent #restaurantmarketing #foodblogger #cheflife #foodstyling #foodmenu #chickendinner #roastedchicken #crispyskin",Chicken Dinner_V_TikTok,https://storage.googleapis.com/stockflow-social/Batch01/Clips/V/Food-Beverage_Food-Menu_Chicken-Dinner_20260215_000020_V.mp4,Food Beverage,Stockflow.media,2026-12-01 8:00
"Chicken Dinner — Food Beverage stock footage

Download: https://stockflow.media/?cat=Food+Beverage&sub=Food+Menu&collection=Chicken+Dinner

#stockfootage #royaltyfree #foodvideo #foodphotography #culinary #foodie #foodcontent #restaurantmarketing #foodblogger #cheflife #foodstyling #foodmenu #chickendinner #roastedchicken #glossyglaze",Chicken Dinner_V_TikTok,https://storage.googleapis.com/stockflow-social/Batch01/Clips/V/Food-Beverage_Food-Menu_Chicken-Dinner_20260215_000019_V.mp4,Food Beverage,Stockflow.media,2026-12-01 12:30
"Chicken Dinner — Food Beverage stock footage

Download: https://stockflow.media/?cat=Food+Beverage&sub=Food+Menu&collection=Chicken+Dinner

#stockfootage #royaltyfree #foodvideo #foodphotography #culinary #foodie #foodcontent #restaurantmarketing #foodblogger #cheflife #foodstyling #foodmenu #chickendinner #roastedchicken #crispyskin",Chicken Dinner_V_TikTok,https://storage.googleapis.com/stockflow-social/Batch01/Clips/V/Food-Beverage_Food-Menu_Chicken-Dinner_20260215_000018_V.mp4,Food Beverage,Stockflow.media,2026-12-01 19:00
"Chicken Dinner — Food Beverage stock footage

Download: https://stockflow.media/?cat=Food+Beverage&sub=Food+Menu&collection=Chicken+Dinner

#stockfootage #royaltyfree #foodvideo #foodphotography #culinary #foodie #foodcontent #restaurantmarketing #foodblogger #cheflife #foodstyling #foodmenu #chickendinner #succulentroastedchicken #roastedchicken",Chicken Dinner_V_TikTok,https://storage.googleapis.com/stockflow-social/Batch01/Clips/V/Food-Beverage_Food-Menu_Chicken-Dinner_20260215_000017_V.mp4,Food Beverage,Stockflow.media,2026-12-02 8:00
"Chicken Dinner — Food Beverage stock footage

Download: https://stockflow.media/?cat=Food+Beverage&sub=Food+Menu&collection=Chicken+Dinner

#stockfootage #royaltyfree #foodvideo #foodphotography #culinary #foodie #foodcontent #restaurantmarketing #foodblogger #cheflife #foodstyling #foodmenu #chickendinner #roastedchicken #gravy",Chicken Dinner_V_TikTok,https://storage.googleapis.com/stockflow-social/Batch01/Clips/V/Food-Beverage_Food-Menu_Chicken-Dinner_20260215_000016_V.mp4,Food Beverage,Stockflow.media,2026-12-02 12:30
"Chicken Dinner — Food Beverage stock footage

Download: https://stockflow.media/?cat=Food+Beverage&sub=Food+Menu&collection=Chicken+Dinner

#stockfootage #royaltyfree #foodvideo #foodphotography #culinary #foodie #foodcontent #restaurantmarketing #foodblogger #cheflife #foodstyling #foodmenu #chickendinner #herbroastedchickenbreast #rosemary",Chicken Dinner_V_TikTok,https://storage.googleapis.com/stockflow-social/Batch01/Clips/V/Food-Beverage_Food-Menu_Chicken-Dinner_20260215_000015_V.mp4,Food Beverage,Stockflow.media,2026-12-02 19:00
"Chicken Dinner — Food Beverage stock footage

Download: https://stockflow.media/?cat=Food+Beverage&sub=Food+Menu&collection=Chicken+Dinner

#stockfootage #royaltyfree #foodvideo #foodphotography #culinary #foodie #foodcontent #restaurantmarketing #foodblogger #cheflife #foodstyling #foodmenu #chickendinner #herbcrustedchicken #chickenbreast",Chicken Dinner_V_TikTok,https://storage.googleapis.com/stockflow-social/Batch01/Clips/V/Food-Beverage_Food-Menu_Chicken-Dinner_20260215_000014_V.mp4,Food Beverage,Stockflow.media,2026-12-03 8:00
"Chicken Dinner — Food Beverage stock footage

Download: https://stockflow.media/?cat=Food+Beverage&sub=Food+Menu&collection=Chicken+Dinner

#stockfootage #royaltyfree #foodvideo #foodphotography #culinary #foodie #foodcontent #restaurantmarketing #foodblogger #cheflife #foodstyling #foodmenu #chickendinner #herbroastedchicken #rosemarychicken",Chicken Dinner_V_TikTok,https://storage.googleapis.com/stockflow-social/Batch01/Clips/V/Food-Beverage_Food-Menu_Chicken-Dinner_20260215_000013_V.mp4,Food Beverage,Stockflow.media,2026-12-03 12:30