Text,Title,Media URLs,Labels,Social Medias,Scheduled
"How Parasitic Micro Worm Footage Transforms science communication Projects

In science communication and documentary filmmaking, the difference between amateur and broadcast-quality output often comes down to one thing: authentic, high-resolution microscopic visuals. Professional-grade microscopy footage is notoriously difficult and expensive to capture independently, requiring specialized equipment and expertise that most production teams simply don't have access to.

About the Parasitic Micro Worm Collection

The Parasitic Micro Worm collection is part of our Worms library within the Microscopic category. This collection delivers broadcast-ready assets that meet the quality standards of professional productions.

Featured assets include:

- Microscopic view of a parasitic micro-worm, showing a coiled, segmented circular cross-section encircled by host tissue and cellular debris, with i...
- A high-fidelity micrograph of a parasitic worm cross-section embedded in host tissue, revealing concentric circular structures, cuticle layers, and...
- Histological image of a coiled parasitic worm in host tissue, showing segmented internal structures, surrounding connective tissue, blood cells, an...

Who Benefits from This Collection

- Documentary filmmakers seeking authentic B-roll for science and nature productions
- Science educators creating engaging lecture content and online courses
- Medical professionals building training materials and patient education resources
- Corporate teams producing pharmaceutical and biotech marketing content
- YouTube creators covering science, biology, and technology topics
- Museum and exhibition designers creating immersive visual displays

Integration into Your Workflow

Import the 4K MP4 files directly into your NLE timeline — Premiere Pro, DaVinci Resolve, or Final Cut Pro. The footage works exceptionally well as B-roll overlays with transparency blending. For presentations and educational materials, the 8K JPEG images drop directly into PowerPoint, Google Slides, or Canva at full resolution without quality loss.

What's Included

- 4K MP4 Video (3840x2160) — 16:9 widescreen
- 8K JPEG Images (7680x4320) — print-ready resolution
- Vertical Video (1080x1920) — optimized for mobile and social
- Square Format (2160x2160) — ideal for social feeds
- Royalty-free license — no attribution required
- Instant download — no waiting, no approval process

Why Stockflow.media

Every clip in this collection was captured using professional-grade microscopy equipment with precise color calibration. Unlike generic stock footage, these assets maintain scientific accuracy while delivering cinematic visual quality — making them suitable for both educational and commercial applications.

Get the Parasitic Micro Worm Collection

Browse and download: https://stockflow.media/?cat=Microscopic&sub=Worms&collection=Parasitic+Micro+Worm
Full collection details: https://help.stockflow.media/col

#stockfootage #royaltyfree #stockvideo #microscopy #science",How Parasitic Micro Worm Footage Transforms science communication Projects,https://storage.googleapis.com/stockflow-social/Batch01/Montages/W/Microscopic_Worms_Parasitic-Micro-Worm_W.mp4,Microscopic,Nmediaservices.com,3/26/2026
"How Nmeatode Footage Transforms science communication Projects

In science communication and documentary filmmaking, the difference between amateur and broadcast-quality output often comes down to one thing: authentic, high-resolution microscopic visuals. Professional-grade microscopy footage is notoriously difficult and expensive to capture independently, requiring specialized equipment and expertise that most production teams simply don't have access to.

About the Nmeatode Collection

The Nmeatode collection is part of our Worms library within the Microscopic category. This collection delivers broadcast-ready assets that meet the quality standards of professional productions.

Featured assets include:

- Pale nematode worm wriggling across dark, gritty soil.
- Close-up of pale earthworms wriggling in moist, sandy soil.
- Close-up of pale, translucent nematodes wriggling through damp, crumbly soil and organic debris.

Who Benefits from This Collection

- Documentary filmmakers seeking authentic B-roll for science and nature productions
- Science educators creating engaging lecture content and online courses
- Medical professionals building training materials and patient education resources
- Corporate teams producing pharmaceutical and biotech marketing content
- YouTube creators covering science, biology, and technology topics
- Museum and exhibition designers creating immersive visual displays

Integration into Your Workflow

Import the 4K MP4 files directly into your NLE timeline — Premiere Pro, DaVinci Resolve, or Final Cut Pro. The footage works exceptionally well as B-roll overlays with transparency blending. For presentations and educational materials, the 8K JPEG images drop directly into PowerPoint, Google Slides, or Canva at full resolution without quality loss.

What's Included

- 4K MP4 Video (3840x2160) — 16:9 widescreen
- 8K JPEG Images (7680x4320) — print-ready resolution
- Vertical Video (1080x1920) — optimized for mobile and social
- Square Format (2160x2160) — ideal for social feeds
- Royalty-free license — no attribution required
- Instant download — no waiting, no approval process

Why Stockflow.media

Every clip in this collection was captured using professional-grade microscopy equipment with precise color calibration. Unlike generic stock footage, these assets maintain scientific accuracy while delivering cinematic visual quality — making them suitable for both educational and commercial applications.

Get the Nmeatode Collection

Browse and download: https://stockflow.media/?cat=Microscopic&sub=Worms&collection=Nmeatode
Full collection details: https://help.stockflow.media/collections/nmeatode/

#stockfootage #royaltyfree #stockvideo #microscopy #science #biology #documentary #sciencecommunication #contentcreation #videoproduction #4kvideo #nmeatode #worms #palenematode #nematode #worm #soil #soiltexture",How Nmeatode Footage Transforms science communication Projects,https://storage.googleapis.com/stockflow-social/Batch01/Montages/W/Microscopic_Worms_Nmeatode_W.mp4,Microscopic,Nmediaservices.com,3/27/2026
"How Flatworms Footage Transforms science communication Projects

In science communication and documentary filmmaking, the difference between amateur and broadcast-quality output often comes down to one thing: authentic, high-resolution microscopic visuals. Professional-grade microscopy footage is notoriously difficult and expensive to capture independently, requiring specialized equipment and expertise that most production teams simply don't have access to.

About the Flatworms Collection

The Flatworms collection is part of our Worms library within the Microscopic category. This collection delivers broadcast-ready assets that meet the quality standards of professional productions.

Featured assets include:

- Microscopic view of three flatworms (planaria) with orange digestive tracts, translucent purple outlines, in a greenish field.
- Microscopic view of flatworms (planarians) with orange digestive tract visible.
- Micro view of translucent flatworms gliding through clear blue water.

Who Benefits from This Collection

- Documentary filmmakers seeking authentic B-roll for science and nature productions
- Science educators creating engaging lecture content and online courses
- Medical professionals building training materials and patient education resources
- Corporate teams producing pharmaceutical and biotech marketing content
- YouTube creators covering science, biology, and technology topics
- Museum and exhibition designers creating immersive visual displays

Integration into Your Workflow

Import the 4K MP4 files directly into your NLE timeline — Premiere Pro, DaVinci Resolve, or Final Cut Pro. The footage works exceptionally well as B-roll overlays with transparency blending. For presentations and educational materials, the 8K JPEG images drop directly into PowerPoint, Google Slides, or Canva at full resolution without quality loss.

What's Included

- 4K MP4 Video (3840x2160) — 16:9 widescreen
- 8K JPEG Images (7680x4320) — print-ready resolution
- Vertical Video (1080x1920) — optimized for mobile and social
- Square Format (2160x2160) — ideal for social feeds
- Royalty-free license — no attribution required
- Instant download — no waiting, no approval process

Why Stockflow.media

Every clip in this collection was captured using professional-grade microscopy equipment with precise color calibration. Unlike generic stock footage, these assets maintain scientific accuracy while delivering cinematic visual quality — making them suitable for both educational and commercial applications.

Get the Flatworms Collection

Browse and download: https://stockflow.media/?cat=Microscopic&sub=Worms&collection=Flatworms
Full collection details: https://help.stockflow.media/collections/flatworms/

#stockfootage #royaltyfree #stockvideo #microscopy #science #biology #documentary #sciencecommunication #contentcreation #videoproduction #4kvideo #flatworms #worms #microscopic #planaria #threeflatworms #orangedigestivetract",How Flatworms Footage Transforms science communication Projects,https://storage.googleapis.com/stockflow-social/Batch01/Montages/W/Microscopic_Worms_Flatworms_W.mp4,Microscopic,Nmediaservices.com,3/28/2026
"How Nematode Worms Footage Transforms science communication Projects

In science communication and documentary filmmaking, the difference between amateur and broadcast-quality output often comes down to one thing: authentic, high-resolution microscopic visuals. Professional-grade microscopy footage is notoriously difficult and expensive to capture independently, requiring specialized equipment and expertise that most production teams simply don't have access to.

About the Nematode Worms Collection

The Nematode Worms collection is part of our Worms library within the Microscopic category. This collection delivers broadcast-ready assets that meet the quality standards of professional productions.

Featured assets include:

- Close-up view of soil-dwelling nematodes wriggling through gritty earth, revealing translucent, segmented bodies and tiny internal structures as th...
- Close-up of tiny nematode worms wriggling through soil particles, revealing their translucent, segmented bodies and delicate movements in a micro-s...
- Close-up of translucent earthworms tunneling through rich, moist soil, revealing segmented bodies and subtle internal organs. A vivid macro view sh...

Who Benefits from This Collection

- Documentary filmmakers seeking authentic B-roll for science and nature productions
- Science educators creating engaging lecture content and online courses
- Medical professionals building training materials and patient education resources
- Corporate teams producing pharmaceutical and biotech marketing content
- YouTube creators covering science, biology, and technology topics
- Museum and exhibition designers creating immersive visual displays

Integration into Your Workflow

Import the 4K MP4 files directly into your NLE timeline — Premiere Pro, DaVinci Resolve, or Final Cut Pro. The footage works exceptionally well as B-roll overlays with transparency blending. For presentations and educational materials, the 8K JPEG images drop directly into PowerPoint, Google Slides, or Canva at full resolution without quality loss.

What's Included

- 4K MP4 Video (3840x2160) — 16:9 widescreen
- 8K JPEG Images (7680x4320) — print-ready resolution
- Vertical Video (1080x1920) — optimized for mobile and social
- Square Format (2160x2160) — ideal for social feeds
- Royalty-free license — no attribution required
- Instant download — no waiting, no approval process

Why Stockflow.media

Every clip in this collection was captured using professional-grade microscopy equipment with precise color calibration. Unlike generic stock footage, these assets maintain scientific accuracy while delivering cinematic visual quality — making them suitable for both educational and commercial applications.

Get the Nematode Worms Collection

Browse and download: https://stockflow.media/?cat=Microscopic&sub=Worms&collection=Nematode+Worms
Full collection details: https://help.stockflow.media/collections/nematode-worms/

#sto

#stockfootage #royaltyfree #stockvideo #microscopy #science",How Nematode Worms Footage Transforms science communication Projects,https://storage.googleapis.com/stockflow-social/Batch01/Montages/W/Microscopic_Worms_Nematode-Worms_W.mp4,Microscopic,Nmediaservices.com,3/29/2026
"How Nematode Lifecycle Footage Transforms science communication Projects

In science communication and documentary filmmaking, the difference between amateur and broadcast-quality output often comes down to one thing: authentic, high-resolution microscopic visuals. Professional-grade microscopy footage is notoriously difficult and expensive to capture independently, requiring specialized equipment and expertise that most production teams simply don't have access to.

About the Nematode Lifecycle Collection

The Nematode Lifecycle collection is part of our Worms library within the Microscopic category. This collection delivers broadcast-ready assets that meet the quality standards of professional productions.

Featured assets include:

- Macro image of a transparent nematode with visible internal organs and eggs, crawling along plant stems with round eggs nearby.
- Close-up of a nematode along a plant stem showing eggs and developing life stages.

Who Benefits from This Collection

- Documentary filmmakers seeking authentic B-roll for science and nature productions
- Science educators creating engaging lecture content and online courses
- Medical professionals building training materials and patient education resources
- Corporate teams producing pharmaceutical and biotech marketing content
- YouTube creators covering science, biology, and technology topics
- Museum and exhibition designers creating immersive visual displays

Integration into Your Workflow

Import the 4K MP4 files directly into your NLE timeline — Premiere Pro, DaVinci Resolve, or Final Cut Pro. The footage works exceptionally well as B-roll overlays with transparency blending. For presentations and educational materials, the 8K JPEG images drop directly into PowerPoint, Google Slides, or Canva at full resolution without quality loss.

What's Included

- 4K MP4 Video (3840x2160) — 16:9 widescreen
- 8K JPEG Images (7680x4320) — print-ready resolution
- Vertical Video (1080x1920) — optimized for mobile and social
- Square Format (2160x2160) — ideal for social feeds
- Royalty-free license — no attribution required
- Instant download — no waiting, no approval process

Why Stockflow.media

Every clip in this collection was captured using professional-grade microscopy equipment with precise color calibration. Unlike generic stock footage, these assets maintain scientific accuracy while delivering cinematic visual quality — making them suitable for both educational and commercial applications.

Get the Nematode Lifecycle Collection

Browse and download: https://stockflow.media/?cat=Microscopic&sub=Worms&collection=Nematode+Lifecycle
Full collection details: https://help.stockflow.media/collections/nematode-lifecycle/

#stockfootage #royaltyfree #stockvideo #microscopy #science #biology #documentary #sciencecommunication #contentcreation #videoproduction #4kvideo #nematodelifecycle #worms #nematode #transparentnematode #macroimage #macrophotography #internalorgans",How Nematode Lifecycle Footage Transforms science communication Projects,https://storage.googleapis.com/stockflow-social/Batch01/Montages/W/Microscopic_Worms_Nematode-Lifecycle_W.mp4,Microscopic,Nmediaservices.com,3/30/2026
"How Crawling On Algae Footage Transforms science communication Projects

In science communication and documentary filmmaking, the difference between amateur and broadcast-quality output often comes down to one thing: authentic, high-resolution microscopic visuals. Professional-grade microscopy footage is notoriously difficult and expensive to capture independently, requiring specialized equipment and expertise that most production teams simply don't have access to.

About the Crawling On Algae Collection

The Crawling On Algae collection is part of our Worms library within the Microscopic category. This collection delivers broadcast-ready assets that meet the quality standards of professional productions.

Featured assets include:

- Translucent bristle worm with a red head crawling on green algae-covered rock.
- Close-up of a translucent, segmented worm with tiny spines crawling on green algae in a wet, mossy surface.
- Translucent worm with bristles crawling on green algae.

Who Benefits from This Collection

- Documentary filmmakers seeking authentic B-roll for science and nature productions
- Science educators creating engaging lecture content and online courses
- Medical professionals building training materials and patient education resources
- Corporate teams producing pharmaceutical and biotech marketing content
- YouTube creators covering science, biology, and technology topics
- Museum and exhibition designers creating immersive visual displays

Integration into Your Workflow

Import the 4K MP4 files directly into your NLE timeline — Premiere Pro, DaVinci Resolve, or Final Cut Pro. The footage works exceptionally well as B-roll overlays with transparency blending. For presentations and educational materials, the 8K JPEG images drop directly into PowerPoint, Google Slides, or Canva at full resolution without quality loss.

What's Included

- 4K MP4 Video (3840x2160) — 16:9 widescreen
- 8K JPEG Images (7680x4320) — print-ready resolution
- Vertical Video (1080x1920) — optimized for mobile and social
- Square Format (2160x2160) — ideal for social feeds
- Royalty-free license — no attribution required
- Instant download — no waiting, no approval process

Why Stockflow.media

Every clip in this collection was captured using professional-grade microscopy equipment with precise color calibration. Unlike generic stock footage, these assets maintain scientific accuracy while delivering cinematic visual quality — making them suitable for both educational and commercial applications.

Get the Crawling On Algae Collection

Browse and download: https://stockflow.media/?cat=Microscopic&sub=Worms&collection=Crawling+On+Algae
Full collection details: https://help.stockflow.media/collections/crawling-on-algae/

#stockfootage #royaltyfree #stockvideo #microscopy #science #biology #documentary #sciencecommunication #contentcreation #videoproduction #4kvideo #crawlingonalgae #worms #bristleworm #translucentworm #redheadedworm #polychaete #marinelife",How Crawling On Algae Footage Transforms science communication Projects,https://storage.googleapis.com/stockflow-social/Batch01/Montages/W/Microscopic_Worms_Crawling-On-Algae_W.mp4,Microscopic,Nmediaservices.com,3/31/2026
"How Compost Footage Transforms science communication Projects

In science communication and documentary filmmaking, the difference between amateur and broadcast-quality output often comes down to one thing: authentic, high-resolution microscopic visuals. Professional-grade microscopy footage is notoriously difficult and expensive to capture independently, requiring specialized equipment and expertise that most production teams simply don't have access to.

About the Compost Collection

The Compost collection is part of our Worms library within the Microscopic category. This collection delivers broadcast-ready assets that meet the quality standards of professional productions.

Featured assets include:

- Close-up of pink earthworms wriggling in dark, moist compost.
- Close-up of pinkish earthworms wriggling through dark, rich compost and soil debris.
- Close-up of pink earthworms wriggling in dark compost, with green bacteria dispersed among the debris.

Who Benefits from This Collection

- Documentary filmmakers seeking authentic B-roll for science and nature productions
- Science educators creating engaging lecture content and online courses
- Medical professionals building training materials and patient education resources
- Corporate teams producing pharmaceutical and biotech marketing content
- YouTube creators covering science, biology, and technology topics
- Museum and exhibition designers creating immersive visual displays

Integration into Your Workflow

Import the 4K MP4 files directly into your NLE timeline — Premiere Pro, DaVinci Resolve, or Final Cut Pro. The footage works exceptionally well as B-roll overlays with transparency blending. For presentations and educational materials, the 8K JPEG images drop directly into PowerPoint, Google Slides, or Canva at full resolution without quality loss.

What's Included

- 4K MP4 Video (3840x2160) — 16:9 widescreen
- 8K JPEG Images (7680x4320) — print-ready resolution
- Vertical Video (1080x1920) — optimized for mobile and social
- Square Format (2160x2160) — ideal for social feeds
- Royalty-free license — no attribution required
- Instant download — no waiting, no approval process

Why Stockflow.media

Every clip in this collection was captured using professional-grade microscopy equipment with precise color calibration. Unlike generic stock footage, these assets maintain scientific accuracy while delivering cinematic visual quality — making them suitable for both educational and commercial applications.

Get the Compost Collection

Browse and download: https://stockflow.media/?cat=Microscopic&sub=Worms&collection=Compost
Full collection details: https://help.stockflow.media/collections/compost/

#stockfootage #royaltyfree #stockvideo #microscopy #science #biology #documentary #sciencecommunication #contentcreation #videoproduction #4kvideo #compost #worms #earthworms #closeup #pinkearthworms #wriggling",How Compost Footage Transforms science communication Projects,https://storage.googleapis.com/stockflow-social/Batch01/Montages/W/Microscopic_Worms_Compost_W.mp4,Microscopic,Nmediaservices.com,4/1/2026
"How Caenorhabditis Elegans Footage Transforms science communication Projects

In science communication and documentary filmmaking, the difference between amateur and broadcast-quality output often comes down to one thing: authentic, high-resolution microscopic visuals. Professional-grade microscopy footage is notoriously difficult and expensive to capture independently, requiring specialized equipment and expertise that most production teams simply don't have access to.

About the Caenorhabditis Elegans Collection

The Caenorhabditis Elegans collection is part of our Worms library within the Microscopic category. This collection delivers broadcast-ready assets that meet the quality standards of professional productions.

Featured assets include:

- Fluorescent micrograph of a Caenorhabditis elegans worm with green body and multicolored internal staining.
- Fluorescent cross-section of Caenorhabditis elegans nematode showing stained tissues (green and red channels).
- Fluorescent micrograph of a Caenorhabditis elegans worm stained to reveal internal structures.

Who Benefits from This Collection

- Documentary filmmakers seeking authentic B-roll for science and nature productions
- Science educators creating engaging lecture content and online courses
- Medical professionals building training materials and patient education resources
- Corporate teams producing pharmaceutical and biotech marketing content
- YouTube creators covering science, biology, and technology topics
- Museum and exhibition designers creating immersive visual displays

Integration into Your Workflow

Import the 4K MP4 files directly into your NLE timeline — Premiere Pro, DaVinci Resolve, or Final Cut Pro. The footage works exceptionally well as B-roll overlays with transparency blending. For presentations and educational materials, the 8K JPEG images drop directly into PowerPoint, Google Slides, or Canva at full resolution without quality loss.

What's Included

- 4K MP4 Video (3840x2160) — 16:9 widescreen
- 8K JPEG Images (7680x4320) — print-ready resolution
- Vertical Video (1080x1920) — optimized for mobile and social
- Square Format (2160x2160) — ideal for social feeds
- Royalty-free license — no attribution required
- Instant download — no waiting, no approval process

Why Stockflow.media

Every clip in this collection was captured using professional-grade microscopy equipment with precise color calibration. Unlike generic stock footage, these assets maintain scientific accuracy while delivering cinematic visual quality — making them suitable for both educational and commercial applications.

Get the Caenorhabditis Elegans Collection

Browse and download: https://stockflow.media/?cat=Microscopic&sub=Worms&collection=Caenorhabditis+Elegans
Full collection details: https://help.stockflow.media/collections/caenorhabditis-elegans/

#stockfootage #royaltyfree #stockvideo #microscopy #science #biology #documentary #sciencecommu

#stockfootage #royaltyfree #stockvideo #microscopy #science",How Caenorhabditis Elegans Footage Transforms science communication Projects,https://storage.googleapis.com/stockflow-social/Batch01/Montages/W/Microscopic_Worms_Caenorhabditis-Elegans_W.mp4,Microscopic,Nmediaservices.com,4/2/2026
"How C Elegans Footage Transforms science communication Projects

In science communication and documentary filmmaking, the difference between amateur and broadcast-quality output often comes down to one thing: authentic, high-resolution microscopic visuals. Professional-grade microscopy footage is notoriously difficult and expensive to capture independently, requiring specialized equipment and expertise that most production teams simply don't have access to.

About the C Elegans Collection

The C Elegans collection is part of our Worms library within the Microscopic category. This collection delivers broadcast-ready assets that meet the quality standards of professional productions.

Who Benefits from This Collection

- Documentary filmmakers seeking authentic B-roll for science and nature productions
- Science educators creating engaging lecture content and online courses
- Medical professionals building training materials and patient education resources
- Corporate teams producing pharmaceutical and biotech marketing content
- YouTube creators covering science, biology, and technology topics
- Museum and exhibition designers creating immersive visual displays

Integration into Your Workflow

Import the 4K MP4 files directly into your NLE timeline — Premiere Pro, DaVinci Resolve, or Final Cut Pro. The footage works exceptionally well as B-roll overlays with transparency blending. For presentations and educational materials, the 8K JPEG images drop directly into PowerPoint, Google Slides, or Canva at full resolution without quality loss.

What's Included

- 4K MP4 Video (3840x2160) — 16:9 widescreen
- 8K JPEG Images (7680x4320) — print-ready resolution
- Vertical Video (1080x1920) — optimized for mobile and social
- Square Format (2160x2160) — ideal for social feeds
- Royalty-free license — no attribution required
- Instant download — no waiting, no approval process

Why Stockflow.media

Every clip in this collection was captured using professional-grade microscopy equipment with precise color calibration. Unlike generic stock footage, these assets maintain scientific accuracy while delivering cinematic visual quality — making them suitable for both educational and commercial applications.

Get the C Elegans Collection

Browse and download: https://stockflow.media/?cat=Microscopic&sub=Worms&collection=C+Elegans
Full collection details: https://help.stockflow.media/collections/c-elegans/

#stockfootage #royaltyfree #stockvideo #microscopy #science #biology #documentary #sciencecommunication #contentcreation #videoproduction #4kvideo #celegans #worms",How C Elegans Footage Transforms science communication Projects,https://storage.googleapis.com/stockflow-social/Batch01/Montages/W/Microscopic_Worms_C-Elegans_W.mp4,Microscopic,Nmediaservices.com,4/3/2026
"How Algae Footage Transforms science communication Projects

In science communication and documentary filmmaking, the difference between amateur and broadcast-quality output often comes down to one thing: authentic, high-resolution microscopic visuals. Professional-grade microscopy footage is notoriously difficult and expensive to capture independently, requiring specialized equipment and expertise that most production teams simply don't have access to.

About the Algae Collection

The Algae collection is part of our Worms library within the Microscopic category. This collection delivers broadcast-ready assets that meet the quality standards of professional productions.

Featured assets include:

- A vibrant emerald algae cell viewed under a microscope, its bubble-like compartments and hair-like cilia radiating from the surface, set against a ...
- A vivid close-up of a green algae cell cluster suspended in water, revealing numerous round cells and delicate filaments, highlighting micro-scale ...
- Micro waterborne algae cells form a vibrant green spherical cluster, displaying circular chloroplast-rich microalgae under magnification, revealing...

Who Benefits from This Collection

- Documentary filmmakers seeking authentic B-roll for science and nature productions
- Science educators creating engaging lecture content and online courses
- Medical professionals building training materials and patient education resources
- Corporate teams producing pharmaceutical and biotech marketing content
- YouTube creators covering science, biology, and technology topics
- Museum and exhibition designers creating immersive visual displays

Integration into Your Workflow

Import the 4K MP4 files directly into your NLE timeline — Premiere Pro, DaVinci Resolve, or Final Cut Pro. The footage works exceptionally well as B-roll overlays with transparency blending. For presentations and educational materials, the 8K JPEG images drop directly into PowerPoint, Google Slides, or Canva at full resolution without quality loss.

What's Included

- 4K MP4 Video (3840x2160) — 16:9 widescreen
- 8K JPEG Images (7680x4320) — print-ready resolution
- Vertical Video (1080x1920) — optimized for mobile and social
- Square Format (2160x2160) — ideal for social feeds
- Royalty-free license — no attribution required
- Instant download — no waiting, no approval process

Why Stockflow.media

Every clip in this collection was captured using professional-grade microscopy equipment with precise color calibration. Unlike generic stock footage, these assets maintain scientific accuracy while delivering cinematic visual quality — making them suitable for both educational and commercial applications.

Get the Algae Collection

Browse and download: https://stockflow.media/?cat=Microscopic&sub=Worms&collection=Algae
Full collection details: https://help.stockflow.media/collections/algae/

#stockfootage #royaltyfree #stockvideo #microscopy #scienc

#stockfootage #royaltyfree #stockvideo #microscopy #science",How Algae Footage Transforms science communication Projects,https://storage.googleapis.com/stockflow-social/Batch01/Montages/W/Microscopic_Worms_Algae_W.mp4,Microscopic,Nmediaservices.com,4/4/2026
"How Waterborne Montage Footage Transforms science communication Projects

In science communication and documentary filmmaking, the difference between amateur and broadcast-quality output often comes down to one thing: authentic, high-resolution microscopic visuals. Professional-grade microscopy footage is notoriously difficult and expensive to capture independently, requiring specialized equipment and expertise that most production teams simply don't have access to.

About the Waterborne Montage Collection

The Waterborne Montage collection is part of our Waterborne library within the Microscopic category. This collection delivers broadcast-ready assets that meet the quality standards of professional productions.

Who Benefits from This Collection

- Documentary filmmakers seeking authentic B-roll for science and nature productions
- Science educators creating engaging lecture content and online courses
- Medical professionals building training materials and patient education resources
- Corporate teams producing pharmaceutical and biotech marketing content
- YouTube creators covering science, biology, and technology topics
- Museum and exhibition designers creating immersive visual displays

Integration into Your Workflow

Import the 4K MP4 files directly into your NLE timeline — Premiere Pro, DaVinci Resolve, or Final Cut Pro. The footage works exceptionally well as B-roll overlays with transparency blending. For presentations and educational materials, the 8K JPEG images drop directly into PowerPoint, Google Slides, or Canva at full resolution without quality loss.

What's Included

- 4K MP4 Video (3840x2160) — 16:9 widescreen
- 8K JPEG Images (7680x4320) — print-ready resolution
- Vertical Video (1080x1920) — optimized for mobile and social
- Square Format (2160x2160) — ideal for social feeds
- Royalty-free license — no attribution required
- Instant download — no waiting, no approval process

Why Stockflow.media

Every clip in this collection was captured using professional-grade microscopy equipment with precise color calibration. Unlike generic stock footage, these assets maintain scientific accuracy while delivering cinematic visual quality — making them suitable for both educational and commercial applications.

Get the Waterborne Montage Collection

Browse and download: https://stockflow.media/?cat=Microscopic&sub=Waterborne&collection=Waterborne+Montage
Full collection details: https://help.stockflow.media/collections/waterborne-montage/

#stockfootage #royaltyfree #stockvideo #microscopy #science #biology #documentary #sciencecommunication #contentcreation #videoproduction #4kvideo #waterbornemontage #waterborne",How Waterborne Montage Footage Transforms science communication Projects,https://storage.googleapis.com/stockflow-social/Batch01/Montages/W/Microscopic_Waterborne_Waterborne-Montage_W.mp4,Microscopic,Nmediaservices.com,4/5/2026
"How Waterborne Footage Transforms science communication Projects

In science communication and documentary filmmaking, the difference between amateur and broadcast-quality output often comes down to one thing: authentic, high-resolution microscopic visuals. Professional-grade microscopy footage is notoriously difficult and expensive to capture independently, requiring specialized equipment and expertise that most production teams simply don't have access to.

About the Waterborne Collection

The Waterborne collection is part of our Waterborne library within the Microscopic category. This collection delivers broadcast-ready assets that meet the quality standards of professional productions.

Featured assets include:

- A micro underwater scene reveals a circular aquatic organism teeming with green chloroplasts and delicate filaments, surrounded by smaller cells; a...
- A vibrant microscopic view of a circular cluster of algae and tiny aquatic microorganisms, with glowing red centers and delicate radiating filament...
- A vibrant microscopic view of a single cell, glowing with interior organelles and wispy flagella, drifting through a dark field with scattered part...

Who Benefits from This Collection

- Documentary filmmakers seeking authentic B-roll for science and nature productions
- Science educators creating engaging lecture content and online courses
- Medical professionals building training materials and patient education resources
- Corporate teams producing pharmaceutical and biotech marketing content
- YouTube creators covering science, biology, and technology topics
- Museum and exhibition designers creating immersive visual displays

Integration into Your Workflow

Import the 4K MP4 files directly into your NLE timeline — Premiere Pro, DaVinci Resolve, or Final Cut Pro. The footage works exceptionally well as B-roll overlays with transparency blending. For presentations and educational materials, the 8K JPEG images drop directly into PowerPoint, Google Slides, or Canva at full resolution without quality loss.

What's Included

- 4K MP4 Video (3840x2160) — 16:9 widescreen
- 8K JPEG Images (7680x4320) — print-ready resolution
- Vertical Video (1080x1920) — optimized for mobile and social
- Square Format (2160x2160) — ideal for social feeds
- Royalty-free license — no attribution required
- Instant download — no waiting, no approval process

Why Stockflow.media

Every clip in this collection was captured using professional-grade microscopy equipment with precise color calibration. Unlike generic stock footage, these assets maintain scientific accuracy while delivering cinematic visual quality — making them suitable for both educational and commercial applications.

Get the Waterborne Collection

Browse and download: https://stockflow.media/?cat=Microscopic&sub=Waterborne&collection=Waterborne
Full collection details: https://help.stockflow.media/collections/waterborne/

#stockfootage #roy

#stockfootage #royaltyfree #stockvideo #microscopy #science",How Waterborne Footage Transforms science communication Projects,https://storage.googleapis.com/stockflow-social/Batch01/Montages/W/Microscopic_Waterborne_Waterborne_W.mp4,Microscopic,Nmediaservices.com,4/6/2026
"How Single Celled Footage Transforms science communication Projects

In science communication and documentary filmmaking, the difference between amateur and broadcast-quality output often comes down to one thing: authentic, high-resolution microscopic visuals. Professional-grade microscopy footage is notoriously difficult and expensive to capture independently, requiring specialized equipment and expertise that most production teams simply don't have access to.

About the Single Celled Collection

The Single Celled collection is part of our Waterborne library within the Microscopic category. This collection delivers broadcast-ready assets that meet the quality standards of professional productions.

Featured assets include:

- A microscopic two-celled organism floats in water, displaying paired round cells with distinct nuclei and long lash-like flagella trailing behind, ...
- A microscopic, waterborne, single-celled organism drifts through the dark, green-tinted water, its rounded body hosting internal structures as slen...
- A micro waterborne, single-celled organism drifts through a green aquatic backdrop, its transparent body revealing internal compartments and tiny a...

Who Benefits from This Collection

- Documentary filmmakers seeking authentic B-roll for science and nature productions
- Science educators creating engaging lecture content and online courses
- Medical professionals building training materials and patient education resources
- Corporate teams producing pharmaceutical and biotech marketing content
- YouTube creators covering science, biology, and technology topics
- Museum and exhibition designers creating immersive visual displays

Integration into Your Workflow

Import the 4K MP4 files directly into your NLE timeline — Premiere Pro, DaVinci Resolve, or Final Cut Pro. The footage works exceptionally well as B-roll overlays with transparency blending. For presentations and educational materials, the 8K JPEG images drop directly into PowerPoint, Google Slides, or Canva at full resolution without quality loss.

What's Included

- 4K MP4 Video (3840x2160) — 16:9 widescreen
- 8K JPEG Images (7680x4320) — print-ready resolution
- Vertical Video (1080x1920) — optimized for mobile and social
- Square Format (2160x2160) — ideal for social feeds
- Royalty-free license — no attribution required
- Instant download — no waiting, no approval process

Why Stockflow.media

Every clip in this collection was captured using professional-grade microscopy equipment with precise color calibration. Unlike generic stock footage, these assets maintain scientific accuracy while delivering cinematic visual quality — making them suitable for both educational and commercial applications.

Get the Single Celled Collection

Browse and download: https://stockflow.media/?cat=Microscopic&sub=Waterborne&collection=Single+Celled
Full collection details: https://help.stockflow.media/collections/single-celled/



#stockfootage #royaltyfree #stockvideo #microscopy #science",How Single Celled Footage Transforms science communication Projects,https://storage.googleapis.com/stockflow-social/Batch01/Montages/W/Microscopic_Waterborne_Single-Celled_W.mp4,Microscopic,Nmediaservices.com,4/7/2026
"How Rotifers Footage Transforms science communication Projects

In science communication and documentary filmmaking, the difference between amateur and broadcast-quality output often comes down to one thing: authentic, high-resolution microscopic visuals. Professional-grade microscopy footage is notoriously difficult and expensive to capture independently, requiring specialized equipment and expertise that most production teams simply don't have access to.

About the Rotifers Collection

The Rotifers collection is part of our Waterborne library within the Microscopic category. This collection delivers broadcast-ready assets that meet the quality standards of professional productions.

Featured assets include:

- Micrograph of waterborne rotifers in a circular microenvironment.
- Rotifers in a freshwater microecosystem with green algae.
- Waterborne rotifers (Rotifera) under a microscope, four magnified zooplankton organisms in a drop of water.

Who Benefits from This Collection

- Documentary filmmakers seeking authentic B-roll for science and nature productions
- Science educators creating engaging lecture content and online courses
- Medical professionals building training materials and patient education resources
- Corporate teams producing pharmaceutical and biotech marketing content
- YouTube creators covering science, biology, and technology topics
- Museum and exhibition designers creating immersive visual displays

Integration into Your Workflow

Import the 4K MP4 files directly into your NLE timeline — Premiere Pro, DaVinci Resolve, or Final Cut Pro. The footage works exceptionally well as B-roll overlays with transparency blending. For presentations and educational materials, the 8K JPEG images drop directly into PowerPoint, Google Slides, or Canva at full resolution without quality loss.

What's Included

- 4K MP4 Video (3840x2160) — 16:9 widescreen
- 8K JPEG Images (7680x4320) — print-ready resolution
- Vertical Video (1080x1920) — optimized for mobile and social
- Square Format (2160x2160) — ideal for social feeds
- Royalty-free license — no attribution required
- Instant download — no waiting, no approval process

Why Stockflow.media

Every clip in this collection was captured using professional-grade microscopy equipment with precise color calibration. Unlike generic stock footage, these assets maintain scientific accuracy while delivering cinematic visual quality — making them suitable for both educational and commercial applications.

Get the Rotifers Collection

Browse and download: https://stockflow.media/?cat=Microscopic&sub=Waterborne&collection=Rotifers
Full collection details: https://help.stockflow.media/collections/rotifers/

#stockfootage #royaltyfree #stockvideo #microscopy #science #biology #documentary #sciencecommunication #contentcreation #videoproduction #4kvideo #rotifers #waterborne #rotifer #aquatic #micrograph",How Rotifers Footage Transforms science communication Projects,https://storage.googleapis.com/stockflow-social/Batch01/Montages/W/Microscopic_Waterborne_Rotifers_W.mp4,Microscopic,Nmediaservices.com,4/8/2026
"How Plankton Footage Transforms science communication Projects

In science communication and documentary filmmaking, the difference between amateur and broadcast-quality output often comes down to one thing: authentic, high-resolution microscopic visuals. Professional-grade microscopy footage is notoriously difficult and expensive to capture independently, requiring specialized equipment and expertise that most production teams simply don't have access to.

About the Plankton Collection

The Plankton collection is part of our Waterborne library within the Microscopic category. This collection delivers broadcast-ready assets that meet the quality standards of professional productions.

Featured assets include:

- Transparent planktonic amphipod crustacean swimming among algae.
- Transparent planktonic crustacean (waterborne zooplankton) under magnification.
- Close-up of a transparent aquatic crustacean (copepod) with feathery antennae, amid yellowish eggs.

Who Benefits from This Collection

- Documentary filmmakers seeking authentic B-roll for science and nature productions
- Science educators creating engaging lecture content and online courses
- Medical professionals building training materials and patient education resources
- Corporate teams producing pharmaceutical and biotech marketing content
- YouTube creators covering science, biology, and technology topics
- Museum and exhibition designers creating immersive visual displays

Integration into Your Workflow

Import the 4K MP4 files directly into your NLE timeline — Premiere Pro, DaVinci Resolve, or Final Cut Pro. The footage works exceptionally well as B-roll overlays with transparency blending. For presentations and educational materials, the 8K JPEG images drop directly into PowerPoint, Google Slides, or Canva at full resolution without quality loss.

What's Included

- 4K MP4 Video (3840x2160) — 16:9 widescreen
- 8K JPEG Images (7680x4320) — print-ready resolution
- Vertical Video (1080x1920) — optimized for mobile and social
- Square Format (2160x2160) — ideal for social feeds
- Royalty-free license — no attribution required
- Instant download — no waiting, no approval process

Why Stockflow.media

Every clip in this collection was captured using professional-grade microscopy equipment with precise color calibration. Unlike generic stock footage, these assets maintain scientific accuracy while delivering cinematic visual quality — making them suitable for both educational and commercial applications.

Get the Plankton Collection

Browse and download: https://stockflow.media/?cat=Microscopic&sub=Waterborne&collection=Plankton
Full collection details: https://help.stockflow.media/collections/plankton/

#stockfootage #royaltyfree #stockvideo #microscopy #science #biology #documentary #sciencecommunication #contentcreation #videoproduction #4kvideo #plankton #waterborne #transparent #planktonic #amphipod #crustacean #swimming",How Plankton Footage Transforms science communication Projects,https://storage.googleapis.com/stockflow-social/Batch01/Montages/W/Microscopic_Waterborne_Plankton_W.mp4,Microscopic,Nmediaservices.com,4/9/2026
"How Organisms Footage Transforms science communication Projects

In science communication and documentary filmmaking, the difference between amateur and broadcast-quality output often comes down to one thing: authentic, high-resolution microscopic visuals. Professional-grade microscopy footage is notoriously difficult and expensive to capture independently, requiring specialized equipment and expertise that most production teams simply don't have access to.

About the Organisms Collection

The Organisms collection is part of our Waterborne library within the Microscopic category. This collection delivers broadcast-ready assets that meet the quality standards of professional productions.

Featured assets include:

- Micro aquatic organisms in a waterborne sample.
- Microscopic aquatic planktonic organisms observed under magnification.
- Close-up of waterborne aquatic organisms inside a circular droplet, with a vibrant blue-green background.

Who Benefits from This Collection

- Documentary filmmakers seeking authentic B-roll for science and nature productions
- Science educators creating engaging lecture content and online courses
- Medical professionals building training materials and patient education resources
- Corporate teams producing pharmaceutical and biotech marketing content
- YouTube creators covering science, biology, and technology topics
- Museum and exhibition designers creating immersive visual displays

Integration into Your Workflow

Import the 4K MP4 files directly into your NLE timeline — Premiere Pro, DaVinci Resolve, or Final Cut Pro. The footage works exceptionally well as B-roll overlays with transparency blending. For presentations and educational materials, the 8K JPEG images drop directly into PowerPoint, Google Slides, or Canva at full resolution without quality loss.

What's Included

- 4K MP4 Video (3840x2160) — 16:9 widescreen
- 8K JPEG Images (7680x4320) — print-ready resolution
- Vertical Video (1080x1920) — optimized for mobile and social
- Square Format (2160x2160) — ideal for social feeds
- Royalty-free license — no attribution required
- Instant download — no waiting, no approval process

Why Stockflow.media

Every clip in this collection was captured using professional-grade microscopy equipment with precise color calibration. Unlike generic stock footage, these assets maintain scientific accuracy while delivering cinematic visual quality — making them suitable for both educational and commercial applications.

Get the Organisms Collection

Browse and download: https://stockflow.media/?cat=Microscopic&sub=Waterborne&collection=Organisms
Full collection details: https://help.stockflow.media/collections/organisms/

#stockfootage #royaltyfree #stockvideo #microscopy #science #biology #documentary #sciencecommunication #contentcreation #videoproduction #4kvideo #organisms #waterborne #microaquaticorganisms #aquaticmicroorganisms #waterbornesample #microplankton #microscopicorganisms",How Organisms Footage Transforms science communication Projects,https://storage.googleapis.com/stockflow-social/Batch01/Montages/W/Microscopic_Waterborne_Organisms_W.mp4,Microscopic,Nmediaservices.com,4/10/2026
"How Neural Signals Footage Transforms science communication Projects

In science communication and documentary filmmaking, the difference between amateur and broadcast-quality output often comes down to one thing: authentic, high-resolution microscopic visuals. Professional-grade microscopy footage is notoriously difficult and expensive to capture independently, requiring specialized equipment and expertise that most production teams simply don't have access to.

About the Neural Signals Collection

The Neural Signals collection is part of our Waterborne library within the Microscopic category. This collection delivers broadcast-ready assets that meet the quality standards of professional productions.

Featured assets include:

- Vivid microscopic illustration of a neuron with glowing orange electrical impulses traveling along the axon, highlighting synapses and myelin segme...
- A vivid, close-up depiction of neural signals traveling along nerve-like fibers, with glowing synapses and electric sparks illustrating microscopic...
- A vivid depiction of a nerve cell transmitting electrical impulses along a myelinated fiber, highlighting synaptic activity and neural connectivity...

Who Benefits from This Collection

- Documentary filmmakers seeking authentic B-roll for science and nature productions
- Science educators creating engaging lecture content and online courses
- Medical professionals building training materials and patient education resources
- Corporate teams producing pharmaceutical and biotech marketing content
- YouTube creators covering science, biology, and technology topics
- Museum and exhibition designers creating immersive visual displays

Integration into Your Workflow

Import the 4K MP4 files directly into your NLE timeline — Premiere Pro, DaVinci Resolve, or Final Cut Pro. The footage works exceptionally well as B-roll overlays with transparency blending. For presentations and educational materials, the 8K JPEG images drop directly into PowerPoint, Google Slides, or Canva at full resolution without quality loss.

What's Included

- 4K MP4 Video (3840x2160) — 16:9 widescreen
- 8K JPEG Images (7680x4320) — print-ready resolution
- Vertical Video (1080x1920) — optimized for mobile and social
- Square Format (2160x2160) — ideal for social feeds
- Royalty-free license — no attribution required
- Instant download — no waiting, no approval process

Why Stockflow.media

Every clip in this collection was captured using professional-grade microscopy equipment with precise color calibration. Unlike generic stock footage, these assets maintain scientific accuracy while delivering cinematic visual quality — making them suitable for both educational and commercial applications.

Get the Neural Signals Collection

Browse and download: https://stockflow.media/?cat=Microscopic&sub=Waterborne&collection=Neural+Signals
Full collection details: https://help.stockflow.media/collections/neural-sign

#stockfootage #royaltyfree #stockvideo #microscopy #science",How Neural Signals Footage Transforms science communication Projects,https://storage.googleapis.com/stockflow-social/Batch01/Montages/W/Microscopic_Waterborne_Neural-Signals_W.mp4,Microscopic,Nmediaservices.com,4/11/2026
"How Euglena Footage Transforms science communication Projects

In science communication and documentary filmmaking, the difference between amateur and broadcast-quality output often comes down to one thing: authentic, high-resolution microscopic visuals. Professional-grade microscopy footage is notoriously difficult and expensive to capture independently, requiring specialized equipment and expertise that most production teams simply don't have access to.

About the Euglena Collection

The Euglena collection is part of our Waterborne library within the Microscopic category. This collection delivers broadcast-ready assets that meet the quality standards of professional productions.

Featured assets include:

- A vivid micrograph of a single-celled, waterborne organism with long flagella and clustered green chloroplasts, illustrating cellular processes and...
- A micro, waterborne Euglena cell shown in vivid green, with dense chloroplasts and a trailing flagellum-like extensions, drifting through a shimmer...
- A micro waterborne Euglena cell under magnification reveals vibrant green chloroplasts and internal structures, showcasing cellular movement and fl...

Who Benefits from This Collection

- Documentary filmmakers seeking authentic B-roll for science and nature productions
- Science educators creating engaging lecture content and online courses
- Medical professionals building training materials and patient education resources
- Corporate teams producing pharmaceutical and biotech marketing content
- YouTube creators covering science, biology, and technology topics
- Museum and exhibition designers creating immersive visual displays

Integration into Your Workflow

Import the 4K MP4 files directly into your NLE timeline — Premiere Pro, DaVinci Resolve, or Final Cut Pro. The footage works exceptionally well as B-roll overlays with transparency blending. For presentations and educational materials, the 8K JPEG images drop directly into PowerPoint, Google Slides, or Canva at full resolution without quality loss.

What's Included

- 4K MP4 Video (3840x2160) — 16:9 widescreen
- 8K JPEG Images (7680x4320) — print-ready resolution
- Vertical Video (1080x1920) — optimized for mobile and social
- Square Format (2160x2160) — ideal for social feeds
- Royalty-free license — no attribution required
- Instant download — no waiting, no approval process

Why Stockflow.media

Every clip in this collection was captured using professional-grade microscopy equipment with precise color calibration. Unlike generic stock footage, these assets maintain scientific accuracy while delivering cinematic visual quality — making them suitable for both educational and commercial applications.

Get the Euglena Collection

Browse and download: https://stockflow.media/?cat=Microscopic&sub=Waterborne&collection=Euglena
Full collection details: https://help.stockflow.media/collections/euglena/

#stockfootage #royaltyfree #stockvid

#stockfootage #royaltyfree #stockvideo #microscopy #science",How Euglena Footage Transforms science communication Projects,https://storage.googleapis.com/stockflow-social/Batch01/Montages/W/Microscopic_Waterborne_Euglena_W.mp4,Microscopic,Nmediaservices.com,4/12/2026
"How Euglena Cell Footage Transforms science communication Projects

In science communication and documentary filmmaking, the difference between amateur and broadcast-quality output often comes down to one thing: authentic, high-resolution microscopic visuals. Professional-grade microscopy footage is notoriously difficult and expensive to capture independently, requiring specialized equipment and expertise that most production teams simply don't have access to.

About the Euglena Cell Collection

The Euglena Cell collection is part of our Waterborne library within the Microscopic category. This collection delivers broadcast-ready assets that meet the quality standards of professional productions.

Who Benefits from This Collection

- Documentary filmmakers seeking authentic B-roll for science and nature productions
- Science educators creating engaging lecture content and online courses
- Medical professionals building training materials and patient education resources
- Corporate teams producing pharmaceutical and biotech marketing content
- YouTube creators covering science, biology, and technology topics
- Museum and exhibition designers creating immersive visual displays

Integration into Your Workflow

Import the 4K MP4 files directly into your NLE timeline — Premiere Pro, DaVinci Resolve, or Final Cut Pro. The footage works exceptionally well as B-roll overlays with transparency blending. For presentations and educational materials, the 8K JPEG images drop directly into PowerPoint, Google Slides, or Canva at full resolution without quality loss.

What's Included

- 4K MP4 Video (3840x2160) — 16:9 widescreen
- 8K JPEG Images (7680x4320) — print-ready resolution
- Vertical Video (1080x1920) — optimized for mobile and social
- Square Format (2160x2160) — ideal for social feeds
- Royalty-free license — no attribution required
- Instant download — no waiting, no approval process

Why Stockflow.media

Every clip in this collection was captured using professional-grade microscopy equipment with precise color calibration. Unlike generic stock footage, these assets maintain scientific accuracy while delivering cinematic visual quality — making them suitable for both educational and commercial applications.

Get the Euglena Cell Collection

Browse and download: https://stockflow.media/?cat=Microscopic&sub=Waterborne&collection=Euglena+Cell
Full collection details: https://help.stockflow.media/collections/euglena-cell/

#stockfootage #royaltyfree #stockvideo #microscopy #science #biology #documentary #sciencecommunication #contentcreation #videoproduction #4kvideo #euglenacell #waterborne",How Euglena Cell Footage Transforms science communication Projects,https://storage.googleapis.com/stockflow-social/Batch01/Montages/W/Microscopic_Waterborne_Euglena-Cell_W.mp4,Microscopic,Nmediaservices.com,4/13/2026
"How Diatom Footage Transforms science communication Projects

In science communication and documentary filmmaking, the difference between amateur and broadcast-quality output often comes down to one thing: authentic, high-resolution microscopic visuals. Professional-grade microscopy footage is notoriously difficult and expensive to capture independently, requiring specialized equipment and expertise that most production teams simply don't have access to.

About the Diatom Collection

The Diatom collection is part of our Waterborne library within the Microscopic category. This collection delivers broadcast-ready assets that meet the quality standards of professional productions.

Featured assets include:

- Waterborne diatom—an intricate, ribbed microalga.
- Macro image of a waterborne diatom with an intricate silica shell pattern.
- Macro image of a diatom, a waterborne microalga with an intricate, lattice-like shell.

Who Benefits from This Collection

- Documentary filmmakers seeking authentic B-roll for science and nature productions
- Science educators creating engaging lecture content and online courses
- Medical professionals building training materials and patient education resources
- Corporate teams producing pharmaceutical and biotech marketing content
- YouTube creators covering science, biology, and technology topics
- Museum and exhibition designers creating immersive visual displays

Integration into Your Workflow

Import the 4K MP4 files directly into your NLE timeline — Premiere Pro, DaVinci Resolve, or Final Cut Pro. The footage works exceptionally well as B-roll overlays with transparency blending. For presentations and educational materials, the 8K JPEG images drop directly into PowerPoint, Google Slides, or Canva at full resolution without quality loss.

What's Included

- 4K MP4 Video (3840x2160) — 16:9 widescreen
- 8K JPEG Images (7680x4320) — print-ready resolution
- Vertical Video (1080x1920) — optimized for mobile and social
- Square Format (2160x2160) — ideal for social feeds
- Royalty-free license — no attribution required
- Instant download — no waiting, no approval process

Why Stockflow.media

Every clip in this collection was captured using professional-grade microscopy equipment with precise color calibration. Unlike generic stock footage, these assets maintain scientific accuracy while delivering cinematic visual quality — making them suitable for both educational and commercial applications.

Get the Diatom Collection

Browse and download: https://stockflow.media/?cat=Microscopic&sub=Waterborne&collection=Diatom
Full collection details: https://help.stockflow.media/collections/diatom/

#stockfootage #royaltyfree #stockvideo #microscopy #science #biology #documentary #sciencecommunication #contentcreation #videoproduction #4kvideo #diatom #waterborne #microalgae #algae #phytoplankton #water",How Diatom Footage Transforms science communication Projects,https://storage.googleapis.com/stockflow-social/Batch01/Montages/W/Microscopic_Waterborne_Diatom_W.mp4,Microscopic,Nmediaservices.com,4/14/2026
"How Diatom Shell Footage Transforms science communication Projects

In science communication and documentary filmmaking, the difference between amateur and broadcast-quality output often comes down to one thing: authentic, high-resolution microscopic visuals. Professional-grade microscopy footage is notoriously difficult and expensive to capture independently, requiring specialized equipment and expertise that most production teams simply don't have access to.

About the Diatom Shell Collection

The Diatom Shell collection is part of our Waterborne library within the Microscopic category. This collection delivers broadcast-ready assets that meet the quality standards of professional productions.

Featured assets include:

- A vibrant, microscopic view of a diatom shell, revealing an intricate, honeycomb-like network of perforated cells. Waterborne microstructure glows ...
- A vibrant micrograph of a diatom shell, showcasing its intricate, lattice-like silica skeleton with vivid blue, green, and yellow hues, highlightin...
- Close-up of a diatom shell, a microscopic aquatic organism, displaying iridescent, patterned cell walls and intricate structures as it thrives in a...

Who Benefits from This Collection

- Documentary filmmakers seeking authentic B-roll for science and nature productions
- Science educators creating engaging lecture content and online courses
- Medical professionals building training materials and patient education resources
- Corporate teams producing pharmaceutical and biotech marketing content
- YouTube creators covering science, biology, and technology topics
- Museum and exhibition designers creating immersive visual displays

Integration into Your Workflow

Import the 4K MP4 files directly into your NLE timeline — Premiere Pro, DaVinci Resolve, or Final Cut Pro. The footage works exceptionally well as B-roll overlays with transparency blending. For presentations and educational materials, the 8K JPEG images drop directly into PowerPoint, Google Slides, or Canva at full resolution without quality loss.

What's Included

- 4K MP4 Video (3840x2160) — 16:9 widescreen
- 8K JPEG Images (7680x4320) — print-ready resolution
- Vertical Video (1080x1920) — optimized for mobile and social
- Square Format (2160x2160) — ideal for social feeds
- Royalty-free license — no attribution required
- Instant download — no waiting, no approval process

Why Stockflow.media

Every clip in this collection was captured using professional-grade microscopy equipment with precise color calibration. Unlike generic stock footage, these assets maintain scientific accuracy while delivering cinematic visual quality — making them suitable for both educational and commercial applications.

Get the Diatom Shell Collection

Browse and download: https://stockflow.media/?cat=Microscopic&sub=Waterborne&collection=Diatom+Shell
Full collection details: https://help.stockflow.media/collections/diatom-shell/

#stock

#stockfootage #royaltyfree #stockvideo #microscopy #science",How Diatom Shell Footage Transforms science communication Projects,https://storage.googleapis.com/stockflow-social/Batch01/Montages/W/Microscopic_Waterborne_Diatom-Shell_W.mp4,Microscopic,Nmediaservices.com,4/15/2026
"How Aquatic Footage Transforms science communication Projects

In science communication and documentary filmmaking, the difference between amateur and broadcast-quality output often comes down to one thing: authentic, high-resolution microscopic visuals. Professional-grade microscopy footage is notoriously difficult and expensive to capture independently, requiring specialized equipment and expertise that most production teams simply don't have access to.

About the Aquatic Collection

The Aquatic collection is part of our Waterborne library within the Microscopic category. This collection delivers broadcast-ready assets that meet the quality standards of professional productions.

Featured assets include:

- A vivid microscopic scene featuring diverse aquatic microorganisms swimming inside a transparent drop, with green internal structures and delicate ...
- Micrograph shows vibrant aquatic organisms, single-celled protists with chloroplasts, drifting in water. Bright internal structures reveal intricat...
- A magnified water droplet reveals diverse aquatic organisms and bacteria, showing their shapes and internal structures suspended in clear fluid. Br...

Who Benefits from This Collection

- Documentary filmmakers seeking authentic B-roll for science and nature productions
- Science educators creating engaging lecture content and online courses
- Medical professionals building training materials and patient education resources
- Corporate teams producing pharmaceutical and biotech marketing content
- YouTube creators covering science, biology, and technology topics
- Museum and exhibition designers creating immersive visual displays

Integration into Your Workflow

Import the 4K MP4 files directly into your NLE timeline — Premiere Pro, DaVinci Resolve, or Final Cut Pro. The footage works exceptionally well as B-roll overlays with transparency blending. For presentations and educational materials, the 8K JPEG images drop directly into PowerPoint, Google Slides, or Canva at full resolution without quality loss.

What's Included

- 4K MP4 Video (3840x2160) — 16:9 widescreen
- 8K JPEG Images (7680x4320) — print-ready resolution
- Vertical Video (1080x1920) — optimized for mobile and social
- Square Format (2160x2160) — ideal for social feeds
- Royalty-free license — no attribution required
- Instant download — no waiting, no approval process

Why Stockflow.media

Every clip in this collection was captured using professional-grade microscopy equipment with precise color calibration. Unlike generic stock footage, these assets maintain scientific accuracy while delivering cinematic visual quality — making them suitable for both educational and commercial applications.

Get the Aquatic Collection

Browse and download: https://stockflow.media/?cat=Microscopic&sub=Waterborne&collection=Aquatic
Full collection details: https://help.stockflow.media/collections/aquatic/

#stockfootage #royaltyfree #stockvid

#stockfootage #royaltyfree #stockvideo #microscopy #science",How Aquatic Footage Transforms science communication Projects,https://storage.googleapis.com/stockflow-social/Batch01/Montages/W/Microscopic_Waterborne_Aquatic_W.mp4,Microscopic,Nmediaservices.com,4/16/2026
"How Amoebas Footage Transforms science communication Projects

In science communication and documentary filmmaking, the difference between amateur and broadcast-quality output often comes down to one thing: authentic, high-resolution microscopic visuals. Professional-grade microscopy footage is notoriously difficult and expensive to capture independently, requiring specialized equipment and expertise that most production teams simply don't have access to.

About the Amoebas Collection

The Amoebas collection is part of our Waterborne library within the Microscopic category. This collection delivers broadcast-ready assets that meet the quality standards of professional productions.

Featured assets include:

- Waterborne amoebas in a vivid microscopic scene.
- Waterborne amoebas in a microscopic aquatic scene, showing a glowing, multi-vesicular cell with filamentous extensions.
- Waterborne amoebas swimming in a blue underwater microscopic scene.

Who Benefits from This Collection

- Documentary filmmakers seeking authentic B-roll for science and nature productions
- Science educators creating engaging lecture content and online courses
- Medical professionals building training materials and patient education resources
- Corporate teams producing pharmaceutical and biotech marketing content
- YouTube creators covering science, biology, and technology topics
- Museum and exhibition designers creating immersive visual displays

Integration into Your Workflow

Import the 4K MP4 files directly into your NLE timeline — Premiere Pro, DaVinci Resolve, or Final Cut Pro. The footage works exceptionally well as B-roll overlays with transparency blending. For presentations and educational materials, the 8K JPEG images drop directly into PowerPoint, Google Slides, or Canva at full resolution without quality loss.

What's Included

- 4K MP4 Video (3840x2160) — 16:9 widescreen
- 8K JPEG Images (7680x4320) — print-ready resolution
- Vertical Video (1080x1920) — optimized for mobile and social
- Square Format (2160x2160) — ideal for social feeds
- Royalty-free license — no attribution required
- Instant download — no waiting, no approval process

Why Stockflow.media

Every clip in this collection was captured using professional-grade microscopy equipment with precise color calibration. Unlike generic stock footage, these assets maintain scientific accuracy while delivering cinematic visual quality — making them suitable for both educational and commercial applications.

Get the Amoebas Collection

Browse and download: https://stockflow.media/?cat=Microscopic&sub=Waterborne&collection=Amoebas
Full collection details: https://help.stockflow.media/collections/amoebas/

#stockfootage #royaltyfree #stockvideo #microscopy #science #biology #documentary #sciencecommunication #contentcreation #videoproduction #4kvideo #amoebas #waterborne #microscopic #protozoa",How Amoebas Footage Transforms science communication Projects,https://storage.googleapis.com/stockflow-social/Batch01/Montages/W/Microscopic_Waterborne_Amoebas_W.mp4,Microscopic,Nmediaservices.com,4/17/2026
"How Algae Cells Footage Transforms science communication Projects

In science communication and documentary filmmaking, the difference between amateur and broadcast-quality output often comes down to one thing: authentic, high-resolution microscopic visuals. Professional-grade microscopy footage is notoriously difficult and expensive to capture independently, requiring specialized equipment and expertise that most production teams simply don't have access to.

About the Algae Cells Collection

The Algae Cells collection is part of our Waterborne library within the Microscopic category. This collection delivers broadcast-ready assets that meet the quality standards of professional productions.

Who Benefits from This Collection

- Documentary filmmakers seeking authentic B-roll for science and nature productions
- Science educators creating engaging lecture content and online courses
- Medical professionals building training materials and patient education resources
- Corporate teams producing pharmaceutical and biotech marketing content
- YouTube creators covering science, biology, and technology topics
- Museum and exhibition designers creating immersive visual displays

Integration into Your Workflow

Import the 4K MP4 files directly into your NLE timeline — Premiere Pro, DaVinci Resolve, or Final Cut Pro. The footage works exceptionally well as B-roll overlays with transparency blending. For presentations and educational materials, the 8K JPEG images drop directly into PowerPoint, Google Slides, or Canva at full resolution without quality loss.

What's Included

- 4K MP4 Video (3840x2160) — 16:9 widescreen
- 8K JPEG Images (7680x4320) — print-ready resolution
- Vertical Video (1080x1920) — optimized for mobile and social
- Square Format (2160x2160) — ideal for social feeds
- Royalty-free license — no attribution required
- Instant download — no waiting, no approval process

Why Stockflow.media

Every clip in this collection was captured using professional-grade microscopy equipment with precise color calibration. Unlike generic stock footage, these assets maintain scientific accuracy while delivering cinematic visual quality — making them suitable for both educational and commercial applications.

Get the Algae Cells Collection

Browse and download: https://stockflow.media/?cat=Microscopic&sub=Waterborne&collection=Algae+Cells
Full collection details: https://help.stockflow.media/collections/algae-cells/

#stockfootage #royaltyfree #stockvideo #microscopy #science #biology #documentary #sciencecommunication #contentcreation #videoproduction #4kvideo #algaecells #waterborne",How Algae Cells Footage Transforms science communication Projects,https://storage.googleapis.com/stockflow-social/Batch01/Montages/W/Microscopic_Waterborne_Algae-Cells_W.mp4,Microscopic,Nmediaservices.com,4/18/2026
"How Virus Montage Footage Transforms science communication Projects

In science communication and documentary filmmaking, the difference between amateur and broadcast-quality output often comes down to one thing: authentic, high-resolution microscopic visuals. Professional-grade microscopy footage is notoriously difficult and expensive to capture independently, requiring specialized equipment and expertise that most production teams simply don't have access to.

About the Virus Montage Collection

The Virus Montage collection is part of our Virus library within the Microscopic category. This collection delivers broadcast-ready assets that meet the quality standards of professional productions.

Who Benefits from This Collection

- Documentary filmmakers seeking authentic B-roll for science and nature productions
- Science educators creating engaging lecture content and online courses
- Medical professionals building training materials and patient education resources
- Corporate teams producing pharmaceutical and biotech marketing content
- YouTube creators covering science, biology, and technology topics
- Museum and exhibition designers creating immersive visual displays

Integration into Your Workflow

Import the 4K MP4 files directly into your NLE timeline — Premiere Pro, DaVinci Resolve, or Final Cut Pro. The footage works exceptionally well as B-roll overlays with transparency blending. For presentations and educational materials, the 8K JPEG images drop directly into PowerPoint, Google Slides, or Canva at full resolution without quality loss.

What's Included

- 4K MP4 Video (3840x2160) — 16:9 widescreen
- 8K JPEG Images (7680x4320) — print-ready resolution
- Vertical Video (1080x1920) — optimized for mobile and social
- Square Format (2160x2160) — ideal for social feeds
- Royalty-free license — no attribution required
- Instant download — no waiting, no approval process

Why Stockflow.media

Every clip in this collection was captured using professional-grade microscopy equipment with precise color calibration. Unlike generic stock footage, these assets maintain scientific accuracy while delivering cinematic visual quality — making them suitable for both educational and commercial applications.

Get the Virus Montage Collection

Browse and download: https://stockflow.media/?cat=Microscopic&sub=Virus&collection=Virus+Montage
Full collection details: https://help.stockflow.media/collections/virus-montage/

#stockfootage #royaltyfree #stockvideo #microscopy #science #biology #documentary #sciencecommunication #contentcreation #videoproduction #4kvideo #virusmontage #virus",How Virus Montage Footage Transforms science communication Projects,https://storage.googleapis.com/stockflow-social/Batch01/Montages/W/Microscopic_Virus_Virus-Montage_W.mp4,Microscopic,Nmediaservices.com,4/19/2026
"How Membrane Footage Transforms science communication Projects

In science communication and documentary filmmaking, the difference between amateur and broadcast-quality output often comes down to one thing: authentic, high-resolution microscopic visuals. Professional-grade microscopy footage is notoriously difficult and expensive to capture independently, requiring specialized equipment and expertise that most production teams simply don't have access to.

About the Membrane Collection

The Membrane collection is part of our Virus library within the Microscopic category. This collection delivers broadcast-ready assets that meet the quality standards of professional productions.

Featured assets include:

- Micrographic illustration of a virus on a cell membrane with a glowing DNA double helix.
- Close-up of a red virus particle with spike-like projections attached to a textured cell membrane.
- Illustration of virus particles interacting with and entering a cellular membrane.

Who Benefits from This Collection

- Documentary filmmakers seeking authentic B-roll for science and nature productions
- Science educators creating engaging lecture content and online courses
- Medical professionals building training materials and patient education resources
- Corporate teams producing pharmaceutical and biotech marketing content
- YouTube creators covering science, biology, and technology topics
- Museum and exhibition designers creating immersive visual displays

Integration into Your Workflow

Import the 4K MP4 files directly into your NLE timeline — Premiere Pro, DaVinci Resolve, or Final Cut Pro. The footage works exceptionally well as B-roll overlays with transparency blending. For presentations and educational materials, the 8K JPEG images drop directly into PowerPoint, Google Slides, or Canva at full resolution without quality loss.

What's Included

- 4K MP4 Video (3840x2160) — 16:9 widescreen
- 8K JPEG Images (7680x4320) — print-ready resolution
- Vertical Video (1080x1920) — optimized for mobile and social
- Square Format (2160x2160) — ideal for social feeds
- Royalty-free license — no attribution required
- Instant download — no waiting, no approval process

Why Stockflow.media

Every clip in this collection was captured using professional-grade microscopy equipment with precise color calibration. Unlike generic stock footage, these assets maintain scientific accuracy while delivering cinematic visual quality — making them suitable for both educational and commercial applications.

Get the Membrane Collection

Browse and download: https://stockflow.media/?cat=Microscopic&sub=Virus&collection=Membrane
Full collection details: https://help.stockflow.media/collections/membrane/

#stockfootage #royaltyfree #stockvideo #microscopy #science #biology #documentary #sciencecommunication #contentcreation #videoproduction #4kvideo #membrane #virus #micrographic #cellmembrane #glowingdna #dnadoublehelix",How Membrane Footage Transforms science communication Projects,https://storage.googleapis.com/stockflow-social/Batch01/Montages/W/Microscopic_Virus_Membrane_W.mp4,Microscopic,Nmediaservices.com,4/20/2026
"How Underwater Montage Footage Transforms science communication Projects

In science communication and documentary filmmaking, the difference between amateur and broadcast-quality output often comes down to one thing: authentic, high-resolution microscopic visuals. Professional-grade microscopy footage is notoriously difficult and expensive to capture independently, requiring specialized equipment and expertise that most production teams simply don't have access to.

About the Underwater Montage Collection

The Underwater Montage collection is part of our Underwater library within the Microscopic category. This collection delivers broadcast-ready assets that meet the quality standards of professional productions.

Who Benefits from This Collection

- Documentary filmmakers seeking authentic B-roll for science and nature productions
- Science educators creating engaging lecture content and online courses
- Medical professionals building training materials and patient education resources
- Corporate teams producing pharmaceutical and biotech marketing content
- YouTube creators covering science, biology, and technology topics
- Museum and exhibition designers creating immersive visual displays

Integration into Your Workflow

Import the 4K MP4 files directly into your NLE timeline — Premiere Pro, DaVinci Resolve, or Final Cut Pro. The footage works exceptionally well as B-roll overlays with transparency blending. For presentations and educational materials, the 8K JPEG images drop directly into PowerPoint, Google Slides, or Canva at full resolution without quality loss.

What's Included

- 4K MP4 Video (3840x2160) — 16:9 widescreen
- 8K JPEG Images (7680x4320) — print-ready resolution
- Vertical Video (1080x1920) — optimized for mobile and social
- Square Format (2160x2160) — ideal for social feeds
- Royalty-free license — no attribution required
- Instant download — no waiting, no approval process

Why Stockflow.media

Every clip in this collection was captured using professional-grade microscopy equipment with precise color calibration. Unlike generic stock footage, these assets maintain scientific accuracy while delivering cinematic visual quality — making them suitable for both educational and commercial applications.

Get the Underwater Montage Collection

Browse and download: https://stockflow.media/?cat=Microscopic&sub=Underwater&collection=Underwater+Montage
Full collection details: https://help.stockflow.media/collections/underwater-montage/

#stockfootage #royaltyfree #stockvideo #microscopy #science #biology #documentary #sciencecommunication #contentcreation #videoproduction #4kvideo #underwatermontage #underwater",How Underwater Montage Footage Transforms science communication Projects,https://storage.googleapis.com/stockflow-social/Batch01/Montages/W/Microscopic_Underwater_Underwater-Montage_W.mp4,Microscopic,Nmediaservices.com,4/21/2026
"How Tardigrade Footage Transforms science communication Projects

In science communication and documentary filmmaking, the difference between amateur and broadcast-quality output often comes down to one thing: authentic, high-resolution microscopic visuals. Professional-grade microscopy footage is notoriously difficult and expensive to capture independently, requiring specialized equipment and expertise that most production teams simply don't have access to.

About the Tardigrade Collection

The Tardigrade collection is part of our Underwater library within the Microscopic category. This collection delivers broadcast-ready assets that meet the quality standards of professional productions.

Featured assets include:

- Glowing blue tardigrade curled inside a clear bubble.
- A glowing, translucent tardigrade encased in a bubble, with neon blue and green highlights against a dark background.
- A glowing blue microscopic tardigrade enclosed in a transparent bubble.

Who Benefits from This Collection

- Documentary filmmakers seeking authentic B-roll for science and nature productions
- Science educators creating engaging lecture content and online courses
- Medical professionals building training materials and patient education resources
- Corporate teams producing pharmaceutical and biotech marketing content
- YouTube creators covering science, biology, and technology topics
- Museum and exhibition designers creating immersive visual displays

Integration into Your Workflow

Import the 4K MP4 files directly into your NLE timeline — Premiere Pro, DaVinci Resolve, or Final Cut Pro. The footage works exceptionally well as B-roll overlays with transparency blending. For presentations and educational materials, the 8K JPEG images drop directly into PowerPoint, Google Slides, or Canva at full resolution without quality loss.

What's Included

- 4K MP4 Video (3840x2160) — 16:9 widescreen
- 8K JPEG Images (7680x4320) — print-ready resolution
- Vertical Video (1080x1920) — optimized for mobile and social
- Square Format (2160x2160) — ideal for social feeds
- Royalty-free license — no attribution required
- Instant download — no waiting, no approval process

Why Stockflow.media

Every clip in this collection was captured using professional-grade microscopy equipment with precise color calibration. Unlike generic stock footage, these assets maintain scientific accuracy while delivering cinematic visual quality — making them suitable for both educational and commercial applications.

Get the Tardigrade Collection

Browse and download: https://stockflow.media/?cat=Microscopic&sub=Underwater&collection=Tardigrade
Full collection details: https://help.stockflow.media/collections/tardigrade/

#stockfootage #royaltyfree #stockvideo #microscopy #science #biology #documentary #sciencecommunication #contentcreation #videoproduction #4kvideo #tardigrade #underwater #waterbear #microscopic #microbe #bioluminescent",How Tardigrade Footage Transforms science communication Projects,https://storage.googleapis.com/stockflow-social/Batch01/Montages/W/Microscopic_Underwater_Tardigrade_W.mp4,Microscopic,Nmediaservices.com,4/22/2026
"How Single Celled Organisms Footage Transforms science communication Projects

In science communication and documentary filmmaking, the difference between amateur and broadcast-quality output often comes down to one thing: authentic, high-resolution microscopic visuals. Professional-grade microscopy footage is notoriously difficult and expensive to capture independently, requiring specialized equipment and expertise that most production teams simply don't have access to.

About the Single Celled Organisms Collection

The Single Celled Organisms collection is part of our Underwater library within the Microscopic category. This collection delivers broadcast-ready assets that meet the quality standards of professional productions.

Featured assets include:

- Underwater micro-world of single-celled organisms, colorful and varied in blue water, with circular and threadlike shapes drifting freely.
- Underwater close-up of diverse single-celled organisms with colorful, star-like shapes and bubbles.
- Underwater scene of single-celled organisms swimming among bubbles in blue water.

Who Benefits from This Collection

- Documentary filmmakers seeking authentic B-roll for science and nature productions
- Science educators creating engaging lecture content and online courses
- Medical professionals building training materials and patient education resources
- Corporate teams producing pharmaceutical and biotech marketing content
- YouTube creators covering science, biology, and technology topics
- Museum and exhibition designers creating immersive visual displays

Integration into Your Workflow

Import the 4K MP4 files directly into your NLE timeline — Premiere Pro, DaVinci Resolve, or Final Cut Pro. The footage works exceptionally well as B-roll overlays with transparency blending. For presentations and educational materials, the 8K JPEG images drop directly into PowerPoint, Google Slides, or Canva at full resolution without quality loss.

What's Included

- 4K MP4 Video (3840x2160) — 16:9 widescreen
- 8K JPEG Images (7680x4320) — print-ready resolution
- Vertical Video (1080x1920) — optimized for mobile and social
- Square Format (2160x2160) — ideal for social feeds
- Royalty-free license — no attribution required
- Instant download — no waiting, no approval process

Why Stockflow.media

Every clip in this collection was captured using professional-grade microscopy equipment with precise color calibration. Unlike generic stock footage, these assets maintain scientific accuracy while delivering cinematic visual quality — making them suitable for both educational and commercial applications.

Get the Single Celled Organisms Collection

Browse and download: https://stockflow.media/?cat=Microscopic&sub=Underwater&collection=Single+Celled+Organisms
Full collection details: https://help.stockflow.media/collections/single-celled-organisms/

#stockfootage #royaltyfree #stockvideo #microscopy #science #biology #do

#stockfootage #royaltyfree #stockvideo #microscopy #science",How Single Celled Organisms Footage Transforms science communication Projects,https://storage.googleapis.com/stockflow-social/Batch01/Montages/W/Microscopic_Underwater_Single-Celled-Organisms_W.mp4,Microscopic,Nmediaservices.com,4/23/2026
"How Seawater Droplet Footage Transforms science communication Projects

In science communication and documentary filmmaking, the difference between amateur and broadcast-quality output often comes down to one thing: authentic, high-resolution microscopic visuals. Professional-grade microscopy footage is notoriously difficult and expensive to capture independently, requiring specialized equipment and expertise that most production teams simply don't have access to.

About the Seawater Droplet Collection

The Seawater Droplet collection is part of our Underwater library within the Microscopic category. This collection delivers broadcast-ready assets that meet the quality standards of professional productions.

Featured assets include:

- Close-up view of a circular seawater microdroplet packed with tangled, colorful microorganisms and mineral particles.
- Macro view of a circular collection of seawater micro-particles, crystals, and droplets.
- Underwater seawater microdroplet surrounded by filamentous structures and scattered particles.

Who Benefits from This Collection

- Documentary filmmakers seeking authentic B-roll for science and nature productions
- Science educators creating engaging lecture content and online courses
- Medical professionals building training materials and patient education resources
- Corporate teams producing pharmaceutical and biotech marketing content
- YouTube creators covering science, biology, and technology topics
- Museum and exhibition designers creating immersive visual displays

Integration into Your Workflow

Import the 4K MP4 files directly into your NLE timeline — Premiere Pro, DaVinci Resolve, or Final Cut Pro. The footage works exceptionally well as B-roll overlays with transparency blending. For presentations and educational materials, the 8K JPEG images drop directly into PowerPoint, Google Slides, or Canva at full resolution without quality loss.

What's Included

- 4K MP4 Video (3840x2160) — 16:9 widescreen
- 8K JPEG Images (7680x4320) — print-ready resolution
- Vertical Video (1080x1920) — optimized for mobile and social
- Square Format (2160x2160) — ideal for social feeds
- Royalty-free license — no attribution required
- Instant download — no waiting, no approval process

Why Stockflow.media

Every clip in this collection was captured using professional-grade microscopy equipment with precise color calibration. Unlike generic stock footage, these assets maintain scientific accuracy while delivering cinematic visual quality — making them suitable for both educational and commercial applications.

Get the Seawater Droplet Collection

Browse and download: https://stockflow.media/?cat=Microscopic&sub=Underwater&collection=Seawater+Droplet
Full collection details: https://help.stockflow.media/collections/seawater-droplet/

#stockfootage #royaltyfree #stockvideo #microscopy #science #biology #documentary #sciencecommunication #contentcreation #videoproduc

#stockfootage #royaltyfree #stockvideo #microscopy #science",How Seawater Droplet Footage Transforms science communication Projects,https://storage.googleapis.com/stockflow-social/Batch01/Montages/W/Microscopic_Underwater_Seawater-Droplet_W.mp4,Microscopic,Nmediaservices.com,4/24/2026
"How Protozoa And Algae Footage Transforms science communication Projects

In science communication and documentary filmmaking, the difference between amateur and broadcast-quality output often comes down to one thing: authentic, high-resolution microscopic visuals. Professional-grade microscopy footage is notoriously difficult and expensive to capture independently, requiring specialized equipment and expertise that most production teams simply don't have access to.

About the Protozoa And Algae Collection

The Protozoa And Algae collection is part of our Underwater library within the Microscopic category. This collection delivers broadcast-ready assets that meet the quality standards of professional productions.

Featured assets include:

- Underwater microscopic scene showing protozoa and algae, with fine filaments and glowing yellow-green cells.
- Close-up of underwater microscopic life showing tiny protozoa and algae among wispy filaments.
- Underwater close-up of microscopic algae and protozoa among tangled aquatic filaments and floating particles.

Who Benefits from This Collection

- Documentary filmmakers seeking authentic B-roll for science and nature productions
- Science educators creating engaging lecture content and online courses
- Medical professionals building training materials and patient education resources
- Corporate teams producing pharmaceutical and biotech marketing content
- YouTube creators covering science, biology, and technology topics
- Museum and exhibition designers creating immersive visual displays

Integration into Your Workflow

Import the 4K MP4 files directly into your NLE timeline — Premiere Pro, DaVinci Resolve, or Final Cut Pro. The footage works exceptionally well as B-roll overlays with transparency blending. For presentations and educational materials, the 8K JPEG images drop directly into PowerPoint, Google Slides, or Canva at full resolution without quality loss.

What's Included

- 4K MP4 Video (3840x2160) — 16:9 widescreen
- 8K JPEG Images (7680x4320) — print-ready resolution
- Vertical Video (1080x1920) — optimized for mobile and social
- Square Format (2160x2160) — ideal for social feeds
- Royalty-free license — no attribution required
- Instant download — no waiting, no approval process

Why Stockflow.media

Every clip in this collection was captured using professional-grade microscopy equipment with precise color calibration. Unlike generic stock footage, these assets maintain scientific accuracy while delivering cinematic visual quality — making them suitable for both educational and commercial applications.

Get the Protozoa And Algae Collection

Browse and download: https://stockflow.media/?cat=Microscopic&sub=Underwater&collection=Protozoa+And+Algae
Full collection details: https://help.stockflow.media/collections/protozoa-and-algae/

#stockfootage #royaltyfree #stockvideo #microscopy #science #biology #documentary #sciencecommunication #cont

#stockfootage #royaltyfree #stockvideo #microscopy #science",How Protozoa And Algae Footage Transforms science communication Projects,https://storage.googleapis.com/stockflow-social/Batch01/Montages/W/Microscopic_Underwater_Protozoa-And-Algae_W.mp4,Microscopic,Nmediaservices.com,4/25/2026
"How Marine Plankton Footage Transforms science communication Projects

In science communication and documentary filmmaking, the difference between amateur and broadcast-quality output often comes down to one thing: authentic, high-resolution microscopic visuals. Professional-grade microscopy footage is notoriously difficult and expensive to capture independently, requiring specialized equipment and expertise that most production teams simply don't have access to.

About the Marine Plankton Collection

The Marine Plankton collection is part of our Underwater library within the Microscopic category. This collection delivers broadcast-ready assets that meet the quality standards of professional productions.

Featured assets include:

- Green fluorescent underwater plankton and microalgae glowing against a dark ocean background, showing intricate cellular details and slender filame...
- Underwater micro marine plankton with glowing green diatoms and other tiny organisms.
- Glowing green marine plankton floating in an underwater microscopic scene.

Who Benefits from This Collection

- Documentary filmmakers seeking authentic B-roll for science and nature productions
- Science educators creating engaging lecture content and online courses
- Medical professionals building training materials and patient education resources
- Corporate teams producing pharmaceutical and biotech marketing content
- YouTube creators covering science, biology, and technology topics
- Museum and exhibition designers creating immersive visual displays

Integration into Your Workflow

Import the 4K MP4 files directly into your NLE timeline — Premiere Pro, DaVinci Resolve, or Final Cut Pro. The footage works exceptionally well as B-roll overlays with transparency blending. For presentations and educational materials, the 8K JPEG images drop directly into PowerPoint, Google Slides, or Canva at full resolution without quality loss.

What's Included

- 4K MP4 Video (3840x2160) — 16:9 widescreen
- 8K JPEG Images (7680x4320) — print-ready resolution
- Vertical Video (1080x1920) — optimized for mobile and social
- Square Format (2160x2160) — ideal for social feeds
- Royalty-free license — no attribution required
- Instant download — no waiting, no approval process

Why Stockflow.media

Every clip in this collection was captured using professional-grade microscopy equipment with precise color calibration. Unlike generic stock footage, these assets maintain scientific accuracy while delivering cinematic visual quality — making them suitable for both educational and commercial applications.

Get the Marine Plankton Collection

Browse and download: https://stockflow.media/?cat=Microscopic&sub=Underwater&collection=Marine+Plankton
Full collection details: https://help.stockflow.media/collections/marine-plankton/

#stockfootage #royaltyfree #stockvideo #microscopy #science #biology #documentary #sciencecommunication #contentcreation #videopr

#stockfootage #royaltyfree #stockvideo #microscopy #science",How Marine Plankton Footage Transforms science communication Projects,https://storage.googleapis.com/stockflow-social/Batch01/Montages/W/Microscopic_Underwater_Marine-Plankton_W.mp4,Microscopic,Nmediaservices.com,4/26/2026
"How Juvenile Plankton Footage Transforms science communication Projects

In science communication and documentary filmmaking, the difference between amateur and broadcast-quality output often comes down to one thing: authentic, high-resolution microscopic visuals. Professional-grade microscopy footage is notoriously difficult and expensive to capture independently, requiring specialized equipment and expertise that most production teams simply don't have access to.

About the Juvenile Plankton Collection

The Juvenile Plankton collection is part of our Underwater library within the Microscopic category. This collection delivers broadcast-ready assets that meet the quality standards of professional productions.

Featured assets include:

- A vibrant close-up of a coral reef teeming with tiny plankton and juvenile marine life, showcasing neon-green and red critters among translucent bu...
- A vivid underwater coral reef scene featuring pink, bulbous coral formations, with tiny plankton and microscopic creatures drifting among the textu...
- Micro underwater scene of a coral reef teeming with juvenile plankton and tiny life forms, glowing with vibrant colors as they drift and explore th...

Who Benefits from This Collection

- Documentary filmmakers seeking authentic B-roll for science and nature productions
- Science educators creating engaging lecture content and online courses
- Medical professionals building training materials and patient education resources
- Corporate teams producing pharmaceutical and biotech marketing content
- YouTube creators covering science, biology, and technology topics
- Museum and exhibition designers creating immersive visual displays

Integration into Your Workflow

Import the 4K MP4 files directly into your NLE timeline — Premiere Pro, DaVinci Resolve, or Final Cut Pro. The footage works exceptionally well as B-roll overlays with transparency blending. For presentations and educational materials, the 8K JPEG images drop directly into PowerPoint, Google Slides, or Canva at full resolution without quality loss.

What's Included

- 4K MP4 Video (3840x2160) — 16:9 widescreen
- 8K JPEG Images (7680x4320) — print-ready resolution
- Vertical Video (1080x1920) — optimized for mobile and social
- Square Format (2160x2160) — ideal for social feeds
- Royalty-free license — no attribution required
- Instant download — no waiting, no approval process

Why Stockflow.media

Every clip in this collection was captured using professional-grade microscopy equipment with precise color calibration. Unlike generic stock footage, these assets maintain scientific accuracy while delivering cinematic visual quality — making them suitable for both educational and commercial applications.

Get the Juvenile Plankton Collection

Browse and download: https://stockflow.media/?cat=Microscopic&sub=Underwater&collection=Juvenile+Plankton
Full collection details: https://help.stockflow.media/collecti

#stockfootage #royaltyfree #stockvideo #microscopy #science",How Juvenile Plankton Footage Transforms science communication Projects,https://storage.googleapis.com/stockflow-social/Batch01/Montages/W/Microscopic_Underwater_Juvenile-Plankton_W.mp4,Microscopic,Nmediaservices.com,4/27/2026
"How Euglena And Green Algae Footage Transforms science communication Projects

In science communication and documentary filmmaking, the difference between amateur and broadcast-quality output often comes down to one thing: authentic, high-resolution microscopic visuals. Professional-grade microscopy footage is notoriously difficult and expensive to capture independently, requiring specialized equipment and expertise that most production teams simply don't have access to.

About the Euglena And Green Algae Collection

The Euglena And Green Algae collection is part of our Underwater library within the Microscopic category. This collection delivers broadcast-ready assets that meet the quality standards of professional productions.

Featured assets include:

- Underwater micro scene of Euglena and green algae.
- Underwater micrograph showing a Euglena cell surrounded by green algae and numerous rod-shaped bacteria.
- Underwater macro scene showing green algae strands with floating red Euglena cells.

Who Benefits from This Collection

- Documentary filmmakers seeking authentic B-roll for science and nature productions
- Science educators creating engaging lecture content and online courses
- Medical professionals building training materials and patient education resources
- Corporate teams producing pharmaceutical and biotech marketing content
- YouTube creators covering science, biology, and technology topics
- Museum and exhibition designers creating immersive visual displays

Integration into Your Workflow

Import the 4K MP4 files directly into your NLE timeline — Premiere Pro, DaVinci Resolve, or Final Cut Pro. The footage works exceptionally well as B-roll overlays with transparency blending. For presentations and educational materials, the 8K JPEG images drop directly into PowerPoint, Google Slides, or Canva at full resolution without quality loss.

What's Included

- 4K MP4 Video (3840x2160) — 16:9 widescreen
- 8K JPEG Images (7680x4320) — print-ready resolution
- Vertical Video (1080x1920) — optimized for mobile and social
- Square Format (2160x2160) — ideal for social feeds
- Royalty-free license — no attribution required
- Instant download — no waiting, no approval process

Why Stockflow.media

Every clip in this collection was captured using professional-grade microscopy equipment with precise color calibration. Unlike generic stock footage, these assets maintain scientific accuracy while delivering cinematic visual quality — making them suitable for both educational and commercial applications.

Get the Euglena And Green Algae Collection

Browse and download: https://stockflow.media/?cat=Microscopic&sub=Underwater&collection=Euglena+And+Green+Algae
Full collection details: https://help.stockflow.media/collections/euglena-and-green-algae/

#stockfootage #royaltyfree #stockvideo #microscopy #science #biology #documentary #sciencecommunication #contentcreation #videoproduction #4kvideo #eugle

#stockfootage #royaltyfree #stockvideo #microscopy #science",How Euglena And Green Algae Footage Transforms science communication Projects,https://storage.googleapis.com/stockflow-social/Batch01/Montages/W/Microscopic_Underwater_Euglena-And-Green-Algae_W.mp4,Microscopic,Nmediaservices.com,4/28/2026
"How Coral Reef Plankton Footage Transforms science communication Projects

In science communication and documentary filmmaking, the difference between amateur and broadcast-quality output often comes down to one thing: authentic, high-resolution microscopic visuals. Professional-grade microscopy footage is notoriously difficult and expensive to capture independently, requiring specialized equipment and expertise that most production teams simply don't have access to.

About the Coral Reef Plankton Collection

The Coral Reef Plankton collection is part of our Underwater library within the Microscopic category. This collection delivers broadcast-ready assets that meet the quality standards of professional productions.

Featured assets include:

- Colorful underwater scene of a coral reef with tiny, bright planktonic organisms and microscopic life.
- Colorful microscopic marine life on a coral reef, featuring tiny transparent plankton and juvenile organisms.
- Colorful coral reef close-up with vibrant neon-green and purple segmented plankton-like organisms swimming among fleshy coral polyps.

Who Benefits from This Collection

- Documentary filmmakers seeking authentic B-roll for science and nature productions
- Science educators creating engaging lecture content and online courses
- Medical professionals building training materials and patient education resources
- Corporate teams producing pharmaceutical and biotech marketing content
- YouTube creators covering science, biology, and technology topics
- Museum and exhibition designers creating immersive visual displays

Integration into Your Workflow

Import the 4K MP4 files directly into your NLE timeline — Premiere Pro, DaVinci Resolve, or Final Cut Pro. The footage works exceptionally well as B-roll overlays with transparency blending. For presentations and educational materials, the 8K JPEG images drop directly into PowerPoint, Google Slides, or Canva at full resolution without quality loss.

What's Included

- 4K MP4 Video (3840x2160) — 16:9 widescreen
- 8K JPEG Images (7680x4320) — print-ready resolution
- Vertical Video (1080x1920) — optimized for mobile and social
- Square Format (2160x2160) — ideal for social feeds
- Royalty-free license — no attribution required
- Instant download — no waiting, no approval process

Why Stockflow.media

Every clip in this collection was captured using professional-grade microscopy equipment with precise color calibration. Unlike generic stock footage, these assets maintain scientific accuracy while delivering cinematic visual quality — making them suitable for both educational and commercial applications.

Get the Coral Reef Plankton Collection

Browse and download: https://stockflow.media/?cat=Microscopic&sub=Underwater&collection=Coral+Reef+Plankton
Full collection details: https://help.stockflow.media/collections/coral-reef-plankton/

#stockfootage #royaltyfree #stockvideo #microscopy #science #biology #

#stockfootage #royaltyfree #stockvideo #microscopy #science",How Coral Reef Plankton Footage Transforms science communication Projects,https://storage.googleapis.com/stockflow-social/Batch01/Montages/W/Microscopic_Underwater_Coral-Reef-Plankton_W.mp4,Microscopic,Nmediaservices.com,4/29/2026
"How Bioluminescent Footage Transforms science communication Projects

In science communication and documentary filmmaking, the difference between amateur and broadcast-quality output often comes down to one thing: authentic, high-resolution microscopic visuals. Professional-grade microscopy footage is notoriously difficult and expensive to capture independently, requiring specialized equipment and expertise that most production teams simply don't have access to.

About the Bioluminescent Collection

The Bioluminescent collection is part of our Underwater library within the Microscopic category. This collection delivers broadcast-ready assets that meet the quality standards of professional productions.

Featured assets include:

- Underwater micro-scene featuring bioluminescent plankton-like creatures glowing blue-green as they drift through a dark, particle-filled seascape.
- Bioluminescent micro-critters swimming in a dark underwater scene, glowing blue-green shrimp‑like zooplankton.
- Underwater bioluminescent micro-creatures gliding through a dark ocean, glowing blue-green with delicate, translucent bodies.

Who Benefits from This Collection

- Documentary filmmakers seeking authentic B-roll for science and nature productions
- Science educators creating engaging lecture content and online courses
- Medical professionals building training materials and patient education resources
- Corporate teams producing pharmaceutical and biotech marketing content
- YouTube creators covering science, biology, and technology topics
- Museum and exhibition designers creating immersive visual displays

Integration into Your Workflow

Import the 4K MP4 files directly into your NLE timeline — Premiere Pro, DaVinci Resolve, or Final Cut Pro. The footage works exceptionally well as B-roll overlays with transparency blending. For presentations and educational materials, the 8K JPEG images drop directly into PowerPoint, Google Slides, or Canva at full resolution without quality loss.

What's Included

- 4K MP4 Video (3840x2160) — 16:9 widescreen
- 8K JPEG Images (7680x4320) — print-ready resolution
- Vertical Video (1080x1920) — optimized for mobile and social
- Square Format (2160x2160) — ideal for social feeds
- Royalty-free license — no attribution required
- Instant download — no waiting, no approval process

Why Stockflow.media

Every clip in this collection was captured using professional-grade microscopy equipment with precise color calibration. Unlike generic stock footage, these assets maintain scientific accuracy while delivering cinematic visual quality — making them suitable for both educational and commercial applications.

Get the Bioluminescent Collection

Browse and download: https://stockflow.media/?cat=Microscopic&sub=Underwater&collection=Bioluminescent
Full collection details: https://help.stockflow.media/collections/bioluminescent/

#stockfootage #royaltyfree #stockvideo #microscopy #science #bi

#stockfootage #royaltyfree #stockvideo #microscopy #science",How Bioluminescent Footage Transforms science communication Projects,https://storage.googleapis.com/stockflow-social/Batch01/Montages/W/Microscopic_Underwater_Bioluminescent_W.mp4,Microscopic,Nmediaservices.com,4/30/2026
"How Protozoa Montage Footage Transforms science communication Projects

In science communication and documentary filmmaking, the difference between amateur and broadcast-quality output often comes down to one thing: authentic, high-resolution microscopic visuals. Professional-grade microscopy footage is notoriously difficult and expensive to capture independently, requiring specialized equipment and expertise that most production teams simply don't have access to.

About the Protozoa Montage Collection

The Protozoa Montage collection is part of our Protozoa library within the Microscopic category. This collection delivers broadcast-ready assets that meet the quality standards of professional productions.

Who Benefits from This Collection

- Documentary filmmakers seeking authentic B-roll for science and nature productions
- Science educators creating engaging lecture content and online courses
- Medical professionals building training materials and patient education resources
- Corporate teams producing pharmaceutical and biotech marketing content
- YouTube creators covering science, biology, and technology topics
- Museum and exhibition designers creating immersive visual displays

Integration into Your Workflow

Import the 4K MP4 files directly into your NLE timeline — Premiere Pro, DaVinci Resolve, or Final Cut Pro. The footage works exceptionally well as B-roll overlays with transparency blending. For presentations and educational materials, the 8K JPEG images drop directly into PowerPoint, Google Slides, or Canva at full resolution without quality loss.

What's Included

- 4K MP4 Video (3840x2160) — 16:9 widescreen
- 8K JPEG Images (7680x4320) — print-ready resolution
- Vertical Video (1080x1920) — optimized for mobile and social
- Square Format (2160x2160) — ideal for social feeds
- Royalty-free license — no attribution required
- Instant download — no waiting, no approval process

Why Stockflow.media

Every clip in this collection was captured using professional-grade microscopy equipment with precise color calibration. Unlike generic stock footage, these assets maintain scientific accuracy while delivering cinematic visual quality — making them suitable for both educational and commercial applications.

Get the Protozoa Montage Collection

Browse and download: https://stockflow.media/?cat=Microscopic&sub=Protozoa&collection=Protozoa+Montage
Full collection details: https://help.stockflow.media/collections/protozoa-montage/

#stockfootage #royaltyfree #stockvideo #microscopy #science #biology #documentary #sciencecommunication #contentcreation #videoproduction #4kvideo #protozoamontage #protozoa",How Protozoa Montage Footage Transforms science communication Projects,https://storage.googleapis.com/stockflow-social/Batch01/Montages/W/Microscopic_Protozoa_Protozoa-Montage_W.mp4,Microscopic,Nmediaservices.com,5/1/2026
"How Sunflower Footage Transforms science communication Projects

In science communication and documentary filmmaking, the difference between amateur and broadcast-quality output often comes down to one thing: authentic, high-resolution microscopic visuals. Professional-grade microscopy footage is notoriously difficult and expensive to capture independently, requiring specialized equipment and expertise that most production teams simply don't have access to.

About the Sunflower Collection

The Sunflower collection is part of our Pollen library within the Microscopic category. This collection delivers broadcast-ready assets that meet the quality standards of professional productions.

Featured assets include:

- Macro close-up of sunflower pollen on the anthers, with a yellow-orange, oily texture.
- Macro close-up of sunflower pollen grains with an oily texture.
- Macro close-up of sunflower pollen grains with an oily golden texture.

Who Benefits from This Collection

- Documentary filmmakers seeking authentic B-roll for science and nature productions
- Science educators creating engaging lecture content and online courses
- Medical professionals building training materials and patient education resources
- Corporate teams producing pharmaceutical and biotech marketing content
- YouTube creators covering science, biology, and technology topics
- Museum and exhibition designers creating immersive visual displays

Integration into Your Workflow

Import the 4K MP4 files directly into your NLE timeline — Premiere Pro, DaVinci Resolve, or Final Cut Pro. The footage works exceptionally well as B-roll overlays with transparency blending. For presentations and educational materials, the 8K JPEG images drop directly into PowerPoint, Google Slides, or Canva at full resolution without quality loss.

What's Included

- 4K MP4 Video (3840x2160) — 16:9 widescreen
- 8K JPEG Images (7680x4320) — print-ready resolution
- Vertical Video (1080x1920) — optimized for mobile and social
- Square Format (2160x2160) — ideal for social feeds
- Royalty-free license — no attribution required
- Instant download — no waiting, no approval process

Why Stockflow.media

Every clip in this collection was captured using professional-grade microscopy equipment with precise color calibration. Unlike generic stock footage, these assets maintain scientific accuracy while delivering cinematic visual quality — making them suitable for both educational and commercial applications.

Get the Sunflower Collection

Browse and download: https://stockflow.media/?cat=Microscopic&sub=Pollen&collection=Sunflower
Full collection details: https://help.stockflow.media/collections/sunflower/

#stockfootage #royaltyfree #stockvideo #microscopy #science #biology #documentary #sciencecommunication #contentcreation #videoproduction #4kvideo #sunflower #pollen #macro #closeup #anthers",How Sunflower Footage Transforms science communication Projects,https://storage.googleapis.com/stockflow-social/Batch01/Montages/W/Microscopic_Pollen_Sunflower_W.mp4,Microscopic,Nmediaservices.com,5/2/2026
"How Spherical Grass Grain Footage Transforms science communication Projects

In science communication and documentary filmmaking, the difference between amateur and broadcast-quality output often comes down to one thing: authentic, high-resolution microscopic visuals. Professional-grade microscopy footage is notoriously difficult and expensive to capture independently, requiring specialized equipment and expertise that most production teams simply don't have access to.

About the Spherical Grass Grain Collection

The Spherical Grass Grain collection is part of our Pollen library within the Microscopic category. This collection delivers broadcast-ready assets that meet the quality standards of professional productions.

Who Benefits from This Collection

- Documentary filmmakers seeking authentic B-roll for science and nature productions
- Science educators creating engaging lecture content and online courses
- Medical professionals building training materials and patient education resources
- Corporate teams producing pharmaceutical and biotech marketing content
- YouTube creators covering science, biology, and technology topics
- Museum and exhibition designers creating immersive visual displays

Integration into Your Workflow

Import the 4K MP4 files directly into your NLE timeline — Premiere Pro, DaVinci Resolve, or Final Cut Pro. The footage works exceptionally well as B-roll overlays with transparency blending. For presentations and educational materials, the 8K JPEG images drop directly into PowerPoint, Google Slides, or Canva at full resolution without quality loss.

What's Included

- 4K MP4 Video (3840x2160) — 16:9 widescreen
- 8K JPEG Images (7680x4320) — print-ready resolution
- Vertical Video (1080x1920) — optimized for mobile and social
- Square Format (2160x2160) — ideal for social feeds
- Royalty-free license — no attribution required
- Instant download — no waiting, no approval process

Why Stockflow.media

Every clip in this collection was captured using professional-grade microscopy equipment with precise color calibration. Unlike generic stock footage, these assets maintain scientific accuracy while delivering cinematic visual quality — making them suitable for both educational and commercial applications.

Get the Spherical Grass Grain Collection

Browse and download: https://stockflow.media/?cat=Microscopic&sub=Pollen&collection=Spherical+Grass+Grain
Full collection details: https://help.stockflow.media/collections/spherical-grass-grain/

#stockfootage #royaltyfree #stockvideo #microscopy #science #biology #documentary #sciencecommunication #contentcreation #videoproduction #4kvideo #sphericalgrassgrain #pollen",How Spherical Grass Grain Footage Transforms science communication Projects,https://storage.googleapis.com/stockflow-social/Batch01/Montages/W/Microscopic_Pollen_Spherical-Grass-Grain_W.mp4,Microscopic,Nmediaservices.com,5/3/2026
"How Ragweed Footage Transforms science communication Projects

In science communication and documentary filmmaking, the difference between amateur and broadcast-quality output often comes down to one thing: authentic, high-resolution microscopic visuals. Professional-grade microscopy footage is notoriously difficult and expensive to capture independently, requiring specialized equipment and expertise that most production teams simply don't have access to.

About the Ragweed Collection

The Ragweed collection is part of our Pollen library within the Microscopic category. This collection delivers broadcast-ready assets that meet the quality standards of professional productions.

Featured assets include:

- Macro close-up of a spiky ragweed pollen grain.
- Close-up of a ragweed pollen grain with sharp, spiky projections on a golden background.
- A highly magnified yellow ragweed pollen grain with dense, sharp spike-like projections on a dark background.

Who Benefits from This Collection

- Documentary filmmakers seeking authentic B-roll for science and nature productions
- Science educators creating engaging lecture content and online courses
- Medical professionals building training materials and patient education resources
- Corporate teams producing pharmaceutical and biotech marketing content
- YouTube creators covering science, biology, and technology topics
- Museum and exhibition designers creating immersive visual displays

Integration into Your Workflow

Import the 4K MP4 files directly into your NLE timeline — Premiere Pro, DaVinci Resolve, or Final Cut Pro. The footage works exceptionally well as B-roll overlays with transparency blending. For presentations and educational materials, the 8K JPEG images drop directly into PowerPoint, Google Slides, or Canva at full resolution without quality loss.

What's Included

- 4K MP4 Video (3840x2160) — 16:9 widescreen
- 8K JPEG Images (7680x4320) — print-ready resolution
- Vertical Video (1080x1920) — optimized for mobile and social
- Square Format (2160x2160) — ideal for social feeds
- Royalty-free license — no attribution required
- Instant download — no waiting, no approval process

Why Stockflow.media

Every clip in this collection was captured using professional-grade microscopy equipment with precise color calibration. Unlike generic stock footage, these assets maintain scientific accuracy while delivering cinematic visual quality — making them suitable for both educational and commercial applications.

Get the Ragweed Collection

Browse and download: https://stockflow.media/?cat=Microscopic&sub=Pollen&collection=Ragweed
Full collection details: https://help.stockflow.media/collections/ragweed/

#stockfootage #royaltyfree #stockvideo #microscopy #science #biology #documentary #sciencecommunication #contentcreation #videoproduction #4kvideo #ragweed #pollen #macro #closeup #macrophotography",How Ragweed Footage Transforms science communication Projects,https://storage.googleapis.com/stockflow-social/Batch01/Montages/W/Microscopic_Pollen_Ragweed_W.mp4,Microscopic,Nmediaservices.com,5/4/2026
"How Ragweed Spiky Details Footage Transforms science communication Projects

In science communication and documentary filmmaking, the difference between amateur and broadcast-quality output often comes down to one thing: authentic, high-resolution microscopic visuals. Professional-grade microscopy footage is notoriously difficult and expensive to capture independently, requiring specialized equipment and expertise that most production teams simply don't have access to.

About the Ragweed Spiky Details Collection

The Ragweed Spiky Details collection is part of our Pollen library within the Microscopic category. This collection delivers broadcast-ready assets that meet the quality standards of professional productions.

Who Benefits from This Collection

- Documentary filmmakers seeking authentic B-roll for science and nature productions
- Science educators creating engaging lecture content and online courses
- Medical professionals building training materials and patient education resources
- Corporate teams producing pharmaceutical and biotech marketing content
- YouTube creators covering science, biology, and technology topics
- Museum and exhibition designers creating immersive visual displays

Integration into Your Workflow

Import the 4K MP4 files directly into your NLE timeline — Premiere Pro, DaVinci Resolve, or Final Cut Pro. The footage works exceptionally well as B-roll overlays with transparency blending. For presentations and educational materials, the 8K JPEG images drop directly into PowerPoint, Google Slides, or Canva at full resolution without quality loss.

What's Included

- 4K MP4 Video (3840x2160) — 16:9 widescreen
- 8K JPEG Images (7680x4320) — print-ready resolution
- Vertical Video (1080x1920) — optimized for mobile and social
- Square Format (2160x2160) — ideal for social feeds
- Royalty-free license — no attribution required
- Instant download — no waiting, no approval process

Why Stockflow.media

Every clip in this collection was captured using professional-grade microscopy equipment with precise color calibration. Unlike generic stock footage, these assets maintain scientific accuracy while delivering cinematic visual quality — making them suitable for both educational and commercial applications.

Get the Ragweed Spiky Details Collection

Browse and download: https://stockflow.media/?cat=Microscopic&sub=Pollen&collection=Ragweed+Spiky+Details
Full collection details: https://help.stockflow.media/collections/ragweed-spiky-details/

#stockfootage #royaltyfree #stockvideo #microscopy #science #biology #documentary #sciencecommunication #contentcreation #videoproduction #4kvideo #ragweedspikydetails #pollen",How Ragweed Spiky Details Footage Transforms science communication Projects,https://storage.googleapis.com/stockflow-social/Batch01/Montages/W/Microscopic_Pollen_Ragweed-Spiky-Details_W.mp4,Microscopic,Nmediaservices.com,5/5/2026
"How Pollen Montage Footage Transforms science communication Projects

In science communication and documentary filmmaking, the difference between amateur and broadcast-quality output often comes down to one thing: authentic, high-resolution microscopic visuals. Professional-grade microscopy footage is notoriously difficult and expensive to capture independently, requiring specialized equipment and expertise that most production teams simply don't have access to.

About the Pollen Montage Collection

The Pollen Montage collection is part of our Pollen library within the Microscopic category. This collection delivers broadcast-ready assets that meet the quality standards of professional productions.

Who Benefits from This Collection

- Documentary filmmakers seeking authentic B-roll for science and nature productions
- Science educators creating engaging lecture content and online courses
- Medical professionals building training materials and patient education resources
- Corporate teams producing pharmaceutical and biotech marketing content
- YouTube creators covering science, biology, and technology topics
- Museum and exhibition designers creating immersive visual displays

Integration into Your Workflow

Import the 4K MP4 files directly into your NLE timeline — Premiere Pro, DaVinci Resolve, or Final Cut Pro. The footage works exceptionally well as B-roll overlays with transparency blending. For presentations and educational materials, the 8K JPEG images drop directly into PowerPoint, Google Slides, or Canva at full resolution without quality loss.

What's Included

- 4K MP4 Video (3840x2160) — 16:9 widescreen
- 8K JPEG Images (7680x4320) — print-ready resolution
- Vertical Video (1080x1920) — optimized for mobile and social
- Square Format (2160x2160) — ideal for social feeds
- Royalty-free license — no attribution required
- Instant download — no waiting, no approval process

Why Stockflow.media

Every clip in this collection was captured using professional-grade microscopy equipment with precise color calibration. Unlike generic stock footage, these assets maintain scientific accuracy while delivering cinematic visual quality — making them suitable for both educational and commercial applications.

Get the Pollen Montage Collection

Browse and download: https://stockflow.media/?cat=Microscopic&sub=Pollen&collection=Pollen+Montage
Full collection details: https://help.stockflow.media/collections/pollen-montage/

#stockfootage #royaltyfree #stockvideo #microscopy #science #biology #documentary #sciencecommunication #contentcreation #videoproduction #4kvideo #pollenmontage #pollen",How Pollen Montage Footage Transforms science communication Projects,https://storage.googleapis.com/stockflow-social/Batch01/Montages/W/Microscopic_Pollen_Pollen-Montage_W.mp4,Microscopic,Nmediaservices.com,5/6/2026
"How Pollen Footage Transforms science communication Projects

In science communication and documentary filmmaking, the difference between amateur and broadcast-quality output often comes down to one thing: authentic, high-resolution microscopic visuals. Professional-grade microscopy footage is notoriously difficult and expensive to capture independently, requiring specialized equipment and expertise that most production teams simply don't have access to.

About the Pollen Collection

The Pollen collection is part of our Pollen library within the Microscopic category. This collection delivers broadcast-ready assets that meet the quality standards of professional productions.

Featured assets include:

- Macro shot of vivid purple-blue coral polyps with ribbed, donut-like discs and hollow centers, creating a striking, geometric underwater texture. C...
- A vivid macro close-up of ribbed, spherical structures in blue and magenta hues, clustered together with dark centers, creating an abstract, sci‑fi...

Who Benefits from This Collection

- Documentary filmmakers seeking authentic B-roll for science and nature productions
- Science educators creating engaging lecture content and online courses
- Medical professionals building training materials and patient education resources
- Corporate teams producing pharmaceutical and biotech marketing content
- YouTube creators covering science, biology, and technology topics
- Museum and exhibition designers creating immersive visual displays

Integration into Your Workflow

Import the 4K MP4 files directly into your NLE timeline — Premiere Pro, DaVinci Resolve, or Final Cut Pro. The footage works exceptionally well as B-roll overlays with transparency blending. For presentations and educational materials, the 8K JPEG images drop directly into PowerPoint, Google Slides, or Canva at full resolution without quality loss.

What's Included

- 4K MP4 Video (3840x2160) — 16:9 widescreen
- 8K JPEG Images (7680x4320) — print-ready resolution
- Vertical Video (1080x1920) — optimized for mobile and social
- Square Format (2160x2160) — ideal for social feeds
- Royalty-free license — no attribution required
- Instant download — no waiting, no approval process

Why Stockflow.media

Every clip in this collection was captured using professional-grade microscopy equipment with precise color calibration. Unlike generic stock footage, these assets maintain scientific accuracy while delivering cinematic visual quality — making them suitable for both educational and commercial applications.

Get the Pollen Collection

Browse and download: https://stockflow.media/?cat=Microscopic&sub=Pollen&collection=Pollen
Full collection details: https://help.stockflow.media/collections/pollen/

#stockfootage #royaltyfree #stockvideo #microscopy #science #biology #documentary #sciencecommunication #contentcreation #videoproduction #4kvideo #pollen #pollen #macroshot #vividpurpleblue #coralpolyps #ribbeddiscs #donutlikediscs",How Pollen Footage Transforms science communication Projects,https://storage.googleapis.com/stockflow-social/Batch01/Montages/W/Microscopic_Pollen_Pollen_W.mp4,Microscopic,Nmediaservices.com,5/7/2026
"How Pine Winged Footage Transforms science communication Projects

In science communication and documentary filmmaking, the difference between amateur and broadcast-quality output often comes down to one thing: authentic, high-resolution microscopic visuals. Professional-grade microscopy footage is notoriously difficult and expensive to capture independently, requiring specialized equipment and expertise that most production teams simply don't have access to.

About the Pine Winged Collection

The Pine Winged collection is part of our Pollen library within the Microscopic category. This collection delivers broadcast-ready assets that meet the quality standards of professional productions.

Featured assets include:

- Winged pine pollen grains, two halves with a hexagonal textured surface in yellow.
- Macro image of pine pollen winged form, showing yellow, hexagonal pollen grains with a blue interior seam.
- Winged pine pollen grains, two connected beads with a textured surface.

Who Benefits from This Collection

- Documentary filmmakers seeking authentic B-roll for science and nature productions
- Science educators creating engaging lecture content and online courses
- Medical professionals building training materials and patient education resources
- Corporate teams producing pharmaceutical and biotech marketing content
- YouTube creators covering science, biology, and technology topics
- Museum and exhibition designers creating immersive visual displays

Integration into Your Workflow

Import the 4K MP4 files directly into your NLE timeline — Premiere Pro, DaVinci Resolve, or Final Cut Pro. The footage works exceptionally well as B-roll overlays with transparency blending. For presentations and educational materials, the 8K JPEG images drop directly into PowerPoint, Google Slides, or Canva at full resolution without quality loss.

What's Included

- 4K MP4 Video (3840x2160) — 16:9 widescreen
- 8K JPEG Images (7680x4320) — print-ready resolution
- Vertical Video (1080x1920) — optimized for mobile and social
- Square Format (2160x2160) — ideal for social feeds
- Royalty-free license — no attribution required
- Instant download — no waiting, no approval process

Why Stockflow.media

Every clip in this collection was captured using professional-grade microscopy equipment with precise color calibration. Unlike generic stock footage, these assets maintain scientific accuracy while delivering cinematic visual quality — making them suitable for both educational and commercial applications.

Get the Pine Winged Collection

Browse and download: https://stockflow.media/?cat=Microscopic&sub=Pollen&collection=Pine+Winged
Full collection details: https://help.stockflow.media/collections/pine-winged/

#stockfootage #royaltyfree #stockvideo #microscopy #science #biology #documentary #sciencecommunication #contentcreation #videoproduction #4kvideo #pinewinged #pollen #pinepollen #pollengrains #wingedpollen #hexagonaltexture #yellowpollen",How Pine Winged Footage Transforms science communication Projects,https://storage.googleapis.com/stockflow-social/Batch01/Montages/W/Microscopic_Pollen_Pine-Winged_W.mp4,Microscopic,Nmediaservices.com,5/8/2026
"How Pine Winged Form Footage Transforms science communication Projects

In science communication and documentary filmmaking, the difference between amateur and broadcast-quality output often comes down to one thing: authentic, high-resolution microscopic visuals. Professional-grade microscopy footage is notoriously difficult and expensive to capture independently, requiring specialized equipment and expertise that most production teams simply don't have access to.

About the Pine Winged Form Collection

The Pine Winged Form collection is part of our Pollen library within the Microscopic category. This collection delivers broadcast-ready assets that meet the quality standards of professional productions.

Who Benefits from This Collection

- Documentary filmmakers seeking authentic B-roll for science and nature productions
- Science educators creating engaging lecture content and online courses
- Medical professionals building training materials and patient education resources
- Corporate teams producing pharmaceutical and biotech marketing content
- YouTube creators covering science, biology, and technology topics
- Museum and exhibition designers creating immersive visual displays

Integration into Your Workflow

Import the 4K MP4 files directly into your NLE timeline — Premiere Pro, DaVinci Resolve, or Final Cut Pro. The footage works exceptionally well as B-roll overlays with transparency blending. For presentations and educational materials, the 8K JPEG images drop directly into PowerPoint, Google Slides, or Canva at full resolution without quality loss.

What's Included

- 4K MP4 Video (3840x2160) — 16:9 widescreen
- 8K JPEG Images (7680x4320) — print-ready resolution
- Vertical Video (1080x1920) — optimized for mobile and social
- Square Format (2160x2160) — ideal for social feeds
- Royalty-free license — no attribution required
- Instant download — no waiting, no approval process

Why Stockflow.media

Every clip in this collection was captured using professional-grade microscopy equipment with precise color calibration. Unlike generic stock footage, these assets maintain scientific accuracy while delivering cinematic visual quality — making them suitable for both educational and commercial applications.

Get the Pine Winged Form Collection

Browse and download: https://stockflow.media/?cat=Microscopic&sub=Pollen&collection=Pine+Winged+Form
Full collection details: https://help.stockflow.media/collections/pine-winged-form/

#stockfootage #royaltyfree #stockvideo #microscopy #science #biology #documentary #sciencecommunication #contentcreation #videoproduction #4kvideo #pinewingedform #pollen",How Pine Winged Form Footage Transforms science communication Projects,https://storage.googleapis.com/stockflow-social/Batch01/Montages/W/Microscopic_Pollen_Pine-Winged-Form_W.mp4,Microscopic,Nmediaservices.com,5/9/2026
"How Peanut Hex Surface Footage Transforms science communication Projects

In science communication and documentary filmmaking, the difference between amateur and broadcast-quality output often comes down to one thing: authentic, high-resolution microscopic visuals. Professional-grade microscopy footage is notoriously difficult and expensive to capture independently, requiring specialized equipment and expertise that most production teams simply don't have access to.

About the Peanut Hex Surface Collection

The Peanut Hex Surface collection is part of our Pollen library within the Microscopic category. This collection delivers broadcast-ready assets that meet the quality standards of professional productions.

Featured assets include:

- Peanut pollen grain with a hexagonal surface pattern (micrograph).
- Peanut pollen grain with a honeycomb-like hexagonal surface.
- Peanut pollen grain with a hexagonal surface pattern (micrograph).

Who Benefits from This Collection

- Documentary filmmakers seeking authentic B-roll for science and nature productions
- Science educators creating engaging lecture content and online courses
- Medical professionals building training materials and patient education resources
- Corporate teams producing pharmaceutical and biotech marketing content
- YouTube creators covering science, biology, and technology topics
- Museum and exhibition designers creating immersive visual displays

Integration into Your Workflow

Import the 4K MP4 files directly into your NLE timeline — Premiere Pro, DaVinci Resolve, or Final Cut Pro. The footage works exceptionally well as B-roll overlays with transparency blending. For presentations and educational materials, the 8K JPEG images drop directly into PowerPoint, Google Slides, or Canva at full resolution without quality loss.

What's Included

- 4K MP4 Video (3840x2160) — 16:9 widescreen
- 8K JPEG Images (7680x4320) — print-ready resolution
- Vertical Video (1080x1920) — optimized for mobile and social
- Square Format (2160x2160) — ideal for social feeds
- Royalty-free license — no attribution required
- Instant download — no waiting, no approval process

Why Stockflow.media

Every clip in this collection was captured using professional-grade microscopy equipment with precise color calibration. Unlike generic stock footage, these assets maintain scientific accuracy while delivering cinematic visual quality — making them suitable for both educational and commercial applications.

Get the Peanut Hex Surface Collection

Browse and download: https://stockflow.media/?cat=Microscopic&sub=Pollen&collection=Peanut+Hex+Surface
Full collection details: https://help.stockflow.media/collections/peanut-hex-surface/

#stockfootage #royaltyfree #stockvideo #microscopy #science #biology #documentary #sciencecommunication #contentcreation #videoproduction #4kvideo #peanuthexsurface #pollen #peanutpollen #peanutpollengrain #pollengrain #hexagonalpattern #micrograph",How Peanut Hex Surface Footage Transforms science communication Projects,https://storage.googleapis.com/stockflow-social/Batch01/Montages/W/Microscopic_Pollen_Peanut-Hex-Surface_W.mp4,Microscopic,Nmediaservices.com,5/10/2026
"How Orchid Pollinium Footage Transforms science communication Projects

In science communication and documentary filmmaking, the difference between amateur and broadcast-quality output often comes down to one thing: authentic, high-resolution microscopic visuals. Professional-grade microscopy footage is notoriously difficult and expensive to capture independently, requiring specialized equipment and expertise that most production teams simply don't have access to.

About the Orchid Pollinium Collection

The Orchid Pollinium collection is part of our Pollen library within the Microscopic category. This collection delivers broadcast-ready assets that meet the quality standards of professional productions.

Featured assets include:

- Macro close-up of orange pollen grains on an orchid pollinium with a smooth, shiny texture against a green backdrop.
- Macro of a purple orchid with orange pollen-covered stamens.
- Macro shot of a vivid purple orchid, focusing on its intricate inner structures and speckled yellow lip.

Who Benefits from This Collection

- Documentary filmmakers seeking authentic B-roll for science and nature productions
- Science educators creating engaging lecture content and online courses
- Medical professionals building training materials and patient education resources
- Corporate teams producing pharmaceutical and biotech marketing content
- YouTube creators covering science, biology, and technology topics
- Museum and exhibition designers creating immersive visual displays

Integration into Your Workflow

Import the 4K MP4 files directly into your NLE timeline — Premiere Pro, DaVinci Resolve, or Final Cut Pro. The footage works exceptionally well as B-roll overlays with transparency blending. For presentations and educational materials, the 8K JPEG images drop directly into PowerPoint, Google Slides, or Canva at full resolution without quality loss.

What's Included

- 4K MP4 Video (3840x2160) — 16:9 widescreen
- 8K JPEG Images (7680x4320) — print-ready resolution
- Vertical Video (1080x1920) — optimized for mobile and social
- Square Format (2160x2160) — ideal for social feeds
- Royalty-free license — no attribution required
- Instant download — no waiting, no approval process

Why Stockflow.media

Every clip in this collection was captured using professional-grade microscopy equipment with precise color calibration. Unlike generic stock footage, these assets maintain scientific accuracy while delivering cinematic visual quality — making them suitable for both educational and commercial applications.

Get the Orchid Pollinium Collection

Browse and download: https://stockflow.media/?cat=Microscopic&sub=Pollen&collection=Orchid+Pollinium
Full collection details: https://help.stockflow.media/collections/orchid-pollinium/

#stockfootage #royaltyfree #stockvideo #microscopy #science #biology #documentary #sciencecommunication #contentcreation #videoproduction #4kvideo #orchidpollin

#stockfootage #royaltyfree #stockvideo #microscopy #science",How Orchid Pollinium Footage Transforms science communication Projects,https://storage.googleapis.com/stockflow-social/Batch01/Montages/W/Microscopic_Pollen_Orchid-Pollinium_W.mp4,Microscopic,Nmediaservices.com,5/11/2026
"How Orchid Pollinium Smooth Shine Footage Transforms science communication Projects

In science communication and documentary filmmaking, the difference between amateur and broadcast-quality output often comes down to one thing: authentic, high-resolution microscopic visuals. Professional-grade microscopy footage is notoriously difficult and expensive to capture independently, requiring specialized equipment and expertise that most production teams simply don't have access to.

About the Orchid Pollinium Smooth Shine Collection

The Orchid Pollinium Smooth Shine collection is part of our Pollen library within the Microscopic category. This collection delivers broadcast-ready assets that meet the quality standards of professional productions.

Featured assets include:

- Macro view of an orchid's reproductive parts, highlighting the smooth, shiny pollinium and vibrant orange pollen masses nestled within the vivid pe...
- Macro shot of a vibrant orchid interior, highlighting a bright orange pollinium cluster with textured, grainy surface, surrounded by bold purple, y...
- A macro shot of a vibrant orchid flower, highlighting its yellow-edged petals, purple hues, and the ornate orange pollen-filled column at the cente...

Who Benefits from This Collection

- Documentary filmmakers seeking authentic B-roll for science and nature productions
- Science educators creating engaging lecture content and online courses
- Medical professionals building training materials and patient education resources
- Corporate teams producing pharmaceutical and biotech marketing content
- YouTube creators covering science, biology, and technology topics
- Museum and exhibition designers creating immersive visual displays

Integration into Your Workflow

Import the 4K MP4 files directly into your NLE timeline — Premiere Pro, DaVinci Resolve, or Final Cut Pro. The footage works exceptionally well as B-roll overlays with transparency blending. For presentations and educational materials, the 8K JPEG images drop directly into PowerPoint, Google Slides, or Canva at full resolution without quality loss.

What's Included

- 4K MP4 Video (3840x2160) — 16:9 widescreen
- 8K JPEG Images (7680x4320) — print-ready resolution
- Vertical Video (1080x1920) — optimized for mobile and social
- Square Format (2160x2160) — ideal for social feeds
- Royalty-free license — no attribution required
- Instant download — no waiting, no approval process

Why Stockflow.media

Every clip in this collection was captured using professional-grade microscopy equipment with precise color calibration. Unlike generic stock footage, these assets maintain scientific accuracy while delivering cinematic visual quality — making them suitable for both educational and commercial applications.

Get the Orchid Pollinium Smooth Shine Collection

Browse and download: https://stockflow.media/?cat=Microscopic&sub=Pollen&collection=Orchid+Pollinium+Smooth+Shine
Full colle

#stockfootage #royaltyfree #stockvideo #microscopy #science",How Orchid Pollinium Smooth Shine Footage Transforms science communication Projects,https://storage.googleapis.com/stockflow-social/Batch01/Montages/W/Microscopic_Pollen_Orchid-Pollinium-Smooth-Shine_W.mp4,Microscopic,Nmediaservices.com,5/12/2026
"How Lotus Starburst Footage Transforms science communication Projects

In science communication and documentary filmmaking, the difference between amateur and broadcast-quality output often comes down to one thing: authentic, high-resolution microscopic visuals. Professional-grade microscopy footage is notoriously difficult and expensive to capture independently, requiring specialized equipment and expertise that most production teams simply don't have access to.

About the Lotus Starburst Collection

The Lotus Starburst collection is part of our Pollen library within the Microscopic category. This collection delivers broadcast-ready assets that meet the quality standards of professional productions.

Featured assets include:

- Fluorescent lotus pollen grains arranged on a blue, textured surface, with orange starburst petals radiating from purple centers.
- Macro shot of lotus pollen grains glowing golden with starburst light patterns.
- Lotus pollen grains shown as a fluorescent, radial starburst.

Who Benefits from This Collection

- Documentary filmmakers seeking authentic B-roll for science and nature productions
- Science educators creating engaging lecture content and online courses
- Medical professionals building training materials and patient education resources
- Corporate teams producing pharmaceutical and biotech marketing content
- YouTube creators covering science, biology, and technology topics
- Museum and exhibition designers creating immersive visual displays

Integration into Your Workflow

Import the 4K MP4 files directly into your NLE timeline — Premiere Pro, DaVinci Resolve, or Final Cut Pro. The footage works exceptionally well as B-roll overlays with transparency blending. For presentations and educational materials, the 8K JPEG images drop directly into PowerPoint, Google Slides, or Canva at full resolution without quality loss.

What's Included

- 4K MP4 Video (3840x2160) — 16:9 widescreen
- 8K JPEG Images (7680x4320) — print-ready resolution
- Vertical Video (1080x1920) — optimized for mobile and social
- Square Format (2160x2160) — ideal for social feeds
- Royalty-free license — no attribution required
- Instant download — no waiting, no approval process

Why Stockflow.media

Every clip in this collection was captured using professional-grade microscopy equipment with precise color calibration. Unlike generic stock footage, these assets maintain scientific accuracy while delivering cinematic visual quality — making them suitable for both educational and commercial applications.

Get the Lotus Starburst Collection

Browse and download: https://stockflow.media/?cat=Microscopic&sub=Pollen&collection=Lotus+Starburst
Full collection details: https://help.stockflow.media/collections/lotus-starburst/

#stockfootage #royaltyfree #stockvideo #microscopy #science #biology #documentary #sciencecommunication #contentcreation #videoproduction #4kvideo #lotusstarburst #pollen #fluor

#stockfootage #royaltyfree #stockvideo #microscopy #science",How Lotus Starburst Footage Transforms science communication Projects,https://storage.googleapis.com/stockflow-social/Batch01/Montages/W/Microscopic_Pollen_Lotus-Starburst_W.mp4,Microscopic,Nmediaservices.com,5/13/2026
"How Lavender Footage Transforms science communication Projects

In science communication and documentary filmmaking, the difference between amateur and broadcast-quality output often comes down to one thing: authentic, high-resolution microscopic visuals. Professional-grade microscopy footage is notoriously difficult and expensive to capture independently, requiring specialized equipment and expertise that most production teams simply don't have access to.

About the Lavender Collection

The Lavender collection is part of our Pollen library within the Microscopic category. This collection delivers broadcast-ready assets that meet the quality standards of professional productions.

Featured assets include:

- Macro close-up of lavender buds covered in dew, sparkling droplets on purple backdrop.
- Macro shot of lavender buds with dew droplets on frosted purple petals.
- Macro close-up of a lavender bud covered in dew drops, with soft purple hues and a dreamy, glossy coating.

Who Benefits from This Collection

- Documentary filmmakers seeking authentic B-roll for science and nature productions
- Science educators creating engaging lecture content and online courses
- Medical professionals building training materials and patient education resources
- Corporate teams producing pharmaceutical and biotech marketing content
- YouTube creators covering science, biology, and technology topics
- Museum and exhibition designers creating immersive visual displays

Integration into Your Workflow

Import the 4K MP4 files directly into your NLE timeline — Premiere Pro, DaVinci Resolve, or Final Cut Pro. The footage works exceptionally well as B-roll overlays with transparency blending. For presentations and educational materials, the 8K JPEG images drop directly into PowerPoint, Google Slides, or Canva at full resolution without quality loss.

What's Included

- 4K MP4 Video (3840x2160) — 16:9 widescreen
- 8K JPEG Images (7680x4320) — print-ready resolution
- Vertical Video (1080x1920) — optimized for mobile and social
- Square Format (2160x2160) — ideal for social feeds
- Royalty-free license — no attribution required
- Instant download — no waiting, no approval process

Why Stockflow.media

Every clip in this collection was captured using professional-grade microscopy equipment with precise color calibration. Unlike generic stock footage, these assets maintain scientific accuracy while delivering cinematic visual quality — making them suitable for both educational and commercial applications.

Get the Lavender Collection

Browse and download: https://stockflow.media/?cat=Microscopic&sub=Pollen&collection=Lavender
Full collection details: https://help.stockflow.media/collections/lavender/

#stockfootage #royaltyfree #stockvideo #microscopy #science #biology #documentary #sciencecommunication #contentcreation #videoproduction #4kvideo #lavender #pollen #lavenderbuds #macro #closeup #dew",How Lavender Footage Transforms science communication Projects,https://storage.googleapis.com/stockflow-social/Batch01/Montages/W/Microscopic_Pollen_Lavender_W.mp4,Microscopic,Nmediaservices.com,5/14/2026
"How Lotus Fluorescent Starbur St Footage Transforms science communication Projects

In science communication and documentary filmmaking, the difference between amateur and broadcast-quality output often comes down to one thing: authentic, high-resolution microscopic visuals. Professional-grade microscopy footage is notoriously difficult and expensive to capture independently, requiring specialized equipment and expertise that most production teams simply don't have access to.

About the Lotus Fluorescent Starbur St Collection

The Lotus Fluorescent Starbur St collection is part of our Pollen library within the Microscopic category. This collection delivers broadcast-ready assets that meet the quality standards of professional productions.

Who Benefits from This Collection

- Documentary filmmakers seeking authentic B-roll for science and nature productions
- Science educators creating engaging lecture content and online courses
- Medical professionals building training materials and patient education resources
- Corporate teams producing pharmaceutical and biotech marketing content
- YouTube creators covering science, biology, and technology topics
- Museum and exhibition designers creating immersive visual displays

Integration into Your Workflow

Import the 4K MP4 files directly into your NLE timeline — Premiere Pro, DaVinci Resolve, or Final Cut Pro. The footage works exceptionally well as B-roll overlays with transparency blending. For presentations and educational materials, the 8K JPEG images drop directly into PowerPoint, Google Slides, or Canva at full resolution without quality loss.

What's Included

- 4K MP4 Video (3840x2160) — 16:9 widescreen
- 8K JPEG Images (7680x4320) — print-ready resolution
- Vertical Video (1080x1920) — optimized for mobile and social
- Square Format (2160x2160) — ideal for social feeds
- Royalty-free license — no attribution required
- Instant download — no waiting, no approval process

Why Stockflow.media

Every clip in this collection was captured using professional-grade microscopy equipment with precise color calibration. Unlike generic stock footage, these assets maintain scientific accuracy while delivering cinematic visual quality — making them suitable for both educational and commercial applications.

Get the Lotus Fluorescent Starbur St Collection

Browse and download: https://stockflow.media/?cat=Microscopic&sub=Pollen&collection=Lotus+Fluorescent+Starbur+St
Full collection details: https://help.stockflow.media/collections/lotus-fluorescent-starbur-st/

#stockfootage #royaltyfree #stockvideo #microscopy #science #biology #documentary #sciencecommunication #contentcreation #videoproduction #4kvideo #lotusfluorescentstarburst #pollen",How Lotus Fluorescent Starbur St Footage Transforms science communication Projects,https://storage.googleapis.com/stockflow-social/Batch01/Montages/W/Microscopic_Pollen_Lotus-Fluorescent-Starbur-St_W.mp4,Microscopic,Nmediaservices.com,5/15/2026
"How Grass Mesh Structure Footage Transforms science communication Projects

In science communication and documentary filmmaking, the difference between amateur and broadcast-quality output often comes down to one thing: authentic, high-resolution microscopic visuals. Professional-grade microscopy footage is notoriously difficult and expensive to capture independently, requiring specialized equipment and expertise that most production teams simply don't have access to.

About the Grass Mesh Structure Collection

The Grass Mesh Structure collection is part of our Pollen library within the Microscopic category. This collection delivers broadcast-ready assets that meet the quality standards of professional productions.

Who Benefits from This Collection

- Documentary filmmakers seeking authentic B-roll for science and nature productions
- Science educators creating engaging lecture content and online courses
- Medical professionals building training materials and patient education resources
- Corporate teams producing pharmaceutical and biotech marketing content
- YouTube creators covering science, biology, and technology topics
- Museum and exhibition designers creating immersive visual displays

Integration into Your Workflow

Import the 4K MP4 files directly into your NLE timeline — Premiere Pro, DaVinci Resolve, or Final Cut Pro. The footage works exceptionally well as B-roll overlays with transparency blending. For presentations and educational materials, the 8K JPEG images drop directly into PowerPoint, Google Slides, or Canva at full resolution without quality loss.

What's Included

- 4K MP4 Video (3840x2160) — 16:9 widescreen
- 8K JPEG Images (7680x4320) — print-ready resolution
- Vertical Video (1080x1920) — optimized for mobile and social
- Square Format (2160x2160) — ideal for social feeds
- Royalty-free license — no attribution required
- Instant download — no waiting, no approval process

Why Stockflow.media

Every clip in this collection was captured using professional-grade microscopy equipment with precise color calibration. Unlike generic stock footage, these assets maintain scientific accuracy while delivering cinematic visual quality — making them suitable for both educational and commercial applications.

Get the Grass Mesh Structure Collection

Browse and download: https://stockflow.media/?cat=Microscopic&sub=Pollen&collection=Grass+Mesh+Structure
Full collection details: https://help.stockflow.media/collections/grass-mesh-structure/

#stockfootage #royaltyfree #stockvideo #microscopy #science #biology #documentary #sciencecommunication #contentcreation #videoproduction #4kvideo #grassmeshstructure #pollen",How Grass Mesh Structure Footage Transforms science communication Projects,https://storage.googleapis.com/stockflow-social/Batch01/Montages/W/Microscopic_Pollen_Grass-Mesh-Structure_W.mp4,Microscopic,Nmediaservices.com,5/16/2026
"How Lavender Dreamy Coating Footage Transforms science communication Projects

In science communication and documentary filmmaking, the difference between amateur and broadcast-quality output often comes down to one thing: authentic, high-resolution microscopic visuals. Professional-grade microscopy footage is notoriously difficult and expensive to capture independently, requiring specialized equipment and expertise that most production teams simply don't have access to.

About the Lavender Dreamy Coating Collection

The Lavender Dreamy Coating collection is part of our Pollen library within the Microscopic category. This collection delivers broadcast-ready assets that meet the quality standards of professional productions.

Who Benefits from This Collection

- Documentary filmmakers seeking authentic B-roll for science and nature productions
- Science educators creating engaging lecture content and online courses
- Medical professionals building training materials and patient education resources
- Corporate teams producing pharmaceutical and biotech marketing content
- YouTube creators covering science, biology, and technology topics
- Museum and exhibition designers creating immersive visual displays

Integration into Your Workflow

Import the 4K MP4 files directly into your NLE timeline — Premiere Pro, DaVinci Resolve, or Final Cut Pro. The footage works exceptionally well as B-roll overlays with transparency blending. For presentations and educational materials, the 8K JPEG images drop directly into PowerPoint, Google Slides, or Canva at full resolution without quality loss.

What's Included

- 4K MP4 Video (3840x2160) — 16:9 widescreen
- 8K JPEG Images (7680x4320) — print-ready resolution
- Vertical Video (1080x1920) — optimized for mobile and social
- Square Format (2160x2160) — ideal for social feeds
- Royalty-free license — no attribution required
- Instant download — no waiting, no approval process

Why Stockflow.media

Every clip in this collection was captured using professional-grade microscopy equipment with precise color calibration. Unlike generic stock footage, these assets maintain scientific accuracy while delivering cinematic visual quality — making them suitable for both educational and commercial applications.

Get the Lavender Dreamy Coating Collection

Browse and download: https://stockflow.media/?cat=Microscopic&sub=Pollen&collection=Lavender+Dreamy+Coating
Full collection details: https://help.stockflow.media/collections/lavender-dreamy-coating/

#stockfootage #royaltyfree #stockvideo #microscopy #science #biology #documentary #sciencecommunication #contentcreation #videoproduction #4kvideo #lavenderdreamycoating #pollen",How Lavender Dreamy Coating Footage Transforms science communication Projects,https://storage.googleapis.com/stockflow-social/Batch01/Montages/W/Microscopic_Pollen_Lavender-Dreamy-Coating_W.mp4,Microscopic,Nmediaservices.com,5/17/2026
"How Dandelion Footage Transforms science communication Projects

In science communication and documentary filmmaking, the difference between amateur and broadcast-quality output often comes down to one thing: authentic, high-resolution microscopic visuals. Professional-grade microscopy footage is notoriously difficult and expensive to capture independently, requiring specialized equipment and expertise that most production teams simply don't have access to.

About the Dandelion Collection

The Dandelion collection is part of our Pollen library within the Microscopic category. This collection delivers broadcast-ready assets that meet the quality standards of professional productions.

Featured assets include:

- A glowing ultraviolet dandelion-like pollen burst with blue ray-like rays against a black background.
- Macro close-up of a dandelion seed head with radiating filaments/filaments.
- Close-up of a dandelion seed head with radiating filaments under UV glow.

Who Benefits from This Collection

- Documentary filmmakers seeking authentic B-roll for science and nature productions
- Science educators creating engaging lecture content and online courses
- Medical professionals building training materials and patient education resources
- Corporate teams producing pharmaceutical and biotech marketing content
- YouTube creators covering science, biology, and technology topics
- Museum and exhibition designers creating immersive visual displays

Integration into Your Workflow

Import the 4K MP4 files directly into your NLE timeline — Premiere Pro, DaVinci Resolve, or Final Cut Pro. The footage works exceptionally well as B-roll overlays with transparency blending. For presentations and educational materials, the 8K JPEG images drop directly into PowerPoint, Google Slides, or Canva at full resolution without quality loss.

What's Included

- 4K MP4 Video (3840x2160) — 16:9 widescreen
- 8K JPEG Images (7680x4320) — print-ready resolution
- Vertical Video (1080x1920) — optimized for mobile and social
- Square Format (2160x2160) — ideal for social feeds
- Royalty-free license — no attribution required
- Instant download — no waiting, no approval process

Why Stockflow.media

Every clip in this collection was captured using professional-grade microscopy equipment with precise color calibration. Unlike generic stock footage, these assets maintain scientific accuracy while delivering cinematic visual quality — making them suitable for both educational and commercial applications.

Get the Dandelion Collection

Browse and download: https://stockflow.media/?cat=Microscopic&sub=Pollen&collection=Dandelion
Full collection details: https://help.stockflow.media/collections/dandelion/

#stockfootage #royaltyfree #stockvideo #microscopy #science #biology #documentary #sciencecommunication #contentcreation #videoproduction #4kvideo #dandelion #pollen #ultraviolet #glow #burst",How Dandelion Footage Transforms science communication Projects,https://storage.googleapis.com/stockflow-social/Batch01/Montages/W/Microscopic_Pollen_Dandelion_W.mp4,Microscopic,Nmediaservices.com,5/18/2026
"How Worm Footage Transforms science communication Projects

In science communication and documentary filmmaking, the difference between amateur and broadcast-quality output often comes down to one thing: authentic, high-resolution microscopic visuals. Professional-grade microscopy footage is notoriously difficult and expensive to capture independently, requiring specialized equipment and expertise that most production teams simply don't have access to.

About the Worm Collection

The Worm collection is part of our Parasite library within the Microscopic category. This collection delivers broadcast-ready assets that meet the quality standards of professional productions.

Featured assets include:

- Close-up of a parasitic worm with a knobby, mosaic-like surface.
- Close-up of textured, spherical parasite eggs (parasitic worm) on host tissue.
- Close-up of a parasitic worm egg with a textured, paired surface among surrounding debris.

Who Benefits from This Collection

- Documentary filmmakers seeking authentic B-roll for science and nature productions
- Science educators creating engaging lecture content and online courses
- Medical professionals building training materials and patient education resources
- Corporate teams producing pharmaceutical and biotech marketing content
- YouTube creators covering science, biology, and technology topics
- Museum and exhibition designers creating immersive visual displays

Integration into Your Workflow

Import the 4K MP4 files directly into your NLE timeline — Premiere Pro, DaVinci Resolve, or Final Cut Pro. The footage works exceptionally well as B-roll overlays with transparency blending. For presentations and educational materials, the 8K JPEG images drop directly into PowerPoint, Google Slides, or Canva at full resolution without quality loss.

What's Included

- 4K MP4 Video (3840x2160) — 16:9 widescreen
- 8K JPEG Images (7680x4320) — print-ready resolution
- Vertical Video (1080x1920) — optimized for mobile and social
- Square Format (2160x2160) — ideal for social feeds
- Royalty-free license — no attribution required
- Instant download — no waiting, no approval process

Why Stockflow.media

Every clip in this collection was captured using professional-grade microscopy equipment with precise color calibration. Unlike generic stock footage, these assets maintain scientific accuracy while delivering cinematic visual quality — making them suitable for both educational and commercial applications.

Get the Worm Collection

Browse and download: https://stockflow.media/?cat=Microscopic&sub=Parasite&collection=Worm
Full collection details: https://help.stockflow.media/collections/worm/

#stockfootage #royaltyfree #stockvideo #microscopy #science #biology #documentary #sciencecommunication #contentcreation #videoproduction #4kvideo #worm #parasite #parasiticworm #closeup #macro #micrograph",How Worm Footage Transforms science communication Projects,https://storage.googleapis.com/stockflow-social/Batch01/Montages/W/Microscopic_Parasite_Worm_W.mp4,Microscopic,Nmediaservices.com,5/19/2026
"How Trypanosoma Footage Transforms science communication Projects

In science communication and documentary filmmaking, the difference between amateur and broadcast-quality output often comes down to one thing: authentic, high-resolution microscopic visuals. Professional-grade microscopy footage is notoriously difficult and expensive to capture independently, requiring specialized equipment and expertise that most production teams simply don't have access to.

About the Trypanosoma Collection

The Trypanosoma collection is part of our Parasite library within the Microscopic category. This collection delivers broadcast-ready assets that meet the quality standards of professional productions.

Featured assets include:

- Green Trypanosoma parasite with a long flagellum, depicted among red blood cells.
- Illustration of a Trypanosoma parasite (green) with a long flagellum inside a blood vessel among red blood cells.
- Microscopic image of a Trypanosoma parasite among red blood cells.

Who Benefits from This Collection

- Documentary filmmakers seeking authentic B-roll for science and nature productions
- Science educators creating engaging lecture content and online courses
- Medical professionals building training materials and patient education resources
- Corporate teams producing pharmaceutical and biotech marketing content
- YouTube creators covering science, biology, and technology topics
- Museum and exhibition designers creating immersive visual displays

Integration into Your Workflow

Import the 4K MP4 files directly into your NLE timeline — Premiere Pro, DaVinci Resolve, or Final Cut Pro. The footage works exceptionally well as B-roll overlays with transparency blending. For presentations and educational materials, the 8K JPEG images drop directly into PowerPoint, Google Slides, or Canva at full resolution without quality loss.

What's Included

- 4K MP4 Video (3840x2160) — 16:9 widescreen
- 8K JPEG Images (7680x4320) — print-ready resolution
- Vertical Video (1080x1920) — optimized for mobile and social
- Square Format (2160x2160) — ideal for social feeds
- Royalty-free license — no attribution required
- Instant download — no waiting, no approval process

Why Stockflow.media

Every clip in this collection was captured using professional-grade microscopy equipment with precise color calibration. Unlike generic stock footage, these assets maintain scientific accuracy while delivering cinematic visual quality — making them suitable for both educational and commercial applications.

Get the Trypanosoma Collection

Browse and download: https://stockflow.media/?cat=Microscopic&sub=Parasite&collection=Trypanosoma
Full collection details: https://help.stockflow.media/collections/trypanosoma/

#stockfootage #royaltyfree #stockvideo #microscopy #science #biology #documentary #sciencecommunication #contentcreation #videoproduction #4kvideo #trypanosoma #parasite #green #flagellum #longflagellum",How Trypanosoma Footage Transforms science communication Projects,https://storage.googleapis.com/stockflow-social/Batch01/Montages/W/Microscopic_Parasite_Trypanosoma_W.mp4,Microscopic,Nmediaservices.com,5/20/2026
"How Toxoplasma Gondii Footage Transforms science communication Projects

In science communication and documentary filmmaking, the difference between amateur and broadcast-quality output often comes down to one thing: authentic, high-resolution microscopic visuals. Professional-grade microscopy footage is notoriously difficult and expensive to capture independently, requiring specialized equipment and expertise that most production teams simply don't have access to.

About the Toxoplasma Gondii Collection

The Toxoplasma Gondii collection is part of our Parasite library within the Microscopic category. This collection delivers broadcast-ready assets that meet the quality standards of professional productions.

Featured assets include:

- Toxoplasma gondii parasites in host tissue, shown as crescent-shaped organisms.
- Toxoplasma gondii parasites in host tissue, shown as crescent-shaped organisms.
- Micrograph of Toxoplasma gondii parasites in tissue.

Who Benefits from This Collection

- Documentary filmmakers seeking authentic B-roll for science and nature productions
- Science educators creating engaging lecture content and online courses
- Medical professionals building training materials and patient education resources
- Corporate teams producing pharmaceutical and biotech marketing content
- YouTube creators covering science, biology, and technology topics
- Museum and exhibition designers creating immersive visual displays

Integration into Your Workflow

Import the 4K MP4 files directly into your NLE timeline — Premiere Pro, DaVinci Resolve, or Final Cut Pro. The footage works exceptionally well as B-roll overlays with transparency blending. For presentations and educational materials, the 8K JPEG images drop directly into PowerPoint, Google Slides, or Canva at full resolution without quality loss.

What's Included

- 4K MP4 Video (3840x2160) — 16:9 widescreen
- 8K JPEG Images (7680x4320) — print-ready resolution
- Vertical Video (1080x1920) — optimized for mobile and social
- Square Format (2160x2160) — ideal for social feeds
- Royalty-free license — no attribution required
- Instant download — no waiting, no approval process

Why Stockflow.media

Every clip in this collection was captured using professional-grade microscopy equipment with precise color calibration. Unlike generic stock footage, these assets maintain scientific accuracy while delivering cinematic visual quality — making them suitable for both educational and commercial applications.

Get the Toxoplasma Gondii Collection

Browse and download: https://stockflow.media/?cat=Microscopic&sub=Parasite&collection=Toxoplasma+Gondii
Full collection details: https://help.stockflow.media/collections/toxoplasma-gondii/

#stockfootage #royaltyfree #stockvideo #microscopy #science #biology #documentary #sciencecommunication #contentcreation #videoproduction #4kvideo #toxoplasmagondii #parasite #parasites #protozoa #crescentshaped",How Toxoplasma Gondii Footage Transforms science communication Projects,https://storage.googleapis.com/stockflow-social/Batch01/Montages/W/Microscopic_Parasite_Toxoplasma-Gondii_W.mp4,Microscopic,Nmediaservices.com,5/21/2026
"How Plasmodium Footage Transforms science communication Projects

In science communication and documentary filmmaking, the difference between amateur and broadcast-quality output often comes down to one thing: authentic, high-resolution microscopic visuals. Professional-grade microscopy footage is notoriously difficult and expensive to capture independently, requiring specialized equipment and expertise that most production teams simply don't have access to.

About the Plasmodium Collection

The Plasmodium collection is part of our Parasite library within the Microscopic category. This collection delivers broadcast-ready assets that meet the quality standards of professional productions.

Featured assets include:

- Blood smear showing Plasmodium (malaria) parasite, with schizont containing merozoites inside red blood cells.
- Blood smear showing Plasmodium-infected red blood cells with schizonts containing multiple merozoites and ring-stage parasites among normal erythro...
- Blood smear showing Plasmodium malaria parasites inside red blood cells.

Who Benefits from This Collection

- Documentary filmmakers seeking authentic B-roll for science and nature productions
- Science educators creating engaging lecture content and online courses
- Medical professionals building training materials and patient education resources
- Corporate teams producing pharmaceutical and biotech marketing content
- YouTube creators covering science, biology, and technology topics
- Museum and exhibition designers creating immersive visual displays

Integration into Your Workflow

Import the 4K MP4 files directly into your NLE timeline — Premiere Pro, DaVinci Resolve, or Final Cut Pro. The footage works exceptionally well as B-roll overlays with transparency blending. For presentations and educational materials, the 8K JPEG images drop directly into PowerPoint, Google Slides, or Canva at full resolution without quality loss.

What's Included

- 4K MP4 Video (3840x2160) — 16:9 widescreen
- 8K JPEG Images (7680x4320) — print-ready resolution
- Vertical Video (1080x1920) — optimized for mobile and social
- Square Format (2160x2160) — ideal for social feeds
- Royalty-free license — no attribution required
- Instant download — no waiting, no approval process

Why Stockflow.media

Every clip in this collection was captured using professional-grade microscopy equipment with precise color calibration. Unlike generic stock footage, these assets maintain scientific accuracy while delivering cinematic visual quality — making them suitable for both educational and commercial applications.

Get the Plasmodium Collection

Browse and download: https://stockflow.media/?cat=Microscopic&sub=Parasite&collection=Plasmodium
Full collection details: https://help.stockflow.media/collections/plasmodium/

#stockfootage #royaltyfree #stockvideo #microscopy #science #biology #documentary #sciencecommunication #contentcreation #videoproduction #4

#stockfootage #royaltyfree #stockvideo #microscopy #science",How Plasmodium Footage Transforms science communication Projects,https://storage.googleapis.com/stockflow-social/Batch01/Montages/W/Microscopic_Parasite_Plasmodium_W.mp4,Microscopic,Nmediaservices.com,5/22/2026
"How Parasite Montage Footage Transforms science communication Projects

In science communication and documentary filmmaking, the difference between amateur and broadcast-quality output often comes down to one thing: authentic, high-resolution microscopic visuals. Professional-grade microscopy footage is notoriously difficult and expensive to capture independently, requiring specialized equipment and expertise that most production teams simply don't have access to.

About the Parasite Montage Collection

The Parasite Montage collection is part of our Parasite library within the Microscopic category. This collection delivers broadcast-ready assets that meet the quality standards of professional productions.

Who Benefits from This Collection

- Documentary filmmakers seeking authentic B-roll for science and nature productions
- Science educators creating engaging lecture content and online courses
- Medical professionals building training materials and patient education resources
- Corporate teams producing pharmaceutical and biotech marketing content
- YouTube creators covering science, biology, and technology topics
- Museum and exhibition designers creating immersive visual displays

Integration into Your Workflow

Import the 4K MP4 files directly into your NLE timeline — Premiere Pro, DaVinci Resolve, or Final Cut Pro. The footage works exceptionally well as B-roll overlays with transparency blending. For presentations and educational materials, the 8K JPEG images drop directly into PowerPoint, Google Slides, or Canva at full resolution without quality loss.

What's Included

- 4K MP4 Video (3840x2160) — 16:9 widescreen
- 8K JPEG Images (7680x4320) — print-ready resolution
- Vertical Video (1080x1920) — optimized for mobile and social
- Square Format (2160x2160) — ideal for social feeds
- Royalty-free license — no attribution required
- Instant download — no waiting, no approval process

Why Stockflow.media

Every clip in this collection was captured using professional-grade microscopy equipment with precise color calibration. Unlike generic stock footage, these assets maintain scientific accuracy while delivering cinematic visual quality — making them suitable for both educational and commercial applications.

Get the Parasite Montage Collection

Browse and download: https://stockflow.media/?cat=Microscopic&sub=Parasite&collection=Parasite+Montage
Full collection details: https://help.stockflow.media/collections/parasite-montage/

#stockfootage #royaltyfree #stockvideo #microscopy #science #biology #documentary #sciencecommunication #contentcreation #videoproduction #4kvideo #parasitemontage #parasite",How Parasite Montage Footage Transforms science communication Projects,https://storage.googleapis.com/stockflow-social/Batch01/Montages/W/Microscopic_Parasite_Parasite-Montage_W.mp4,Microscopic,Nmediaservices.com,5/23/2026
"How Parasitetimeline Footage Transforms science communication Projects

In science communication and documentary filmmaking, the difference between amateur and broadcast-quality output often comes down to one thing: authentic, high-resolution microscopic visuals. Professional-grade microscopy footage is notoriously difficult and expensive to capture independently, requiring specialized equipment and expertise that most production teams simply don't have access to.

About the Parasitetimeline Collection

The Parasitetimeline collection is part of our Parasite library within the Microscopic category. This collection delivers broadcast-ready assets that meet the quality standards of professional productions.

Who Benefits from This Collection

- Documentary filmmakers seeking authentic B-roll for science and nature productions
- Science educators creating engaging lecture content and online courses
- Medical professionals building training materials and patient education resources
- Corporate teams producing pharmaceutical and biotech marketing content
- YouTube creators covering science, biology, and technology topics
- Museum and exhibition designers creating immersive visual displays

Integration into Your Workflow

Import the 4K MP4 files directly into your NLE timeline — Premiere Pro, DaVinci Resolve, or Final Cut Pro. The footage works exceptionally well as B-roll overlays with transparency blending. For presentations and educational materials, the 8K JPEG images drop directly into PowerPoint, Google Slides, or Canva at full resolution without quality loss.

What's Included

- 4K MP4 Video (3840x2160) — 16:9 widescreen
- 8K JPEG Images (7680x4320) — print-ready resolution
- Vertical Video (1080x1920) — optimized for mobile and social
- Square Format (2160x2160) — ideal for social feeds
- Royalty-free license — no attribution required
- Instant download — no waiting, no approval process

Why Stockflow.media

Every clip in this collection was captured using professional-grade microscopy equipment with precise color calibration. Unlike generic stock footage, these assets maintain scientific accuracy while delivering cinematic visual quality — making them suitable for both educational and commercial applications.

Get the Parasitetimeline Collection

Browse and download: https://stockflow.media/?cat=Microscopic&sub=Parasite&collection=Parasitetimeline
Full collection details: https://help.stockflow.media/collections/parasitetimeline/

#stockfootage #royaltyfree #stockvideo #microscopy #science #biology #documentary #sciencecommunication #contentcreation #videoproduction #4kvideo #parasitetimeline #parasite",How Parasitetimeline Footage Transforms science communication Projects,https://storage.googleapis.com/stockflow-social/Batch01/Montages/W/Microscopic_Parasite_Parasitetimeline_W.mp4,Microscopic,Nmediaservices.com,5/24/2026
"How Parasite Footage Transforms science communication Projects

In science communication and documentary filmmaking, the difference between amateur and broadcast-quality output often comes down to one thing: authentic, high-resolution microscopic visuals. Professional-grade microscopy footage is notoriously difficult and expensive to capture independently, requiring specialized equipment and expertise that most production teams simply don't have access to.

About the Parasite Collection

The Parasite collection is part of our Parasite library within the Microscopic category. This collection delivers broadcast-ready assets that meet the quality standards of professional productions.

Featured assets include:

- Color-enhanced micrograph of a blood cell showing parasitic elements within the cell.
- Colorized illustration of blood with a parasite (yellow, worm-like structure) among red blood cells and white blood cells.
- Blood smear showing a parasite inside a red blood cell.

Who Benefits from This Collection

- Documentary filmmakers seeking authentic B-roll for science and nature productions
- Science educators creating engaging lecture content and online courses
- Medical professionals building training materials and patient education resources
- Corporate teams producing pharmaceutical and biotech marketing content
- YouTube creators covering science, biology, and technology topics
- Museum and exhibition designers creating immersive visual displays

Integration into Your Workflow

Import the 4K MP4 files directly into your NLE timeline — Premiere Pro, DaVinci Resolve, or Final Cut Pro. The footage works exceptionally well as B-roll overlays with transparency blending. For presentations and educational materials, the 8K JPEG images drop directly into PowerPoint, Google Slides, or Canva at full resolution without quality loss.

What's Included

- 4K MP4 Video (3840x2160) — 16:9 widescreen
- 8K JPEG Images (7680x4320) — print-ready resolution
- Vertical Video (1080x1920) — optimized for mobile and social
- Square Format (2160x2160) — ideal for social feeds
- Royalty-free license — no attribution required
- Instant download — no waiting, no approval process

Why Stockflow.media

Every clip in this collection was captured using professional-grade microscopy equipment with precise color calibration. Unlike generic stock footage, these assets maintain scientific accuracy while delivering cinematic visual quality — making them suitable for both educational and commercial applications.

Get the Parasite Collection

Browse and download: https://stockflow.media/?cat=Microscopic&sub=Parasite&collection=Parasite
Full collection details: https://help.stockflow.media/collections/parasite/

#stockfootage #royaltyfree #stockvideo #microscopy #science #biology #documentary #sciencecommunication #contentcreation #videoproduction #4kvideo #parasite #parasite #bloodcell #redbloodcell #parasiticelement #intracellularparasite",How Parasite Footage Transforms science communication Projects,https://storage.googleapis.com/stockflow-social/Batch01/Montages/W/Microscopic_Parasite_Parasite_W.mp4,Microscopic,Nmediaservices.com,5/25/2026
"How Leishmania Footage Transforms science communication Projects

In science communication and documentary filmmaking, the difference between amateur and broadcast-quality output often comes down to one thing: authentic, high-resolution microscopic visuals. Professional-grade microscopy footage is notoriously difficult and expensive to capture independently, requiring specialized equipment and expertise that most production teams simply don't have access to.

About the Leishmania Collection

The Leishmania collection is part of our Parasite library within the Microscopic category. This collection delivers broadcast-ready assets that meet the quality standards of professional productions.

Featured assets include:

- Color-enhanced image of Leishmania parasite inside a host cell.
- Fluorescence micrograph of Leishmania parasites (green) within a red-stained host cell cytoplasm, showing two rounded parasitic cells with green ou...
- Fluorescent micrograph showing Leishmania parasites inside host cells.

Who Benefits from This Collection

- Documentary filmmakers seeking authentic B-roll for science and nature productions
- Science educators creating engaging lecture content and online courses
- Medical professionals building training materials and patient education resources
- Corporate teams producing pharmaceutical and biotech marketing content
- YouTube creators covering science, biology, and technology topics
- Museum and exhibition designers creating immersive visual displays

Integration into Your Workflow

Import the 4K MP4 files directly into your NLE timeline — Premiere Pro, DaVinci Resolve, or Final Cut Pro. The footage works exceptionally well as B-roll overlays with transparency blending. For presentations and educational materials, the 8K JPEG images drop directly into PowerPoint, Google Slides, or Canva at full resolution without quality loss.

What's Included

- 4K MP4 Video (3840x2160) — 16:9 widescreen
- 8K JPEG Images (7680x4320) — print-ready resolution
- Vertical Video (1080x1920) — optimized for mobile and social
- Square Format (2160x2160) — ideal for social feeds
- Royalty-free license — no attribution required
- Instant download — no waiting, no approval process

Why Stockflow.media

Every clip in this collection was captured using professional-grade microscopy equipment with precise color calibration. Unlike generic stock footage, these assets maintain scientific accuracy while delivering cinematic visual quality — making them suitable for both educational and commercial applications.

Get the Leishmania Collection

Browse and download: https://stockflow.media/?cat=Microscopic&sub=Parasite&collection=Leishmania
Full collection details: https://help.stockflow.media/collections/leishmania/

#stockfootage #royaltyfree #stockvideo #microscopy #science #biology #documentary #sciencecommunication #contentcreation #videoproduction #4kvideo #leishmania #parasite #hostcell #colorenhanced",How Leishmania Footage Transforms science communication Projects,https://storage.googleapis.com/stockflow-social/Batch01/Montages/W/Microscopic_Parasite_Leishmania_W.mp4,Microscopic,Nmediaservices.com,5/26/2026
"How Giardia Lamblia Footage Transforms science communication Projects

In science communication and documentary filmmaking, the difference between amateur and broadcast-quality output often comes down to one thing: authentic, high-resolution microscopic visuals. Professional-grade microscopy footage is notoriously difficult and expensive to capture independently, requiring specialized equipment and expertise that most production teams simply don't have access to.

About the Giardia Lamblia Collection

The Giardia Lamblia collection is part of our Parasite library within the Microscopic category. This collection delivers broadcast-ready assets that meet the quality standards of professional productions.

Featured assets include:

- Micrograph of Giardia lamblia, an intestinal parasite, showing a pear-shaped body with two nuclei and multiple long flagella.
- Giardia lamblia, a flagellated protozoan parasite with two nuclei.
- Microscopic image of Giardia lamblia trophozoite with multiple flagella.

Who Benefits from This Collection

- Documentary filmmakers seeking authentic B-roll for science and nature productions
- Science educators creating engaging lecture content and online courses
- Medical professionals building training materials and patient education resources
- Corporate teams producing pharmaceutical and biotech marketing content
- YouTube creators covering science, biology, and technology topics
- Museum and exhibition designers creating immersive visual displays

Integration into Your Workflow

Import the 4K MP4 files directly into your NLE timeline — Premiere Pro, DaVinci Resolve, or Final Cut Pro. The footage works exceptionally well as B-roll overlays with transparency blending. For presentations and educational materials, the 8K JPEG images drop directly into PowerPoint, Google Slides, or Canva at full resolution without quality loss.

What's Included

- 4K MP4 Video (3840x2160) — 16:9 widescreen
- 8K JPEG Images (7680x4320) — print-ready resolution
- Vertical Video (1080x1920) — optimized for mobile and social
- Square Format (2160x2160) — ideal for social feeds
- Royalty-free license — no attribution required
- Instant download — no waiting, no approval process

Why Stockflow.media

Every clip in this collection was captured using professional-grade microscopy equipment with precise color calibration. Unlike generic stock footage, these assets maintain scientific accuracy while delivering cinematic visual quality — making them suitable for both educational and commercial applications.

Get the Giardia Lamblia Collection

Browse and download: https://stockflow.media/?cat=Microscopic&sub=Parasite&collection=Giardia+Lamblia
Full collection details: https://help.stockflow.media/collections/giardia-lamblia/

#stockfootage #royaltyfree #stockvideo #microscopy #science #biology #documentary #sciencecommunication #contentcreation #videoproduction #4kvideo #giardialamblia #parasite #giardia #intestinalparasite #protozoa",How Giardia Lamblia Footage Transforms science communication Projects,https://storage.googleapis.com/stockflow-social/Batch01/Montages/W/Microscopic_Parasite_Giardia-Lamblia_W.mp4,Microscopic,Nmediaservices.com,5/27/2026
"How Flatworm Larvae Footage Transforms science communication Projects

In science communication and documentary filmmaking, the difference between amateur and broadcast-quality output often comes down to one thing: authentic, high-resolution microscopic visuals. Professional-grade microscopy footage is notoriously difficult and expensive to capture independently, requiring specialized equipment and expertise that most production teams simply don't have access to.

About the Flatworm Larvae Collection

The Flatworm Larvae collection is part of our Parasite library within the Microscopic category. This collection delivers broadcast-ready assets that meet the quality standards of professional productions.

Featured assets include:

- Colorized micrograph of parasitic flatworm larvae attached to a tissue surface.
- Colorized micrograph of parasitic flatworm larvae attached to a tissue surface.
- Parasite: flatworm larvae in host tissue (micrograph).

Who Benefits from This Collection

- Documentary filmmakers seeking authentic B-roll for science and nature productions
- Science educators creating engaging lecture content and online courses
- Medical professionals building training materials and patient education resources
- Corporate teams producing pharmaceutical and biotech marketing content
- YouTube creators covering science, biology, and technology topics
- Museum and exhibition designers creating immersive visual displays

Integration into Your Workflow

Import the 4K MP4 files directly into your NLE timeline — Premiere Pro, DaVinci Resolve, or Final Cut Pro. The footage works exceptionally well as B-roll overlays with transparency blending. For presentations and educational materials, the 8K JPEG images drop directly into PowerPoint, Google Slides, or Canva at full resolution without quality loss.

What's Included

- 4K MP4 Video (3840x2160) — 16:9 widescreen
- 8K JPEG Images (7680x4320) — print-ready resolution
- Vertical Video (1080x1920) — optimized for mobile and social
- Square Format (2160x2160) — ideal for social feeds
- Royalty-free license — no attribution required
- Instant download — no waiting, no approval process

Why Stockflow.media

Every clip in this collection was captured using professional-grade microscopy equipment with precise color calibration. Unlike generic stock footage, these assets maintain scientific accuracy while delivering cinematic visual quality — making them suitable for both educational and commercial applications.

Get the Flatworm Larvae Collection

Browse and download: https://stockflow.media/?cat=Microscopic&sub=Parasite&collection=Flatworm+Larvae
Full collection details: https://help.stockflow.media/collections/flatworm-larvae/

#stockfootage #royaltyfree #stockvideo #microscopy #science #biology #documentary #sciencecommunication #contentcreation #videoproduction #4kvideo #flatwormlarvae #parasite #colorized #micrograph #parasitic #flatworm #larvae",How Flatworm Larvae Footage Transforms science communication Projects,https://storage.googleapis.com/stockflow-social/Batch01/Montages/W/Microscopic_Parasite_Flatworm-Larvae_W.mp4,Microscopic,Nmediaservices.com,5/28/2026
"How Cryptosporidium Footage Transforms science communication Projects

In science communication and documentary filmmaking, the difference between amateur and broadcast-quality output often comes down to one thing: authentic, high-resolution microscopic visuals. Professional-grade microscopy footage is notoriously difficult and expensive to capture independently, requiring specialized equipment and expertise that most production teams simply don't have access to.

About the Cryptosporidium Collection

The Cryptosporidium collection is part of our Parasite library within the Microscopic category. This collection delivers broadcast-ready assets that meet the quality standards of professional productions.

Featured assets include:

- Scanning electron micrograph showing Cryptosporidium oocysts attached to a surface.
- Scanning electron micrograph of spherical Cryptosporidium parasite oocysts on a textured surface.
- Micrograph of Cryptosporidium parasite oocysts on a textured surface.

Who Benefits from This Collection

- Documentary filmmakers seeking authentic B-roll for science and nature productions
- Science educators creating engaging lecture content and online courses
- Medical professionals building training materials and patient education resources
- Corporate teams producing pharmaceutical and biotech marketing content
- YouTube creators covering science, biology, and technology topics
- Museum and exhibition designers creating immersive visual displays

Integration into Your Workflow

Import the 4K MP4 files directly into your NLE timeline — Premiere Pro, DaVinci Resolve, or Final Cut Pro. The footage works exceptionally well as B-roll overlays with transparency blending. For presentations and educational materials, the 8K JPEG images drop directly into PowerPoint, Google Slides, or Canva at full resolution without quality loss.

What's Included

- 4K MP4 Video (3840x2160) — 16:9 widescreen
- 8K JPEG Images (7680x4320) — print-ready resolution
- Vertical Video (1080x1920) — optimized for mobile and social
- Square Format (2160x2160) — ideal for social feeds
- Royalty-free license — no attribution required
- Instant download — no waiting, no approval process

Why Stockflow.media

Every clip in this collection was captured using professional-grade microscopy equipment with precise color calibration. Unlike generic stock footage, these assets maintain scientific accuracy while delivering cinematic visual quality — making them suitable for both educational and commercial applications.

Get the Cryptosporidium Collection

Browse and download: https://stockflow.media/?cat=Microscopic&sub=Parasite&collection=Cryptosporidium
Full collection details: https://help.stockflow.media/collections/cryptosporidium/

#stockfootage #royaltyfree #stockvideo #microscopy #science #biology #documentary #sciencecommunication #contentcreation #videoproduction #4kvideo #cryptosporidium #parasite #oocysts #electronmicroscopy #sem #scanningelectronmicrograph",How Cryptosporidium Footage Transforms science communication Projects,https://storage.googleapis.com/stockflow-social/Batch01/Montages/W/Microscopic_Parasite_Cryptosporidium_W.mp4,Microscopic,Nmediaservices.com,5/29/2026
"How Close Up Footage Transforms science communication Projects

In science communication and documentary filmmaking, the difference between amateur and broadcast-quality output often comes down to one thing: authentic, high-resolution microscopic visuals. Professional-grade microscopy footage is notoriously difficult and expensive to capture independently, requiring specialized equipment and expertise that most production teams simply don't have access to.

About the Close Up Collection

The Close Up collection is part of our Parasite library within the Microscopic category. This collection delivers broadcast-ready assets that meet the quality standards of professional productions.

Who Benefits from This Collection

- Documentary filmmakers seeking authentic B-roll for science and nature productions
- Science educators creating engaging lecture content and online courses
- Medical professionals building training materials and patient education resources
- Corporate teams producing pharmaceutical and biotech marketing content
- YouTube creators covering science, biology, and technology topics
- Museum and exhibition designers creating immersive visual displays

Integration into Your Workflow

Import the 4K MP4 files directly into your NLE timeline — Premiere Pro, DaVinci Resolve, or Final Cut Pro. The footage works exceptionally well as B-roll overlays with transparency blending. For presentations and educational materials, the 8K JPEG images drop directly into PowerPoint, Google Slides, or Canva at full resolution without quality loss.

What's Included

- 4K MP4 Video (3840x2160) — 16:9 widescreen
- 8K JPEG Images (7680x4320) — print-ready resolution
- Vertical Video (1080x1920) — optimized for mobile and social
- Square Format (2160x2160) — ideal for social feeds
- Royalty-free license — no attribution required
- Instant download — no waiting, no approval process

Why Stockflow.media

Every clip in this collection was captured using professional-grade microscopy equipment with precise color calibration. Unlike generic stock footage, these assets maintain scientific accuracy while delivering cinematic visual quality — making them suitable for both educational and commercial applications.

Get the Close Up Collection

Browse and download: https://stockflow.media/?cat=Microscopic&sub=Parasite&collection=Close+Up
Full collection details: https://help.stockflow.media/collections/close-up/

#stockfootage #royaltyfree #stockvideo #microscopy #science #biology #documentary #sciencecommunication #contentcreation #videoproduction #4kvideo #closeup #parasite",How Close Up Footage Transforms science communication Projects,https://storage.googleapis.com/stockflow-social/Batch01/Montages/W/Microscopic_Parasite_Close-Up_W.mp4,Microscopic,Nmediaservices.com,5/30/2026
"How Organism Montage Footage Transforms science communication Projects

In science communication and documentary filmmaking, the difference between amateur and broadcast-quality output often comes down to one thing: authentic, high-resolution microscopic visuals. Professional-grade microscopy footage is notoriously difficult and expensive to capture independently, requiring specialized equipment and expertise that most production teams simply don't have access to.

About the Organism Montage Collection

The Organism Montage collection is part of our Organism library within the Microscopic category. This collection delivers broadcast-ready assets that meet the quality standards of professional productions.

Who Benefits from This Collection

- Documentary filmmakers seeking authentic B-roll for science and nature productions
- Science educators creating engaging lecture content and online courses
- Medical professionals building training materials and patient education resources
- Corporate teams producing pharmaceutical and biotech marketing content
- YouTube creators covering science, biology, and technology topics
- Museum and exhibition designers creating immersive visual displays

Integration into Your Workflow

Import the 4K MP4 files directly into your NLE timeline — Premiere Pro, DaVinci Resolve, or Final Cut Pro. The footage works exceptionally well as B-roll overlays with transparency blending. For presentations and educational materials, the 8K JPEG images drop directly into PowerPoint, Google Slides, or Canva at full resolution without quality loss.

What's Included

- 4K MP4 Video (3840x2160) — 16:9 widescreen
- 8K JPEG Images (7680x4320) — print-ready resolution
- Vertical Video (1080x1920) — optimized for mobile and social
- Square Format (2160x2160) — ideal for social feeds
- Royalty-free license — no attribution required
- Instant download — no waiting, no approval process

Why Stockflow.media

Every clip in this collection was captured using professional-grade microscopy equipment with precise color calibration. Unlike generic stock footage, these assets maintain scientific accuracy while delivering cinematic visual quality — making them suitable for both educational and commercial applications.

Get the Organism Montage Collection

Browse and download: https://stockflow.media/?cat=Microscopic&sub=Organism&collection=Organism+Montage
Full collection details: https://help.stockflow.media/collections/organism-montage/

#stockfootage #royaltyfree #stockvideo #microscopy #science #biology #documentary #sciencecommunication #contentcreation #videoproduction #4kvideo #organismmontage #organism",How Organism Montage Footage Transforms science communication Projects,https://storage.googleapis.com/stockflow-social/Batch01/Montages/W/Microscopic_Organism_Organism-Montage_W.mp4,Microscopic,Nmediaservices.com,5/31/2026
"How Alien Like Footage Transforms science communication Projects

In science communication and documentary filmmaking, the difference between amateur and broadcast-quality output often comes down to one thing: authentic, high-resolution microscopic visuals. Professional-grade microscopy footage is notoriously difficult and expensive to capture independently, requiring specialized equipment and expertise that most production teams simply don't have access to.

About the Alien Like Collection

The Alien Like collection is part of our Organism library within the Microscopic category. This collection delivers broadcast-ready assets that meet the quality standards of professional productions.

Who Benefits from This Collection

- Documentary filmmakers seeking authentic B-roll for science and nature productions
- Science educators creating engaging lecture content and online courses
- Medical professionals building training materials and patient education resources
- Corporate teams producing pharmaceutical and biotech marketing content
- YouTube creators covering science, biology, and technology topics
- Museum and exhibition designers creating immersive visual displays

Integration into Your Workflow

Import the 4K MP4 files directly into your NLE timeline — Premiere Pro, DaVinci Resolve, or Final Cut Pro. The footage works exceptionally well as B-roll overlays with transparency blending. For presentations and educational materials, the 8K JPEG images drop directly into PowerPoint, Google Slides, or Canva at full resolution without quality loss.

What's Included

- 4K MP4 Video (3840x2160) — 16:9 widescreen
- 8K JPEG Images (7680x4320) — print-ready resolution
- Vertical Video (1080x1920) — optimized for mobile and social
- Square Format (2160x2160) — ideal for social feeds
- Royalty-free license — no attribution required
- Instant download — no waiting, no approval process

Why Stockflow.media

Every clip in this collection was captured using professional-grade microscopy equipment with precise color calibration. Unlike generic stock footage, these assets maintain scientific accuracy while delivering cinematic visual quality — making them suitable for both educational and commercial applications.

Get the Alien Like Collection

Browse and download: https://stockflow.media/?cat=Microscopic&sub=Organism&collection=Alien+Like
Full collection details: https://help.stockflow.media/collections/alien-like/

#stockfootage #royaltyfree #stockvideo #microscopy #science #biology #documentary #sciencecommunication #contentcreation #videoproduction #4kvideo #alienlike #organism",How Alien Like Footage Transforms science communication Projects,https://storage.googleapis.com/stockflow-social/Batch01/Montages/W/Microscopic_Organism_Alien-Like_W.mp4,Microscopic,Nmediaservices.com,6/1/2026
"How Spherical Nucleus Footage Transforms science communication Projects

In science communication and documentary filmmaking, the difference between amateur and broadcast-quality output often comes down to one thing: authentic, high-resolution microscopic visuals. Professional-grade microscopy footage is notoriously difficult and expensive to capture independently, requiring specialized equipment and expertise that most production teams simply don't have access to.

About the Spherical Nucleus Collection

The Spherical Nucleus collection is part of our Nucleus library within the Microscopic category. This collection delivers broadcast-ready assets that meet the quality standards of professional productions.

Featured assets include:

- A micro, spherical cell zooms in to reveal a bright nucleus, surrounded by a glowing inner ring, illustrating cellular structure and inner dynamics...
- Micro view of a spherical nucleus at the center, surrounded by a radiant chromat ring, revealing a cellular core with intricate layers and a glowin...
- A micro, spherical cell nucleus illuminated from within, revealing chromatin structure and a coiled DNA molecule, illustrating cellular biology at ...

Who Benefits from This Collection

- Documentary filmmakers seeking authentic B-roll for science and nature productions
- Science educators creating engaging lecture content and online courses
- Medical professionals building training materials and patient education resources
- Corporate teams producing pharmaceutical and biotech marketing content
- YouTube creators covering science, biology, and technology topics
- Museum and exhibition designers creating immersive visual displays

Integration into Your Workflow

Import the 4K MP4 files directly into your NLE timeline — Premiere Pro, DaVinci Resolve, or Final Cut Pro. The footage works exceptionally well as B-roll overlays with transparency blending. For presentations and educational materials, the 8K JPEG images drop directly into PowerPoint, Google Slides, or Canva at full resolution without quality loss.

What's Included

- 4K MP4 Video (3840x2160) — 16:9 widescreen
- 8K JPEG Images (7680x4320) — print-ready resolution
- Vertical Video (1080x1920) — optimized for mobile and social
- Square Format (2160x2160) — ideal for social feeds
- Royalty-free license — no attribution required
- Instant download — no waiting, no approval process

Why Stockflow.media

Every clip in this collection was captured using professional-grade microscopy equipment with precise color calibration. Unlike generic stock footage, these assets maintain scientific accuracy while delivering cinematic visual quality — making them suitable for both educational and commercial applications.

Get the Spherical Nucleus Collection

Browse and download: https://stockflow.media/?cat=Microscopic&sub=Nucleus&collection=Spherical+Nucleus
Full collection details: https://help.stockflow.media/collections/sp

#stockfootage #royaltyfree #stockvideo #microscopy #science",How Spherical Nucleus Footage Transforms science communication Projects,https://storage.googleapis.com/stockflow-social/Batch01/Montages/W/Microscopic_Nucleus_Spherical-Nucleus_W.mp4,Microscopic,Nmediaservices.com,6/2/2026
"How Nucleus Montage Footage Transforms science communication Projects

In science communication and documentary filmmaking, the difference between amateur and broadcast-quality output often comes down to one thing: authentic, high-resolution microscopic visuals. Professional-grade microscopy footage is notoriously difficult and expensive to capture independently, requiring specialized equipment and expertise that most production teams simply don't have access to.

About the Nucleus Montage Collection

The Nucleus Montage collection is part of our Nucleus library within the Microscopic category. This collection delivers broadcast-ready assets that meet the quality standards of professional productions.

Who Benefits from This Collection

- Documentary filmmakers seeking authentic B-roll for science and nature productions
- Science educators creating engaging lecture content and online courses
- Medical professionals building training materials and patient education resources
- Corporate teams producing pharmaceutical and biotech marketing content
- YouTube creators covering science, biology, and technology topics
- Museum and exhibition designers creating immersive visual displays

Integration into Your Workflow

Import the 4K MP4 files directly into your NLE timeline — Premiere Pro, DaVinci Resolve, or Final Cut Pro. The footage works exceptionally well as B-roll overlays with transparency blending. For presentations and educational materials, the 8K JPEG images drop directly into PowerPoint, Google Slides, or Canva at full resolution without quality loss.

What's Included

- 4K MP4 Video (3840x2160) — 16:9 widescreen
- 8K JPEG Images (7680x4320) — print-ready resolution
- Vertical Video (1080x1920) — optimized for mobile and social
- Square Format (2160x2160) — ideal for social feeds
- Royalty-free license — no attribution required
- Instant download — no waiting, no approval process

Why Stockflow.media

Every clip in this collection was captured using professional-grade microscopy equipment with precise color calibration. Unlike generic stock footage, these assets maintain scientific accuracy while delivering cinematic visual quality — making them suitable for both educational and commercial applications.

Get the Nucleus Montage Collection

Browse and download: https://stockflow.media/?cat=Microscopic&sub=Nucleus&collection=Nucleus+Montage
Full collection details: https://help.stockflow.media/collections/nucleus-montage/

#stockfootage #royaltyfree #stockvideo #microscopy #science #biology #documentary #sciencecommunication #contentcreation #videoproduction #4kvideo #nucleusmontage #nucleus",How Nucleus Montage Footage Transforms science communication Projects,https://storage.googleapis.com/stockflow-social/Batch01/Montages/W/Microscopic_Nucleus_Nucleus-Montage_W.mp4,Microscopic,Nmediaservices.com,6/3/2026
"How Micro Footage Transforms science communication Projects

In science communication and documentary filmmaking, the difference between amateur and broadcast-quality output often comes down to one thing: authentic, high-resolution microscopic visuals. Professional-grade microscopy footage is notoriously difficult and expensive to capture independently, requiring specialized equipment and expertise that most production teams simply don't have access to.

About the Micro Collection

The Micro collection is part of our Nucleus library within the Microscopic category. This collection delivers broadcast-ready assets that meet the quality standards of professional productions.

Featured assets include:

- A highly detailed, colored cross-section of a cell, showcasing a blue mitochondrion with layered folds amid a red cytoplasmic membrane and scattere...
- Macro view of vibrant aquatic micro-world: translucent, oval cells with internal structures float among green algae filaments, revealing tiny organ...
- Micro video still of a cellular tissue showing two large purple nuclei within a dividing cell, surrounded by extracellular matrix and numerous smal...

Who Benefits from This Collection

- Documentary filmmakers seeking authentic B-roll for science and nature productions
- Science educators creating engaging lecture content and online courses
- Medical professionals building training materials and patient education resources
- Corporate teams producing pharmaceutical and biotech marketing content
- YouTube creators covering science, biology, and technology topics
- Museum and exhibition designers creating immersive visual displays

Integration into Your Workflow

Import the 4K MP4 files directly into your NLE timeline — Premiere Pro, DaVinci Resolve, or Final Cut Pro. The footage works exceptionally well as B-roll overlays with transparency blending. For presentations and educational materials, the 8K JPEG images drop directly into PowerPoint, Google Slides, or Canva at full resolution without quality loss.

What's Included

- 4K MP4 Video (3840x2160) — 16:9 widescreen
- 8K JPEG Images (7680x4320) — print-ready resolution
- Vertical Video (1080x1920) — optimized for mobile and social
- Square Format (2160x2160) — ideal for social feeds
- Royalty-free license — no attribution required
- Instant download — no waiting, no approval process

Why Stockflow.media

Every clip in this collection was captured using professional-grade microscopy equipment with precise color calibration. Unlike generic stock footage, these assets maintain scientific accuracy while delivering cinematic visual quality — making them suitable for both educational and commercial applications.

Get the Micro Collection

Browse and download: https://stockflow.media/?cat=Microscopic&sub=Nucleus&collection=Micro
Full collection details: https://help.stockflow.media/collections/micro/

#stockfootage #royaltyfree #stockvideo #microscopy #sc

#stockfootage #royaltyfree #stockvideo #microscopy #science",How Micro Footage Transforms science communication Projects,https://storage.googleapis.com/stockflow-social/Batch01/Montages/W/Microscopic_Nucleus_Micro_W.mp4,Microscopic,Nmediaservices.com,6/4/2026
"How Spinalcord Footage Transforms science communication Projects

In science communication and documentary filmmaking, the difference between amateur and broadcast-quality output often comes down to one thing: authentic, high-resolution microscopic visuals. Professional-grade microscopy footage is notoriously difficult and expensive to capture independently, requiring specialized equipment and expertise that most production teams simply don't have access to.

About the Spinalcord Collection

The Spinalcord collection is part of our Neuropathology library within the Microscopic category. This collection delivers broadcast-ready assets that meet the quality standards of professional productions.

Who Benefits from This Collection

- Documentary filmmakers seeking authentic B-roll for science and nature productions
- Science educators creating engaging lecture content and online courses
- Medical professionals building training materials and patient education resources
- Corporate teams producing pharmaceutical and biotech marketing content
- YouTube creators covering science, biology, and technology topics
- Museum and exhibition designers creating immersive visual displays

Integration into Your Workflow

Import the 4K MP4 files directly into your NLE timeline — Premiere Pro, DaVinci Resolve, or Final Cut Pro. The footage works exceptionally well as B-roll overlays with transparency blending. For presentations and educational materials, the 8K JPEG images drop directly into PowerPoint, Google Slides, or Canva at full resolution without quality loss.

What's Included

- 4K MP4 Video (3840x2160) — 16:9 widescreen
- 8K JPEG Images (7680x4320) — print-ready resolution
- Vertical Video (1080x1920) — optimized for mobile and social
- Square Format (2160x2160) — ideal for social feeds
- Royalty-free license — no attribution required
- Instant download — no waiting, no approval process

Why Stockflow.media

Every clip in this collection was captured using professional-grade microscopy equipment with precise color calibration. Unlike generic stock footage, these assets maintain scientific accuracy while delivering cinematic visual quality — making them suitable for both educational and commercial applications.

Get the Spinalcord Collection

Browse and download: https://stockflow.media/?cat=Microscopic&sub=Neuropathology&collection=Spinalcord
Full collection details: https://help.stockflow.media/collections/spinalcord/

#stockfootage #royaltyfree #stockvideo #microscopy #science #biology #documentary #sciencecommunication #contentcreation #videoproduction #4kvideo #spinalcord #neuropathology",How Spinalcord Footage Transforms science communication Projects,https://storage.googleapis.com/stockflow-social/Batch01/Montages/W/Microscopic_Neuropathology_Spinalcord_W.mp4,Microscopic,Nmediaservices.com,6/5/2026
"How Spinal Cord Footage Transforms science communication Projects

In science communication and documentary filmmaking, the difference between amateur and broadcast-quality output often comes down to one thing: authentic, high-resolution microscopic visuals. Professional-grade microscopy footage is notoriously difficult and expensive to capture independently, requiring specialized equipment and expertise that most production teams simply don't have access to.

About the Spinal Cord Collection

The Spinal Cord collection is part of our Neuropathology library within the Microscopic category. This collection delivers broadcast-ready assets that meet the quality standards of professional productions.

Featured assets include:

- Histological section of spinal cord showing perivascular inflammatory cells, layered neural tissue with myelinated fibers, and surrounding connecti...
- Histologic section of spinal cord neuropathology.
- Histopathology of spinal cord showing demyelination with perivascular inflammatory infiltrates and gliotic changes.

Who Benefits from This Collection

- Documentary filmmakers seeking authentic B-roll for science and nature productions
- Science educators creating engaging lecture content and online courses
- Medical professionals building training materials and patient education resources
- Corporate teams producing pharmaceutical and biotech marketing content
- YouTube creators covering science, biology, and technology topics
- Museum and exhibition designers creating immersive visual displays

Integration into Your Workflow

Import the 4K MP4 files directly into your NLE timeline — Premiere Pro, DaVinci Resolve, or Final Cut Pro. The footage works exceptionally well as B-roll overlays with transparency blending. For presentations and educational materials, the 8K JPEG images drop directly into PowerPoint, Google Slides, or Canva at full resolution without quality loss.

What's Included

- 4K MP4 Video (3840x2160) — 16:9 widescreen
- 8K JPEG Images (7680x4320) — print-ready resolution
- Vertical Video (1080x1920) — optimized for mobile and social
- Square Format (2160x2160) — ideal for social feeds
- Royalty-free license — no attribution required
- Instant download — no waiting, no approval process

Why Stockflow.media

Every clip in this collection was captured using professional-grade microscopy equipment with precise color calibration. Unlike generic stock footage, these assets maintain scientific accuracy while delivering cinematic visual quality — making them suitable for both educational and commercial applications.

Get the Spinal Cord Collection

Browse and download: https://stockflow.media/?cat=Microscopic&sub=Neuropathology&collection=Spinal+Cord
Full collection details: https://help.stockflow.media/collections/spinal-cord/

#stockfootage #royaltyfree #stockvideo #microscopy #science #biology #documentary #sciencecommunication #contentcreation #videoproduction #4

#stockfootage #royaltyfree #stockvideo #microscopy #science",How Spinal Cord Footage Transforms science communication Projects,https://storage.googleapis.com/stockflow-social/Batch01/Montages/W/Microscopic_Neuropathology_Spinal-Cord_W.mp4,Microscopic,Nmediaservices.com,6/6/2026
"How Parkinson Footage Transforms science communication Projects

In science communication and documentary filmmaking, the difference between amateur and broadcast-quality output often comes down to one thing: authentic, high-resolution microscopic visuals. Professional-grade microscopy footage is notoriously difficult and expensive to capture independently, requiring specialized equipment and expertise that most production teams simply don't have access to.

About the Parkinson Collection

The Parkinson collection is part of our Neuropathology library within the Microscopic category. This collection delivers broadcast-ready assets that meet the quality standards of professional productions.

Featured assets include:

- Micrograph depicts neural tissue with Parkinson-related pathology, showing aggregates and cellular structures at high magnification, illustrating n...
- A high-magnification view of brain tissue showing neuron networks, fibrous extensions, and dense cellular clusters with protein deposits, illustrat...
- High magnification micrograph of brain tissue revealing tangled neural processes, purple-stained cell nuclei and clustered plaques, illustrating ne...

Who Benefits from This Collection

- Documentary filmmakers seeking authentic B-roll for science and nature productions
- Science educators creating engaging lecture content and online courses
- Medical professionals building training materials and patient education resources
- Corporate teams producing pharmaceutical and biotech marketing content
- YouTube creators covering science, biology, and technology topics
- Museum and exhibition designers creating immersive visual displays

Integration into Your Workflow

Import the 4K MP4 files directly into your NLE timeline — Premiere Pro, DaVinci Resolve, or Final Cut Pro. The footage works exceptionally well as B-roll overlays with transparency blending. For presentations and educational materials, the 8K JPEG images drop directly into PowerPoint, Google Slides, or Canva at full resolution without quality loss.

What's Included

- 4K MP4 Video (3840x2160) — 16:9 widescreen
- 8K JPEG Images (7680x4320) — print-ready resolution
- Vertical Video (1080x1920) — optimized for mobile and social
- Square Format (2160x2160) — ideal for social feeds
- Royalty-free license — no attribution required
- Instant download — no waiting, no approval process

Why Stockflow.media

Every clip in this collection was captured using professional-grade microscopy equipment with precise color calibration. Unlike generic stock footage, these assets maintain scientific accuracy while delivering cinematic visual quality — making them suitable for both educational and commercial applications.

Get the Parkinson Collection

Browse and download: https://stockflow.media/?cat=Microscopic&sub=Neuropathology&collection=Parkinson
Full collection details: https://help.stockflow.media/collections/parkinson/

#stockfootage #r

#stockfootage #royaltyfree #stockvideo #microscopy #science",How Parkinson Footage Transforms science communication Projects,https://storage.googleapis.com/stockflow-social/Batch01/Montages/W/Microscopic_Neuropathology_Parkinson_W.mp4,Microscopic,Nmediaservices.com,6/7/2026
"How Neuropathology Montage Footage Transforms science communication Projects

In science communication and documentary filmmaking, the difference between amateur and broadcast-quality output often comes down to one thing: authentic, high-resolution microscopic visuals. Professional-grade microscopy footage is notoriously difficult and expensive to capture independently, requiring specialized equipment and expertise that most production teams simply don't have access to.

About the Neuropathology Montage Collection

The Neuropathology Montage collection is part of our Neuropathology library within the Microscopic category. This collection delivers broadcast-ready assets that meet the quality standards of professional productions.

Who Benefits from This Collection

- Documentary filmmakers seeking authentic B-roll for science and nature productions
- Science educators creating engaging lecture content and online courses
- Medical professionals building training materials and patient education resources
- Corporate teams producing pharmaceutical and biotech marketing content
- YouTube creators covering science, biology, and technology topics
- Museum and exhibition designers creating immersive visual displays

Integration into Your Workflow

Import the 4K MP4 files directly into your NLE timeline — Premiere Pro, DaVinci Resolve, or Final Cut Pro. The footage works exceptionally well as B-roll overlays with transparency blending. For presentations and educational materials, the 8K JPEG images drop directly into PowerPoint, Google Slides, or Canva at full resolution without quality loss.

What's Included

- 4K MP4 Video (3840x2160) — 16:9 widescreen
- 8K JPEG Images (7680x4320) — print-ready resolution
- Vertical Video (1080x1920) — optimized for mobile and social
- Square Format (2160x2160) — ideal for social feeds
- Royalty-free license — no attribution required
- Instant download — no waiting, no approval process

Why Stockflow.media

Every clip in this collection was captured using professional-grade microscopy equipment with precise color calibration. Unlike generic stock footage, these assets maintain scientific accuracy while delivering cinematic visual quality — making them suitable for both educational and commercial applications.

Get the Neuropathology Montage Collection

Browse and download: https://stockflow.media/?cat=Microscopic&sub=Neuropathology&collection=Neuropathology+Montage
Full collection details: https://help.stockflow.media/collections/neuropathology-montage/

#stockfootage #royaltyfree #stockvideo #microscopy #science #biology #documentary #sciencecommunication #contentcreation #videoproduction #4kvideo #neuropathologymontage #neuropathology",How Neuropathology Montage Footage Transforms science communication Projects,https://storage.googleapis.com/stockflow-social/Batch01/Montages/W/Microscopic_Neuropathology_Neuropathology-Montage_W.mp4,Microscopic,Nmediaservices.com,6/8/2026
"How Neuroblastoma Footage Transforms science communication Projects

In science communication and documentary filmmaking, the difference between amateur and broadcast-quality output often comes down to one thing: authentic, high-resolution microscopic visuals. Professional-grade microscopy footage is notoriously difficult and expensive to capture independently, requiring specialized equipment and expertise that most production teams simply don't have access to.

About the Neuroblastoma Collection

The Neuroblastoma collection is part of our Neuropathology library within the Microscopic category. This collection delivers broadcast-ready assets that meet the quality standards of professional productions.

Featured assets include:

- Histology image showing neuroblastoma in a neuropathology specimen: densely packed small blue tumor cells in a pink stromal background.
- Histology image of neural tissue showing neuroblastoma with many small round blue tumor cells among pink stroma.
- Histology of neuroblastoma in brain tissue with densely packed small round blue cells in a pink-stained stroma.

Who Benefits from This Collection

- Documentary filmmakers seeking authentic B-roll for science and nature productions
- Science educators creating engaging lecture content and online courses
- Medical professionals building training materials and patient education resources
- Corporate teams producing pharmaceutical and biotech marketing content
- YouTube creators covering science, biology, and technology topics
- Museum and exhibition designers creating immersive visual displays

Integration into Your Workflow

Import the 4K MP4 files directly into your NLE timeline — Premiere Pro, DaVinci Resolve, or Final Cut Pro. The footage works exceptionally well as B-roll overlays with transparency blending. For presentations and educational materials, the 8K JPEG images drop directly into PowerPoint, Google Slides, or Canva at full resolution without quality loss.

What's Included

- 4K MP4 Video (3840x2160) — 16:9 widescreen
- 8K JPEG Images (7680x4320) — print-ready resolution
- Vertical Video (1080x1920) — optimized for mobile and social
- Square Format (2160x2160) — ideal for social feeds
- Royalty-free license — no attribution required
- Instant download — no waiting, no approval process

Why Stockflow.media

Every clip in this collection was captured using professional-grade microscopy equipment with precise color calibration. Unlike generic stock footage, these assets maintain scientific accuracy while delivering cinematic visual quality — making them suitable for both educational and commercial applications.

Get the Neuroblastoma Collection

Browse and download: https://stockflow.media/?cat=Microscopic&sub=Neuropathology&collection=Neuroblastoma
Full collection details: https://help.stockflow.media/collections/neuroblastoma/

#stockfootage #royaltyfree #stockvideo #microscopy #science #biology #documentary #s

#stockfootage #royaltyfree #stockvideo #microscopy #science",How Neuroblastoma Footage Transforms science communication Projects,https://storage.googleapis.com/stockflow-social/Batch01/Montages/W/Microscopic_Neuropathology_Neuroblastoma_W.mp4,Microscopic,Nmediaservices.com,6/9/2026
"How Multiplesclerosis Footage Transforms science communication Projects

In science communication and documentary filmmaking, the difference between amateur and broadcast-quality output often comes down to one thing: authentic, high-resolution microscopic visuals. Professional-grade microscopy footage is notoriously difficult and expensive to capture independently, requiring specialized equipment and expertise that most production teams simply don't have access to.

About the Multiplesclerosis Collection

The Multiplesclerosis collection is part of our Neuropathology library within the Microscopic category. This collection delivers broadcast-ready assets that meet the quality standards of professional productions.

Who Benefits from This Collection

- Documentary filmmakers seeking authentic B-roll for science and nature productions
- Science educators creating engaging lecture content and online courses
- Medical professionals building training materials and patient education resources
- Corporate teams producing pharmaceutical and biotech marketing content
- YouTube creators covering science, biology, and technology topics
- Museum and exhibition designers creating immersive visual displays

Integration into Your Workflow

Import the 4K MP4 files directly into your NLE timeline — Premiere Pro, DaVinci Resolve, or Final Cut Pro. The footage works exceptionally well as B-roll overlays with transparency blending. For presentations and educational materials, the 8K JPEG images drop directly into PowerPoint, Google Slides, or Canva at full resolution without quality loss.

What's Included

- 4K MP4 Video (3840x2160) — 16:9 widescreen
- 8K JPEG Images (7680x4320) — print-ready resolution
- Vertical Video (1080x1920) — optimized for mobile and social
- Square Format (2160x2160) — ideal for social feeds
- Royalty-free license — no attribution required
- Instant download — no waiting, no approval process

Why Stockflow.media

Every clip in this collection was captured using professional-grade microscopy equipment with precise color calibration. Unlike generic stock footage, these assets maintain scientific accuracy while delivering cinematic visual quality — making them suitable for both educational and commercial applications.

Get the Multiplesclerosis Collection

Browse and download: https://stockflow.media/?cat=Microscopic&sub=Neuropathology&collection=Multiplesclerosis
Full collection details: https://help.stockflow.media/collections/multiplesclerosis/

#stockfootage #royaltyfree #stockvideo #microscopy #science #biology #documentary #sciencecommunication #contentcreation #videoproduction #4kvideo #multiplesclerosis #neuropathology",How Multiplesclerosis Footage Transforms science communication Projects,https://storage.googleapis.com/stockflow-social/Batch01/Montages/W/Microscopic_Neuropathology_Multiplesclerosis_W.mp4,Microscopic,Nmediaservices.com,6/10/2026
"How Multiple Sclerosis Footage Transforms science communication Projects

In science communication and documentary filmmaking, the difference between amateur and broadcast-quality output often comes down to one thing: authentic, high-resolution microscopic visuals. Professional-grade microscopy footage is notoriously difficult and expensive to capture independently, requiring specialized equipment and expertise that most production teams simply don't have access to.

About the Multiple Sclerosis Collection

The Multiple Sclerosis collection is part of our Neuropathology library within the Microscopic category. This collection delivers broadcast-ready assets that meet the quality standards of professional productions.

Featured assets include:

- Histologic section of brain tissue showing neuropathological features characteristic of multiple sclerosis.
- Neuropathology of multiple sclerosis: demyelinated neural tissue with inflammatory cells and plaques.
- Neuropathology of multiple sclerosis: demyelinated neural tissue with inflammatory cells and plaques.

Who Benefits from This Collection

- Documentary filmmakers seeking authentic B-roll for science and nature productions
- Science educators creating engaging lecture content and online courses
- Medical professionals building training materials and patient education resources
- Corporate teams producing pharmaceutical and biotech marketing content
- YouTube creators covering science, biology, and technology topics
- Museum and exhibition designers creating immersive visual displays

Integration into Your Workflow

Import the 4K MP4 files directly into your NLE timeline — Premiere Pro, DaVinci Resolve, or Final Cut Pro. The footage works exceptionally well as B-roll overlays with transparency blending. For presentations and educational materials, the 8K JPEG images drop directly into PowerPoint, Google Slides, or Canva at full resolution without quality loss.

What's Included

- 4K MP4 Video (3840x2160) — 16:9 widescreen
- 8K JPEG Images (7680x4320) — print-ready resolution
- Vertical Video (1080x1920) — optimized for mobile and social
- Square Format (2160x2160) — ideal for social feeds
- Royalty-free license — no attribution required
- Instant download — no waiting, no approval process

Why Stockflow.media

Every clip in this collection was captured using professional-grade microscopy equipment with precise color calibration. Unlike generic stock footage, these assets maintain scientific accuracy while delivering cinematic visual quality — making them suitable for both educational and commercial applications.

Get the Multiple Sclerosis Collection

Browse and download: https://stockflow.media/?cat=Microscopic&sub=Neuropathology&collection=Multiple+Sclerosis
Full collection details: https://help.stockflow.media/collections/multiple-sclerosis/

#stockfootage #royaltyfree #stockvideo #microscopy #science #biology #documentary #sciencecommunication

#stockfootage #royaltyfree #stockvideo #microscopy #science",How Multiple Sclerosis Footage Transforms science communication Projects,https://storage.googleapis.com/stockflow-social/Batch01/Montages/W/Microscopic_Neuropathology_Multiple-Sclerosis_W.mp4,Microscopic,Nmediaservices.com,6/11/2026
"How Alzheimer Footage Transforms science communication Projects

In science communication and documentary filmmaking, the difference between amateur and broadcast-quality output often comes down to one thing: authentic, high-resolution microscopic visuals. Professional-grade microscopy footage is notoriously difficult and expensive to capture independently, requiring specialized equipment and expertise that most production teams simply don't have access to.

About the Alzheimer Collection

The Alzheimer collection is part of our Neuropathology library within the Microscopic category. This collection delivers broadcast-ready assets that meet the quality standards of professional productions.

Featured assets include:

- Histology of brain tissue showing many neurons with dark nuclei in a pink extracellular matrix, with scattered brown/black deposits typical of neur...
- Neuropathology: brain tissue with neurons showing tau tangles and amyloid deposits typical of Alzheimer's disease.
- Alzheimer’s disease neuropathology with clustered amyloid plaques and neural tissue structures in brain tissue.

Who Benefits from This Collection

- Documentary filmmakers seeking authentic B-roll for science and nature productions
- Science educators creating engaging lecture content and online courses
- Medical professionals building training materials and patient education resources
- Corporate teams producing pharmaceutical and biotech marketing content
- YouTube creators covering science, biology, and technology topics
- Museum and exhibition designers creating immersive visual displays

Integration into Your Workflow

Import the 4K MP4 files directly into your NLE timeline — Premiere Pro, DaVinci Resolve, or Final Cut Pro. The footage works exceptionally well as B-roll overlays with transparency blending. For presentations and educational materials, the 8K JPEG images drop directly into PowerPoint, Google Slides, or Canva at full resolution without quality loss.

What's Included

- 4K MP4 Video (3840x2160) — 16:9 widescreen
- 8K JPEG Images (7680x4320) — print-ready resolution
- Vertical Video (1080x1920) — optimized for mobile and social
- Square Format (2160x2160) — ideal for social feeds
- Royalty-free license — no attribution required
- Instant download — no waiting, no approval process

Why Stockflow.media

Every clip in this collection was captured using professional-grade microscopy equipment with precise color calibration. Unlike generic stock footage, these assets maintain scientific accuracy while delivering cinematic visual quality — making them suitable for both educational and commercial applications.

Get the Alzheimer Collection

Browse and download: https://stockflow.media/?cat=Microscopic&sub=Neuropathology&collection=Alzheimer
Full collection details: https://help.stockflow.media/collections/alzheimer/

#stockfootage #royaltyfree #stockvideo #microscopy #science #biology #documentary #sciencec

#stockfootage #royaltyfree #stockvideo #microscopy #science",How Alzheimer Footage Transforms science communication Projects,https://storage.googleapis.com/stockflow-social/Batch01/Montages/W/Microscopic_Neuropathology_Alzheimer_W.mp4,Microscopic,Nmediaservices.com,6/12/2026
"How Micro Montage Footage Transforms science communication Projects

In science communication and documentary filmmaking, the difference between amateur and broadcast-quality output often comes down to one thing: authentic, high-resolution microscopic visuals. Professional-grade microscopy footage is notoriously difficult and expensive to capture independently, requiring specialized equipment and expertise that most production teams simply don't have access to.

About the Micro Montage Collection

The Micro Montage collection is part of our Micro library within the Microscopic category. This collection delivers broadcast-ready assets that meet the quality standards of professional productions.

Who Benefits from This Collection

- Documentary filmmakers seeking authentic B-roll for science and nature productions
- Science educators creating engaging lecture content and online courses
- Medical professionals building training materials and patient education resources
- Corporate teams producing pharmaceutical and biotech marketing content
- YouTube creators covering science, biology, and technology topics
- Museum and exhibition designers creating immersive visual displays

Integration into Your Workflow

Import the 4K MP4 files directly into your NLE timeline — Premiere Pro, DaVinci Resolve, or Final Cut Pro. The footage works exceptionally well as B-roll overlays with transparency blending. For presentations and educational materials, the 8K JPEG images drop directly into PowerPoint, Google Slides, or Canva at full resolution without quality loss.

What's Included

- 4K MP4 Video (3840x2160) — 16:9 widescreen
- 8K JPEG Images (7680x4320) — print-ready resolution
- Vertical Video (1080x1920) — optimized for mobile and social
- Square Format (2160x2160) — ideal for social feeds
- Royalty-free license — no attribution required
- Instant download — no waiting, no approval process

Why Stockflow.media

Every clip in this collection was captured using professional-grade microscopy equipment with precise color calibration. Unlike generic stock footage, these assets maintain scientific accuracy while delivering cinematic visual quality — making them suitable for both educational and commercial applications.

Get the Micro Montage Collection

Browse and download: https://stockflow.media/?cat=Microscopic&sub=Micro&collection=Micro+Montage
Full collection details: https://help.stockflow.media/collections/micro-montage/

#stockfootage #royaltyfree #stockvideo #microscopy #science #biology #documentary #sciencecommunication #contentcreation #videoproduction #4kvideo #micromontage #micro",How Micro Montage Footage Transforms science communication Projects,https://storage.googleapis.com/stockflow-social/Batch01/Montages/W/Microscopic_Micro_Micro-Montage_W.mp4,Microscopic,Nmediaservices.com,6/13/2026
"How Tuberculosis Footage Transforms science communication Projects

In science communication and documentary filmmaking, the difference between amateur and broadcast-quality output often comes down to one thing: authentic, high-resolution microscopic visuals. Professional-grade microscopy footage is notoriously difficult and expensive to capture independently, requiring specialized equipment and expertise that most production teams simply don't have access to.

About the Tuberculosis Collection

The Tuberculosis collection is part of our Infectious library within the Microscopic category. This collection delivers broadcast-ready assets that meet the quality standards of professional productions.

Featured assets include:

- Histology of infectious tuberculosis showing a lung granuloma with epithelioid histiocytes and central caseation.
- Tuberculosis granuloma with caseating necrosis in tissue.
- Histopathology of tuberculosis showing granulomatous inflammation with epithelioid histiocytes, Langhans-type giant cells, and caseating necrosis.

Who Benefits from This Collection

- Documentary filmmakers seeking authentic B-roll for science and nature productions
- Science educators creating engaging lecture content and online courses
- Medical professionals building training materials and patient education resources
- Corporate teams producing pharmaceutical and biotech marketing content
- YouTube creators covering science, biology, and technology topics
- Museum and exhibition designers creating immersive visual displays

Integration into Your Workflow

Import the 4K MP4 files directly into your NLE timeline — Premiere Pro, DaVinci Resolve, or Final Cut Pro. The footage works exceptionally well as B-roll overlays with transparency blending. For presentations and educational materials, the 8K JPEG images drop directly into PowerPoint, Google Slides, or Canva at full resolution without quality loss.

What's Included

- 4K MP4 Video (3840x2160) — 16:9 widescreen
- 8K JPEG Images (7680x4320) — print-ready resolution
- Vertical Video (1080x1920) — optimized for mobile and social
- Square Format (2160x2160) — ideal for social feeds
- Royalty-free license — no attribution required
- Instant download — no waiting, no approval process

Why Stockflow.media

Every clip in this collection was captured using professional-grade microscopy equipment with precise color calibration. Unlike generic stock footage, these assets maintain scientific accuracy while delivering cinematic visual quality — making them suitable for both educational and commercial applications.

Get the Tuberculosis Collection

Browse and download: https://stockflow.media/?cat=Microscopic&sub=Infectious&collection=Tuberculosis
Full collection details: https://help.stockflow.media/collections/tuberculosis/

#stockfootage #royaltyfree #stockvideo #microscopy #science #biology #documentary #sciencecommunication #contentcreation #videoproduction #4

#stockfootage #royaltyfree #stockvideo #microscopy #science",How Tuberculosis Footage Transforms science communication Projects,https://storage.googleapis.com/stockflow-social/Batch01/Montages/W/Microscopic_Infectious_Tuberculosis_W.mp4,Microscopic,Nmediaservices.com,6/14/2026
"How Toxoplasma Footage Transforms science communication Projects

In science communication and documentary filmmaking, the difference between amateur and broadcast-quality output often comes down to one thing: authentic, high-resolution microscopic visuals. Professional-grade microscopy footage is notoriously difficult and expensive to capture independently, requiring specialized equipment and expertise that most production teams simply don't have access to.

About the Toxoplasma Collection

The Toxoplasma collection is part of our Infectious library within the Microscopic category. This collection delivers broadcast-ready assets that meet the quality standards of professional productions.

Featured assets include:

- Histology of infectious toxoplasmosis in tissue with intracellular Toxoplasma gondii within inflammatory infiltrate.
- Microscopic view of tissue infected by Toxoplasma gondii, showing parasitic cysts with tachyzoites amid inflammatory cells.
- Histology of toxoplasmosis showing intracellular Toxoplasma gondii within parasitized host cells in an inflammatory lesion.

Who Benefits from This Collection

- Documentary filmmakers seeking authentic B-roll for science and nature productions
- Science educators creating engaging lecture content and online courses
- Medical professionals building training materials and patient education resources
- Corporate teams producing pharmaceutical and biotech marketing content
- YouTube creators covering science, biology, and technology topics
- Museum and exhibition designers creating immersive visual displays

Integration into Your Workflow

Import the 4K MP4 files directly into your NLE timeline — Premiere Pro, DaVinci Resolve, or Final Cut Pro. The footage works exceptionally well as B-roll overlays with transparency blending. For presentations and educational materials, the 8K JPEG images drop directly into PowerPoint, Google Slides, or Canva at full resolution without quality loss.

What's Included

- 4K MP4 Video (3840x2160) — 16:9 widescreen
- 8K JPEG Images (7680x4320) — print-ready resolution
- Vertical Video (1080x1920) — optimized for mobile and social
- Square Format (2160x2160) — ideal for social feeds
- Royalty-free license — no attribution required
- Instant download — no waiting, no approval process

Why Stockflow.media

Every clip in this collection was captured using professional-grade microscopy equipment with precise color calibration. Unlike generic stock footage, these assets maintain scientific accuracy while delivering cinematic visual quality — making them suitable for both educational and commercial applications.

Get the Toxoplasma Collection

Browse and download: https://stockflow.media/?cat=Microscopic&sub=Infectious&collection=Toxoplasma
Full collection details: https://help.stockflow.media/collections/toxoplasma/

#stockfootage #royaltyfree #stockvideo #microscopy #science #biology #documentary #sciencecommunication #c

#stockfootage #royaltyfree #stockvideo #microscopy #science",How Toxoplasma Footage Transforms science communication Projects,https://storage.googleapis.com/stockflow-social/Batch01/Montages/W/Microscopic_Infectious_Toxoplasma_W.mp4,Microscopic,Nmediaservices.com,6/15/2026
"How Schistosoma Footage Transforms science communication Projects

In science communication and documentary filmmaking, the difference between amateur and broadcast-quality output often comes down to one thing: authentic, high-resolution microscopic visuals. Professional-grade microscopy footage is notoriously difficult and expensive to capture independently, requiring specialized equipment and expertise that most production teams simply don't have access to.

About the Schistosoma Collection

The Schistosoma collection is part of our Infectious library within the Microscopic category. This collection delivers broadcast-ready assets that meet the quality standards of professional productions.

Featured assets include:

- Micrograph showing schistosomiasis in tissue with multiple eggs and surrounding granulomatous inflammation.
- Histologic image showing Schistosoma eggs in tissue with surrounding granulomatous inflammatory reaction.
- Histology of schistosomiasis in colon with eggs surrounded by granulomatous inflammation and eosinophilic infiltration (H&E stain).

Who Benefits from This Collection

- Documentary filmmakers seeking authentic B-roll for science and nature productions
- Science educators creating engaging lecture content and online courses
- Medical professionals building training materials and patient education resources
- Corporate teams producing pharmaceutical and biotech marketing content
- YouTube creators covering science, biology, and technology topics
- Museum and exhibition designers creating immersive visual displays

Integration into Your Workflow

Import the 4K MP4 files directly into your NLE timeline — Premiere Pro, DaVinci Resolve, or Final Cut Pro. The footage works exceptionally well as B-roll overlays with transparency blending. For presentations and educational materials, the 8K JPEG images drop directly into PowerPoint, Google Slides, or Canva at full resolution without quality loss.

What's Included

- 4K MP4 Video (3840x2160) — 16:9 widescreen
- 8K JPEG Images (7680x4320) — print-ready resolution
- Vertical Video (1080x1920) — optimized for mobile and social
- Square Format (2160x2160) — ideal for social feeds
- Royalty-free license — no attribution required
- Instant download — no waiting, no approval process

Why Stockflow.media

Every clip in this collection was captured using professional-grade microscopy equipment with precise color calibration. Unlike generic stock footage, these assets maintain scientific accuracy while delivering cinematic visual quality — making them suitable for both educational and commercial applications.

Get the Schistosoma Collection

Browse and download: https://stockflow.media/?cat=Microscopic&sub=Infectious&collection=Schistosoma
Full collection details: https://help.stockflow.media/collections/schistosoma/

#stockfootage #royaltyfree #stockvideo #microscopy #science #biology #documentary #sciencecommunication #contentcreatio

#stockfootage #royaltyfree #stockvideo #microscopy #science",How Schistosoma Footage Transforms science communication Projects,https://storage.googleapis.com/stockflow-social/Batch01/Montages/W/Microscopic_Infectious_Schistosoma_W.mp4,Microscopic,Nmediaservices.com,6/16/2026
"How Infectious Montage Footage Transforms science communication Projects

In science communication and documentary filmmaking, the difference between amateur and broadcast-quality output often comes down to one thing: authentic, high-resolution microscopic visuals. Professional-grade microscopy footage is notoriously difficult and expensive to capture independently, requiring specialized equipment and expertise that most production teams simply don't have access to.

About the Infectious Montage Collection

The Infectious Montage collection is part of our Infectious library within the Microscopic category. This collection delivers broadcast-ready assets that meet the quality standards of professional productions.

Who Benefits from This Collection

- Documentary filmmakers seeking authentic B-roll for science and nature productions
- Science educators creating engaging lecture content and online courses
- Medical professionals building training materials and patient education resources
- Corporate teams producing pharmaceutical and biotech marketing content
- YouTube creators covering science, biology, and technology topics
- Museum and exhibition designers creating immersive visual displays

Integration into Your Workflow

Import the 4K MP4 files directly into your NLE timeline — Premiere Pro, DaVinci Resolve, or Final Cut Pro. The footage works exceptionally well as B-roll overlays with transparency blending. For presentations and educational materials, the 8K JPEG images drop directly into PowerPoint, Google Slides, or Canva at full resolution without quality loss.

What's Included

- 4K MP4 Video (3840x2160) — 16:9 widescreen
- 8K JPEG Images (7680x4320) — print-ready resolution
- Vertical Video (1080x1920) — optimized for mobile and social
- Square Format (2160x2160) — ideal for social feeds
- Royalty-free license — no attribution required
- Instant download — no waiting, no approval process

Why Stockflow.media

Every clip in this collection was captured using professional-grade microscopy equipment with precise color calibration. Unlike generic stock footage, these assets maintain scientific accuracy while delivering cinematic visual quality — making them suitable for both educational and commercial applications.

Get the Infectious Montage Collection

Browse and download: https://stockflow.media/?cat=Microscopic&sub=Infectious&collection=Infectious+Montage
Full collection details: https://help.stockflow.media/collections/infectious-montage/

#stockfootage #royaltyfree #stockvideo #microscopy #science #biology #documentary #sciencecommunication #contentcreation #videoproduction #4kvideo #infectiousmontage #infectious",How Infectious Montage Footage Transforms science communication Projects,https://storage.googleapis.com/stockflow-social/Batch01/Montages/W/Microscopic_Infectious_Infectious-Montage_W.mp4,Microscopic,Nmediaservices.com,6/17/2026
"How Hepatitis Footage Transforms science communication Projects

In science communication and documentary filmmaking, the difference between amateur and broadcast-quality output often comes down to one thing: authentic, high-resolution microscopic visuals. Professional-grade microscopy footage is notoriously difficult and expensive to capture independently, requiring specialized equipment and expertise that most production teams simply don't have access to.

About the Hepatitis Collection

The Hepatitis collection is part of our Infectious library within the Microscopic category. This collection delivers broadcast-ready assets that meet the quality standards of professional productions.

Featured assets include:

- Liver biopsy showing infectious hepatitis with granulomatous inflammation around a portal tract and a dense infiltrate of inflammatory cells.
- Liver tissue with portal tract inflammation and hepatocyte degeneration, consistent with infectious hepatitis.
- Histologic liver tissue showing hepatocyte ballooning and necrosis with inflammatory infiltrates, typical of viral (infectious) hepatitis.

Who Benefits from This Collection

- Documentary filmmakers seeking authentic B-roll for science and nature productions
- Science educators creating engaging lecture content and online courses
- Medical professionals building training materials and patient education resources
- Corporate teams producing pharmaceutical and biotech marketing content
- YouTube creators covering science, biology, and technology topics
- Museum and exhibition designers creating immersive visual displays

Integration into Your Workflow

Import the 4K MP4 files directly into your NLE timeline — Premiere Pro, DaVinci Resolve, or Final Cut Pro. The footage works exceptionally well as B-roll overlays with transparency blending. For presentations and educational materials, the 8K JPEG images drop directly into PowerPoint, Google Slides, or Canva at full resolution without quality loss.

What's Included

- 4K MP4 Video (3840x2160) — 16:9 widescreen
- 8K JPEG Images (7680x4320) — print-ready resolution
- Vertical Video (1080x1920) — optimized for mobile and social
- Square Format (2160x2160) — ideal for social feeds
- Royalty-free license — no attribution required
- Instant download — no waiting, no approval process

Why Stockflow.media

Every clip in this collection was captured using professional-grade microscopy equipment with precise color calibration. Unlike generic stock footage, these assets maintain scientific accuracy while delivering cinematic visual quality — making them suitable for both educational and commercial applications.

Get the Hepatitis Collection

Browse and download: https://stockflow.media/?cat=Microscopic&sub=Infectious&collection=Hepatitis
Full collection details: https://help.stockflow.media/collections/hepatitis/

#stockfootage #royaltyfree #stockvideo #microscopy #science #biology #documentary #sc

#stockfootage #royaltyfree #stockvideo #microscopy #science",How Hepatitis Footage Transforms science communication Projects,https://storage.googleapis.com/stockflow-social/Batch01/Montages/W/Microscopic_Infectious_Hepatitis_W.mp4,Microscopic,Nmediaservices.com,6/18/2026
"How Fungal Footage Transforms science communication Projects

In science communication and documentary filmmaking, the difference between amateur and broadcast-quality output often comes down to one thing: authentic, high-resolution microscopic visuals. Professional-grade microscopy footage is notoriously difficult and expensive to capture independently, requiring specialized equipment and expertise that most production teams simply don't have access to.

About the Fungal Collection

The Fungal collection is part of our Infectious library within the Microscopic category. This collection delivers broadcast-ready assets that meet the quality standards of professional productions.

Featured assets include:

- Microscopic view of fungal filaments invading tissue with attached yeast-like cells.
- Infected tissue showing branching fungal hyphae and budding yeast cells.
- Color-enhanced micrograph showing infectious fungal elements (hyphae and spores) within tissue.

Who Benefits from This Collection

- Documentary filmmakers seeking authentic B-roll for science and nature productions
- Science educators creating engaging lecture content and online courses
- Medical professionals building training materials and patient education resources
- Corporate teams producing pharmaceutical and biotech marketing content
- YouTube creators covering science, biology, and technology topics
- Museum and exhibition designers creating immersive visual displays

Integration into Your Workflow

Import the 4K MP4 files directly into your NLE timeline — Premiere Pro, DaVinci Resolve, or Final Cut Pro. The footage works exceptionally well as B-roll overlays with transparency blending. For presentations and educational materials, the 8K JPEG images drop directly into PowerPoint, Google Slides, or Canva at full resolution without quality loss.

What's Included

- 4K MP4 Video (3840x2160) — 16:9 widescreen
- 8K JPEG Images (7680x4320) — print-ready resolution
- Vertical Video (1080x1920) — optimized for mobile and social
- Square Format (2160x2160) — ideal for social feeds
- Royalty-free license — no attribution required
- Instant download — no waiting, no approval process

Why Stockflow.media

Every clip in this collection was captured using professional-grade microscopy equipment with precise color calibration. Unlike generic stock footage, these assets maintain scientific accuracy while delivering cinematic visual quality — making them suitable for both educational and commercial applications.

Get the Fungal Collection

Browse and download: https://stockflow.media/?cat=Microscopic&sub=Infectious&collection=Fungal
Full collection details: https://help.stockflow.media/collections/fungal/

#stockfootage #royaltyfree #stockvideo #microscopy #science #biology #documentary #sciencecommunication #contentcreation #videoproduction #4kvideo #fungal #infectious #microscopic #filaments #invadingtissue #yeastlikecells",How Fungal Footage Transforms science communication Projects,https://storage.googleapis.com/stockflow-social/Batch01/Montages/W/Microscopic_Infectious_Fungal_W.mp4,Microscopic,Nmediaservices.com,6/19/2026
"How Hyphae Montage Footage Transforms science communication Projects

In science communication and documentary filmmaking, the difference between amateur and broadcast-quality output often comes down to one thing: authentic, high-resolution microscopic visuals. Professional-grade microscopy footage is notoriously difficult and expensive to capture independently, requiring specialized equipment and expertise that most production teams simply don't have access to.

About the Hyphae Montage Collection

The Hyphae Montage collection is part of our Hyphae library within the Microscopic category. This collection delivers broadcast-ready assets that meet the quality standards of professional productions.

Who Benefits from This Collection

- Documentary filmmakers seeking authentic B-roll for science and nature productions
- Science educators creating engaging lecture content and online courses
- Medical professionals building training materials and patient education resources
- Corporate teams producing pharmaceutical and biotech marketing content
- YouTube creators covering science, biology, and technology topics
- Museum and exhibition designers creating immersive visual displays

Integration into Your Workflow

Import the 4K MP4 files directly into your NLE timeline — Premiere Pro, DaVinci Resolve, or Final Cut Pro. The footage works exceptionally well as B-roll overlays with transparency blending. For presentations and educational materials, the 8K JPEG images drop directly into PowerPoint, Google Slides, or Canva at full resolution without quality loss.

What's Included

- 4K MP4 Video (3840x2160) — 16:9 widescreen
- 8K JPEG Images (7680x4320) — print-ready resolution
- Vertical Video (1080x1920) — optimized for mobile and social
- Square Format (2160x2160) — ideal for social feeds
- Royalty-free license — no attribution required
- Instant download — no waiting, no approval process

Why Stockflow.media

Every clip in this collection was captured using professional-grade microscopy equipment with precise color calibration. Unlike generic stock footage, these assets maintain scientific accuracy while delivering cinematic visual quality — making them suitable for both educational and commercial applications.

Get the Hyphae Montage Collection

Browse and download: https://stockflow.media/?cat=Microscopic&sub=Hyphae&collection=Hyphae+Montage
Full collection details: https://help.stockflow.media/collections/hyphae-montage/

#stockfootage #royaltyfree #stockvideo #microscopy #science #biology #documentary #sciencecommunication #contentcreation #videoproduction #4kvideo #hyphaemontage #hyphae",How Hyphae Montage Footage Transforms science communication Projects,https://storage.googleapis.com/stockflow-social/Batch01/Montages/W/Microscopic_Hyphae_Hyphae-Montage_W.mp4,Microscopic,Nmediaservices.com,6/20/2026
"How Hyphae Footage Transforms science communication Projects

In science communication and documentary filmmaking, the difference between amateur and broadcast-quality output often comes down to one thing: authentic, high-resolution microscopic visuals. Professional-grade microscopy footage is notoriously difficult and expensive to capture independently, requiring specialized equipment and expertise that most production teams simply don't have access to.

About the Hyphae Collection

The Hyphae collection is part of our Hyphae library within the Microscopic category. This collection delivers broadcast-ready assets that meet the quality standards of professional productions.

Featured assets include:

- Close-up of fungal hyphae in a food-related sample, with blue and green filamentous structures among orange-brown tissue and scattered spores.
- Microscopic view of fungal hyphae in food.
- Color-enhanced micrograph showing fungal hyphae (blue/green) intertwined with orange, tissue-like material.

Who Benefits from This Collection

- Documentary filmmakers seeking authentic B-roll for science and nature productions
- Science educators creating engaging lecture content and online courses
- Medical professionals building training materials and patient education resources
- Corporate teams producing pharmaceutical and biotech marketing content
- YouTube creators covering science, biology, and technology topics
- Museum and exhibition designers creating immersive visual displays

Integration into Your Workflow

Import the 4K MP4 files directly into your NLE timeline — Premiere Pro, DaVinci Resolve, or Final Cut Pro. The footage works exceptionally well as B-roll overlays with transparency blending. For presentations and educational materials, the 8K JPEG images drop directly into PowerPoint, Google Slides, or Canva at full resolution without quality loss.

What's Included

- 4K MP4 Video (3840x2160) — 16:9 widescreen
- 8K JPEG Images (7680x4320) — print-ready resolution
- Vertical Video (1080x1920) — optimized for mobile and social
- Square Format (2160x2160) — ideal for social feeds
- Royalty-free license — no attribution required
- Instant download — no waiting, no approval process

Why Stockflow.media

Every clip in this collection was captured using professional-grade microscopy equipment with precise color calibration. Unlike generic stock footage, these assets maintain scientific accuracy while delivering cinematic visual quality — making them suitable for both educational and commercial applications.

Get the Hyphae Collection

Browse and download: https://stockflow.media/?cat=Microscopic&sub=Hyphae&collection=Hyphae
Full collection details: https://help.stockflow.media/collections/hyphae/

#stockfootage #royaltyfree #stockvideo #microscopy #science #biology #documentary #sciencecommunication #contentcreation #videoproduction #4kvideo #hyphae #hyphae #fungalhyphae #bluefilamentousstructures #greenfilamentousstructures #foodrelatedsample #spores",How Hyphae Footage Transforms science communication Projects,https://storage.googleapis.com/stockflow-social/Batch01/Montages/W/Microscopic_Hyphae_Hyphae_W.mp4,Microscopic,Nmediaservices.com,6/21/2026
"How Psoriatic Footage Transforms science communication Projects

In science communication and documentary filmmaking, the difference between amateur and broadcast-quality output often comes down to one thing: authentic, high-resolution microscopic visuals. Professional-grade microscopy footage is notoriously difficult and expensive to capture independently, requiring specialized equipment and expertise that most production teams simply don't have access to.

About the Psoriatic Collection

The Psoriatic collection is part of our Histopathology library within the Microscopic category. This collection delivers broadcast-ready assets that meet the quality standards of professional productions.

Featured assets include:

- Histopathology of psoriatic skin with elongated rete ridges and inflammatory cellular infiltrate.
- Skin histology showing psoriatic changes: thickened epidermis with elongated rete ridges, parakeratosis, and dermal inflammatory infiltrate.
- Histopathology of psoriasis with elongated rete pegs, acanthosis, and neutrophilic microabscesses in the stratum corneum.

Who Benefits from This Collection

- Documentary filmmakers seeking authentic B-roll for science and nature productions
- Science educators creating engaging lecture content and online courses
- Medical professionals building training materials and patient education resources
- Corporate teams producing pharmaceutical and biotech marketing content
- YouTube creators covering science, biology, and technology topics
- Museum and exhibition designers creating immersive visual displays

Integration into Your Workflow

Import the 4K MP4 files directly into your NLE timeline — Premiere Pro, DaVinci Resolve, or Final Cut Pro. The footage works exceptionally well as B-roll overlays with transparency blending. For presentations and educational materials, the 8K JPEG images drop directly into PowerPoint, Google Slides, or Canva at full resolution without quality loss.

What's Included

- 4K MP4 Video (3840x2160) — 16:9 widescreen
- 8K JPEG Images (7680x4320) — print-ready resolution
- Vertical Video (1080x1920) — optimized for mobile and social
- Square Format (2160x2160) — ideal for social feeds
- Royalty-free license — no attribution required
- Instant download — no waiting, no approval process

Why Stockflow.media

Every clip in this collection was captured using professional-grade microscopy equipment with precise color calibration. Unlike generic stock footage, these assets maintain scientific accuracy while delivering cinematic visual quality — making them suitable for both educational and commercial applications.

Get the Psoriatic Collection

Browse and download: https://stockflow.media/?cat=Microscopic&sub=Histopathology&collection=Psoriatic
Full collection details: https://help.stockflow.media/collections/psoriatic/

#stockfootage #royaltyfree #stockvideo #microscopy #science #biology #documentary #sciencecommunication #con

#stockfootage #royaltyfree #stockvideo #microscopy #science",How Psoriatic Footage Transforms science communication Projects,https://storage.googleapis.com/stockflow-social/Batch01/Montages/W/Microscopic_Histopathology_Psoriatic_W.mp4,Microscopic,Nmediaservices.com,6/22/2026
"How Prostate Footage Transforms science communication Projects

In science communication and documentary filmmaking, the difference between amateur and broadcast-quality output often comes down to one thing: authentic, high-resolution microscopic visuals. Professional-grade microscopy footage is notoriously difficult and expensive to capture independently, requiring specialized equipment and expertise that most production teams simply don't have access to.

About the Prostate Collection

The Prostate collection is part of our Histopathology library within the Microscopic category. This collection delivers broadcast-ready assets that meet the quality standards of professional productions.

Featured assets include:

- Prostate histology: glandular acini with tall epithelial cells and basal layer, embedded in fibromuscular stroma; hematoxylin-eosin stained.
- Prostate histopathology showing glandular structures lined by epithelial cells with prominent nuclei in a pink stromal background.
- Prostate histopathology – microscopic view of glandular tissue.

Who Benefits from This Collection

- Documentary filmmakers seeking authentic B-roll for science and nature productions
- Science educators creating engaging lecture content and online courses
- Medical professionals building training materials and patient education resources
- Corporate teams producing pharmaceutical and biotech marketing content
- YouTube creators covering science, biology, and technology topics
- Museum and exhibition designers creating immersive visual displays

Integration into Your Workflow

Import the 4K MP4 files directly into your NLE timeline — Premiere Pro, DaVinci Resolve, or Final Cut Pro. The footage works exceptionally well as B-roll overlays with transparency blending. For presentations and educational materials, the 8K JPEG images drop directly into PowerPoint, Google Slides, or Canva at full resolution without quality loss.

What's Included

- 4K MP4 Video (3840x2160) — 16:9 widescreen
- 8K JPEG Images (7680x4320) — print-ready resolution
- Vertical Video (1080x1920) — optimized for mobile and social
- Square Format (2160x2160) — ideal for social feeds
- Royalty-free license — no attribution required
- Instant download — no waiting, no approval process

Why Stockflow.media

Every clip in this collection was captured using professional-grade microscopy equipment with precise color calibration. Unlike generic stock footage, these assets maintain scientific accuracy while delivering cinematic visual quality — making them suitable for both educational and commercial applications.

Get the Prostate Collection

Browse and download: https://stockflow.media/?cat=Microscopic&sub=Histopathology&collection=Prostate
Full collection details: https://help.stockflow.media/collections/prostate/

#stockfootage #royaltyfree #stockvideo #microscopy #science #biology #documentary #sciencecommunication #contentcreation #videoproduction #

#stockfootage #royaltyfree #stockvideo #microscopy #science",How Prostate Footage Transforms science communication Projects,https://storage.googleapis.com/stockflow-social/Batch01/Montages/W/Microscopic_Histopathology_Prostate_W.mp4,Microscopic,Nmediaservices.com,6/23/2026
"How Lung Tissue Footage Transforms science communication Projects

In science communication and documentary filmmaking, the difference between amateur and broadcast-quality output often comes down to one thing: authentic, high-resolution microscopic visuals. Professional-grade microscopy footage is notoriously difficult and expensive to capture independently, requiring specialized equipment and expertise that most production teams simply don't have access to.

About the Lung Tissue Collection

The Lung Tissue collection is part of our Histopathology library within the Microscopic category. This collection delivers broadcast-ready assets that meet the quality standards of professional productions.

Featured assets include:

- Histopathology of lung tissue showing glandular/bronchiolar epithelium with tubular structures and prominent nuclei.
- Histopathology of lung tissue with glandular-like epithelial cells and surrounding inflammatory/stromal cells.
- Histology of lung tissue with alveolar structures showing crowded epithelial cells and inflammatory infiltrate.

Who Benefits from This Collection

- Documentary filmmakers seeking authentic B-roll for science and nature productions
- Science educators creating engaging lecture content and online courses
- Medical professionals building training materials and patient education resources
- Corporate teams producing pharmaceutical and biotech marketing content
- YouTube creators covering science, biology, and technology topics
- Museum and exhibition designers creating immersive visual displays

Integration into Your Workflow

Import the 4K MP4 files directly into your NLE timeline — Premiere Pro, DaVinci Resolve, or Final Cut Pro. The footage works exceptionally well as B-roll overlays with transparency blending. For presentations and educational materials, the 8K JPEG images drop directly into PowerPoint, Google Slides, or Canva at full resolution without quality loss.

What's Included

- 4K MP4 Video (3840x2160) — 16:9 widescreen
- 8K JPEG Images (7680x4320) — print-ready resolution
- Vertical Video (1080x1920) — optimized for mobile and social
- Square Format (2160x2160) — ideal for social feeds
- Royalty-free license — no attribution required
- Instant download — no waiting, no approval process

Why Stockflow.media

Every clip in this collection was captured using professional-grade microscopy equipment with precise color calibration. Unlike generic stock footage, these assets maintain scientific accuracy while delivering cinematic visual quality — making them suitable for both educational and commercial applications.

Get the Lung Tissue Collection

Browse and download: https://stockflow.media/?cat=Microscopic&sub=Histopathology&collection=Lung+Tissue
Full collection details: https://help.stockflow.media/collections/lung-tissue/

#stockfootage #royaltyfree #stockvideo #microscopy #science #biology #documentary #sciencecommunication #contentcreat

#stockfootage #royaltyfree #stockvideo #microscopy #science",How Lung Tissue Footage Transforms science communication Projects,https://storage.googleapis.com/stockflow-social/Batch01/Montages/W/Microscopic_Histopathology_Lung-Tissue_W.mp4,Microscopic,Nmediaservices.com,6/24/2026
"How Liver Cirrhosis Footage Transforms science communication Projects

In science communication and documentary filmmaking, the difference between amateur and broadcast-quality output often comes down to one thing: authentic, high-resolution microscopic visuals. Professional-grade microscopy footage is notoriously difficult and expensive to capture independently, requiring specialized equipment and expertise that most production teams simply don't have access to.

About the Liver Cirrhosis Collection

The Liver Cirrhosis collection is part of our Histopathology library within the Microscopic category. This collection delivers broadcast-ready assets that meet the quality standards of professional productions.

Featured assets include:

- Histopathology slide of liver showing cirrhosis with nodular regenerative architecture.
- Histopathology of liver showing cirrhosis with nodular architecture and hepatocyte arrangement.
- Histopathology of liver with cirrhosis showing nodular regenerative architecture and fibrous septa.

Who Benefits from This Collection

- Documentary filmmakers seeking authentic B-roll for science and nature productions
- Science educators creating engaging lecture content and online courses
- Medical professionals building training materials and patient education resources
- Corporate teams producing pharmaceutical and biotech marketing content
- YouTube creators covering science, biology, and technology topics
- Museum and exhibition designers creating immersive visual displays

Integration into Your Workflow

Import the 4K MP4 files directly into your NLE timeline — Premiere Pro, DaVinci Resolve, or Final Cut Pro. The footage works exceptionally well as B-roll overlays with transparency blending. For presentations and educational materials, the 8K JPEG images drop directly into PowerPoint, Google Slides, or Canva at full resolution without quality loss.

What's Included

- 4K MP4 Video (3840x2160) — 16:9 widescreen
- 8K JPEG Images (7680x4320) — print-ready resolution
- Vertical Video (1080x1920) — optimized for mobile and social
- Square Format (2160x2160) — ideal for social feeds
- Royalty-free license — no attribution required
- Instant download — no waiting, no approval process

Why Stockflow.media

Every clip in this collection was captured using professional-grade microscopy equipment with precise color calibration. Unlike generic stock footage, these assets maintain scientific accuracy while delivering cinematic visual quality — making them suitable for both educational and commercial applications.

Get the Liver Cirrhosis Collection

Browse and download: https://stockflow.media/?cat=Microscopic&sub=Histopathology&collection=Liver+Cirrhosis
Full collection details: https://help.stockflow.media/collections/liver-cirrhosis/

#stockfootage #royaltyfree #stockvideo #microscopy #science #biology #documentary #sciencecommunication #contentcreation #videoproduction #4kvideo #l

#stockfootage #royaltyfree #stockvideo #microscopy #science",How Liver Cirrhosis Footage Transforms science communication Projects,https://storage.googleapis.com/stockflow-social/Batch01/Montages/W/Microscopic_Histopathology_Liver-Cirrhosis_W.mp4,Microscopic,Nmediaservices.com,6/25/2026
"How Kidney Footage Transforms science communication Projects

In science communication and documentary filmmaking, the difference between amateur and broadcast-quality output often comes down to one thing: authentic, high-resolution microscopic visuals. Professional-grade microscopy footage is notoriously difficult and expensive to capture independently, requiring specialized equipment and expertise that most production teams simply don't have access to.

About the Kidney Collection

The Kidney collection is part of our Histopathology library within the Microscopic category. This collection delivers broadcast-ready assets that meet the quality standards of professional productions.

Featured assets include:

- Histology of kidney tissue showing tubules with tall, crowded tubular epithelium and prominent nuclei; surrounding pink interstitial stroma with sc...
- Histopathology of kidney showing renal tubules with cuboidal epithelium and prominent nuclei, pink interstitium.
- Kidney histopathology with tubular epithelial cells and interstitial spaces, showing tubular injury.

Who Benefits from This Collection

- Documentary filmmakers seeking authentic B-roll for science and nature productions
- Science educators creating engaging lecture content and online courses
- Medical professionals building training materials and patient education resources
- Corporate teams producing pharmaceutical and biotech marketing content
- YouTube creators covering science, biology, and technology topics
- Museum and exhibition designers creating immersive visual displays

Integration into Your Workflow

Import the 4K MP4 files directly into your NLE timeline — Premiere Pro, DaVinci Resolve, or Final Cut Pro. The footage works exceptionally well as B-roll overlays with transparency blending. For presentations and educational materials, the 8K JPEG images drop directly into PowerPoint, Google Slides, or Canva at full resolution without quality loss.

What's Included

- 4K MP4 Video (3840x2160) — 16:9 widescreen
- 8K JPEG Images (7680x4320) — print-ready resolution
- Vertical Video (1080x1920) — optimized for mobile and social
- Square Format (2160x2160) — ideal for social feeds
- Royalty-free license — no attribution required
- Instant download — no waiting, no approval process

Why Stockflow.media

Every clip in this collection was captured using professional-grade microscopy equipment with precise color calibration. Unlike generic stock footage, these assets maintain scientific accuracy while delivering cinematic visual quality — making them suitable for both educational and commercial applications.

Get the Kidney Collection

Browse and download: https://stockflow.media/?cat=Microscopic&sub=Histopathology&collection=Kidney
Full collection details: https://help.stockflow.media/collections/kidney/

#stockfootage #royaltyfree #stockvideo #microscopy #science #biology #documentary #sciencecommunication #contentcreation #

#stockfootage #royaltyfree #stockvideo #microscopy #science",How Kidney Footage Transforms science communication Projects,https://storage.googleapis.com/stockflow-social/Batch01/Montages/W/Microscopic_Histopathology_Kidney_W.mp4,Microscopic,Nmediaservices.com,6/26/2026
"How Histopathology Montage Footage Transforms science communication Projects

In science communication and documentary filmmaking, the difference between amateur and broadcast-quality output often comes down to one thing: authentic, high-resolution microscopic visuals. Professional-grade microscopy footage is notoriously difficult and expensive to capture independently, requiring specialized equipment and expertise that most production teams simply don't have access to.

About the Histopathology Montage Collection

The Histopathology Montage collection is part of our Histopathology library within the Microscopic category. This collection delivers broadcast-ready assets that meet the quality standards of professional productions.

Who Benefits from This Collection

- Documentary filmmakers seeking authentic B-roll for science and nature productions
- Science educators creating engaging lecture content and online courses
- Medical professionals building training materials and patient education resources
- Corporate teams producing pharmaceutical and biotech marketing content
- YouTube creators covering science, biology, and technology topics
- Museum and exhibition designers creating immersive visual displays

Integration into Your Workflow

Import the 4K MP4 files directly into your NLE timeline — Premiere Pro, DaVinci Resolve, or Final Cut Pro. The footage works exceptionally well as B-roll overlays with transparency blending. For presentations and educational materials, the 8K JPEG images drop directly into PowerPoint, Google Slides, or Canva at full resolution without quality loss.

What's Included

- 4K MP4 Video (3840x2160) — 16:9 widescreen
- 8K JPEG Images (7680x4320) — print-ready resolution
- Vertical Video (1080x1920) — optimized for mobile and social
- Square Format (2160x2160) — ideal for social feeds
- Royalty-free license — no attribution required
- Instant download — no waiting, no approval process

Why Stockflow.media

Every clip in this collection was captured using professional-grade microscopy equipment with precise color calibration. Unlike generic stock footage, these assets maintain scientific accuracy while delivering cinematic visual quality — making them suitable for both educational and commercial applications.

Get the Histopathology Montage Collection

Browse and download: https://stockflow.media/?cat=Microscopic&sub=Histopathology&collection=Histopathology+Montage
Full collection details: https://help.stockflow.media/collections/histopathology-montage/

#stockfootage #royaltyfree #stockvideo #microscopy #science #biology #documentary #sciencecommunication #contentcreation #videoproduction #4kvideo #histopathologymontage #histopathology",How Histopathology Montage Footage Transforms science communication Projects,https://storage.googleapis.com/stockflow-social/Batch01/Montages/W/Microscopic_Histopathology_Histopathology-Montage_W.mp4,Microscopic,Nmediaservices.com,6/27/2026
"How Glioblastoma Footage Transforms science communication Projects

In science communication and documentary filmmaking, the difference between amateur and broadcast-quality output often comes down to one thing: authentic, high-resolution microscopic visuals. Professional-grade microscopy footage is notoriously difficult and expensive to capture independently, requiring specialized equipment and expertise that most production teams simply don't have access to.

About the Glioblastoma Collection

The Glioblastoma collection is part of our Histopathology library within the Microscopic category. This collection delivers broadcast-ready assets that meet the quality standards of professional productions.

Featured assets include:

- Glioblastoma histopathology with hypercellular astrocytic tumor displaying pseudopalisading tumor cells around necrosis.
- Histopathology of glioblastoma with highly pleomorphic astrocytes, hypercellularity, mitotic activity, and areas of necrosis/pseudopalisading. H&E ...
- Histopathology of glioblastoma showing pleomorphic high-grade astrocytoma cells in a pink stroma with mitotic figures.

Who Benefits from This Collection

- Documentary filmmakers seeking authentic B-roll for science and nature productions
- Science educators creating engaging lecture content and online courses
- Medical professionals building training materials and patient education resources
- Corporate teams producing pharmaceutical and biotech marketing content
- YouTube creators covering science, biology, and technology topics
- Museum and exhibition designers creating immersive visual displays

Integration into Your Workflow

Import the 4K MP4 files directly into your NLE timeline — Premiere Pro, DaVinci Resolve, or Final Cut Pro. The footage works exceptionally well as B-roll overlays with transparency blending. For presentations and educational materials, the 8K JPEG images drop directly into PowerPoint, Google Slides, or Canva at full resolution without quality loss.

What's Included

- 4K MP4 Video (3840x2160) — 16:9 widescreen
- 8K JPEG Images (7680x4320) — print-ready resolution
- Vertical Video (1080x1920) — optimized for mobile and social
- Square Format (2160x2160) — ideal for social feeds
- Royalty-free license — no attribution required
- Instant download — no waiting, no approval process

Why Stockflow.media

Every clip in this collection was captured using professional-grade microscopy equipment with precise color calibration. Unlike generic stock footage, these assets maintain scientific accuracy while delivering cinematic visual quality — making them suitable for both educational and commercial applications.

Get the Glioblastoma Collection

Browse and download: https://stockflow.media/?cat=Microscopic&sub=Histopathology&collection=Glioblastoma
Full collection details: https://help.stockflow.media/collections/glioblastoma/

#stockfootage #royaltyfree #stockvideo #microscopy #science 

#stockfootage #royaltyfree #stockvideo #microscopy #science",How Glioblastoma Footage Transforms science communication Projects,https://storage.googleapis.com/stockflow-social/Batch01/Montages/W/Microscopic_Histopathology_Glioblastoma_W.mp4,Microscopic,Nmediaservices.com,6/28/2026
"How Colon Polyp Footage Transforms science communication Projects

In science communication and documentary filmmaking, the difference between amateur and broadcast-quality output often comes down to one thing: authentic, high-resolution microscopic visuals. Professional-grade microscopy footage is notoriously difficult and expensive to capture independently, requiring specialized equipment and expertise that most production teams simply don't have access to.

About the Colon Polyp Collection

The Colon Polyp collection is part of our Histopathology library within the Microscopic category. This collection delivers broadcast-ready assets that meet the quality standards of professional productions.

Featured assets include:

- Histopathology of a colon polyp with tightly packed, elongated glands and dysplastic epithelium consistent with a tubular adenoma.
- Histopathology slide of a colon polyp.
- Histopathology slide of a colon polyp.

Who Benefits from This Collection

- Documentary filmmakers seeking authentic B-roll for science and nature productions
- Science educators creating engaging lecture content and online courses
- Medical professionals building training materials and patient education resources
- Corporate teams producing pharmaceutical and biotech marketing content
- YouTube creators covering science, biology, and technology topics
- Museum and exhibition designers creating immersive visual displays

Integration into Your Workflow

Import the 4K MP4 files directly into your NLE timeline — Premiere Pro, DaVinci Resolve, or Final Cut Pro. The footage works exceptionally well as B-roll overlays with transparency blending. For presentations and educational materials, the 8K JPEG images drop directly into PowerPoint, Google Slides, or Canva at full resolution without quality loss.

What's Included

- 4K MP4 Video (3840x2160) — 16:9 widescreen
- 8K JPEG Images (7680x4320) — print-ready resolution
- Vertical Video (1080x1920) — optimized for mobile and social
- Square Format (2160x2160) — ideal for social feeds
- Royalty-free license — no attribution required
- Instant download — no waiting, no approval process

Why Stockflow.media

Every clip in this collection was captured using professional-grade microscopy equipment with precise color calibration. Unlike generic stock footage, these assets maintain scientific accuracy while delivering cinematic visual quality — making them suitable for both educational and commercial applications.

Get the Colon Polyp Collection

Browse and download: https://stockflow.media/?cat=Microscopic&sub=Histopathology&collection=Colon+Polyp
Full collection details: https://help.stockflow.media/collections/colon-polyp/

#stockfootage #royaltyfree #stockvideo #microscopy #science #biology #documentary #sciencecommunication #contentcreation #videoproduction #4kvideo #colonpolyp #histopathology #colon #tubularadenoma #dysplasia",How Colon Polyp Footage Transforms science communication Projects,https://storage.googleapis.com/stockflow-social/Batch01/Montages/W/Microscopic_Histopathology_Colon-Polyp_W.mp4,Microscopic,Nmediaservices.com,6/29/2026
"How Cervical Cells Footage Transforms science communication Projects

In science communication and documentary filmmaking, the difference between amateur and broadcast-quality output often comes down to one thing: authentic, high-resolution microscopic visuals. Professional-grade microscopy footage is notoriously difficult and expensive to capture independently, requiring specialized equipment and expertise that most production teams simply don't have access to.

About the Cervical Cells Collection

The Cervical Cells collection is part of our Histopathology library within the Microscopic category. This collection delivers broadcast-ready assets that meet the quality standards of professional productions.

Featured assets include:

- Cervical epithelial cells with koilocytotic changes indicative of HPV infection.
- Histopathology image of cervical epithelial cells.
- Histopathology slide of cervical epithelial cells showing squamous cells with nuclear changes and koilocytosis.

Who Benefits from This Collection

- Documentary filmmakers seeking authentic B-roll for science and nature productions
- Science educators creating engaging lecture content and online courses
- Medical professionals building training materials and patient education resources
- Corporate teams producing pharmaceutical and biotech marketing content
- YouTube creators covering science, biology, and technology topics
- Museum and exhibition designers creating immersive visual displays

Integration into Your Workflow

Import the 4K MP4 files directly into your NLE timeline — Premiere Pro, DaVinci Resolve, or Final Cut Pro. The footage works exceptionally well as B-roll overlays with transparency blending. For presentations and educational materials, the 8K JPEG images drop directly into PowerPoint, Google Slides, or Canva at full resolution without quality loss.

What's Included

- 4K MP4 Video (3840x2160) — 16:9 widescreen
- 8K JPEG Images (7680x4320) — print-ready resolution
- Vertical Video (1080x1920) — optimized for mobile and social
- Square Format (2160x2160) — ideal for social feeds
- Royalty-free license — no attribution required
- Instant download — no waiting, no approval process

Why Stockflow.media

Every clip in this collection was captured using professional-grade microscopy equipment with precise color calibration. Unlike generic stock footage, these assets maintain scientific accuracy while delivering cinematic visual quality — making them suitable for both educational and commercial applications.

Get the Cervical Cells Collection

Browse and download: https://stockflow.media/?cat=Microscopic&sub=Histopathology&collection=Cervical+Cells
Full collection details: https://help.stockflow.media/collections/cervical-cells/

#stockfootage #royaltyfree #stockvideo #microscopy #science #biology #documentary #sciencecommunication #contentcreation #videoproduction #4kvideo #cervicalcells #histopathology #koilocytes #koilocytosis #hpv #humanpapillomavirus",How Cervical Cells Footage Transforms science communication Projects,https://storage.googleapis.com/stockflow-social/Batch01/Montages/W/Microscopic_Histopathology_Cervical-Cells_W.mp4,Microscopic,Nmediaservices.com,6/30/2026
"How Breast Cancer Footage Transforms science communication Projects

In science communication and documentary filmmaking, the difference between amateur and broadcast-quality output often comes down to one thing: authentic, high-resolution microscopic visuals. Professional-grade microscopy footage is notoriously difficult and expensive to capture independently, requiring specialized equipment and expertise that most production teams simply don't have access to.

About the Breast Cancer Collection

The Breast Cancer collection is part of our Histopathology library within the Microscopic category. This collection delivers broadcast-ready assets that meet the quality standards of professional productions.

Featured assets include:

- Histopathology slide of breast cancer showing malignant ductal cells forming gland-like structures within fibrous stroma.
- Histopathology of breast cancer with malignant glandular structures and pleomorphic nuclei in desmoplastic stroma.
- Histopathology image of breast cancer showing malignant epithelial cells with nuclear atypia forming duct-like structures in a desmoplastic stroma ...

Who Benefits from This Collection

- Documentary filmmakers seeking authentic B-roll for science and nature productions
- Science educators creating engaging lecture content and online courses
- Medical professionals building training materials and patient education resources
- Corporate teams producing pharmaceutical and biotech marketing content
- YouTube creators covering science, biology, and technology topics
- Museum and exhibition designers creating immersive visual displays

Integration into Your Workflow

Import the 4K MP4 files directly into your NLE timeline — Premiere Pro, DaVinci Resolve, or Final Cut Pro. The footage works exceptionally well as B-roll overlays with transparency blending. For presentations and educational materials, the 8K JPEG images drop directly into PowerPoint, Google Slides, or Canva at full resolution without quality loss.

What's Included

- 4K MP4 Video (3840x2160) — 16:9 widescreen
- 8K JPEG Images (7680x4320) — print-ready resolution
- Vertical Video (1080x1920) — optimized for mobile and social
- Square Format (2160x2160) — ideal for social feeds
- Royalty-free license — no attribution required
- Instant download — no waiting, no approval process

Why Stockflow.media

Every clip in this collection was captured using professional-grade microscopy equipment with precise color calibration. Unlike generic stock footage, these assets maintain scientific accuracy while delivering cinematic visual quality — making them suitable for both educational and commercial applications.

Get the Breast Cancer Collection

Browse and download: https://stockflow.media/?cat=Microscopic&sub=Histopathology&collection=Breast+Cancer
Full collection details: https://help.stockflow.media/collections/breast-cancer/

#stockfootage #royaltyfree #stockvideo #microscopy #scien

#stockfootage #royaltyfree #stockvideo #microscopy #science",How Breast Cancer Footage Transforms science communication Projects,https://storage.googleapis.com/stockflow-social/Batch01/Montages/W/Microscopic_Histopathology_Breast-Cancer_W.mp4,Microscopic,Nmediaservices.com,7/1/2026
"How Sickle Cell Footage Transforms science communication Projects

In science communication and documentary filmmaking, the difference between amateur and broadcast-quality output often comes down to one thing: authentic, high-resolution microscopic visuals. Professional-grade microscopy footage is notoriously difficult and expensive to capture independently, requiring specialized equipment and expertise that most production teams simply don't have access to.

About the Sickle Cell Collection

The Sickle Cell collection is part of our Hematology library within the Microscopic category. This collection delivers broadcast-ready assets that meet the quality standards of professional productions.

Featured assets include:

- Illustration of a blood smear featuring numerous red blood cells, including several sickle-shaped cells, with some white blood cells in the backgro...
- Sickle-shaped red blood cells in a blood smear.
- Illustration of a blood vessel with sickle-shaped red blood cells and a few purple-stained white blood cells.

Who Benefits from This Collection

- Documentary filmmakers seeking authentic B-roll for science and nature productions
- Science educators creating engaging lecture content and online courses
- Medical professionals building training materials and patient education resources
- Corporate teams producing pharmaceutical and biotech marketing content
- YouTube creators covering science, biology, and technology topics
- Museum and exhibition designers creating immersive visual displays

Integration into Your Workflow

Import the 4K MP4 files directly into your NLE timeline — Premiere Pro, DaVinci Resolve, or Final Cut Pro. The footage works exceptionally well as B-roll overlays with transparency blending. For presentations and educational materials, the 8K JPEG images drop directly into PowerPoint, Google Slides, or Canva at full resolution without quality loss.

What's Included

- 4K MP4 Video (3840x2160) — 16:9 widescreen
- 8K JPEG Images (7680x4320) — print-ready resolution
- Vertical Video (1080x1920) — optimized for mobile and social
- Square Format (2160x2160) — ideal for social feeds
- Royalty-free license — no attribution required
- Instant download — no waiting, no approval process

Why Stockflow.media

Every clip in this collection was captured using professional-grade microscopy equipment with precise color calibration. Unlike generic stock footage, these assets maintain scientific accuracy while delivering cinematic visual quality — making them suitable for both educational and commercial applications.

Get the Sickle Cell Collection

Browse and download: https://stockflow.media/?cat=Microscopic&sub=Hematology&collection=Sickle+Cell
Full collection details: https://help.stockflow.media/collections/sickle-cell/

#stockfootage #royaltyfree #stockvideo #microscopy #science #biology #documentary #sciencecommunication #contentcreation #videoproduction #4kvideo #sicklece

#stockfootage #royaltyfree #stockvideo #microscopy #science",How Sickle Cell Footage Transforms science communication Projects,https://storage.googleapis.com/stockflow-social/Batch01/Montages/W/Microscopic_Hematology_Sickle-Cell_W.mp4,Microscopic,Nmediaservices.com,7/2/2026
"How Iron Deficieny Footage Transforms science communication Projects

In science communication and documentary filmmaking, the difference between amateur and broadcast-quality output often comes down to one thing: authentic, high-resolution microscopic visuals. Professional-grade microscopy footage is notoriously difficult and expensive to capture independently, requiring specialized equipment and expertise that most production teams simply don't have access to.

About the Iron Deficieny Collection

The Iron Deficieny collection is part of our Hematology library within the Microscopic category. This collection delivers broadcast-ready assets that meet the quality standards of professional productions.

Who Benefits from This Collection

- Documentary filmmakers seeking authentic B-roll for science and nature productions
- Science educators creating engaging lecture content and online courses
- Medical professionals building training materials and patient education resources
- Corporate teams producing pharmaceutical and biotech marketing content
- YouTube creators covering science, biology, and technology topics
- Museum and exhibition designers creating immersive visual displays

Integration into Your Workflow

Import the 4K MP4 files directly into your NLE timeline — Premiere Pro, DaVinci Resolve, or Final Cut Pro. The footage works exceptionally well as B-roll overlays with transparency blending. For presentations and educational materials, the 8K JPEG images drop directly into PowerPoint, Google Slides, or Canva at full resolution without quality loss.

What's Included

- 4K MP4 Video (3840x2160) — 16:9 widescreen
- 8K JPEG Images (7680x4320) — print-ready resolution
- Vertical Video (1080x1920) — optimized for mobile and social
- Square Format (2160x2160) — ideal for social feeds
- Royalty-free license — no attribution required
- Instant download — no waiting, no approval process

Why Stockflow.media

Every clip in this collection was captured using professional-grade microscopy equipment with precise color calibration. Unlike generic stock footage, these assets maintain scientific accuracy while delivering cinematic visual quality — making them suitable for both educational and commercial applications.

Get the Iron Deficieny Collection

Browse and download: https://stockflow.media/?cat=Microscopic&sub=Hematology&collection=Iron+Deficieny
Full collection details: https://help.stockflow.media/collections/iron-deficieny/

#stockfootage #royaltyfree #stockvideo #microscopy #science #biology #documentary #sciencecommunication #contentcreation #videoproduction #4kvideo #irondeficieny #hematology",How Iron Deficieny Footage Transforms science communication Projects,https://storage.googleapis.com/stockflow-social/Batch01/Montages/W/Microscopic_Hematology_Iron-Deficieny_W.mp4,Microscopic,Nmediaservices.com,7/3/2026
"How Hematology Montage Footage Transforms science communication Projects

In science communication and documentary filmmaking, the difference between amateur and broadcast-quality output often comes down to one thing: authentic, high-resolution microscopic visuals. Professional-grade microscopy footage is notoriously difficult and expensive to capture independently, requiring specialized equipment and expertise that most production teams simply don't have access to.

About the Hematology Montage Collection

The Hematology Montage collection is part of our Hematology library within the Microscopic category. This collection delivers broadcast-ready assets that meet the quality standards of professional productions.

Who Benefits from This Collection

- Documentary filmmakers seeking authentic B-roll for science and nature productions
- Science educators creating engaging lecture content and online courses
- Medical professionals building training materials and patient education resources
- Corporate teams producing pharmaceutical and biotech marketing content
- YouTube creators covering science, biology, and technology topics
- Museum and exhibition designers creating immersive visual displays

Integration into Your Workflow

Import the 4K MP4 files directly into your NLE timeline — Premiere Pro, DaVinci Resolve, or Final Cut Pro. The footage works exceptionally well as B-roll overlays with transparency blending. For presentations and educational materials, the 8K JPEG images drop directly into PowerPoint, Google Slides, or Canva at full resolution without quality loss.

What's Included

- 4K MP4 Video (3840x2160) — 16:9 widescreen
- 8K JPEG Images (7680x4320) — print-ready resolution
- Vertical Video (1080x1920) — optimized for mobile and social
- Square Format (2160x2160) — ideal for social feeds
- Royalty-free license — no attribution required
- Instant download — no waiting, no approval process

Why Stockflow.media

Every clip in this collection was captured using professional-grade microscopy equipment with precise color calibration. Unlike generic stock footage, these assets maintain scientific accuracy while delivering cinematic visual quality — making them suitable for both educational and commercial applications.

Get the Hematology Montage Collection

Browse and download: https://stockflow.media/?cat=Microscopic&sub=Hematology&collection=Hematology+Montage
Full collection details: https://help.stockflow.media/collections/hematology-montage/

#stockfootage #royaltyfree #stockvideo #microscopy #science #biology #documentary #sciencecommunication #contentcreation #videoproduction #4kvideo #hematologymontage #hematology",How Hematology Montage Footage Transforms science communication Projects,https://storage.googleapis.com/stockflow-social/Batch01/Montages/W/Microscopic_Hematology_Hematology-Montage_W.mp4,Microscopic,Nmediaservices.com,7/4/2026
"How Hematology Footage Transforms science communication Projects

In science communication and documentary filmmaking, the difference between amateur and broadcast-quality output often comes down to one thing: authentic, high-resolution microscopic visuals. Professional-grade microscopy footage is notoriously difficult and expensive to capture independently, requiring specialized equipment and expertise that most production teams simply don't have access to.

About the Hematology Collection

The Hematology collection is part of our Hematology library within the Microscopic category. This collection delivers broadcast-ready assets that meet the quality standards of professional productions.

Who Benefits from This Collection

- Documentary filmmakers seeking authentic B-roll for science and nature productions
- Science educators creating engaging lecture content and online courses
- Medical professionals building training materials and patient education resources
- Corporate teams producing pharmaceutical and biotech marketing content
- YouTube creators covering science, biology, and technology topics
- Museum and exhibition designers creating immersive visual displays

Integration into Your Workflow

Import the 4K MP4 files directly into your NLE timeline — Premiere Pro, DaVinci Resolve, or Final Cut Pro. The footage works exceptionally well as B-roll overlays with transparency blending. For presentations and educational materials, the 8K JPEG images drop directly into PowerPoint, Google Slides, or Canva at full resolution without quality loss.

What's Included

- 4K MP4 Video (3840x2160) — 16:9 widescreen
- 8K JPEG Images (7680x4320) — print-ready resolution
- Vertical Video (1080x1920) — optimized for mobile and social
- Square Format (2160x2160) — ideal for social feeds
- Royalty-free license — no attribution required
- Instant download — no waiting, no approval process

Why Stockflow.media

Every clip in this collection was captured using professional-grade microscopy equipment with precise color calibration. Unlike generic stock footage, these assets maintain scientific accuracy while delivering cinematic visual quality — making them suitable for both educational and commercial applications.

Get the Hematology Collection

Browse and download: https://stockflow.media/?cat=Microscopic&sub=Hematology&collection=Hematology
Full collection details: https://help.stockflow.media/collections/hematology/

#stockfootage #royaltyfree #stockvideo #microscopy #science #biology #documentary #sciencecommunication #contentcreation #videoproduction #4kvideo #hematology #hematology",How Hematology Footage Transforms science communication Projects,https://storage.googleapis.com/stockflow-social/Batch01/Montages/W/Microscopic_Hematology_Hematology_W.mp4,Microscopic,Nmediaservices.com,7/5/2026
"How Zygomycete Footage Transforms science communication Projects

In science communication and documentary filmmaking, the difference between amateur and broadcast-quality output often comes down to one thing: authentic, high-resolution microscopic visuals. Professional-grade microscopy footage is notoriously difficult and expensive to capture independently, requiring specialized equipment and expertise that most production teams simply don't have access to.

About the Zygomycete Collection

The Zygomycete collection is part of our Fungi library within the Microscopic category. This collection delivers broadcast-ready assets that meet the quality standards of professional productions.

Featured assets include:

- Close-up of white sporangiophores bearing brown spherical sporangia—a zygomycete fungus.
- Fungal mold with numerous black-tipped sporangiophores rising from a beige agar plate.
- Micro fungal colony with white stalks and black spherical sporangia.

Who Benefits from This Collection

- Documentary filmmakers seeking authentic B-roll for science and nature productions
- Science educators creating engaging lecture content and online courses
- Medical professionals building training materials and patient education resources
- Corporate teams producing pharmaceutical and biotech marketing content
- YouTube creators covering science, biology, and technology topics
- Museum and exhibition designers creating immersive visual displays

Integration into Your Workflow

Import the 4K MP4 files directly into your NLE timeline — Premiere Pro, DaVinci Resolve, or Final Cut Pro. The footage works exceptionally well as B-roll overlays with transparency blending. For presentations and educational materials, the 8K JPEG images drop directly into PowerPoint, Google Slides, or Canva at full resolution without quality loss.

What's Included

- 4K MP4 Video (3840x2160) — 16:9 widescreen
- 8K JPEG Images (7680x4320) — print-ready resolution
- Vertical Video (1080x1920) — optimized for mobile and social
- Square Format (2160x2160) — ideal for social feeds
- Royalty-free license — no attribution required
- Instant download — no waiting, no approval process

Why Stockflow.media

Every clip in this collection was captured using professional-grade microscopy equipment with precise color calibration. Unlike generic stock footage, these assets maintain scientific accuracy while delivering cinematic visual quality — making them suitable for both educational and commercial applications.

Get the Zygomycete Collection

Browse and download: https://stockflow.media/?cat=Microscopic&sub=Fungi&collection=Zygomycete
Full collection details: https://help.stockflow.media/collections/zygomycete/

#stockfootage #royaltyfree #stockvideo #microscopy #science #biology #documentary #sciencecommunication #contentcreation #videoproduction #4kvideo #zygomycete #fungi #white #brown #sporangiophores #sporangia",How Zygomycete Footage Transforms science communication Projects,https://storage.googleapis.com/stockflow-social/Batch01/Montages/W/Microscopic_Fungi_Zygomycete_W.mp4,Microscopic,Nmediaservices.com,7/6/2026
"How Yeast Cells Footage Transforms science communication Projects

In science communication and documentary filmmaking, the difference between amateur and broadcast-quality output often comes down to one thing: authentic, high-resolution microscopic visuals. Professional-grade microscopy footage is notoriously difficult and expensive to capture independently, requiring specialized equipment and expertise that most production teams simply don't have access to.

About the Yeast Cells Collection

The Yeast Cells collection is part of our Fungi library within the Microscopic category. This collection delivers broadcast-ready assets that meet the quality standards of professional productions.

Featured assets include:

- Purple yeast cells observed under a microscope.
- Pink-stained yeast cells clustering together.
- Colorful close-up of yeast cells (fungi) in a scattered cluster on a surface, showing spherical cells with purple centers.

Who Benefits from This Collection

- Documentary filmmakers seeking authentic B-roll for science and nature productions
- Science educators creating engaging lecture content and online courses
- Medical professionals building training materials and patient education resources
- Corporate teams producing pharmaceutical and biotech marketing content
- YouTube creators covering science, biology, and technology topics
- Museum and exhibition designers creating immersive visual displays

Integration into Your Workflow

Import the 4K MP4 files directly into your NLE timeline — Premiere Pro, DaVinci Resolve, or Final Cut Pro. The footage works exceptionally well as B-roll overlays with transparency blending. For presentations and educational materials, the 8K JPEG images drop directly into PowerPoint, Google Slides, or Canva at full resolution without quality loss.

What's Included

- 4K MP4 Video (3840x2160) — 16:9 widescreen
- 8K JPEG Images (7680x4320) — print-ready resolution
- Vertical Video (1080x1920) — optimized for mobile and social
- Square Format (2160x2160) — ideal for social feeds
- Royalty-free license — no attribution required
- Instant download — no waiting, no approval process

Why Stockflow.media

Every clip in this collection was captured using professional-grade microscopy equipment with precise color calibration. Unlike generic stock footage, these assets maintain scientific accuracy while delivering cinematic visual quality — making them suitable for both educational and commercial applications.

Get the Yeast Cells Collection

Browse and download: https://stockflow.media/?cat=Microscopic&sub=Fungi&collection=Yeast+Cells
Full collection details: https://help.stockflow.media/collections/yeast-cells/

#stockfootage #royaltyfree #stockvideo #microscopy #science #biology #documentary #sciencecommunication #contentcreation #videoproduction #4kvideo #yeastcells #fungi #purple #yeast #cells #microscope #microbiology",How Yeast Cells Footage Transforms science communication Projects,https://storage.googleapis.com/stockflow-social/Batch01/Montages/W/Microscopic_Fungi_Yeast-Cells_W.mp4,Microscopic,Nmediaservices.com,7/7/2026
"How Sporangia Footage Transforms science communication Projects

In science communication and documentary filmmaking, the difference between amateur and broadcast-quality output often comes down to one thing: authentic, high-resolution microscopic visuals. Professional-grade microscopy footage is notoriously difficult and expensive to capture independently, requiring specialized equipment and expertise that most production teams simply don't have access to.

About the Sporangia Collection

The Sporangia collection is part of our Fungi library within the Microscopic category. This collection delivers broadcast-ready assets that meet the quality standards of professional productions.

Featured assets include:

- Close-up of fungal sporangia on a hyphal stalk, magnified view with orange-brown sporangia and greenish filaments.
- Microscopic view of fungi with sporangia containing numerous spores.
- Microscopic view of fungal sporangia with hexagonal cellular compartments along elongated hyphae.

Who Benefits from This Collection

- Documentary filmmakers seeking authentic B-roll for science and nature productions
- Science educators creating engaging lecture content and online courses
- Medical professionals building training materials and patient education resources
- Corporate teams producing pharmaceutical and biotech marketing content
- YouTube creators covering science, biology, and technology topics
- Museum and exhibition designers creating immersive visual displays

Integration into Your Workflow

Import the 4K MP4 files directly into your NLE timeline — Premiere Pro, DaVinci Resolve, or Final Cut Pro. The footage works exceptionally well as B-roll overlays with transparency blending. For presentations and educational materials, the 8K JPEG images drop directly into PowerPoint, Google Slides, or Canva at full resolution without quality loss.

What's Included

- 4K MP4 Video (3840x2160) — 16:9 widescreen
- 8K JPEG Images (7680x4320) — print-ready resolution
- Vertical Video (1080x1920) — optimized for mobile and social
- Square Format (2160x2160) — ideal for social feeds
- Royalty-free license — no attribution required
- Instant download — no waiting, no approval process

Why Stockflow.media

Every clip in this collection was captured using professional-grade microscopy equipment with precise color calibration. Unlike generic stock footage, these assets maintain scientific accuracy while delivering cinematic visual quality — making them suitable for both educational and commercial applications.

Get the Sporangia Collection

Browse and download: https://stockflow.media/?cat=Microscopic&sub=Fungi&collection=Sporangia
Full collection details: https://help.stockflow.media/collections/sporangia/

#stockfootage #royaltyfree #stockvideo #microscopy #science #biology #documentary #sciencecommunication #contentcreation #videoproduction #4kvideo #sporangia #fungi #fungus #mycology #hyphae #hyphal",How Sporangia Footage Transforms science communication Projects,https://storage.googleapis.com/stockflow-social/Batch01/Montages/W/Microscopic_Fungi_Sporangia_W.mp4,Microscopic,Nmediaservices.com,7/8/2026
"How Pathogenic Footage Transforms science communication Projects

In science communication and documentary filmmaking, the difference between amateur and broadcast-quality output often comes down to one thing: authentic, high-resolution microscopic visuals. Professional-grade microscopy footage is notoriously difficult and expensive to capture independently, requiring specialized equipment and expertise that most production teams simply don't have access to.

About the Pathogenic Collection

The Pathogenic collection is part of our Fungi library within the Microscopic category. This collection delivers broadcast-ready assets that meet the quality standards of professional productions.

Featured assets include:

- Pathogenic rod-shaped bacteria on a cellular surface.
- Close-up of rod-shaped pathogenic bacteria under a microscope.
- Color-enhanced micrograph showing pathogenic bacteria (green rod-shaped) surrounding and invading orange-toned tissue cells.

Who Benefits from This Collection

- Documentary filmmakers seeking authentic B-roll for science and nature productions
- Science educators creating engaging lecture content and online courses
- Medical professionals building training materials and patient education resources
- Corporate teams producing pharmaceutical and biotech marketing content
- YouTube creators covering science, biology, and technology topics
- Museum and exhibition designers creating immersive visual displays

Integration into Your Workflow

Import the 4K MP4 files directly into your NLE timeline — Premiere Pro, DaVinci Resolve, or Final Cut Pro. The footage works exceptionally well as B-roll overlays with transparency blending. For presentations and educational materials, the 8K JPEG images drop directly into PowerPoint, Google Slides, or Canva at full resolution without quality loss.

What's Included

- 4K MP4 Video (3840x2160) — 16:9 widescreen
- 8K JPEG Images (7680x4320) — print-ready resolution
- Vertical Video (1080x1920) — optimized for mobile and social
- Square Format (2160x2160) — ideal for social feeds
- Royalty-free license — no attribution required
- Instant download — no waiting, no approval process

Why Stockflow.media

Every clip in this collection was captured using professional-grade microscopy equipment with precise color calibration. Unlike generic stock footage, these assets maintain scientific accuracy while delivering cinematic visual quality — making them suitable for both educational and commercial applications.

Get the Pathogenic Collection

Browse and download: https://stockflow.media/?cat=Microscopic&sub=Fungi&collection=Pathogenic
Full collection details: https://help.stockflow.media/collections/pathogenic/

#stockfootage #royaltyfree #stockvideo #microscopy #science #biology #documentary #sciencecommunication #contentcreation #videoproduction #4kvideo #pathogenic #fungi #pathogenicbacteria #rodshapedbacteria #bacteriaoncellsurface #cellularsurface",How Pathogenic Footage Transforms science communication Projects,https://storage.googleapis.com/stockflow-social/Batch01/Montages/W/Microscopic_Fungi_Pathogenic_W.mp4,Microscopic,Nmediaservices.com,7/9/2026
"How Mycelium Footage Transforms science communication Projects

In science communication and documentary filmmaking, the difference between amateur and broadcast-quality output often comes down to one thing: authentic, high-resolution microscopic visuals. Professional-grade microscopy footage is notoriously difficult and expensive to capture independently, requiring specialized equipment and expertise that most production teams simply don't have access to.

About the Mycelium Collection

The Mycelium collection is part of our Fungi library within the Microscopic category. This collection delivers broadcast-ready assets that meet the quality standards of professional productions.

Featured assets include:

- White mold with delicate, threadlike mycelium spanning across dark bark.
- Macro image of dark brown bark with white, web-like mycelium networks.
- White fungal mycelium network growing through decaying wood.

Who Benefits from This Collection

- Documentary filmmakers seeking authentic B-roll for science and nature productions
- Science educators creating engaging lecture content and online courses
- Medical professionals building training materials and patient education resources
- Corporate teams producing pharmaceutical and biotech marketing content
- YouTube creators covering science, biology, and technology topics
- Museum and exhibition designers creating immersive visual displays

Integration into Your Workflow

Import the 4K MP4 files directly into your NLE timeline — Premiere Pro, DaVinci Resolve, or Final Cut Pro. The footage works exceptionally well as B-roll overlays with transparency blending. For presentations and educational materials, the 8K JPEG images drop directly into PowerPoint, Google Slides, or Canva at full resolution without quality loss.

What's Included

- 4K MP4 Video (3840x2160) — 16:9 widescreen
- 8K JPEG Images (7680x4320) — print-ready resolution
- Vertical Video (1080x1920) — optimized for mobile and social
- Square Format (2160x2160) — ideal for social feeds
- Royalty-free license — no attribution required
- Instant download — no waiting, no approval process

Why Stockflow.media

Every clip in this collection was captured using professional-grade microscopy equipment with precise color calibration. Unlike generic stock footage, these assets maintain scientific accuracy while delivering cinematic visual quality — making them suitable for both educational and commercial applications.

Get the Mycelium Collection

Browse and download: https://stockflow.media/?cat=Microscopic&sub=Fungi&collection=Mycelium
Full collection details: https://help.stockflow.media/collections/mycelium/

#stockfootage #royaltyfree #stockvideo #microscopy #science #biology #documentary #sciencecommunication #contentcreation #videoproduction #4kvideo #mycelium #fungi #whitemold #fungus #filamentousfungi #hyphae",How Mycelium Footage Transforms science communication Projects,https://storage.googleapis.com/stockflow-social/Batch01/Montages/W/Microscopic_Fungi_Mycelium_W.mp4,Microscopic,Nmediaservices.com,7/10/2026
"How Lichen Footage Transforms science communication Projects

In science communication and documentary filmmaking, the difference between amateur and broadcast-quality output often comes down to one thing: authentic, high-resolution microscopic visuals. Professional-grade microscopy footage is notoriously difficult and expensive to capture independently, requiring specialized equipment and expertise that most production teams simply don't have access to.

About the Lichen Collection

The Lichen collection is part of our Fungi library within the Microscopic category. This collection delivers broadcast-ready assets that meet the quality standards of professional productions.

Featured assets include:

- Macro view of orange, rounded-topped fungi with long slender stalks growing on a mossy, rocky surface.
- Macro view of small fungi with slender stems and rounded caps growing from mossy ground, illuminated by soft, golden light.
- Macro close-up of fungal fruiting bodies on a bark-like surface.

Who Benefits from This Collection

- Documentary filmmakers seeking authentic B-roll for science and nature productions
- Science educators creating engaging lecture content and online courses
- Medical professionals building training materials and patient education resources
- Corporate teams producing pharmaceutical and biotech marketing content
- YouTube creators covering science, biology, and technology topics
- Museum and exhibition designers creating immersive visual displays

Integration into Your Workflow

Import the 4K MP4 files directly into your NLE timeline — Premiere Pro, DaVinci Resolve, or Final Cut Pro. The footage works exceptionally well as B-roll overlays with transparency blending. For presentations and educational materials, the 8K JPEG images drop directly into PowerPoint, Google Slides, or Canva at full resolution without quality loss.

What's Included

- 4K MP4 Video (3840x2160) — 16:9 widescreen
- 8K JPEG Images (7680x4320) — print-ready resolution
- Vertical Video (1080x1920) — optimized for mobile and social
- Square Format (2160x2160) — ideal for social feeds
- Royalty-free license — no attribution required
- Instant download — no waiting, no approval process

Why Stockflow.media

Every clip in this collection was captured using professional-grade microscopy equipment with precise color calibration. Unlike generic stock footage, these assets maintain scientific accuracy while delivering cinematic visual quality — making them suitable for both educational and commercial applications.

Get the Lichen Collection

Browse and download: https://stockflow.media/?cat=Microscopic&sub=Fungi&collection=Lichen
Full collection details: https://help.stockflow.media/collections/lichen/

#stockfootage #royaltyfree #stockvideo #microscopy #science #biology #documentary #sciencecommunication #contentcreation #videoproduction #4kvideo #lichen #fungi #macro #orangefungi #orangemushrooms #mushrooms",How Lichen Footage Transforms science communication Projects,https://storage.googleapis.com/stockflow-social/Batch01/Montages/W/Microscopic_Fungi_Lichen_W.mp4,Microscopic,Nmediaservices.com,7/11/2026
"How Fungi Montage Footage Transforms science communication Projects

In science communication and documentary filmmaking, the difference between amateur and broadcast-quality output often comes down to one thing: authentic, high-resolution microscopic visuals. Professional-grade microscopy footage is notoriously difficult and expensive to capture independently, requiring specialized equipment and expertise that most production teams simply don't have access to.

About the Fungi Montage Collection

The Fungi Montage collection is part of our Fungi library within the Microscopic category. This collection delivers broadcast-ready assets that meet the quality standards of professional productions.

Who Benefits from This Collection

- Documentary filmmakers seeking authentic B-roll for science and nature productions
- Science educators creating engaging lecture content and online courses
- Medical professionals building training materials and patient education resources
- Corporate teams producing pharmaceutical and biotech marketing content
- YouTube creators covering science, biology, and technology topics
- Museum and exhibition designers creating immersive visual displays

Integration into Your Workflow

Import the 4K MP4 files directly into your NLE timeline — Premiere Pro, DaVinci Resolve, or Final Cut Pro. The footage works exceptionally well as B-roll overlays with transparency blending. For presentations and educational materials, the 8K JPEG images drop directly into PowerPoint, Google Slides, or Canva at full resolution without quality loss.

What's Included

- 4K MP4 Video (3840x2160) — 16:9 widescreen
- 8K JPEG Images (7680x4320) — print-ready resolution
- Vertical Video (1080x1920) — optimized for mobile and social
- Square Format (2160x2160) — ideal for social feeds
- Royalty-free license — no attribution required
- Instant download — no waiting, no approval process

Why Stockflow.media

Every clip in this collection was captured using professional-grade microscopy equipment with precise color calibration. Unlike generic stock footage, these assets maintain scientific accuracy while delivering cinematic visual quality — making them suitable for both educational and commercial applications.

Get the Fungi Montage Collection

Browse and download: https://stockflow.media/?cat=Microscopic&sub=Fungi&collection=Fungi+Montage
Full collection details: https://help.stockflow.media/collections/fungi-montage/

#stockfootage #royaltyfree #stockvideo #microscopy #science #biology #documentary #sciencecommunication #contentcreation #videoproduction #4kvideo #fungimontage #fungi",How Fungi Montage Footage Transforms science communication Projects,https://storage.googleapis.com/stockflow-social/Batch01/Montages/W/Microscopic_Fungi_Fungi-Montage_W.mp4,Microscopic,Nmediaservices.com,7/12/2026
"How Fungi Footage Transforms science communication Projects

In science communication and documentary filmmaking, the difference between amateur and broadcast-quality output often comes down to one thing: authentic, high-resolution microscopic visuals. Professional-grade microscopy footage is notoriously difficult and expensive to capture independently, requiring specialized equipment and expertise that most production teams simply don't have access to.

About the Fungi Collection

The Fungi collection is part of our Fungi library within the Microscopic category. This collection delivers broadcast-ready assets that meet the quality standards of professional productions.

Featured assets include:

- Color-enhanced micrograph of fungal hyphae weaving through food tissue, blue and green filaments set against an orange, textured matrix, highlighti...
- Colorized micrograph of fungal hyphae intertwining within decaying plant tissue, highlighting green and blue hyphae among orange cell walls and sca...
- A high magnification view shows fungal hyphae weaving through decaying tissue, with blue-green filaments and clustered spores embedded in a reddish...

Who Benefits from This Collection

- Documentary filmmakers seeking authentic B-roll for science and nature productions
- Science educators creating engaging lecture content and online courses
- Medical professionals building training materials and patient education resources
- Corporate teams producing pharmaceutical and biotech marketing content
- YouTube creators covering science, biology, and technology topics
- Museum and exhibition designers creating immersive visual displays

Integration into Your Workflow

Import the 4K MP4 files directly into your NLE timeline — Premiere Pro, DaVinci Resolve, or Final Cut Pro. The footage works exceptionally well as B-roll overlays with transparency blending. For presentations and educational materials, the 8K JPEG images drop directly into PowerPoint, Google Slides, or Canva at full resolution without quality loss.

What's Included

- 4K MP4 Video (3840x2160) — 16:9 widescreen
- 8K JPEG Images (7680x4320) — print-ready resolution
- Vertical Video (1080x1920) — optimized for mobile and social
- Square Format (2160x2160) — ideal for social feeds
- Royalty-free license — no attribution required
- Instant download — no waiting, no approval process

Why Stockflow.media

Every clip in this collection was captured using professional-grade microscopy equipment with precise color calibration. Unlike generic stock footage, these assets maintain scientific accuracy while delivering cinematic visual quality — making them suitable for both educational and commercial applications.

Get the Fungi Collection

Browse and download: https://stockflow.media/?cat=Microscopic&sub=Fungi&collection=Fungi
Full collection details: https://help.stockflow.media/collections/fungi/

#stockfootage #royaltyfree #stockvideo #microscopy #scienc

#stockfootage #royaltyfree #stockvideo #microscopy #science",How Fungi Footage Transforms science communication Projects,https://storage.googleapis.com/stockflow-social/Batch01/Montages/W/Microscopic_Fungi_Fungi_W.mp4,Microscopic,Nmediaservices.com,7/13/2026
"How Decay Footage Transforms science communication Projects

In science communication and documentary filmmaking, the difference between amateur and broadcast-quality output often comes down to one thing: authentic, high-resolution microscopic visuals. Professional-grade microscopy footage is notoriously difficult and expensive to capture independently, requiring specialized equipment and expertise that most production teams simply don't have access to.

About the Decay Collection

The Decay collection is part of our Fungi library within the Microscopic category. This collection delivers broadcast-ready assets that meet the quality standards of professional productions.

Featured assets include:

- Cross-section of wood with a vibrant, rainbow-colored fungal network and mushrooms growing through the decay.
- Rainbow-colored, micro-fungi decay scene on wood, featuring a vibrant, flowing fungal mass with mushroom-like structures.
- Cross-section of decaying wood showing a rainbow-colored fungal hyphal network.

Who Benefits from This Collection

- Documentary filmmakers seeking authentic B-roll for science and nature productions
- Science educators creating engaging lecture content and online courses
- Medical professionals building training materials and patient education resources
- Corporate teams producing pharmaceutical and biotech marketing content
- YouTube creators covering science, biology, and technology topics
- Museum and exhibition designers creating immersive visual displays

Integration into Your Workflow

Import the 4K MP4 files directly into your NLE timeline — Premiere Pro, DaVinci Resolve, or Final Cut Pro. The footage works exceptionally well as B-roll overlays with transparency blending. For presentations and educational materials, the 8K JPEG images drop directly into PowerPoint, Google Slides, or Canva at full resolution without quality loss.

What's Included

- 4K MP4 Video (3840x2160) — 16:9 widescreen
- 8K JPEG Images (7680x4320) — print-ready resolution
- Vertical Video (1080x1920) — optimized for mobile and social
- Square Format (2160x2160) — ideal for social feeds
- Royalty-free license — no attribution required
- Instant download — no waiting, no approval process

Why Stockflow.media

Every clip in this collection was captured using professional-grade microscopy equipment with precise color calibration. Unlike generic stock footage, these assets maintain scientific accuracy while delivering cinematic visual quality — making them suitable for both educational and commercial applications.

Get the Decay Collection

Browse and download: https://stockflow.media/?cat=Microscopic&sub=Fungi&collection=Decay
Full collection details: https://help.stockflow.media/collections/decay/

#stockfootage #royaltyfree #stockvideo #microscopy #science #biology #documentary #sciencecommunication #contentcreation #videoproduction #4kvideo #decay #fungi #wood #crosssection #fungalnetwork #rainbowfungus #rainbowcoloredfungi",How Decay Footage Transforms science communication Projects,https://storage.googleapis.com/stockflow-social/Batch01/Montages/W/Microscopic_Fungi_Decay_W.mp4,Microscopic,Nmediaservices.com,7/14/2026
"How Basidiospores Footage Transforms science communication Projects

In science communication and documentary filmmaking, the difference between amateur and broadcast-quality output often comes down to one thing: authentic, high-resolution microscopic visuals. Professional-grade microscopy footage is notoriously difficult and expensive to capture independently, requiring specialized equipment and expertise that most production teams simply don't have access to.

About the Basidiospores Collection

The Basidiospores collection is part of our Fungi library within the Microscopic category. This collection delivers broadcast-ready assets that meet the quality standards of professional productions.

Featured assets include:

- Close-up of a brown mushroom with numerous dew-like droplets on its gills and edge.
- Macro image of a mushroom underside with gills releasing basidiospores amid dew droplets.
- Close-up macro of a fungi bracket underside showing numerous basidia with spores, droplets clinging to the surface and hanging along the edge.

Who Benefits from This Collection

- Documentary filmmakers seeking authentic B-roll for science and nature productions
- Science educators creating engaging lecture content and online courses
- Medical professionals building training materials and patient education resources
- Corporate teams producing pharmaceutical and biotech marketing content
- YouTube creators covering science, biology, and technology topics
- Museum and exhibition designers creating immersive visual displays

Integration into Your Workflow

Import the 4K MP4 files directly into your NLE timeline — Premiere Pro, DaVinci Resolve, or Final Cut Pro. The footage works exceptionally well as B-roll overlays with transparency blending. For presentations and educational materials, the 8K JPEG images drop directly into PowerPoint, Google Slides, or Canva at full resolution without quality loss.

What's Included

- 4K MP4 Video (3840x2160) — 16:9 widescreen
- 8K JPEG Images (7680x4320) — print-ready resolution
- Vertical Video (1080x1920) — optimized for mobile and social
- Square Format (2160x2160) — ideal for social feeds
- Royalty-free license — no attribution required
- Instant download — no waiting, no approval process

Why Stockflow.media

Every clip in this collection was captured using professional-grade microscopy equipment with precise color calibration. Unlike generic stock footage, these assets maintain scientific accuracy while delivering cinematic visual quality — making them suitable for both educational and commercial applications.

Get the Basidiospores Collection

Browse and download: https://stockflow.media/?cat=Microscopic&sub=Fungi&collection=Basidiospores
Full collection details: https://help.stockflow.media/collections/basidiospores/

#stockfootage #royaltyfree #stockvideo #microscopy #science #biology #documentary #sciencecommunication #contentcreation #videoproduction #4kvideo

#stockfootage #royaltyfree #stockvideo #microscopy #science",How Basidiospores Footage Transforms science communication Projects,https://storage.googleapis.com/stockflow-social/Batch01/Montages/W/Microscopic_Fungi_Basidiospores_W.mp4,Microscopic,Nmediaservices.com,7/15/2026
"How Algal Cells Footage Transforms science communication Projects

In science communication and documentary filmmaking, the difference between amateur and broadcast-quality output often comes down to one thing: authentic, high-resolution microscopic visuals. Professional-grade microscopy footage is notoriously difficult and expensive to capture independently, requiring specialized equipment and expertise that most production teams simply don't have access to.

About the Algal Cells Collection

The Algal Cells collection is part of our Fungi library within the Microscopic category. This collection delivers broadcast-ready assets that meet the quality standards of professional productions.

Featured assets include:

- Close-up of brown fungal hyphae intertwined with green algal cells.
- Close-up of brown fungal hyphae intertwined with green algal cells.
- Micrograph of fungi with clustered algal cells on a layered surface.

Who Benefits from This Collection

- Documentary filmmakers seeking authentic B-roll for science and nature productions
- Science educators creating engaging lecture content and online courses
- Medical professionals building training materials and patient education resources
- Corporate teams producing pharmaceutical and biotech marketing content
- YouTube creators covering science, biology, and technology topics
- Museum and exhibition designers creating immersive visual displays

Integration into Your Workflow

Import the 4K MP4 files directly into your NLE timeline — Premiere Pro, DaVinci Resolve, or Final Cut Pro. The footage works exceptionally well as B-roll overlays with transparency blending. For presentations and educational materials, the 8K JPEG images drop directly into PowerPoint, Google Slides, or Canva at full resolution without quality loss.

What's Included

- 4K MP4 Video (3840x2160) — 16:9 widescreen
- 8K JPEG Images (7680x4320) — print-ready resolution
- Vertical Video (1080x1920) — optimized for mobile and social
- Square Format (2160x2160) — ideal for social feeds
- Royalty-free license — no attribution required
- Instant download — no waiting, no approval process

Why Stockflow.media

Every clip in this collection was captured using professional-grade microscopy equipment with precise color calibration. Unlike generic stock footage, these assets maintain scientific accuracy while delivering cinematic visual quality — making them suitable for both educational and commercial applications.

Get the Algal Cells Collection

Browse and download: https://stockflow.media/?cat=Microscopic&sub=Fungi&collection=Algal+Cells
Full collection details: https://help.stockflow.media/collections/algal-cells/

#stockfootage #royaltyfree #stockvideo #microscopy #science #biology #documentary #sciencecommunication #contentcreation #videoproduction #4kvideo #algalcells #fungi #fungalhyphae #brownhyphae #hyphae #fungal #brownfungus",How Algal Cells Footage Transforms science communication Projects,https://storage.googleapis.com/stockflow-social/Batch01/Montages/W/Microscopic_Fungi_Algal-Cells_W.mp4,Microscopic,Nmediaservices.com,7/16/2026
"How Yeast And Mold Footage Transforms science communication Projects

In science communication and documentary filmmaking, the difference between amateur and broadcast-quality output often comes down to one thing: authentic, high-resolution microscopic visuals. Professional-grade microscopy footage is notoriously difficult and expensive to capture independently, requiring specialized equipment and expertise that most production teams simply don't have access to.

About the Yeast And Mold Collection

The Yeast And Mold collection is part of our Food Fungi library within the Microscopic category. This collection delivers broadcast-ready assets that meet the quality standards of professional productions.

Featured assets include:

- Macro shot of rod-shaped microbes clustered together, covered in powdery green filaments and spore-like particles, resting on a dark surface with s...
- Colorful clusters of mold colonies spread across a wooden surface, forming fuzzy, textured mats in red, orange, green hues with tiny spores and del...
- Macro photograph of vibrant mold colonies growing on a dark surface, displaying green and gray fuzzy filaments, clustered shapes, tiny granules, an...

Who Benefits from This Collection

- Documentary filmmakers seeking authentic B-roll for science and nature productions
- Science educators creating engaging lecture content and online courses
- Medical professionals building training materials and patient education resources
- Corporate teams producing pharmaceutical and biotech marketing content
- YouTube creators covering science, biology, and technology topics
- Museum and exhibition designers creating immersive visual displays

Integration into Your Workflow

Import the 4K MP4 files directly into your NLE timeline — Premiere Pro, DaVinci Resolve, or Final Cut Pro. The footage works exceptionally well as B-roll overlays with transparency blending. For presentations and educational materials, the 8K JPEG images drop directly into PowerPoint, Google Slides, or Canva at full resolution without quality loss.

What's Included

- 4K MP4 Video (3840x2160) — 16:9 widescreen
- 8K JPEG Images (7680x4320) — print-ready resolution
- Vertical Video (1080x1920) — optimized for mobile and social
- Square Format (2160x2160) — ideal for social feeds
- Royalty-free license — no attribution required
- Instant download — no waiting, no approval process

Why Stockflow.media

Every clip in this collection was captured using professional-grade microscopy equipment with precise color calibration. Unlike generic stock footage, these assets maintain scientific accuracy while delivering cinematic visual quality — making them suitable for both educational and commercial applications.

Get the Yeast And Mold Collection

Browse and download: https://stockflow.media/?cat=Microscopic&sub=Food+Fungi&collection=Yeast+And+Mold
Full collection details: https://help.stockflow.media/collections/yeast-and-m

#stockfootage #royaltyfree #stockvideo #microscopy #science",How Yeast And Mold Footage Transforms science communication Projects,https://storage.googleapis.com/stockflow-social/Batch01/Montages/W/Microscopic_Food-Fungi_Yeast-And-Mold_W.mp4,Microscopic,Nmediaservices.com,7/17/2026
"How Rhizopus Footage Transforms science communication Projects

In science communication and documentary filmmaking, the difference between amateur and broadcast-quality output often comes down to one thing: authentic, high-resolution microscopic visuals. Professional-grade microscopy footage is notoriously difficult and expensive to capture independently, requiring specialized equipment and expertise that most production teams simply don't have access to.

About the Rhizopus Collection

The Rhizopus collection is part of our Food Fungi library within the Microscopic category. This collection delivers broadcast-ready assets that meet the quality standards of professional productions.

Featured assets include:

- Microscopic view of moldy food showing rhizopus sporangia rising on slender stalks, black spherical sporangia clustered on decaying matter, highlig...
- Close-up of mold on food, displaying black sporangia atop slender stalks radiating from a central mat, showcasing fungal growth and reproduction on...
- A close-up of a black mold colony with spherical sporangia connected by fine hyphae, forming a delicate web across a decaying surface, revealing Rh...

Who Benefits from This Collection

- Documentary filmmakers seeking authentic B-roll for science and nature productions
- Science educators creating engaging lecture content and online courses
- Medical professionals building training materials and patient education resources
- Corporate teams producing pharmaceutical and biotech marketing content
- YouTube creators covering science, biology, and technology topics
- Museum and exhibition designers creating immersive visual displays

Integration into Your Workflow

Import the 4K MP4 files directly into your NLE timeline — Premiere Pro, DaVinci Resolve, or Final Cut Pro. The footage works exceptionally well as B-roll overlays with transparency blending. For presentations and educational materials, the 8K JPEG images drop directly into PowerPoint, Google Slides, or Canva at full resolution without quality loss.

What's Included

- 4K MP4 Video (3840x2160) — 16:9 widescreen
- 8K JPEG Images (7680x4320) — print-ready resolution
- Vertical Video (1080x1920) — optimized for mobile and social
- Square Format (2160x2160) — ideal for social feeds
- Royalty-free license — no attribution required
- Instant download — no waiting, no approval process

Why Stockflow.media

Every clip in this collection was captured using professional-grade microscopy equipment with precise color calibration. Unlike generic stock footage, these assets maintain scientific accuracy while delivering cinematic visual quality — making them suitable for both educational and commercial applications.

Get the Rhizopus Collection

Browse and download: https://stockflow.media/?cat=Microscopic&sub=Food+Fungi&collection=Rhizopus
Full collection details: https://help.stockflow.media/collections/rhizopus/

#stockfootage #royaltyfree #st

#stockfootage #royaltyfree #stockvideo #microscopy #science",How Rhizopus Footage Transforms science communication Projects,https://storage.googleapis.com/stockflow-social/Batch01/Montages/W/Microscopic_Food-Fungi_Rhizopus_W.mp4,Microscopic,Nmediaservices.com,7/18/2026
"How Rhizopus Sporangia Footage Transforms science communication Projects

In science communication and documentary filmmaking, the difference between amateur and broadcast-quality output often comes down to one thing: authentic, high-resolution microscopic visuals. Professional-grade microscopy footage is notoriously difficult and expensive to capture independently, requiring specialized equipment and expertise that most production teams simply don't have access to.

About the Rhizopus Sporangia Collection

The Rhizopus Sporangia collection is part of our Food Fungi library within the Microscopic category. This collection delivers broadcast-ready assets that meet the quality standards of professional productions.

Who Benefits from This Collection

- Documentary filmmakers seeking authentic B-roll for science and nature productions
- Science educators creating engaging lecture content and online courses
- Medical professionals building training materials and patient education resources
- Corporate teams producing pharmaceutical and biotech marketing content
- YouTube creators covering science, biology, and technology topics
- Museum and exhibition designers creating immersive visual displays

Integration into Your Workflow

Import the 4K MP4 files directly into your NLE timeline — Premiere Pro, DaVinci Resolve, or Final Cut Pro. The footage works exceptionally well as B-roll overlays with transparency blending. For presentations and educational materials, the 8K JPEG images drop directly into PowerPoint, Google Slides, or Canva at full resolution without quality loss.

What's Included

- 4K MP4 Video (3840x2160) — 16:9 widescreen
- 8K JPEG Images (7680x4320) — print-ready resolution
- Vertical Video (1080x1920) — optimized for mobile and social
- Square Format (2160x2160) — ideal for social feeds
- Royalty-free license — no attribution required
- Instant download — no waiting, no approval process

Why Stockflow.media

Every clip in this collection was captured using professional-grade microscopy equipment with precise color calibration. Unlike generic stock footage, these assets maintain scientific accuracy while delivering cinematic visual quality — making them suitable for both educational and commercial applications.

Get the Rhizopus Sporangia Collection

Browse and download: https://stockflow.media/?cat=Microscopic&sub=Food+Fungi&collection=Rhizopus+Sporangia
Full collection details: https://help.stockflow.media/collections/rhizopus-sporangia/

#stockfootage #royaltyfree #stockvideo #microscopy #science #biology #documentary #sciencecommunication #contentcreation #videoproduction #4kvideo #rhizopussporangia #foodfungi",How Rhizopus Sporangia Footage Transforms science communication Projects,https://storage.googleapis.com/stockflow-social/Batch01/Montages/W/Microscopic_Food-Fungi_Rhizopus-Sporangia_W.mp4,Microscopic,Nmediaservices.com,7/19/2026
"How Penicillium Footage Transforms science communication Projects

In science communication and documentary filmmaking, the difference between amateur and broadcast-quality output often comes down to one thing: authentic, high-resolution microscopic visuals. Professional-grade microscopy footage is notoriously difficult and expensive to capture independently, requiring specialized equipment and expertise that most production teams simply don't have access to.

About the Penicillium Collection

The Penicillium collection is part of our Food Fungi library within the Microscopic category. This collection delivers broadcast-ready assets that meet the quality standards of professional productions.

Featured assets include:

- Close up of mold on a food surface showing gray hyphae with spherical conidia and fuzzy textures, likely Penicillium, highlighting branching filame...
- Close-up of a mold colony showing branching hyphae and round spores, likely Penicillium, exposing microscopic fungal structures on a food substrate...
- Close-up view of translucent fungal hyphae with green, round spores interwoven into a network, highlighting Penicillium-like mold growth in an ambe...

Who Benefits from This Collection

- Documentary filmmakers seeking authentic B-roll for science and nature productions
- Science educators creating engaging lecture content and online courses
- Medical professionals building training materials and patient education resources
- Corporate teams producing pharmaceutical and biotech marketing content
- YouTube creators covering science, biology, and technology topics
- Museum and exhibition designers creating immersive visual displays

Integration into Your Workflow

Import the 4K MP4 files directly into your NLE timeline — Premiere Pro, DaVinci Resolve, or Final Cut Pro. The footage works exceptionally well as B-roll overlays with transparency blending. For presentations and educational materials, the 8K JPEG images drop directly into PowerPoint, Google Slides, or Canva at full resolution without quality loss.

What's Included

- 4K MP4 Video (3840x2160) — 16:9 widescreen
- 8K JPEG Images (7680x4320) — print-ready resolution
- Vertical Video (1080x1920) — optimized for mobile and social
- Square Format (2160x2160) — ideal for social feeds
- Royalty-free license — no attribution required
- Instant download — no waiting, no approval process

Why Stockflow.media

Every clip in this collection was captured using professional-grade microscopy equipment with precise color calibration. Unlike generic stock footage, these assets maintain scientific accuracy while delivering cinematic visual quality — making them suitable for both educational and commercial applications.

Get the Penicillium Collection

Browse and download: https://stockflow.media/?cat=Microscopic&sub=Food+Fungi&collection=Penicillium
Full collection details: https://help.stockflow.media/collections/penicillium/

#stockfootag

#stockfootage #royaltyfree #stockvideo #microscopy #science",How Penicillium Footage Transforms science communication Projects,https://storage.googleapis.com/stockflow-social/Batch01/Montages/W/Microscopic_Food-Fungi_Penicillium_W.mp4,Microscopic,Nmediaservices.com,7/20/2026
"How Penicillium Mold Footage Transforms science communication Projects

In science communication and documentary filmmaking, the difference between amateur and broadcast-quality output often comes down to one thing: authentic, high-resolution microscopic visuals. Professional-grade microscopy footage is notoriously difficult and expensive to capture independently, requiring specialized equipment and expertise that most production teams simply don't have access to.

About the Penicillium Mold Collection

The Penicillium Mold collection is part of our Food Fungi library within the Microscopic category. This collection delivers broadcast-ready assets that meet the quality standards of professional productions.

Who Benefits from This Collection

- Documentary filmmakers seeking authentic B-roll for science and nature productions
- Science educators creating engaging lecture content and online courses
- Medical professionals building training materials and patient education resources
- Corporate teams producing pharmaceutical and biotech marketing content
- YouTube creators covering science, biology, and technology topics
- Museum and exhibition designers creating immersive visual displays

Integration into Your Workflow

Import the 4K MP4 files directly into your NLE timeline — Premiere Pro, DaVinci Resolve, or Final Cut Pro. The footage works exceptionally well as B-roll overlays with transparency blending. For presentations and educational materials, the 8K JPEG images drop directly into PowerPoint, Google Slides, or Canva at full resolution without quality loss.

What's Included

- 4K MP4 Video (3840x2160) — 16:9 widescreen
- 8K JPEG Images (7680x4320) — print-ready resolution
- Vertical Video (1080x1920) — optimized for mobile and social
- Square Format (2160x2160) — ideal for social feeds
- Royalty-free license — no attribution required
- Instant download — no waiting, no approval process

Why Stockflow.media

Every clip in this collection was captured using professional-grade microscopy equipment with precise color calibration. Unlike generic stock footage, these assets maintain scientific accuracy while delivering cinematic visual quality — making them suitable for both educational and commercial applications.

Get the Penicillium Mold Collection

Browse and download: https://stockflow.media/?cat=Microscopic&sub=Food+Fungi&collection=Penicillium+Mold
Full collection details: https://help.stockflow.media/collections/penicillium-mold/

#stockfootage #royaltyfree #stockvideo #microscopy #science #biology #documentary #sciencecommunication #contentcreation #videoproduction #4kvideo #penicilliummold #foodfungi",How Penicillium Mold Footage Transforms science communication Projects,https://storage.googleapis.com/stockflow-social/Batch01/Montages/W/Microscopic_Food-Fungi_Penicillium-Mold_W.mp4,Microscopic,Nmediaservices.com,7/21/2026
"How Mold Growth Footage Transforms science communication Projects

In science communication and documentary filmmaking, the difference between amateur and broadcast-quality output often comes down to one thing: authentic, high-resolution microscopic visuals. Professional-grade microscopy footage is notoriously difficult and expensive to capture independently, requiring specialized equipment and expertise that most production teams simply don't have access to.

About the Mold Growth Collection

The Mold Growth collection is part of our Food Fungi library within the Microscopic category. This collection delivers broadcast-ready assets that meet the quality standards of professional productions.

Featured assets include:

- Macro shot reveals blue-green mold growing on a yellow food item, with wispy filaments and clustered spores spreading across the surface, illustrat...
- Close-up of mold growth on decaying food, showing dense blue-green fungal colonies with delicate filaments spreading across the surface, illustrati...
- Close-up of blue-green mold growth spreading across a sliced food item, with filamentous hyphae and spores forming a fuzzy, microbe-rich layer on t...

Who Benefits from This Collection

- Documentary filmmakers seeking authentic B-roll for science and nature productions
- Science educators creating engaging lecture content and online courses
- Medical professionals building training materials and patient education resources
- Corporate teams producing pharmaceutical and biotech marketing content
- YouTube creators covering science, biology, and technology topics
- Museum and exhibition designers creating immersive visual displays

Integration into Your Workflow

Import the 4K MP4 files directly into your NLE timeline — Premiere Pro, DaVinci Resolve, or Final Cut Pro. The footage works exceptionally well as B-roll overlays with transparency blending. For presentations and educational materials, the 8K JPEG images drop directly into PowerPoint, Google Slides, or Canva at full resolution without quality loss.

What's Included

- 4K MP4 Video (3840x2160) — 16:9 widescreen
- 8K JPEG Images (7680x4320) — print-ready resolution
- Vertical Video (1080x1920) — optimized for mobile and social
- Square Format (2160x2160) — ideal for social feeds
- Royalty-free license — no attribution required
- Instant download — no waiting, no approval process

Why Stockflow.media

Every clip in this collection was captured using professional-grade microscopy equipment with precise color calibration. Unlike generic stock footage, these assets maintain scientific accuracy while delivering cinematic visual quality — making them suitable for both educational and commercial applications.

Get the Mold Growth Collection

Browse and download: https://stockflow.media/?cat=Microscopic&sub=Food+Fungi&collection=Mold+Growth
Full collection details: https://help.stockflow.media/collections/mold-growth/

#stockfootag

#stockfootage #royaltyfree #stockvideo #microscopy #science",How Mold Growth Footage Transforms science communication Projects,https://storage.googleapis.com/stockflow-social/Batch01/Montages/W/Microscopic_Food-Fungi_Mold-Growth_W.mp4,Microscopic,Nmediaservices.com,7/22/2026
"How Fungal Penetration Footage Transforms science communication Projects

In science communication and documentary filmmaking, the difference between amateur and broadcast-quality output often comes down to one thing: authentic, high-resolution microscopic visuals. Professional-grade microscopy footage is notoriously difficult and expensive to capture independently, requiring specialized equipment and expertise that most production teams simply don't have access to.

About the Fungal Penetration Collection

The Fungal Penetration collection is part of our Food Fungi library within the Microscopic category. This collection delivers broadcast-ready assets that meet the quality standards of professional productions.

Featured assets include:

- Close-up cross-section showing orange fungal hyphae penetrating a layered food tissue with purple spores and networks.
- Microscopic view of fungal penetration in food tissue, showing orange hyphae invading a layered surface with purple structures.
- Micrograph of tissue showing fungal penetration with yellow hyphae interwoven through red cellular matrix.

Who Benefits from This Collection

- Documentary filmmakers seeking authentic B-roll for science and nature productions
- Science educators creating engaging lecture content and online courses
- Medical professionals building training materials and patient education resources
- Corporate teams producing pharmaceutical and biotech marketing content
- YouTube creators covering science, biology, and technology topics
- Museum and exhibition designers creating immersive visual displays

Integration into Your Workflow

Import the 4K MP4 files directly into your NLE timeline — Premiere Pro, DaVinci Resolve, or Final Cut Pro. The footage works exceptionally well as B-roll overlays with transparency blending. For presentations and educational materials, the 8K JPEG images drop directly into PowerPoint, Google Slides, or Canva at full resolution without quality loss.

What's Included

- 4K MP4 Video (3840x2160) — 16:9 widescreen
- 8K JPEG Images (7680x4320) — print-ready resolution
- Vertical Video (1080x1920) — optimized for mobile and social
- Square Format (2160x2160) — ideal for social feeds
- Royalty-free license — no attribution required
- Instant download — no waiting, no approval process

Why Stockflow.media

Every clip in this collection was captured using professional-grade microscopy equipment with precise color calibration. Unlike generic stock footage, these assets maintain scientific accuracy while delivering cinematic visual quality — making them suitable for both educational and commercial applications.

Get the Fungal Penetration Collection

Browse and download: https://stockflow.media/?cat=Microscopic&sub=Food+Fungi&collection=Fungal+Penetration
Full collection details: https://help.stockflow.media/collections/fungal-penetration/

#stockfootage #royaltyfree #stockvideo #microscopy #science #biology 

#stockfootage #royaltyfree #stockvideo #microscopy #science",How Fungal Penetration Footage Transforms science communication Projects,https://storage.googleapis.com/stockflow-social/Batch01/Montages/W/Microscopic_Food-Fungi_Fungal-Penetration_W.mp4,Microscopic,Nmediaservices.com,7/23/2026
"How Fungal Ecosystem Footage Transforms science communication Projects

In science communication and documentary filmmaking, the difference between amateur and broadcast-quality output often comes down to one thing: authentic, high-resolution microscopic visuals. Professional-grade microscopy footage is notoriously difficult and expensive to capture independently, requiring specialized equipment and expertise that most production teams simply don't have access to.

About the Fungal Ecosystem Collection

The Fungal Ecosystem collection is part of our Food Fungi library within the Microscopic category. This collection delivers broadcast-ready assets that meet the quality standards of professional productions.

Featured assets include:

- A close-up view of a microbial fungal network on decaying wood, featuring blue hyphae and spores weaving through the fibrous substrate, illustratin...
- Micro-scale view reveals diverse fungi thriving on decaying wood, forming intricate structures and spores, illustrating how fungal communities driv...
- Close-up view of fungal growth on decaying wood, revealing branching hyphae, spore-like spheres and delicate fruiting structures, illustrating a mi...

Who Benefits from This Collection

- Documentary filmmakers seeking authentic B-roll for science and nature productions
- Science educators creating engaging lecture content and online courses
- Medical professionals building training materials and patient education resources
- Corporate teams producing pharmaceutical and biotech marketing content
- YouTube creators covering science, biology, and technology topics
- Museum and exhibition designers creating immersive visual displays

Integration into Your Workflow

Import the 4K MP4 files directly into your NLE timeline — Premiere Pro, DaVinci Resolve, or Final Cut Pro. The footage works exceptionally well as B-roll overlays with transparency blending. For presentations and educational materials, the 8K JPEG images drop directly into PowerPoint, Google Slides, or Canva at full resolution without quality loss.

What's Included

- 4K MP4 Video (3840x2160) — 16:9 widescreen
- 8K JPEG Images (7680x4320) — print-ready resolution
- Vertical Video (1080x1920) — optimized for mobile and social
- Square Format (2160x2160) — ideal for social feeds
- Royalty-free license — no attribution required
- Instant download — no waiting, no approval process

Why Stockflow.media

Every clip in this collection was captured using professional-grade microscopy equipment with precise color calibration. Unlike generic stock footage, these assets maintain scientific accuracy while delivering cinematic visual quality — making them suitable for both educational and commercial applications.

Get the Fungal Ecosystem Collection

Browse and download: https://stockflow.media/?cat=Microscopic&sub=Food+Fungi&collection=Fungal+Ecosystem
Full collection details: https://help.stockflow.media/collections/f

#stockfootage #royaltyfree #stockvideo #microscopy #science",How Fungal Ecosystem Footage Transforms science communication Projects,https://storage.googleapis.com/stockflow-social/Batch01/Montages/W/Microscopic_Food-Fungi_Fungal-Ecosystem_W.mp4,Microscopic,Nmediaservices.com,7/24/2026
"How Food Fungi Montage Footage Transforms science communication Projects

In science communication and documentary filmmaking, the difference between amateur and broadcast-quality output often comes down to one thing: authentic, high-resolution microscopic visuals. Professional-grade microscopy footage is notoriously difficult and expensive to capture independently, requiring specialized equipment and expertise that most production teams simply don't have access to.

About the Food Fungi Montage Collection

The Food Fungi Montage collection is part of our Food Fungi library within the Microscopic category. This collection delivers broadcast-ready assets that meet the quality standards of professional productions.

Who Benefits from This Collection

- Documentary filmmakers seeking authentic B-roll for science and nature productions
- Science educators creating engaging lecture content and online courses
- Medical professionals building training materials and patient education resources
- Corporate teams producing pharmaceutical and biotech marketing content
- YouTube creators covering science, biology, and technology topics
- Museum and exhibition designers creating immersive visual displays

Integration into Your Workflow

Import the 4K MP4 files directly into your NLE timeline — Premiere Pro, DaVinci Resolve, or Final Cut Pro. The footage works exceptionally well as B-roll overlays with transparency blending. For presentations and educational materials, the 8K JPEG images drop directly into PowerPoint, Google Slides, or Canva at full resolution without quality loss.

What's Included

- 4K MP4 Video (3840x2160) — 16:9 widescreen
- 8K JPEG Images (7680x4320) — print-ready resolution
- Vertical Video (1080x1920) — optimized for mobile and social
- Square Format (2160x2160) — ideal for social feeds
- Royalty-free license — no attribution required
- Instant download — no waiting, no approval process

Why Stockflow.media

Every clip in this collection was captured using professional-grade microscopy equipment with precise color calibration. Unlike generic stock footage, these assets maintain scientific accuracy while delivering cinematic visual quality — making them suitable for both educational and commercial applications.

Get the Food Fungi Montage Collection

Browse and download: https://stockflow.media/?cat=Microscopic&sub=Food+Fungi&collection=Food+Fungi+Montage
Full collection details: https://help.stockflow.media/collections/food-fungi-montage/

#stockfootage #royaltyfree #stockvideo #microscopy #science #biology #documentary #sciencecommunication #contentcreation #videoproduction #4kvideo #foodfungimontage #foodfungi",How Food Fungi Montage Footage Transforms science communication Projects,https://storage.googleapis.com/stockflow-social/Batch01/Montages/W/Microscopic_Food-Fungi_Food-Fungi-Montage_W.mp4,Microscopic,Nmediaservices.com,7/25/2026
"How Food Fungi Footage Transforms science communication Projects

In science communication and documentary filmmaking, the difference between amateur and broadcast-quality output often comes down to one thing: authentic, high-resolution microscopic visuals. Professional-grade microscopy footage is notoriously difficult and expensive to capture independently, requiring specialized equipment and expertise that most production teams simply don't have access to.

About the Food Fungi Collection

The Food Fungi collection is part of our Food Fungi library within the Microscopic category. This collection delivers broadcast-ready assets that meet the quality standards of professional productions.

Featured assets include:

- A close-up view of microscopic fungal activity, showing delicate hyphal networks and numerous round spores dispersed across a textured substrate, h...
- A microscopic view shows filamentous fungal hyphae with round cyan spores weaving through a viscous substrate, illustrating a tiny mold culture thr...

Who Benefits from This Collection

- Documentary filmmakers seeking authentic B-roll for science and nature productions
- Science educators creating engaging lecture content and online courses
- Medical professionals building training materials and patient education resources
- Corporate teams producing pharmaceutical and biotech marketing content
- YouTube creators covering science, biology, and technology topics
- Museum and exhibition designers creating immersive visual displays

Integration into Your Workflow

Import the 4K MP4 files directly into your NLE timeline — Premiere Pro, DaVinci Resolve, or Final Cut Pro. The footage works exceptionally well as B-roll overlays with transparency blending. For presentations and educational materials, the 8K JPEG images drop directly into PowerPoint, Google Slides, or Canva at full resolution without quality loss.

What's Included

- 4K MP4 Video (3840x2160) — 16:9 widescreen
- 8K JPEG Images (7680x4320) — print-ready resolution
- Vertical Video (1080x1920) — optimized for mobile and social
- Square Format (2160x2160) — ideal for social feeds
- Royalty-free license — no attribution required
- Instant download — no waiting, no approval process

Why Stockflow.media

Every clip in this collection was captured using professional-grade microscopy equipment with precise color calibration. Unlike generic stock footage, these assets maintain scientific accuracy while delivering cinematic visual quality — making them suitable for both educational and commercial applications.

Get the Food Fungi Collection

Browse and download: https://stockflow.media/?cat=Microscopic&sub=Food+Fungi&collection=Food+Fungi
Full collection details: https://help.stockflow.media/collections/food-fungi/

#stockfootage #royaltyfree #stockvideo #microscopy #science #biology #documentary #sciencecommunication #contentcreation #videoproduction #4kvideo #foodfungi #foodfungi #fungal #fungus #hyphae #hyphalnetworks #spores",How Food Fungi Footage Transforms science communication Projects,https://storage.googleapis.com/stockflow-social/Batch01/Montages/W/Microscopic_Food-Fungi_Food-Fungi_W.mp4,Microscopic,Nmediaservices.com,7/26/2026
"How Extreme Close Footage Transforms science communication Projects

In science communication and documentary filmmaking, the difference between amateur and broadcast-quality output often comes down to one thing: authentic, high-resolution microscopic visuals. Professional-grade microscopy footage is notoriously difficult and expensive to capture independently, requiring specialized equipment and expertise that most production teams simply don't have access to.

About the Extreme Close Collection

The Extreme Close collection is part of our Food Fungi library within the Microscopic category. This collection delivers broadcast-ready assets that meet the quality standards of professional productions.

Who Benefits from This Collection

- Documentary filmmakers seeking authentic B-roll for science and nature productions
- Science educators creating engaging lecture content and online courses
- Medical professionals building training materials and patient education resources
- Corporate teams producing pharmaceutical and biotech marketing content
- YouTube creators covering science, biology, and technology topics
- Museum and exhibition designers creating immersive visual displays

Integration into Your Workflow

Import the 4K MP4 files directly into your NLE timeline — Premiere Pro, DaVinci Resolve, or Final Cut Pro. The footage works exceptionally well as B-roll overlays with transparency blending. For presentations and educational materials, the 8K JPEG images drop directly into PowerPoint, Google Slides, or Canva at full resolution without quality loss.

What's Included

- 4K MP4 Video (3840x2160) — 16:9 widescreen
- 8K JPEG Images (7680x4320) — print-ready resolution
- Vertical Video (1080x1920) — optimized for mobile and social
- Square Format (2160x2160) — ideal for social feeds
- Royalty-free license — no attribution required
- Instant download — no waiting, no approval process

Why Stockflow.media

Every clip in this collection was captured using professional-grade microscopy equipment with precise color calibration. Unlike generic stock footage, these assets maintain scientific accuracy while delivering cinematic visual quality — making them suitable for both educational and commercial applications.

Get the Extreme Close Collection

Browse and download: https://stockflow.media/?cat=Microscopic&sub=Food+Fungi&collection=Extreme+Close
Full collection details: https://help.stockflow.media/collections/extreme-close/

#stockfootage #royaltyfree #stockvideo #microscopy #science #biology #documentary #sciencecommunication #contentcreation #videoproduction #4kvideo #extremeclose #foodfungi",How Extreme Close Footage Transforms science communication Projects,https://storage.googleapis.com/stockflow-social/Batch01/Montages/W/Microscopic_Food-Fungi_Extreme-Close_W.mp4,Microscopic,Nmediaservices.com,7/27/2026
"How Cross Sectional Footage Transforms science communication Projects

In science communication and documentary filmmaking, the difference between amateur and broadcast-quality output often comes down to one thing: authentic, high-resolution microscopic visuals. Professional-grade microscopy footage is notoriously difficult and expensive to capture independently, requiring specialized equipment and expertise that most production teams simply don't have access to.

About the Cross Sectional Collection

The Cross Sectional collection is part of our Food Fungi library within the Microscopic category. This collection delivers broadcast-ready assets that meet the quality standards of professional productions.

Featured assets include:

- A stylized, cross-sectional microscopic illustration showing fungal networks weaving through food tissue, with vibrant orange hyphae and purple spo...

Who Benefits from This Collection

- Documentary filmmakers seeking authentic B-roll for science and nature productions
- Science educators creating engaging lecture content and online courses
- Medical professionals building training materials and patient education resources
- Corporate teams producing pharmaceutical and biotech marketing content
- YouTube creators covering science, biology, and technology topics
- Museum and exhibition designers creating immersive visual displays

Integration into Your Workflow

Import the 4K MP4 files directly into your NLE timeline — Premiere Pro, DaVinci Resolve, or Final Cut Pro. The footage works exceptionally well as B-roll overlays with transparency blending. For presentations and educational materials, the 8K JPEG images drop directly into PowerPoint, Google Slides, or Canva at full resolution without quality loss.

What's Included

- 4K MP4 Video (3840x2160) — 16:9 widescreen
- 8K JPEG Images (7680x4320) — print-ready resolution
- Vertical Video (1080x1920) — optimized for mobile and social
- Square Format (2160x2160) — ideal for social feeds
- Royalty-free license — no attribution required
- Instant download — no waiting, no approval process

Why Stockflow.media

Every clip in this collection was captured using professional-grade microscopy equipment with precise color calibration. Unlike generic stock footage, these assets maintain scientific accuracy while delivering cinematic visual quality — making them suitable for both educational and commercial applications.

Get the Cross Sectional Collection

Browse and download: https://stockflow.media/?cat=Microscopic&sub=Food+Fungi&collection=Cross+Sectional
Full collection details: https://help.stockflow.media/collections/cross-sectional/

#stockfootage #royaltyfree #stockvideo #microscopy #science #biology #documentary #sciencecommunication #contentcreation #videoproduction #4kvideo #crosssectional #foodfungi #fungus #fungal #mycology #hyphae #spores",How Cross Sectional Footage Transforms science communication Projects,https://storage.googleapis.com/stockflow-social/Batch01/Montages/W/Microscopic_Food-Fungi_Cross-Sectional_W.mp4,Microscopic,Nmediaservices.com,7/28/2026
"How Colonizing Footage Transforms science communication Projects

In science communication and documentary filmmaking, the difference between amateur and broadcast-quality output often comes down to one thing: authentic, high-resolution microscopic visuals. Professional-grade microscopy footage is notoriously difficult and expensive to capture independently, requiring specialized equipment and expertise that most production teams simply don't have access to.

About the Colonizing Collection

The Colonizing collection is part of our Food Fungi library within the Microscopic category. This collection delivers broadcast-ready assets that meet the quality standards of professional productions.

Featured assets include:

- Macro view of greenish fungal colonies colonizing a food surface.
- Close-up of green mold fungi colonizing a textured surface.
- Micrograph showing fungi colonizing a surface with hyphal networks and round spores.

Who Benefits from This Collection

- Documentary filmmakers seeking authentic B-roll for science and nature productions
- Science educators creating engaging lecture content and online courses
- Medical professionals building training materials and patient education resources
- Corporate teams producing pharmaceutical and biotech marketing content
- YouTube creators covering science, biology, and technology topics
- Museum and exhibition designers creating immersive visual displays

Integration into Your Workflow

Import the 4K MP4 files directly into your NLE timeline — Premiere Pro, DaVinci Resolve, or Final Cut Pro. The footage works exceptionally well as B-roll overlays with transparency blending. For presentations and educational materials, the 8K JPEG images drop directly into PowerPoint, Google Slides, or Canva at full resolution without quality loss.

What's Included

- 4K MP4 Video (3840x2160) — 16:9 widescreen
- 8K JPEG Images (7680x4320) — print-ready resolution
- Vertical Video (1080x1920) — optimized for mobile and social
- Square Format (2160x2160) — ideal for social feeds
- Royalty-free license — no attribution required
- Instant download — no waiting, no approval process

Why Stockflow.media

Every clip in this collection was captured using professional-grade microscopy equipment with precise color calibration. Unlike generic stock footage, these assets maintain scientific accuracy while delivering cinematic visual quality — making them suitable for both educational and commercial applications.

Get the Colonizing Collection

Browse and download: https://stockflow.media/?cat=Microscopic&sub=Food+Fungi&collection=Colonizing
Full collection details: https://help.stockflow.media/collections/colonizing/

#stockfootage #royaltyfree #stockvideo #microscopy #science #biology #documentary #sciencecommunication #contentcreation #videoproduction #4kvideo #colonizing #foodfungi #macro #fungal #colonies #greenish #mold",How Colonizing Footage Transforms science communication Projects,https://storage.googleapis.com/stockflow-social/Batch01/Montages/W/Microscopic_Food-Fungi_Colonizing_W.mp4,Microscopic,Nmediaservices.com,7/29/2026
"How Aspergillus Footage Transforms science communication Projects

In science communication and documentary filmmaking, the difference between amateur and broadcast-quality output often comes down to one thing: authentic, high-resolution microscopic visuals. Professional-grade microscopy footage is notoriously difficult and expensive to capture independently, requiring specialized equipment and expertise that most production teams simply don't have access to.

About the Aspergillus Collection

The Aspergillus collection is part of our Food Fungi library within the Microscopic category. This collection delivers broadcast-ready assets that meet the quality standards of professional productions.

Featured assets include:

- Close-up view of blue-green fungal filaments spreading across a brown surface, showing conidiophores and spores typical of Aspergillus-like fungi, ...
- A vivid close-up reveals teal, elongated fungal hyphae and spores intertwining on a decaying surface, highlighting Aspergillus-like structures amid...
- Close-up of greenish fungal filaments and spherical spores growing on a brown surface, revealing branching hyphae typical of microscopic fungi such...

Who Benefits from This Collection

- Documentary filmmakers seeking authentic B-roll for science and nature productions
- Science educators creating engaging lecture content and online courses
- Medical professionals building training materials and patient education resources
- Corporate teams producing pharmaceutical and biotech marketing content
- YouTube creators covering science, biology, and technology topics
- Museum and exhibition designers creating immersive visual displays

Integration into Your Workflow

Import the 4K MP4 files directly into your NLE timeline — Premiere Pro, DaVinci Resolve, or Final Cut Pro. The footage works exceptionally well as B-roll overlays with transparency blending. For presentations and educational materials, the 8K JPEG images drop directly into PowerPoint, Google Slides, or Canva at full resolution without quality loss.

What's Included

- 4K MP4 Video (3840x2160) — 16:9 widescreen
- 8K JPEG Images (7680x4320) — print-ready resolution
- Vertical Video (1080x1920) — optimized for mobile and social
- Square Format (2160x2160) — ideal for social feeds
- Royalty-free license — no attribution required
- Instant download — no waiting, no approval process

Why Stockflow.media

Every clip in this collection was captured using professional-grade microscopy equipment with precise color calibration. Unlike generic stock footage, these assets maintain scientific accuracy while delivering cinematic visual quality — making them suitable for both educational and commercial applications.

Get the Aspergillus Collection

Browse and download: https://stockflow.media/?cat=Microscopic&sub=Food+Fungi&collection=Aspergillus
Full collection details: https://help.stockflow.media/collections/aspergillus/

#stockfootag

#stockfootage #royaltyfree #stockvideo #microscopy #science",How Aspergillus Footage Transforms science communication Projects,https://storage.googleapis.com/stockflow-social/Batch01/Montages/W/Microscopic_Food-Fungi_Aspergillus_W.mp4,Microscopic,Nmediaservices.com,7/30/2026
"How Aspergillus Fungi Footage Transforms science communication Projects

In science communication and documentary filmmaking, the difference between amateur and broadcast-quality output often comes down to one thing: authentic, high-resolution microscopic visuals. Professional-grade microscopy footage is notoriously difficult and expensive to capture independently, requiring specialized equipment and expertise that most production teams simply don't have access to.

About the Aspergillus Fungi Collection

The Aspergillus Fungi collection is part of our Food Fungi library within the Microscopic category. This collection delivers broadcast-ready assets that meet the quality standards of professional productions.

Who Benefits from This Collection

- Documentary filmmakers seeking authentic B-roll for science and nature productions
- Science educators creating engaging lecture content and online courses
- Medical professionals building training materials and patient education resources
- Corporate teams producing pharmaceutical and biotech marketing content
- YouTube creators covering science, biology, and technology topics
- Museum and exhibition designers creating immersive visual displays

Integration into Your Workflow

Import the 4K MP4 files directly into your NLE timeline — Premiere Pro, DaVinci Resolve, or Final Cut Pro. The footage works exceptionally well as B-roll overlays with transparency blending. For presentations and educational materials, the 8K JPEG images drop directly into PowerPoint, Google Slides, or Canva at full resolution without quality loss.

What's Included

- 4K MP4 Video (3840x2160) — 16:9 widescreen
- 8K JPEG Images (7680x4320) — print-ready resolution
- Vertical Video (1080x1920) — optimized for mobile and social
- Square Format (2160x2160) — ideal for social feeds
- Royalty-free license — no attribution required
- Instant download — no waiting, no approval process

Why Stockflow.media

Every clip in this collection was captured using professional-grade microscopy equipment with precise color calibration. Unlike generic stock footage, these assets maintain scientific accuracy while delivering cinematic visual quality — making them suitable for both educational and commercial applications.

Get the Aspergillus Fungi Collection

Browse and download: https://stockflow.media/?cat=Microscopic&sub=Food+Fungi&collection=Aspergillus+Fungi
Full collection details: https://help.stockflow.media/collections/aspergillus-fungi/

#stockfootage #royaltyfree #stockvideo #microscopy #science #biology #documentary #sciencecommunication #contentcreation #videoproduction #4kvideo #aspergillusfungi #foodfungi",How Aspergillus Fungi Footage Transforms science communication Projects,https://storage.googleapis.com/stockflow-social/Batch01/Montages/W/Microscopic_Food-Fungi_Aspergillus-Fungi_W.mp4,Microscopic,Nmediaservices.com,7/31/2026
"How Helix Footage Transforms science communication Projects

In science communication and documentary filmmaking, the difference between amateur and broadcast-quality output often comes down to one thing: authentic, high-resolution microscopic visuals. Professional-grade microscopy footage is notoriously difficult and expensive to capture independently, requiring specialized equipment and expertise that most production teams simply don't have access to.

About the Helix Collection

The Helix collection is part of our Dna library within the Microscopic category. This collection delivers broadcast-ready assets that meet the quality standards of professional productions.

Featured assets include:

- A detailed close-up illustration of a purple DNA double helix with orange base pairs, weaving through a neon blue backdrop, highlighting genetic st...
- Vivid, close-up depiction of a DNA double helix, with purple and teal strands twisting together to reveal the molecular architecture of genetic mat...
- A vivid close-up of a twisting DNA double helix, illuminated in blue and magenta, illustrating genetic structure and the intricate, ladder-like pat...

Who Benefits from This Collection

- Documentary filmmakers seeking authentic B-roll for science and nature productions
- Science educators creating engaging lecture content and online courses
- Medical professionals building training materials and patient education resources
- Corporate teams producing pharmaceutical and biotech marketing content
- YouTube creators covering science, biology, and technology topics
- Museum and exhibition designers creating immersive visual displays

Integration into Your Workflow

Import the 4K MP4 files directly into your NLE timeline — Premiere Pro, DaVinci Resolve, or Final Cut Pro. The footage works exceptionally well as B-roll overlays with transparency blending. For presentations and educational materials, the 8K JPEG images drop directly into PowerPoint, Google Slides, or Canva at full resolution without quality loss.

What's Included

- 4K MP4 Video (3840x2160) — 16:9 widescreen
- 8K JPEG Images (7680x4320) — print-ready resolution
- Vertical Video (1080x1920) — optimized for mobile and social
- Square Format (2160x2160) — ideal for social feeds
- Royalty-free license — no attribution required
- Instant download — no waiting, no approval process

Why Stockflow.media

Every clip in this collection was captured using professional-grade microscopy equipment with precise color calibration. Unlike generic stock footage, these assets maintain scientific accuracy while delivering cinematic visual quality — making them suitable for both educational and commercial applications.

Get the Helix Collection

Browse and download: https://stockflow.media/?cat=Microscopic&sub=Dna&collection=Helix
Full collection details: https://help.stockflow.media/collections/helix/

#stockfootage #royaltyfree #stockvideo #microscopy #science #b

#stockfootage #royaltyfree #stockvideo #microscopy #science",How Helix Footage Transforms science communication Projects,https://storage.googleapis.com/stockflow-social/Batch01/Montages/W/Microscopic_Dna_Helix_W.mp4,Microscopic,Nmediaservices.com,8/1/2026
"How Dna Montage Footage Transforms science communication Projects

In science communication and documentary filmmaking, the difference between amateur and broadcast-quality output often comes down to one thing: authentic, high-resolution microscopic visuals. Professional-grade microscopy footage is notoriously difficult and expensive to capture independently, requiring specialized equipment and expertise that most production teams simply don't have access to.

About the Dna Montage Collection

The Dna Montage collection is part of our Dna library within the Microscopic category. This collection delivers broadcast-ready assets that meet the quality standards of professional productions.

Who Benefits from This Collection

- Documentary filmmakers seeking authentic B-roll for science and nature productions
- Science educators creating engaging lecture content and online courses
- Medical professionals building training materials and patient education resources
- Corporate teams producing pharmaceutical and biotech marketing content
- YouTube creators covering science, biology, and technology topics
- Museum and exhibition designers creating immersive visual displays

Integration into Your Workflow

Import the 4K MP4 files directly into your NLE timeline — Premiere Pro, DaVinci Resolve, or Final Cut Pro. The footage works exceptionally well as B-roll overlays with transparency blending. For presentations and educational materials, the 8K JPEG images drop directly into PowerPoint, Google Slides, or Canva at full resolution without quality loss.

What's Included

- 4K MP4 Video (3840x2160) — 16:9 widescreen
- 8K JPEG Images (7680x4320) — print-ready resolution
- Vertical Video (1080x1920) — optimized for mobile and social
- Square Format (2160x2160) — ideal for social feeds
- Royalty-free license — no attribution required
- Instant download — no waiting, no approval process

Why Stockflow.media

Every clip in this collection was captured using professional-grade microscopy equipment with precise color calibration. Unlike generic stock footage, these assets maintain scientific accuracy while delivering cinematic visual quality — making them suitable for both educational and commercial applications.

Get the Dna Montage Collection

Browse and download: https://stockflow.media/?cat=Microscopic&sub=Dna&collection=Dna+Montage
Full collection details: https://help.stockflow.media/collections/dna-montage/

#stockfootage #royaltyfree #stockvideo #microscopy #science #biology #documentary #sciencecommunication #contentcreation #videoproduction #4kvideo #dnamontage #dna",How Dna Montage Footage Transforms science communication Projects,https://storage.googleapis.com/stockflow-social/Batch01/Montages/W/Microscopic_Dna_Dna-Montage_W.mp4,Microscopic,Nmediaservices.com,8/2/2026
"How Vitiligo Footage Transforms science communication Projects

In science communication and documentary filmmaking, the difference between amateur and broadcast-quality output often comes down to one thing: authentic, high-resolution microscopic visuals. Professional-grade microscopy footage is notoriously difficult and expensive to capture independently, requiring specialized equipment and expertise that most production teams simply don't have access to.

About the Vitiligo Collection

The Vitiligo collection is part of our Dermatopathology library within the Microscopic category. This collection delivers broadcast-ready assets that meet the quality standards of professional productions.

Featured assets include:

- Vitiligo: dermatopathology slide showing loss of epidermal melanocytes and depigmented epidermis.
- Dermatopathology slide of vitiligo in skin.
- Dermatopathology image of vitiligo showing loss of melanocytes with depigmented epidermis and minimal inflammatory infiltrate.

Who Benefits from This Collection

- Documentary filmmakers seeking authentic B-roll for science and nature productions
- Science educators creating engaging lecture content and online courses
- Medical professionals building training materials and patient education resources
- Corporate teams producing pharmaceutical and biotech marketing content
- YouTube creators covering science, biology, and technology topics
- Museum and exhibition designers creating immersive visual displays

Integration into Your Workflow

Import the 4K MP4 files directly into your NLE timeline — Premiere Pro, DaVinci Resolve, or Final Cut Pro. The footage works exceptionally well as B-roll overlays with transparency blending. For presentations and educational materials, the 8K JPEG images drop directly into PowerPoint, Google Slides, or Canva at full resolution without quality loss.

What's Included

- 4K MP4 Video (3840x2160) — 16:9 widescreen
- 8K JPEG Images (7680x4320) — print-ready resolution
- Vertical Video (1080x1920) — optimized for mobile and social
- Square Format (2160x2160) — ideal for social feeds
- Royalty-free license — no attribution required
- Instant download — no waiting, no approval process

Why Stockflow.media

Every clip in this collection was captured using professional-grade microscopy equipment with precise color calibration. Unlike generic stock footage, these assets maintain scientific accuracy while delivering cinematic visual quality — making them suitable for both educational and commercial applications.

Get the Vitiligo Collection

Browse and download: https://stockflow.media/?cat=Microscopic&sub=Dermatopathology&collection=Vitiligo
Full collection details: https://help.stockflow.media/collections/vitiligo/

#stockfootage #royaltyfree #stockvideo #microscopy #science #biology #documentary #sciencecommunication #contentcreation #videoproduction #4kvideo #vitiligo #dermatopathology #histology #skindisease #depigmentation",How Vitiligo Footage Transforms science communication Projects,https://storage.googleapis.com/stockflow-social/Batch01/Montages/W/Microscopic_Dermatopathology_Vitiligo_W.mp4,Microscopic,Nmediaservices.com,8/3/2026
"How Squamous Footage Transforms science communication Projects

In science communication and documentary filmmaking, the difference between amateur and broadcast-quality output often comes down to one thing: authentic, high-resolution microscopic visuals. Professional-grade microscopy footage is notoriously difficult and expensive to capture independently, requiring specialized equipment and expertise that most production teams simply don't have access to.

About the Squamous Collection

The Squamous collection is part of our Dermatopathology library within the Microscopic category. This collection delivers broadcast-ready assets that meet the quality standards of professional productions.

Featured assets include:

- Skin biopsy showing squamous cell pathology with nests and keratinization of polygonal keratinocytes.
- Dermatopathology: squamous cell pathology of skin.
- Dermatopathology: squamous epithelium with keratinization and inflammatory dermal infiltrate.

Who Benefits from This Collection

- Documentary filmmakers seeking authentic B-roll for science and nature productions
- Science educators creating engaging lecture content and online courses
- Medical professionals building training materials and patient education resources
- Corporate teams producing pharmaceutical and biotech marketing content
- YouTube creators covering science, biology, and technology topics
- Museum and exhibition designers creating immersive visual displays

Integration into Your Workflow

Import the 4K MP4 files directly into your NLE timeline — Premiere Pro, DaVinci Resolve, or Final Cut Pro. The footage works exceptionally well as B-roll overlays with transparency blending. For presentations and educational materials, the 8K JPEG images drop directly into PowerPoint, Google Slides, or Canva at full resolution without quality loss.

What's Included

- 4K MP4 Video (3840x2160) — 16:9 widescreen
- 8K JPEG Images (7680x4320) — print-ready resolution
- Vertical Video (1080x1920) — optimized for mobile and social
- Square Format (2160x2160) — ideal for social feeds
- Royalty-free license — no attribution required
- Instant download — no waiting, no approval process

Why Stockflow.media

Every clip in this collection was captured using professional-grade microscopy equipment with precise color calibration. Unlike generic stock footage, these assets maintain scientific accuracy while delivering cinematic visual quality — making them suitable for both educational and commercial applications.

Get the Squamous Collection

Browse and download: https://stockflow.media/?cat=Microscopic&sub=Dermatopathology&collection=Squamous
Full collection details: https://help.stockflow.media/collections/squamous/

#stockfootage #royaltyfree #stockvideo #microscopy #science #biology #documentary #sciencecommunication #contentcreation #videoproduction #4kvideo #squamous #dermatopathology #skinbiopsy #squamouscellpathology #squamouscellcarcinoma #keratinization #keratinocytes",How Squamous Footage Transforms science communication Projects,https://storage.googleapis.com/stockflow-social/Batch01/Montages/W/Microscopic_Dermatopathology_Squamous_W.mp4,Microscopic,Nmediaservices.com,8/4/2026
"How Eczema Footage Transforms science communication Projects

In science communication and documentary filmmaking, the difference between amateur and broadcast-quality output often comes down to one thing: authentic, high-resolution microscopic visuals. Professional-grade microscopy footage is notoriously difficult and expensive to capture independently, requiring specialized equipment and expertise that most production teams simply don't have access to.

About the Eczema Collection

The Eczema collection is part of our Dermatopathology library within the Microscopic category. This collection delivers broadcast-ready assets that meet the quality standards of professional productions.

Featured assets include:

- Microscopic view of eczema (dermatopathology) showing epidermal spongiosis with dermal inflammatory infiltrate including eosinophils.
- H&E image of eczema showing epidermal spongiosis and dermal inflammatory infiltrate.
- Histologic section of eczema in skin showing spongiotic dermatitis with intraepidermal edema and mixed inflammatory infiltrate.

Who Benefits from This Collection

- Documentary filmmakers seeking authentic B-roll for science and nature productions
- Science educators creating engaging lecture content and online courses
- Medical professionals building training materials and patient education resources
- Corporate teams producing pharmaceutical and biotech marketing content
- YouTube creators covering science, biology, and technology topics
- Museum and exhibition designers creating immersive visual displays

Integration into Your Workflow

Import the 4K MP4 files directly into your NLE timeline — Premiere Pro, DaVinci Resolve, or Final Cut Pro. The footage works exceptionally well as B-roll overlays with transparency blending. For presentations and educational materials, the 8K JPEG images drop directly into PowerPoint, Google Slides, or Canva at full resolution without quality loss.

What's Included

- 4K MP4 Video (3840x2160) — 16:9 widescreen
- 8K JPEG Images (7680x4320) — print-ready resolution
- Vertical Video (1080x1920) — optimized for mobile and social
- Square Format (2160x2160) — ideal for social feeds
- Royalty-free license — no attribution required
- Instant download — no waiting, no approval process

Why Stockflow.media

Every clip in this collection was captured using professional-grade microscopy equipment with precise color calibration. Unlike generic stock footage, these assets maintain scientific accuracy while delivering cinematic visual quality — making them suitable for both educational and commercial applications.

Get the Eczema Collection

Browse and download: https://stockflow.media/?cat=Microscopic&sub=Dermatopathology&collection=Eczema
Full collection details: https://help.stockflow.media/collections/eczema/

#stockfootage #royaltyfree #stockvideo #microscopy #science #biology #documentary #sciencecommunication #contentcreation #videoproductio

#stockfootage #royaltyfree #stockvideo #microscopy #science",How Eczema Footage Transforms science communication Projects,https://storage.googleapis.com/stockflow-social/Batch01/Montages/W/Microscopic_Dermatopathology_Eczema_W.mp4,Microscopic,Nmediaservices.com,8/5/2026
"How Dermatopathology Montage Footage Transforms science communication Projects

In science communication and documentary filmmaking, the difference between amateur and broadcast-quality output often comes down to one thing: authentic, high-resolution microscopic visuals. Professional-grade microscopy footage is notoriously difficult and expensive to capture independently, requiring specialized equipment and expertise that most production teams simply don't have access to.

About the Dermatopathology Montage Collection

The Dermatopathology Montage collection is part of our Dermatopathology library within the Microscopic category. This collection delivers broadcast-ready assets that meet the quality standards of professional productions.

Who Benefits from This Collection

- Documentary filmmakers seeking authentic B-roll for science and nature productions
- Science educators creating engaging lecture content and online courses
- Medical professionals building training materials and patient education resources
- Corporate teams producing pharmaceutical and biotech marketing content
- YouTube creators covering science, biology, and technology topics
- Museum and exhibition designers creating immersive visual displays

Integration into Your Workflow

Import the 4K MP4 files directly into your NLE timeline — Premiere Pro, DaVinci Resolve, or Final Cut Pro. The footage works exceptionally well as B-roll overlays with transparency blending. For presentations and educational materials, the 8K JPEG images drop directly into PowerPoint, Google Slides, or Canva at full resolution without quality loss.

What's Included

- 4K MP4 Video (3840x2160) — 16:9 widescreen
- 8K JPEG Images (7680x4320) — print-ready resolution
- Vertical Video (1080x1920) — optimized for mobile and social
- Square Format (2160x2160) — ideal for social feeds
- Royalty-free license — no attribution required
- Instant download — no waiting, no approval process

Why Stockflow.media

Every clip in this collection was captured using professional-grade microscopy equipment with precise color calibration. Unlike generic stock footage, these assets maintain scientific accuracy while delivering cinematic visual quality — making them suitable for both educational and commercial applications.

Get the Dermatopathology Montage Collection

Browse and download: https://stockflow.media/?cat=Microscopic&sub=Dermatopathology&collection=Dermatopathology+Montage
Full collection details: https://help.stockflow.media/collections/dermatopathology-montage/

#stockfootage #royaltyfree #stockvideo #microscopy #science #biology #documentary #sciencecommunication #contentcreation #videoproduction #4kvideo #dermatopathologymontage #dermatopathology",How Dermatopathology Montage Footage Transforms science communication Projects,https://storage.googleapis.com/stockflow-social/Batch01/Montages/W/Microscopic_Dermatopathology_Dermatopathology-Montage_W.mp4,Microscopic,Nmediaservices.com,8/6/2026
"How Basal Footage Transforms science communication Projects

In science communication and documentary filmmaking, the difference between amateur and broadcast-quality output often comes down to one thing: authentic, high-resolution microscopic visuals. Professional-grade microscopy footage is notoriously difficult and expensive to capture independently, requiring specialized equipment and expertise that most production teams simply don't have access to.

About the Basal Collection

The Basal collection is part of our Dermatopathology library within the Microscopic category. This collection delivers broadcast-ready assets that meet the quality standards of professional productions.

Featured assets include:

- Dermatopathology skin biopsy showing sebaceous gland units with basal keratinocytes in a fibrous dermal stroma.
- Dermatopathology skin histology showing eccrine sweat glands in the dermis with ductal structures and surrounding connective tissue.
- Dermatopathology image of human skin showing features consistent with basal cell carcinoma in the dermis.

Who Benefits from This Collection

- Documentary filmmakers seeking authentic B-roll for science and nature productions
- Science educators creating engaging lecture content and online courses
- Medical professionals building training materials and patient education resources
- Corporate teams producing pharmaceutical and biotech marketing content
- YouTube creators covering science, biology, and technology topics
- Museum and exhibition designers creating immersive visual displays

Integration into Your Workflow

Import the 4K MP4 files directly into your NLE timeline — Premiere Pro, DaVinci Resolve, or Final Cut Pro. The footage works exceptionally well as B-roll overlays with transparency blending. For presentations and educational materials, the 8K JPEG images drop directly into PowerPoint, Google Slides, or Canva at full resolution without quality loss.

What's Included

- 4K MP4 Video (3840x2160) — 16:9 widescreen
- 8K JPEG Images (7680x4320) — print-ready resolution
- Vertical Video (1080x1920) — optimized for mobile and social
- Square Format (2160x2160) — ideal for social feeds
- Royalty-free license — no attribution required
- Instant download — no waiting, no approval process

Why Stockflow.media

Every clip in this collection was captured using professional-grade microscopy equipment with precise color calibration. Unlike generic stock footage, these assets maintain scientific accuracy while delivering cinematic visual quality — making them suitable for both educational and commercial applications.

Get the Basal Collection

Browse and download: https://stockflow.media/?cat=Microscopic&sub=Dermatopathology&collection=Basal
Full collection details: https://help.stockflow.media/collections/basal/

#stockfootage #royaltyfree #stockvideo #microscopy #science #biology #documentary #sciencecommunication #contentcreation #videoproduction 

#stockfootage #royaltyfree #stockvideo #microscopy #science",How Basal Footage Transforms science communication Projects,https://storage.googleapis.com/stockflow-social/Batch01/Montages/W/Microscopic_Dermatopathology_Basal_W.mp4,Microscopic,Nmediaservices.com,8/7/2026
"How Plant Cell Footage Transforms science communication Projects

In science communication and documentary filmmaking, the difference between amateur and broadcast-quality output often comes down to one thing: authentic, high-resolution microscopic visuals. Professional-grade microscopy footage is notoriously difficult and expensive to capture independently, requiring specialized equipment and expertise that most production teams simply don't have access to.

About the Plant Cell Collection

The Plant Cell collection is part of our Cross Section library within the Microscopic category. This collection delivers broadcast-ready assets that meet the quality standards of professional productions.

Featured assets include:

- Cross-section of a plant cell revealing internal organelles, including a large central vacuole, chloroplast-like structures, mitochondria, and dens...
- Cross section of a plant cell with visible organelles and structured cell wall in a green rendering.
- Cross-section of a plant tissue showing cells and internal organelles.

Who Benefits from This Collection

- Documentary filmmakers seeking authentic B-roll for science and nature productions
- Science educators creating engaging lecture content and online courses
- Medical professionals building training materials and patient education resources
- Corporate teams producing pharmaceutical and biotech marketing content
- YouTube creators covering science, biology, and technology topics
- Museum and exhibition designers creating immersive visual displays

Integration into Your Workflow

Import the 4K MP4 files directly into your NLE timeline — Premiere Pro, DaVinci Resolve, or Final Cut Pro. The footage works exceptionally well as B-roll overlays with transparency blending. For presentations and educational materials, the 8K JPEG images drop directly into PowerPoint, Google Slides, or Canva at full resolution without quality loss.

What's Included

- 4K MP4 Video (3840x2160) — 16:9 widescreen
- 8K JPEG Images (7680x4320) — print-ready resolution
- Vertical Video (1080x1920) — optimized for mobile and social
- Square Format (2160x2160) — ideal for social feeds
- Royalty-free license — no attribution required
- Instant download — no waiting, no approval process

Why Stockflow.media

Every clip in this collection was captured using professional-grade microscopy equipment with precise color calibration. Unlike generic stock footage, these assets maintain scientific accuracy while delivering cinematic visual quality — making them suitable for both educational and commercial applications.

Get the Plant Cell Collection

Browse and download: https://stockflow.media/?cat=Microscopic&sub=Cross+Section&collection=Plant+Cell
Full collection details: https://help.stockflow.media/collections/plant-cell/

#stockfootage #royaltyfree #stockvideo #microscopy #science #biology #documentary #sciencecommunication #contentcreation #videoproduction #4kv

#stockfootage #royaltyfree #stockvideo #microscopy #science",How Plant Cell Footage Transforms science communication Projects,https://storage.googleapis.com/stockflow-social/Batch01/Montages/W/Microscopic_Cross-Section_Plant-Cell_W.mp4,Microscopic,Nmediaservices.com,8/8/2026
"How Cross Section Montage Footage Transforms science communication Projects

In science communication and documentary filmmaking, the difference between amateur and broadcast-quality output often comes down to one thing: authentic, high-resolution microscopic visuals. Professional-grade microscopy footage is notoriously difficult and expensive to capture independently, requiring specialized equipment and expertise that most production teams simply don't have access to.

About the Cross Section Montage Collection

The Cross Section Montage collection is part of our Cross Section library within the Microscopic category. This collection delivers broadcast-ready assets that meet the quality standards of professional productions.

Who Benefits from This Collection

- Documentary filmmakers seeking authentic B-roll for science and nature productions
- Science educators creating engaging lecture content and online courses
- Medical professionals building training materials and patient education resources
- Corporate teams producing pharmaceutical and biotech marketing content
- YouTube creators covering science, biology, and technology topics
- Museum and exhibition designers creating immersive visual displays

Integration into Your Workflow

Import the 4K MP4 files directly into your NLE timeline — Premiere Pro, DaVinci Resolve, or Final Cut Pro. The footage works exceptionally well as B-roll overlays with transparency blending. For presentations and educational materials, the 8K JPEG images drop directly into PowerPoint, Google Slides, or Canva at full resolution without quality loss.

What's Included

- 4K MP4 Video (3840x2160) — 16:9 widescreen
- 8K JPEG Images (7680x4320) — print-ready resolution
- Vertical Video (1080x1920) — optimized for mobile and social
- Square Format (2160x2160) — ideal for social feeds
- Royalty-free license — no attribution required
- Instant download — no waiting, no approval process

Why Stockflow.media

Every clip in this collection was captured using professional-grade microscopy equipment with precise color calibration. Unlike generic stock footage, these assets maintain scientific accuracy while delivering cinematic visual quality — making them suitable for both educational and commercial applications.

Get the Cross Section Montage Collection

Browse and download: https://stockflow.media/?cat=Microscopic&sub=Cross+Section&collection=Cross+Section+Montage
Full collection details: https://help.stockflow.media/collections/cross-section-montage/

#stockfootage #royaltyfree #stockvideo #microscopy #science #biology #documentary #sciencecommunication #contentcreation #videoproduction #4kvideo #crosssectionmontage #crosssection",How Cross Section Montage Footage Transforms science communication Projects,https://storage.googleapis.com/stockflow-social/Batch01/Montages/W/Microscopic_Cross-Section_Cross-Section-Montage_W.mp4,Microscopic,Nmediaservices.com,8/9/2026
"How Red And White Blood Cells Footage Transforms science communication Projects

In science communication and documentary filmmaking, the difference between amateur and broadcast-quality output often comes down to one thing: authentic, high-resolution microscopic visuals. Professional-grade microscopy footage is notoriously difficult and expensive to capture independently, requiring specialized equipment and expertise that most production teams simply don't have access to.

About the Red And White Blood Cells Collection

The Red And White Blood Cells collection is part of our Cellular library within the Microscopic category. This collection delivers broadcast-ready assets that meet the quality standards of professional productions.

Who Benefits from This Collection

- Documentary filmmakers seeking authentic B-roll for science and nature productions
- Science educators creating engaging lecture content and online courses
- Medical professionals building training materials and patient education resources
- Corporate teams producing pharmaceutical and biotech marketing content
- YouTube creators covering science, biology, and technology topics
- Museum and exhibition designers creating immersive visual displays

Integration into Your Workflow

Import the 4K MP4 files directly into your NLE timeline — Premiere Pro, DaVinci Resolve, or Final Cut Pro. The footage works exceptionally well as B-roll overlays with transparency blending. For presentations and educational materials, the 8K JPEG images drop directly into PowerPoint, Google Slides, or Canva at full resolution without quality loss.

What's Included

- 4K MP4 Video (3840x2160) — 16:9 widescreen
- 8K JPEG Images (7680x4320) — print-ready resolution
- Vertical Video (1080x1920) — optimized for mobile and social
- Square Format (2160x2160) — ideal for social feeds
- Royalty-free license — no attribution required
- Instant download — no waiting, no approval process

Why Stockflow.media

Every clip in this collection was captured using professional-grade microscopy equipment with precise color calibration. Unlike generic stock footage, these assets maintain scientific accuracy while delivering cinematic visual quality — making them suitable for both educational and commercial applications.

Get the Red And White Blood Cells Collection

Browse and download: https://stockflow.media/?cat=Microscopic&sub=Cellular&collection=Red+And+White+Blood+Cells
Full collection details: https://help.stockflow.media/collections/red-and-white-blood-cells/

#stockfootage #royaltyfree #stockvideo #microscopy #science #biology #documentary #sciencecommunication #contentcreation #videoproduction #4kvideo #redandwhitebloodcells #cellular",How Red And White Blood Cells Footage Transforms science communication Projects,https://storage.googleapis.com/stockflow-social/Batch01/Montages/W/Microscopic_Cellular_Red-And-White-Blood-Cells_W.mp4,Microscopic,Nmediaservices.com,8/10/2026
"How Ribosomes Footage Transforms science communication Projects

In science communication and documentary filmmaking, the difference between amateur and broadcast-quality output often comes down to one thing: authentic, high-resolution microscopic visuals. Professional-grade microscopy footage is notoriously difficult and expensive to capture independently, requiring specialized equipment and expertise that most production teams simply don't have access to.

About the Ribosomes Collection

The Ribosomes collection is part of our Cellular library within the Microscopic category. This collection delivers broadcast-ready assets that meet the quality standards of professional productions.

Featured assets include:

- A vibrant 3D rendering of a cellular membrane with embedded proteins and ribosomes, illustrating dynamic protein synthesis and transport processes ...
- A detailed 3D rendering of a cellular membrane showing ribosomes and molecular machinery at the surface, illustrating protein synthesis and intrace...
- A vivid artistic depiction of a cell membrane with blue and orange protein complexes, ribosomes and molecular machinery embedded in the lipid bilay...

Who Benefits from This Collection

- Documentary filmmakers seeking authentic B-roll for science and nature productions
- Science educators creating engaging lecture content and online courses
- Medical professionals building training materials and patient education resources
- Corporate teams producing pharmaceutical and biotech marketing content
- YouTube creators covering science, biology, and technology topics
- Museum and exhibition designers creating immersive visual displays

Integration into Your Workflow

Import the 4K MP4 files directly into your NLE timeline — Premiere Pro, DaVinci Resolve, or Final Cut Pro. The footage works exceptionally well as B-roll overlays with transparency blending. For presentations and educational materials, the 8K JPEG images drop directly into PowerPoint, Google Slides, or Canva at full resolution without quality loss.

What's Included

- 4K MP4 Video (3840x2160) — 16:9 widescreen
- 8K JPEG Images (7680x4320) — print-ready resolution
- Vertical Video (1080x1920) — optimized for mobile and social
- Square Format (2160x2160) — ideal for social feeds
- Royalty-free license — no attribution required
- Instant download — no waiting, no approval process

Why Stockflow.media

Every clip in this collection was captured using professional-grade microscopy equipment with precise color calibration. Unlike generic stock footage, these assets maintain scientific accuracy while delivering cinematic visual quality — making them suitable for both educational and commercial applications.

Get the Ribosomes Collection

Browse and download: https://stockflow.media/?cat=Microscopic&sub=Cellular&collection=Ribosomes
Full collection details: https://help.stockflow.media/collections/ribosomes/

#stockfootage #royaltyfree #

#stockfootage #royaltyfree #stockvideo #microscopy #science",How Ribosomes Footage Transforms science communication Projects,https://storage.googleapis.com/stockflow-social/Batch01/Montages/W/Microscopic_Cellular_Ribosomes_W.mp4,Microscopic,Nmediaservices.com,8/11/2026
"How Planktonic Footage Transforms science communication Projects

In science communication and documentary filmmaking, the difference between amateur and broadcast-quality output often comes down to one thing: authentic, high-resolution microscopic visuals. Professional-grade microscopy footage is notoriously difficult and expensive to capture independently, requiring specialized equipment and expertise that most production teams simply don't have access to.

About the Planktonic Collection

The Planktonic collection is part of our Cellular library within the Microscopic category. This collection delivers broadcast-ready assets that meet the quality standards of professional productions.

Featured assets include:

- Color-enhanced view of a transparent planktonic organism with long, delicate appendages.
- Color-enhanced view of planktonic biological creatures
- Color-enhanced micrograph of a planktonic organism with glowing internal structures.

Who Benefits from This Collection

- Documentary filmmakers seeking authentic B-roll for science and nature productions
- Science educators creating engaging lecture content and online courses
- Medical professionals building training materials and patient education resources
- Corporate teams producing pharmaceutical and biotech marketing content
- YouTube creators covering science, biology, and technology topics
- Museum and exhibition designers creating immersive visual displays

Integration into Your Workflow

Import the 4K MP4 files directly into your NLE timeline — Premiere Pro, DaVinci Resolve, or Final Cut Pro. The footage works exceptionally well as B-roll overlays with transparency blending. For presentations and educational materials, the 8K JPEG images drop directly into PowerPoint, Google Slides, or Canva at full resolution without quality loss.

What's Included

- 4K MP4 Video (3840x2160) — 16:9 widescreen
- 8K JPEG Images (7680x4320) — print-ready resolution
- Vertical Video (1080x1920) — optimized for mobile and social
- Square Format (2160x2160) — ideal for social feeds
- Royalty-free license — no attribution required
- Instant download — no waiting, no approval process

Why Stockflow.media

Every clip in this collection was captured using professional-grade microscopy equipment with precise color calibration. Unlike generic stock footage, these assets maintain scientific accuracy while delivering cinematic visual quality — making them suitable for both educational and commercial applications.

Get the Planktonic Collection

Browse and download: https://stockflow.media/?cat=Microscopic&sub=Cellular&collection=Planktonic
Full collection details: https://help.stockflow.media/collections/planktonic/

#stockfootage #royaltyfree #stockvideo #microscopy #science #biology #documentary #sciencecommunication #contentcreation #videoproduction #4kvideo #planktonic #cellular #plankton #transparent #colorenhanced #organism",How Planktonic Footage Transforms science communication Projects,https://storage.googleapis.com/stockflow-social/Batch01/Montages/W/Microscopic_Cellular_Planktonic_W.mp4,Microscopic,Nmediaservices.com,8/12/2026
"How Mitochondria Footage Transforms science communication Projects

In science communication and documentary filmmaking, the difference between amateur and broadcast-quality output often comes down to one thing: authentic, high-resolution microscopic visuals. Professional-grade microscopy footage is notoriously difficult and expensive to capture independently, requiring specialized equipment and expertise that most production teams simply don't have access to.

About the Mitochondria Collection

The Mitochondria collection is part of our Cellular library within the Microscopic category. This collection delivers broadcast-ready assets that meet the quality standards of professional productions.

Featured assets include:

- Close-up of a mitochondrion, showing its tubular structure with folded inner membrane and a glowing interior.
- Close-up cellular illustration of a mitochondrion with tightly folded inner membranes and a glowing energetic matrix speckled with particles
- A detailed 3D rendering of a mitochondrion with its folded inner membrane.

Who Benefits from This Collection

- Documentary filmmakers seeking authentic B-roll for science and nature productions
- Science educators creating engaging lecture content and online courses
- Medical professionals building training materials and patient education resources
- Corporate teams producing pharmaceutical and biotech marketing content
- YouTube creators covering science, biology, and technology topics
- Museum and exhibition designers creating immersive visual displays

Integration into Your Workflow

Import the 4K MP4 files directly into your NLE timeline — Premiere Pro, DaVinci Resolve, or Final Cut Pro. The footage works exceptionally well as B-roll overlays with transparency blending. For presentations and educational materials, the 8K JPEG images drop directly into PowerPoint, Google Slides, or Canva at full resolution without quality loss.

What's Included

- 4K MP4 Video (3840x2160) — 16:9 widescreen
- 8K JPEG Images (7680x4320) — print-ready resolution
- Vertical Video (1080x1920) — optimized for mobile and social
- Square Format (2160x2160) — ideal for social feeds
- Royalty-free license — no attribution required
- Instant download — no waiting, no approval process

Why Stockflow.media

Every clip in this collection was captured using professional-grade microscopy equipment with precise color calibration. Unlike generic stock footage, these assets maintain scientific accuracy while delivering cinematic visual quality — making them suitable for both educational and commercial applications.

Get the Mitochondria Collection

Browse and download: https://stockflow.media/?cat=Microscopic&sub=Cellular&collection=Mitochondria
Full collection details: https://help.stockflow.media/collections/mitochondria/

#stockfootage #royaltyfree #stockvideo #microscopy #science #biology #documentary #sciencecommunication #contentcreation #videoproduction

#stockfootage #royaltyfree #stockvideo #microscopy #science",How Mitochondria Footage Transforms science communication Projects,https://storage.googleapis.com/stockflow-social/Batch01/Montages/W/Microscopic_Cellular_Mitochondria_W.mp4,Microscopic,Nmediaservices.com,8/13/2026
"How Lysosomes Footage Transforms science communication Projects

In science communication and documentary filmmaking, the difference between amateur and broadcast-quality output often comes down to one thing: authentic, high-resolution microscopic visuals. Professional-grade microscopy footage is notoriously difficult and expensive to capture independently, requiring specialized equipment and expertise that most production teams simply don't have access to.

About the Lysosomes Collection

The Lysosomes collection is part of our Cellular library within the Microscopic category. This collection delivers broadcast-ready assets that meet the quality standards of professional productions.

Featured assets include:

- A detailed micro view of a cell interior highlighting the lysosome and surrounding organelles, showcasing the dynamic, colorful cellular machinery ...
- A vivid, close-up illustration of internal cell structures, featuring purple mitochondria and green endoplasmic reticulum, surrounded by a blue mem...

Who Benefits from This Collection

- Documentary filmmakers seeking authentic B-roll for science and nature productions
- Science educators creating engaging lecture content and online courses
- Medical professionals building training materials and patient education resources
- Corporate teams producing pharmaceutical and biotech marketing content
- YouTube creators covering science, biology, and technology topics
- Museum and exhibition designers creating immersive visual displays

Integration into Your Workflow

Import the 4K MP4 files directly into your NLE timeline — Premiere Pro, DaVinci Resolve, or Final Cut Pro. The footage works exceptionally well as B-roll overlays with transparency blending. For presentations and educational materials, the 8K JPEG images drop directly into PowerPoint, Google Slides, or Canva at full resolution without quality loss.

What's Included

- 4K MP4 Video (3840x2160) — 16:9 widescreen
- 8K JPEG Images (7680x4320) — print-ready resolution
- Vertical Video (1080x1920) — optimized for mobile and social
- Square Format (2160x2160) — ideal for social feeds
- Royalty-free license — no attribution required
- Instant download — no waiting, no approval process

Why Stockflow.media

Every clip in this collection was captured using professional-grade microscopy equipment with precise color calibration. Unlike generic stock footage, these assets maintain scientific accuracy while delivering cinematic visual quality — making them suitable for both educational and commercial applications.

Get the Lysosomes Collection

Browse and download: https://stockflow.media/?cat=Microscopic&sub=Cellular&collection=Lysosomes
Full collection details: https://help.stockflow.media/collections/lysosomes/

#stockfootage #royaltyfree #stockvideo #microscopy #science #biology #documentary #sciencecommunication #contentcreation #videoproduction #4kvideo #lysosomes #cellular #cellinterior #lysosome #organelles #microview #cellbiology",How Lysosomes Footage Transforms science communication Projects,https://storage.googleapis.com/stockflow-social/Batch01/Montages/W/Microscopic_Cellular_Lysosomes_W.mp4,Microscopic,Nmediaservices.com,8/14/2026
"How Intracellular Footage Transforms science communication Projects

In science communication and documentary filmmaking, the difference between amateur and broadcast-quality output often comes down to one thing: authentic, high-resolution microscopic visuals. Professional-grade microscopy footage is notoriously difficult and expensive to capture independently, requiring specialized equipment and expertise that most production teams simply don't have access to.

About the Intracellular Collection

The Intracellular collection is part of our Cellular library within the Microscopic category. This collection delivers broadcast-ready assets that meet the quality standards of professional productions.

Featured assets include:

- A microscopic view of an intracellular environment featuring a green, rod-shaped organelle with stacked internal membranes and a blue nucleus, surr...
- Intracellular scene: a mitochondrion-like organelle filled with blue vesicles inside a green cellular environment.
- Intracellular scene of colorful biological creatures and organelles inside a cell.

Who Benefits from This Collection

- Documentary filmmakers seeking authentic B-roll for science and nature productions
- Science educators creating engaging lecture content and online courses
- Medical professionals building training materials and patient education resources
- Corporate teams producing pharmaceutical and biotech marketing content
- YouTube creators covering science, biology, and technology topics
- Museum and exhibition designers creating immersive visual displays

Integration into Your Workflow

Import the 4K MP4 files directly into your NLE timeline — Premiere Pro, DaVinci Resolve, or Final Cut Pro. The footage works exceptionally well as B-roll overlays with transparency blending. For presentations and educational materials, the 8K JPEG images drop directly into PowerPoint, Google Slides, or Canva at full resolution without quality loss.

What's Included

- 4K MP4 Video (3840x2160) — 16:9 widescreen
- 8K JPEG Images (7680x4320) — print-ready resolution
- Vertical Video (1080x1920) — optimized for mobile and social
- Square Format (2160x2160) — ideal for social feeds
- Royalty-free license — no attribution required
- Instant download — no waiting, no approval process

Why Stockflow.media

Every clip in this collection was captured using professional-grade microscopy equipment with precise color calibration. Unlike generic stock footage, these assets maintain scientific accuracy while delivering cinematic visual quality — making them suitable for both educational and commercial applications.

Get the Intracellular Collection

Browse and download: https://stockflow.media/?cat=Microscopic&sub=Cellular&collection=Intracellular
Full collection details: https://help.stockflow.media/collections/intracellular/

#stockfootage #royaltyfree #stockvideo #microscopy #science #biology #documentary #sciencecommunication #con

#stockfootage #royaltyfree #stockvideo #microscopy #science",How Intracellular Footage Transforms science communication Projects,https://storage.googleapis.com/stockflow-social/Batch01/Montages/W/Microscopic_Cellular_Intracellular_W.mp4,Microscopic,Nmediaservices.com,8/15/2026
"How Eukaryotic Cell Under Footage Transforms science communication Projects

In science communication and documentary filmmaking, the difference between amateur and broadcast-quality output often comes down to one thing: authentic, high-resolution microscopic visuals. Professional-grade microscopy footage is notoriously difficult and expensive to capture independently, requiring specialized equipment and expertise that most production teams simply don't have access to.

About the Eukaryotic Cell Under Collection

The Eukaryotic Cell Under collection is part of our Cellular library within the Microscopic category. This collection delivers broadcast-ready assets that meet the quality standards of professional productions.

Who Benefits from This Collection

- Documentary filmmakers seeking authentic B-roll for science and nature productions
- Science educators creating engaging lecture content and online courses
- Medical professionals building training materials and patient education resources
- Corporate teams producing pharmaceutical and biotech marketing content
- YouTube creators covering science, biology, and technology topics
- Museum and exhibition designers creating immersive visual displays

Integration into Your Workflow

Import the 4K MP4 files directly into your NLE timeline — Premiere Pro, DaVinci Resolve, or Final Cut Pro. The footage works exceptionally well as B-roll overlays with transparency blending. For presentations and educational materials, the 8K JPEG images drop directly into PowerPoint, Google Slides, or Canva at full resolution without quality loss.

What's Included

- 4K MP4 Video (3840x2160) — 16:9 widescreen
- 8K JPEG Images (7680x4320) — print-ready resolution
- Vertical Video (1080x1920) — optimized for mobile and social
- Square Format (2160x2160) — ideal for social feeds
- Royalty-free license — no attribution required
- Instant download — no waiting, no approval process

Why Stockflow.media

Every clip in this collection was captured using professional-grade microscopy equipment with precise color calibration. Unlike generic stock footage, these assets maintain scientific accuracy while delivering cinematic visual quality — making them suitable for both educational and commercial applications.

Get the Eukaryotic Cell Under Collection

Browse and download: https://stockflow.media/?cat=Microscopic&sub=Cellular&collection=Eukaryotic+Cell+Under
Full collection details: https://help.stockflow.media/collections/eukaryotic-cell-under/

#stockfootage #royaltyfree #stockvideo #microscopy #science #biology #documentary #sciencecommunication #contentcreation #videoproduction #4kvideo #eukaryoticcellunder #cellular",How Eukaryotic Cell Under Footage Transforms science communication Projects,https://storage.googleapis.com/stockflow-social/Batch01/Montages/W/Microscopic_Cellular_Eukaryotic-Cell-Under_W.mp4,Microscopic,Nmediaservices.com,8/16/2026
"How Ciliated Footage Transforms science communication Projects

In science communication and documentary filmmaking, the difference between amateur and broadcast-quality output often comes down to one thing: authentic, high-resolution microscopic visuals. Professional-grade microscopy footage is notoriously difficult and expensive to capture independently, requiring specialized equipment and expertise that most production teams simply don't have access to.

About the Ciliated Collection

The Ciliated collection is part of our Cellular library within the Microscopic category. This collection delivers broadcast-ready assets that meet the quality standards of professional productions.

Featured assets include:

- A highly magnified view of a ciliated epithelial surface, showing numerous hairlike projections and scattered secretory cells within a pink-stained...
- Close-up of a ciliated epithelial surface, revealing dense, hair-like cilia and layered cellular structure with numerous nuclei and secretory cells...

Who Benefits from This Collection

- Documentary filmmakers seeking authentic B-roll for science and nature productions
- Science educators creating engaging lecture content and online courses
- Medical professionals building training materials and patient education resources
- Corporate teams producing pharmaceutical and biotech marketing content
- YouTube creators covering science, biology, and technology topics
- Museum and exhibition designers creating immersive visual displays

Integration into Your Workflow

Import the 4K MP4 files directly into your NLE timeline — Premiere Pro, DaVinci Resolve, or Final Cut Pro. The footage works exceptionally well as B-roll overlays with transparency blending. For presentations and educational materials, the 8K JPEG images drop directly into PowerPoint, Google Slides, or Canva at full resolution without quality loss.

What's Included

- 4K MP4 Video (3840x2160) — 16:9 widescreen
- 8K JPEG Images (7680x4320) — print-ready resolution
- Vertical Video (1080x1920) — optimized for mobile and social
- Square Format (2160x2160) — ideal for social feeds
- Royalty-free license — no attribution required
- Instant download — no waiting, no approval process

Why Stockflow.media

Every clip in this collection was captured using professional-grade microscopy equipment with precise color calibration. Unlike generic stock footage, these assets maintain scientific accuracy while delivering cinematic visual quality — making them suitable for both educational and commercial applications.

Get the Ciliated Collection

Browse and download: https://stockflow.media/?cat=Microscopic&sub=Cellular&collection=Ciliated
Full collection details: https://help.stockflow.media/collections/ciliated/

#stockfootage #royaltyfree #stockvideo #microscopy #science #biology #documentary #sciencecommunication #contentcreation #videoproduction #4kvideo #ciliated #cellular #ciliatedepithelium #cilia #epithelialtissue #histology",How Ciliated Footage Transforms science communication Projects,https://storage.googleapis.com/stockflow-social/Batch01/Montages/W/Microscopic_Cellular_Ciliated_W.mp4,Microscopic,Nmediaservices.com,8/17/2026
"How Cellular Montage Footage Transforms science communication Projects

In science communication and documentary filmmaking, the difference between amateur and broadcast-quality output often comes down to one thing: authentic, high-resolution microscopic visuals. Professional-grade microscopy footage is notoriously difficult and expensive to capture independently, requiring specialized equipment and expertise that most production teams simply don't have access to.

About the Cellular Montage Collection

The Cellular Montage collection is part of our Cellular library within the Microscopic category. This collection delivers broadcast-ready assets that meet the quality standards of professional productions.

Who Benefits from This Collection

- Documentary filmmakers seeking authentic B-roll for science and nature productions
- Science educators creating engaging lecture content and online courses
- Medical professionals building training materials and patient education resources
- Corporate teams producing pharmaceutical and biotech marketing content
- YouTube creators covering science, biology, and technology topics
- Museum and exhibition designers creating immersive visual displays

Integration into Your Workflow

Import the 4K MP4 files directly into your NLE timeline — Premiere Pro, DaVinci Resolve, or Final Cut Pro. The footage works exceptionally well as B-roll overlays with transparency blending. For presentations and educational materials, the 8K JPEG images drop directly into PowerPoint, Google Slides, or Canva at full resolution without quality loss.

What's Included

- 4K MP4 Video (3840x2160) — 16:9 widescreen
- 8K JPEG Images (7680x4320) — print-ready resolution
- Vertical Video (1080x1920) — optimized for mobile and social
- Square Format (2160x2160) — ideal for social feeds
- Royalty-free license — no attribution required
- Instant download — no waiting, no approval process

Why Stockflow.media

Every clip in this collection was captured using professional-grade microscopy equipment with precise color calibration. Unlike generic stock footage, these assets maintain scientific accuracy while delivering cinematic visual quality — making them suitable for both educational and commercial applications.

Get the Cellular Montage Collection

Browse and download: https://stockflow.media/?cat=Microscopic&sub=Cellular&collection=Cellular+Montage
Full collection details: https://help.stockflow.media/collections/cellular-montage/

#stockfootage #royaltyfree #stockvideo #microscopy #science #biology #documentary #sciencecommunication #contentcreation #videoproduction #4kvideo #cellularmontage #cellular",How Cellular Montage Footage Transforms science communication Projects,https://storage.googleapis.com/stockflow-social/Batch01/Montages/W/Microscopic_Cellular_Cellular-Montage_W.mp4,Microscopic,Nmediaservices.com,8/18/2026
"How Cellular Footage Transforms science communication Projects

In science communication and documentary filmmaking, the difference between amateur and broadcast-quality output often comes down to one thing: authentic, high-resolution microscopic visuals. Professional-grade microscopy footage is notoriously difficult and expensive to capture independently, requiring specialized equipment and expertise that most production teams simply don't have access to.

About the Cellular Collection

The Cellular collection is part of our Cellular library within the Microscopic category. This collection delivers broadcast-ready assets that meet the quality standards of professional productions.

Featured assets include:

- Fluorescent micrograph of two adjacent cells showing a green cytoskeleton and membrane, red filamentous networks, and blue nuclei.
- Fluorescence micrograph of a cultured cell showing green membrane/cytoskeleton, red actin fibers, and blue nuclei.
- False-colored microscopic cross-section of ciliated epithelial cells, showing a row of hairlike cilia above rounded cells with prominent nuclei.

Who Benefits from This Collection

- Documentary filmmakers seeking authentic B-roll for science and nature productions
- Science educators creating engaging lecture content and online courses
- Medical professionals building training materials and patient education resources
- Corporate teams producing pharmaceutical and biotech marketing content
- YouTube creators covering science, biology, and technology topics
- Museum and exhibition designers creating immersive visual displays

Integration into Your Workflow

Import the 4K MP4 files directly into your NLE timeline — Premiere Pro, DaVinci Resolve, or Final Cut Pro. The footage works exceptionally well as B-roll overlays with transparency blending. For presentations and educational materials, the 8K JPEG images drop directly into PowerPoint, Google Slides, or Canva at full resolution without quality loss.

What's Included

- 4K MP4 Video (3840x2160) — 16:9 widescreen
- 8K JPEG Images (7680x4320) — print-ready resolution
- Vertical Video (1080x1920) — optimized for mobile and social
- Square Format (2160x2160) — ideal for social feeds
- Royalty-free license — no attribution required
- Instant download — no waiting, no approval process

Why Stockflow.media

Every clip in this collection was captured using professional-grade microscopy equipment with precise color calibration. Unlike generic stock footage, these assets maintain scientific accuracy while delivering cinematic visual quality — making them suitable for both educational and commercial applications.

Get the Cellular Collection

Browse and download: https://stockflow.media/?cat=Microscopic&sub=Cellular&collection=Cellular
Full collection details: https://help.stockflow.media/collections/cellular/

#stockfootage #royaltyfree #stockvideo #microscopy #science #biology #documentary #sciencecommun

#stockfootage #royaltyfree #stockvideo #microscopy #science",How Cellular Footage Transforms science communication Projects,https://storage.googleapis.com/stockflow-social/Batch01/Montages/W/Microscopic_Cellular_Cellular_W.mp4,Microscopic,Nmediaservices.com,8/19/2026
"How Vs Healthy Cells Footage Transforms science communication Projects

In science communication and documentary filmmaking, the difference between amateur and broadcast-quality output often comes down to one thing: authentic, high-resolution microscopic visuals. Professional-grade microscopy footage is notoriously difficult and expensive to capture independently, requiring specialized equipment and expertise that most production teams simply don't have access to.

About the Vs Healthy Cells Collection

The Vs Healthy Cells collection is part of our Cancer Cell library within the Microscopic category. This collection delivers broadcast-ready assets that meet the quality standards of professional productions.

Featured assets include:

- Micrograph comparison shows healthy pink cells contrasted with invasive cancer cells, highlighting structural differences, mitotic activity, and th...
- A micrographic comparison showing cancer cells (left) and healthy cells (right) at the micro level, highlighting cellular structure, division, and ...

Who Benefits from This Collection

- Documentary filmmakers seeking authentic B-roll for science and nature productions
- Science educators creating engaging lecture content and online courses
- Medical professionals building training materials and patient education resources
- Corporate teams producing pharmaceutical and biotech marketing content
- YouTube creators covering science, biology, and technology topics
- Museum and exhibition designers creating immersive visual displays

Integration into Your Workflow

Import the 4K MP4 files directly into your NLE timeline — Premiere Pro, DaVinci Resolve, or Final Cut Pro. The footage works exceptionally well as B-roll overlays with transparency blending. For presentations and educational materials, the 8K JPEG images drop directly into PowerPoint, Google Slides, or Canva at full resolution without quality loss.

What's Included

- 4K MP4 Video (3840x2160) — 16:9 widescreen
- 8K JPEG Images (7680x4320) — print-ready resolution
- Vertical Video (1080x1920) — optimized for mobile and social
- Square Format (2160x2160) — ideal for social feeds
- Royalty-free license — no attribution required
- Instant download — no waiting, no approval process

Why Stockflow.media

Every clip in this collection was captured using professional-grade microscopy equipment with precise color calibration. Unlike generic stock footage, these assets maintain scientific accuracy while delivering cinematic visual quality — making them suitable for both educational and commercial applications.

Get the Vs Healthy Cells Collection

Browse and download: https://stockflow.media/?cat=Microscopic&sub=Cancer+Cell&collection=Vs+Healthy+Cells
Full collection details: https://help.stockflow.media/collections/vs-healthy-cells/

#stockfootage #royaltyfree #stockvideo #microscopy #science #biology #documentary #sciencecommunication #contentcreation #videoproduc

#stockfootage #royaltyfree #stockvideo #microscopy #science",How Vs Healthy Cells Footage Transforms science communication Projects,https://storage.googleapis.com/stockflow-social/Batch01/Montages/W/Microscopic_Cancer-Cell_Vs-Healthy-Cells_W.mp4,Microscopic,Nmediaservices.com,8/20/2026
"How Brain Tissue Footage Transforms science communication Projects

In science communication and documentary filmmaking, the difference between amateur and broadcast-quality output often comes down to one thing: authentic, high-resolution microscopic visuals. Professional-grade microscopy footage is notoriously difficult and expensive to capture independently, requiring specialized equipment and expertise that most production teams simply don't have access to.

About the Brain Tissue Collection

The Brain Tissue collection is part of our Cellular library within the Microscopic category. This collection delivers broadcast-ready assets that meet the quality standards of professional productions.

Featured assets include:

- Fluorescent image of brain tissue showing intricate neural networks, with glowing orange axons weaving through a dark matrix and scattered blue-gre...
- Colorful neural network visualization reveals intricate brain tissue patterns, highlighting vibrant neurons and fiber pathways, showcasing complex ...
- Colorized microscopic view of brain tissue highlighting dense neural networks and cellular structure, with glowing orange neurons interwoven across...

Who Benefits from This Collection

- Documentary filmmakers seeking authentic B-roll for science and nature productions
- Science educators creating engaging lecture content and online courses
- Medical professionals building training materials and patient education resources
- Corporate teams producing pharmaceutical and biotech marketing content
- YouTube creators covering science, biology, and technology topics
- Museum and exhibition designers creating immersive visual displays

Integration into Your Workflow

Import the 4K MP4 files directly into your NLE timeline — Premiere Pro, DaVinci Resolve, or Final Cut Pro. The footage works exceptionally well as B-roll overlays with transparency blending. For presentations and educational materials, the 8K JPEG images drop directly into PowerPoint, Google Slides, or Canva at full resolution without quality loss.

What's Included

- 4K MP4 Video (3840x2160) — 16:9 widescreen
- 8K JPEG Images (7680x4320) — print-ready resolution
- Vertical Video (1080x1920) — optimized for mobile and social
- Square Format (2160x2160) — ideal for social feeds
- Royalty-free license — no attribution required
- Instant download — no waiting, no approval process

Why Stockflow.media

Every clip in this collection was captured using professional-grade microscopy equipment with precise color calibration. Unlike generic stock footage, these assets maintain scientific accuracy while delivering cinematic visual quality — making them suitable for both educational and commercial applications.

Get the Brain Tissue Collection

Browse and download: https://stockflow.media/?cat=Microscopic&sub=Cellular&collection=Brain+Tissue
Full collection details: https://help.stockflow.media/collections/brain-tissue/

#stockfoot

#stockfootage #royaltyfree #stockvideo #microscopy #science",How Brain Tissue Footage Transforms science communication Projects,https://storage.googleapis.com/stockflow-social/Batch01/Montages/W/Microscopic_Cellular_Brain-Tissue_W.mp4,Microscopic,Nmediaservices.com,8/21/2026
"How Viruses Footage Transforms science communication Projects

In science communication and documentary filmmaking, the difference between amateur and broadcast-quality output often comes down to one thing: authentic, high-resolution microscopic visuals. Professional-grade microscopy footage is notoriously difficult and expensive to capture independently, requiring specialized equipment and expertise that most production teams simply don't have access to.

About the Viruses Collection

The Viruses collection is part of our Cancer Cell library within the Microscopic category. This collection delivers broadcast-ready assets that meet the quality standards of professional productions.

Featured assets include:

- Colorized microscopic view of cancer cells with virus particles.
- Colorized micrograph showing orange cancer cells with blue virus particles nearby.
- Colored close-up of cancer cells and surrounding viruses/bacteria under a microscope.

Who Benefits from This Collection

- Documentary filmmakers seeking authentic B-roll for science and nature productions
- Science educators creating engaging lecture content and online courses
- Medical professionals building training materials and patient education resources
- Corporate teams producing pharmaceutical and biotech marketing content
- YouTube creators covering science, biology, and technology topics
- Museum and exhibition designers creating immersive visual displays

Integration into Your Workflow

Import the 4K MP4 files directly into your NLE timeline — Premiere Pro, DaVinci Resolve, or Final Cut Pro. The footage works exceptionally well as B-roll overlays with transparency blending. For presentations and educational materials, the 8K JPEG images drop directly into PowerPoint, Google Slides, or Canva at full resolution without quality loss.

What's Included

- 4K MP4 Video (3840x2160) — 16:9 widescreen
- 8K JPEG Images (7680x4320) — print-ready resolution
- Vertical Video (1080x1920) — optimized for mobile and social
- Square Format (2160x2160) — ideal for social feeds
- Royalty-free license — no attribution required
- Instant download — no waiting, no approval process

Why Stockflow.media

Every clip in this collection was captured using professional-grade microscopy equipment with precise color calibration. Unlike generic stock footage, these assets maintain scientific accuracy while delivering cinematic visual quality — making them suitable for both educational and commercial applications.

Get the Viruses Collection

Browse and download: https://stockflow.media/?cat=Microscopic&sub=Cancer+Cell&collection=Viruses
Full collection details: https://help.stockflow.media/collections/viruses/

#stockfootage #royaltyfree #stockvideo #microscopy #science #biology #documentary #sciencecommunication #contentcreation #videoproduction #4kvideo #viruses #cancercell #cancer #cells #virus #microscopic",How Viruses Footage Transforms science communication Projects,https://storage.googleapis.com/stockflow-social/Batch01/Montages/W/Microscopic_Cancer-Cell_Viruses_W.mp4,Microscopic,Nmediaservices.com,8/22/2026
"How Tumor Footage Transforms science communication Projects

In science communication and documentary filmmaking, the difference between amateur and broadcast-quality output often comes down to one thing: authentic, high-resolution microscopic visuals. Professional-grade microscopy footage is notoriously difficult and expensive to capture independently, requiring specialized equipment and expertise that most production teams simply don't have access to.

About the Tumor Collection

The Tumor collection is part of our Cancer Cell library within the Microscopic category. This collection delivers broadcast-ready assets that meet the quality standards of professional productions.

Featured assets include:

- Illustration of a cancer tumor embedded in vascularized tissue.
- Illustration of a cancer tumor embedded in vascularized tissue.
- Illustration of a skin cancer tumor forming in dermal tissue, with a large irregular mass among surrounding blood vessels and dense epidermal cells.

Who Benefits from This Collection

- Documentary filmmakers seeking authentic B-roll for science and nature productions
- Science educators creating engaging lecture content and online courses
- Medical professionals building training materials and patient education resources
- Corporate teams producing pharmaceutical and biotech marketing content
- YouTube creators covering science, biology, and technology topics
- Museum and exhibition designers creating immersive visual displays

Integration into Your Workflow

Import the 4K MP4 files directly into your NLE timeline — Premiere Pro, DaVinci Resolve, or Final Cut Pro. The footage works exceptionally well as B-roll overlays with transparency blending. For presentations and educational materials, the 8K JPEG images drop directly into PowerPoint, Google Slides, or Canva at full resolution without quality loss.

What's Included

- 4K MP4 Video (3840x2160) — 16:9 widescreen
- 8K JPEG Images (7680x4320) — print-ready resolution
- Vertical Video (1080x1920) — optimized for mobile and social
- Square Format (2160x2160) — ideal for social feeds
- Royalty-free license — no attribution required
- Instant download — no waiting, no approval process

Why Stockflow.media

Every clip in this collection was captured using professional-grade microscopy equipment with precise color calibration. Unlike generic stock footage, these assets maintain scientific accuracy while delivering cinematic visual quality — making them suitable for both educational and commercial applications.

Get the Tumor Collection

Browse and download: https://stockflow.media/?cat=Microscopic&sub=Cancer+Cell&collection=Tumor
Full collection details: https://help.stockflow.media/collections/tumor/

#stockfootage #royaltyfree #stockvideo #microscopy #science #biology #documentary #sciencecommunication #contentcreation #videoproduction #4kvideo #tumor #cancercell #cancer #oncology #medical",How Tumor Footage Transforms science communication Projects,https://storage.googleapis.com/stockflow-social/Batch01/Montages/W/Microscopic_Cancer-Cell_Tumor_W.mp4,Microscopic,Nmediaservices.com,8/23/2026
"How Tem Virus Footage Transforms science communication Projects

In science communication and documentary filmmaking, the difference between amateur and broadcast-quality output often comes down to one thing: authentic, high-resolution microscopic visuals. Professional-grade microscopy footage is notoriously difficult and expensive to capture independently, requiring specialized equipment and expertise that most production teams simply don't have access to.

About the Tem Virus Collection

The Tem Virus collection is part of our Cancer Cell library within the Microscopic category. This collection delivers broadcast-ready assets that meet the quality standards of professional productions.

Who Benefits from This Collection

- Documentary filmmakers seeking authentic B-roll for science and nature productions
- Science educators creating engaging lecture content and online courses
- Medical professionals building training materials and patient education resources
- Corporate teams producing pharmaceutical and biotech marketing content
- YouTube creators covering science, biology, and technology topics
- Museum and exhibition designers creating immersive visual displays

Integration into Your Workflow

Import the 4K MP4 files directly into your NLE timeline — Premiere Pro, DaVinci Resolve, or Final Cut Pro. The footage works exceptionally well as B-roll overlays with transparency blending. For presentations and educational materials, the 8K JPEG images drop directly into PowerPoint, Google Slides, or Canva at full resolution without quality loss.

What's Included

- 4K MP4 Video (3840x2160) — 16:9 widescreen
- 8K JPEG Images (7680x4320) — print-ready resolution
- Vertical Video (1080x1920) — optimized for mobile and social
- Square Format (2160x2160) — ideal for social feeds
- Royalty-free license — no attribution required
- Instant download — no waiting, no approval process

Why Stockflow.media

Every clip in this collection was captured using professional-grade microscopy equipment with precise color calibration. Unlike generic stock footage, these assets maintain scientific accuracy while delivering cinematic visual quality — making them suitable for both educational and commercial applications.

Get the Tem Virus Collection

Browse and download: https://stockflow.media/?cat=Microscopic&sub=Cancer+Cell&collection=Tem+Virus
Full collection details: https://help.stockflow.media/collections/tem-virus/

#stockfootage #royaltyfree #stockvideo #microscopy #science #biology #documentary #sciencecommunication #contentcreation #videoproduction #4kvideo #temvirus #cancercell",How Tem Virus Footage Transforms science communication Projects,https://storage.googleapis.com/stockflow-social/Batch01/Montages/W/Microscopic_Cancer-Cell_Tem-Virus_W.mp4,Microscopic,Nmediaservices.com,8/24/2026
"How Mutations Footage Transforms science communication Projects

In science communication and documentary filmmaking, the difference between amateur and broadcast-quality output often comes down to one thing: authentic, high-resolution microscopic visuals. Professional-grade microscopy footage is notoriously difficult and expensive to capture independently, requiring specialized equipment and expertise that most production teams simply don't have access to.

About the Mutations Collection

The Mutations collection is part of our Cancer Cell library within the Microscopic category. This collection delivers broadcast-ready assets that meet the quality standards of professional productions.

Featured assets include:

- Colorful DNA double helix with mutations.
- Colored 3D illustration of a DNA double helix with mutations in a cancer-related cellular context.
- Colorful neon illustration of a cancer cell interacting with a DNA double helix.

Who Benefits from This Collection

- Documentary filmmakers seeking authentic B-roll for science and nature productions
- Science educators creating engaging lecture content and online courses
- Medical professionals building training materials and patient education resources
- Corporate teams producing pharmaceutical and biotech marketing content
- YouTube creators covering science, biology, and technology topics
- Museum and exhibition designers creating immersive visual displays

Integration into Your Workflow

Import the 4K MP4 files directly into your NLE timeline — Premiere Pro, DaVinci Resolve, or Final Cut Pro. The footage works exceptionally well as B-roll overlays with transparency blending. For presentations and educational materials, the 8K JPEG images drop directly into PowerPoint, Google Slides, or Canva at full resolution without quality loss.

What's Included

- 4K MP4 Video (3840x2160) — 16:9 widescreen
- 8K JPEG Images (7680x4320) — print-ready resolution
- Vertical Video (1080x1920) — optimized for mobile and social
- Square Format (2160x2160) — ideal for social feeds
- Royalty-free license — no attribution required
- Instant download — no waiting, no approval process

Why Stockflow.media

Every clip in this collection was captured using professional-grade microscopy equipment with precise color calibration. Unlike generic stock footage, these assets maintain scientific accuracy while delivering cinematic visual quality — making them suitable for both educational and commercial applications.

Get the Mutations Collection

Browse and download: https://stockflow.media/?cat=Microscopic&sub=Cancer+Cell&collection=Mutations
Full collection details: https://help.stockflow.media/collections/mutations/

#stockfootage #royaltyfree #stockvideo #microscopy #science #biology #documentary #sciencecommunication #contentcreation #videoproduction #4kvideo #mutations #cancercell #dna #dnadoublehelix #genetics #colorfuldna",How Mutations Footage Transforms science communication Projects,https://storage.googleapis.com/stockflow-social/Batch01/Montages/W/Microscopic_Cancer-Cell_Mutations_W.mp4,Microscopic,Nmediaservices.com,8/25/2026
"How Metastatic Footage Transforms science communication Projects

In science communication and documentary filmmaking, the difference between amateur and broadcast-quality output often comes down to one thing: authentic, high-resolution microscopic visuals. Professional-grade microscopy footage is notoriously difficult and expensive to capture independently, requiring specialized equipment and expertise that most production teams simply don't have access to.

About the Metastatic Collection

The Metastatic collection is part of our Cancer Cell library within the Microscopic category. This collection delivers broadcast-ready assets that meet the quality standards of professional productions.

Featured assets include:

- Metastatic cancer cell with numerous extending processes in a tissue-like matrix.
- Metastatic cancer cell with long, branching processes invading surrounding tissue.
- Colorized scene of metastatic cancer cells spreading on a tissue surface, with irregular tumor cells and long protrusions.

Who Benefits from This Collection

- Documentary filmmakers seeking authentic B-roll for science and nature productions
- Science educators creating engaging lecture content and online courses
- Medical professionals building training materials and patient education resources
- Corporate teams producing pharmaceutical and biotech marketing content
- YouTube creators covering science, biology, and technology topics
- Museum and exhibition designers creating immersive visual displays

Integration into Your Workflow

Import the 4K MP4 files directly into your NLE timeline — Premiere Pro, DaVinci Resolve, or Final Cut Pro. The footage works exceptionally well as B-roll overlays with transparency blending. For presentations and educational materials, the 8K JPEG images drop directly into PowerPoint, Google Slides, or Canva at full resolution without quality loss.

What's Included

- 4K MP4 Video (3840x2160) — 16:9 widescreen
- 8K JPEG Images (7680x4320) — print-ready resolution
- Vertical Video (1080x1920) — optimized for mobile and social
- Square Format (2160x2160) — ideal for social feeds
- Royalty-free license — no attribution required
- Instant download — no waiting, no approval process

Why Stockflow.media

Every clip in this collection was captured using professional-grade microscopy equipment with precise color calibration. Unlike generic stock footage, these assets maintain scientific accuracy while delivering cinematic visual quality — making them suitable for both educational and commercial applications.

Get the Metastatic Collection

Browse and download: https://stockflow.media/?cat=Microscopic&sub=Cancer+Cell&collection=Metastatic
Full collection details: https://help.stockflow.media/collections/metastatic/

#stockfootage #royaltyfree #stockvideo #microscopy #science #biology #documentary #sciencecommunication #contentcreation #videoproduction #4kvideo #metastatic #cancercell #metastaticcancercell #metastasis #tumorcell #cellmorphology",How Metastatic Footage Transforms science communication Projects,https://storage.googleapis.com/stockflow-social/Batch01/Montages/W/Microscopic_Cancer-Cell_Metastatic_W.mp4,Microscopic,Nmediaservices.com,8/26/2026
"How Melanoma Footage Transforms science communication Projects

In science communication and documentary filmmaking, the difference between amateur and broadcast-quality output often comes down to one thing: authentic, high-resolution microscopic visuals. Professional-grade microscopy footage is notoriously difficult and expensive to capture independently, requiring specialized equipment and expertise that most production teams simply don't have access to.

About the Melanoma Collection

The Melanoma collection is part of our Cancer Cell library within the Microscopic category. This collection delivers broadcast-ready assets that meet the quality standards of professional productions.

Featured assets include:

- Cross-section of skin showing a melanoma cancer cell invading the tissue with surrounding skin cells.
- Cross-section of human skin showing a melanoma cancer cell invading the epidermis.
- Illustration of melanoma cancer cell in skin tissue with tumor invading the epidermis.

Who Benefits from This Collection

- Documentary filmmakers seeking authentic B-roll for science and nature productions
- Science educators creating engaging lecture content and online courses
- Medical professionals building training materials and patient education resources
- Corporate teams producing pharmaceutical and biotech marketing content
- YouTube creators covering science, biology, and technology topics
- Museum and exhibition designers creating immersive visual displays

Integration into Your Workflow

Import the 4K MP4 files directly into your NLE timeline — Premiere Pro, DaVinci Resolve, or Final Cut Pro. The footage works exceptionally well as B-roll overlays with transparency blending. For presentations and educational materials, the 8K JPEG images drop directly into PowerPoint, Google Slides, or Canva at full resolution without quality loss.

What's Included

- 4K MP4 Video (3840x2160) — 16:9 widescreen
- 8K JPEG Images (7680x4320) — print-ready resolution
- Vertical Video (1080x1920) — optimized for mobile and social
- Square Format (2160x2160) — ideal for social feeds
- Royalty-free license — no attribution required
- Instant download — no waiting, no approval process

Why Stockflow.media

Every clip in this collection was captured using professional-grade microscopy equipment with precise color calibration. Unlike generic stock footage, these assets maintain scientific accuracy while delivering cinematic visual quality — making them suitable for both educational and commercial applications.

Get the Melanoma Collection

Browse and download: https://stockflow.media/?cat=Microscopic&sub=Cancer+Cell&collection=Melanoma
Full collection details: https://help.stockflow.media/collections/melanoma/

#stockfootage #royaltyfree #stockvideo #microscopy #science #biology #documentary #sciencecommunication #contentcreation #videoproduction #4kvideo #melanoma #cancercell #skincancer #tissueinvasion #skintissue",How Melanoma Footage Transforms science communication Projects,https://storage.googleapis.com/stockflow-social/Batch01/Montages/W/Microscopic_Cancer-Cell_Melanoma_W.mp4,Microscopic,Nmediaservices.com,8/27/2026
"How Leukemia Footage Transforms science communication Projects

In science communication and documentary filmmaking, the difference between amateur and broadcast-quality output often comes down to one thing: authentic, high-resolution microscopic visuals. Professional-grade microscopy footage is notoriously difficult and expensive to capture independently, requiring specialized equipment and expertise that most production teams simply don't have access to.

About the Leukemia Collection

The Leukemia collection is part of our Cancer Cell library within the Microscopic category. This collection delivers broadcast-ready assets that meet the quality standards of professional productions.

Featured assets include:

- Blood smear showing leukemic blasts with large purple nuclei among red blood cells.
- Leukemia cancer cells in a blood smear.
- Leukemia blood smear showing large, purple-stained cancerous white blood cells with multi-lobed nuclei.

Who Benefits from This Collection

- Documentary filmmakers seeking authentic B-roll for science and nature productions
- Science educators creating engaging lecture content and online courses
- Medical professionals building training materials and patient education resources
- Corporate teams producing pharmaceutical and biotech marketing content
- YouTube creators covering science, biology, and technology topics
- Museum and exhibition designers creating immersive visual displays

Integration into Your Workflow

Import the 4K MP4 files directly into your NLE timeline — Premiere Pro, DaVinci Resolve, or Final Cut Pro. The footage works exceptionally well as B-roll overlays with transparency blending. For presentations and educational materials, the 8K JPEG images drop directly into PowerPoint, Google Slides, or Canva at full resolution without quality loss.

What's Included

- 4K MP4 Video (3840x2160) — 16:9 widescreen
- 8K JPEG Images (7680x4320) — print-ready resolution
- Vertical Video (1080x1920) — optimized for mobile and social
- Square Format (2160x2160) — ideal for social feeds
- Royalty-free license — no attribution required
- Instant download — no waiting, no approval process

Why Stockflow.media

Every clip in this collection was captured using professional-grade microscopy equipment with precise color calibration. Unlike generic stock footage, these assets maintain scientific accuracy while delivering cinematic visual quality — making them suitable for both educational and commercial applications.

Get the Leukemia Collection

Browse and download: https://stockflow.media/?cat=Microscopic&sub=Cancer+Cell&collection=Leukemia
Full collection details: https://help.stockflow.media/collections/leukemia/

#stockfootage #royaltyfree #stockvideo #microscopy #science #biology #documentary #sciencecommunication #contentcreation #videoproduction #4kvideo #leukemia #cancercell #bloodsmear #leukemicblasts #purplenuclei #redbloodcells",How Leukemia Footage Transforms science communication Projects,https://storage.googleapis.com/stockflow-social/Batch01/Montages/W/Microscopic_Cancer-Cell_Leukemia_W.mp4,Microscopic,Nmediaservices.com,8/28/2026
"How Immune Footage Transforms science communication Projects

In science communication and documentary filmmaking, the difference between amateur and broadcast-quality output often comes down to one thing: authentic, high-resolution microscopic visuals. Professional-grade microscopy footage is notoriously difficult and expensive to capture independently, requiring specialized equipment and expertise that most production teams simply don't have access to.

About the Immune Collection

The Immune collection is part of our Cancer Cell library within the Microscopic category. This collection delivers broadcast-ready assets that meet the quality standards of professional productions.

Featured assets include:

- Microscopic scene of immune cells attacking a cancer cell with a bright, fiery collision.
- Immune cells attack a cancer cell in a vivid, high-midelity cellular battle.
- A high-detail microscopic scene of a cancer cell being attacked by immune cells, with orange-yellow filaments and glowing energy at the contact site.

Who Benefits from This Collection

- Documentary filmmakers seeking authentic B-roll for science and nature productions
- Science educators creating engaging lecture content and online courses
- Medical professionals building training materials and patient education resources
- Corporate teams producing pharmaceutical and biotech marketing content
- YouTube creators covering science, biology, and technology topics
- Museum and exhibition designers creating immersive visual displays

Integration into Your Workflow

Import the 4K MP4 files directly into your NLE timeline — Premiere Pro, DaVinci Resolve, or Final Cut Pro. The footage works exceptionally well as B-roll overlays with transparency blending. For presentations and educational materials, the 8K JPEG images drop directly into PowerPoint, Google Slides, or Canva at full resolution without quality loss.

What's Included

- 4K MP4 Video (3840x2160) — 16:9 widescreen
- 8K JPEG Images (7680x4320) — print-ready resolution
- Vertical Video (1080x1920) — optimized for mobile and social
- Square Format (2160x2160) — ideal for social feeds
- Royalty-free license — no attribution required
- Instant download — no waiting, no approval process

Why Stockflow.media

Every clip in this collection was captured using professional-grade microscopy equipment with precise color calibration. Unlike generic stock footage, these assets maintain scientific accuracy while delivering cinematic visual quality — making them suitable for both educational and commercial applications.

Get the Immune Collection

Browse and download: https://stockflow.media/?cat=Microscopic&sub=Cancer+Cell&collection=Immune
Full collection details: https://help.stockflow.media/collections/immune/

#stockfootage #royaltyfree #stockvideo #microscopy #science #biology #documentary #sciencecommunication #contentcreation #videoproduction #4kvideo #immune #cancercell #microscopic #immunecells #immuneresponse #cancerresearch",How Immune Footage Transforms science communication Projects,https://storage.googleapis.com/stockflow-social/Batch01/Montages/W/Microscopic_Cancer-Cell_Immune_W.mp4,Microscopic,Nmediaservices.com,8/29/2026
"How Healthy Cells Footage Transforms science communication Projects

In science communication and documentary filmmaking, the difference between amateur and broadcast-quality output often comes down to one thing: authentic, high-resolution microscopic visuals. Professional-grade microscopy footage is notoriously difficult and expensive to capture independently, requiring specialized equipment and expertise that most production teams simply don't have access to.

About the Healthy Cells Collection

The Healthy Cells collection is part of our Cancer Cell library within the Microscopic category. This collection delivers broadcast-ready assets that meet the quality standards of professional productions.

Featured assets include:

- Split panel showing healthy pink blood cells on the left and darker purple cancer cells on the right.
- Cancer cells (red) contrasted with healthy cells (green) under magnified view.
- Micro view of cancer cells versus healthy cells.

Who Benefits from This Collection

- Documentary filmmakers seeking authentic B-roll for science and nature productions
- Science educators creating engaging lecture content and online courses
- Medical professionals building training materials and patient education resources
- Corporate teams producing pharmaceutical and biotech marketing content
- YouTube creators covering science, biology, and technology topics
- Museum and exhibition designers creating immersive visual displays

Integration into Your Workflow

Import the 4K MP4 files directly into your NLE timeline — Premiere Pro, DaVinci Resolve, or Final Cut Pro. The footage works exceptionally well as B-roll overlays with transparency blending. For presentations and educational materials, the 8K JPEG images drop directly into PowerPoint, Google Slides, or Canva at full resolution without quality loss.

What's Included

- 4K MP4 Video (3840x2160) — 16:9 widescreen
- 8K JPEG Images (7680x4320) — print-ready resolution
- Vertical Video (1080x1920) — optimized for mobile and social
- Square Format (2160x2160) — ideal for social feeds
- Royalty-free license — no attribution required
- Instant download — no waiting, no approval process

Why Stockflow.media

Every clip in this collection was captured using professional-grade microscopy equipment with precise color calibration. Unlike generic stock footage, these assets maintain scientific accuracy while delivering cinematic visual quality — making them suitable for both educational and commercial applications.

Get the Healthy Cells Collection

Browse and download: https://stockflow.media/?cat=Microscopic&sub=Cancer+Cell&collection=Healthy+Cells
Full collection details: https://help.stockflow.media/collections/healthy-cells/

#stockfootage #royaltyfree #stockvideo #microscopy #science #biology #documentary #sciencecommunication #contentcreation #videoproduction #4kvideo #healthycells #cancercell #bloodcells #healthybloodcells #pinkbloodcells #cancercells #cancerbiology",How Healthy Cells Footage Transforms science communication Projects,https://storage.googleapis.com/stockflow-social/Batch01/Montages/W/Microscopic_Cancer-Cell_Healthy-Cells_W.mp4,Microscopic,Nmediaservices.com,8/30/2026
"How Fluorescence Footage Transforms science communication Projects

In science communication and documentary filmmaking, the difference between amateur and broadcast-quality output often comes down to one thing: authentic, high-resolution microscopic visuals. Professional-grade microscopy footage is notoriously difficult and expensive to capture independently, requiring specialized equipment and expertise that most production teams simply don't have access to.

About the Fluorescence Collection

The Fluorescence collection is part of our Cancer Cell library within the Microscopic category. This collection delivers broadcast-ready assets that meet the quality standards of professional productions.

Featured assets include:

- Fluorescent micrograph of a cancer cell with a blue nucleus, pink perinuclear region, and green cytoskeletal network with yellow-green protrusions.
- Fluorescence image of a cancer cell with a blue nucleus, pink cytoskeleton, and green surrounding filaments/organelles.
- Fluorescence micrograph of a cancer cell with blue nuclei, magenta cytoplasm, orange cytoskeletal extensions, and green labeled organelles.

Who Benefits from This Collection

- Documentary filmmakers seeking authentic B-roll for science and nature productions
- Science educators creating engaging lecture content and online courses
- Medical professionals building training materials and patient education resources
- Corporate teams producing pharmaceutical and biotech marketing content
- YouTube creators covering science, biology, and technology topics
- Museum and exhibition designers creating immersive visual displays

Integration into Your Workflow

Import the 4K MP4 files directly into your NLE timeline — Premiere Pro, DaVinci Resolve, or Final Cut Pro. The footage works exceptionally well as B-roll overlays with transparency blending. For presentations and educational materials, the 8K JPEG images drop directly into PowerPoint, Google Slides, or Canva at full resolution without quality loss.

What's Included

- 4K MP4 Video (3840x2160) — 16:9 widescreen
- 8K JPEG Images (7680x4320) — print-ready resolution
- Vertical Video (1080x1920) — optimized for mobile and social
- Square Format (2160x2160) — ideal for social feeds
- Royalty-free license — no attribution required
- Instant download — no waiting, no approval process

Why Stockflow.media

Every clip in this collection was captured using professional-grade microscopy equipment with precise color calibration. Unlike generic stock footage, these assets maintain scientific accuracy while delivering cinematic visual quality — making them suitable for both educational and commercial applications.

Get the Fluorescence Collection

Browse and download: https://stockflow.media/?cat=Microscopic&sub=Cancer+Cell&collection=Fluorescence
Full collection details: https://help.stockflow.media/collections/fluorescence/

#stockfootage #royaltyfree #stockvideo #microscop

#stockfootage #royaltyfree #stockvideo #microscopy #science",How Fluorescence Footage Transforms science communication Projects,https://storage.googleapis.com/stockflow-social/Batch01/Montages/W/Microscopic_Cancer-Cell_Fluorescence_W.mp4,Microscopic,Nmediaservices.com,8/31/2026
"How Chemotherapy Footage Transforms science communication Projects

In science communication and documentary filmmaking, the difference between amateur and broadcast-quality output often comes down to one thing: authentic, high-resolution microscopic visuals. Professional-grade microscopy footage is notoriously difficult and expensive to capture independently, requiring specialized equipment and expertise that most production teams simply don't have access to.

About the Chemotherapy Collection

The Chemotherapy collection is part of our Cancer Cell library within the Microscopic category. This collection delivers broadcast-ready assets that meet the quality standards of professional productions.

Featured assets include:

- Illustration of a cancer cell being targeted by chemotherapy molecules.
- 3D illustration of a cancer cell being targeted by chemotherapy molecules, with surrounding molecular structures in a vibrant, abstract scene.
- Molecular illustration of a cancer cell at the membrane with chemotherapy drugs interacting at the surface.

Who Benefits from This Collection

- Documentary filmmakers seeking authentic B-roll for science and nature productions
- Science educators creating engaging lecture content and online courses
- Medical professionals building training materials and patient education resources
- Corporate teams producing pharmaceutical and biotech marketing content
- YouTube creators covering science, biology, and technology topics
- Museum and exhibition designers creating immersive visual displays

Integration into Your Workflow

Import the 4K MP4 files directly into your NLE timeline — Premiere Pro, DaVinci Resolve, or Final Cut Pro. The footage works exceptionally well as B-roll overlays with transparency blending. For presentations and educational materials, the 8K JPEG images drop directly into PowerPoint, Google Slides, or Canva at full resolution without quality loss.

What's Included

- 4K MP4 Video (3840x2160) — 16:9 widescreen
- 8K JPEG Images (7680x4320) — print-ready resolution
- Vertical Video (1080x1920) — optimized for mobile and social
- Square Format (2160x2160) — ideal for social feeds
- Royalty-free license — no attribution required
- Instant download — no waiting, no approval process

Why Stockflow.media

Every clip in this collection was captured using professional-grade microscopy equipment with precise color calibration. Unlike generic stock footage, these assets maintain scientific accuracy while delivering cinematic visual quality — making them suitable for both educational and commercial applications.

Get the Chemotherapy Collection

Browse and download: https://stockflow.media/?cat=Microscopic&sub=Cancer+Cell&collection=Chemotherapy
Full collection details: https://help.stockflow.media/collections/chemotherapy/

#stockfootage #royaltyfree #stockvideo #microscopy #science #biology #documentary #sciencecommunication #contentcreation #videoproduct

#stockfootage #royaltyfree #stockvideo #microscopy #science",How Chemotherapy Footage Transforms science communication Projects,https://storage.googleapis.com/stockflow-social/Batch01/Montages/W/Microscopic_Cancer-Cell_Chemotherapy_W.mp4,Microscopic,Nmediaservices.com,9/1/2026
"How Cancer Cell Montage Footage Transforms science communication Projects

In science communication and documentary filmmaking, the difference between amateur and broadcast-quality output often comes down to one thing: authentic, high-resolution microscopic visuals. Professional-grade microscopy footage is notoriously difficult and expensive to capture independently, requiring specialized equipment and expertise that most production teams simply don't have access to.

About the Cancer Cell Montage Collection

The Cancer Cell Montage collection is part of our Cancer Cell library within the Microscopic category. This collection delivers broadcast-ready assets that meet the quality standards of professional productions.

Who Benefits from This Collection

- Documentary filmmakers seeking authentic B-roll for science and nature productions
- Science educators creating engaging lecture content and online courses
- Medical professionals building training materials and patient education resources
- Corporate teams producing pharmaceutical and biotech marketing content
- YouTube creators covering science, biology, and technology topics
- Museum and exhibition designers creating immersive visual displays

Integration into Your Workflow

Import the 4K MP4 files directly into your NLE timeline — Premiere Pro, DaVinci Resolve, or Final Cut Pro. The footage works exceptionally well as B-roll overlays with transparency blending. For presentations and educational materials, the 8K JPEG images drop directly into PowerPoint, Google Slides, or Canva at full resolution without quality loss.

What's Included

- 4K MP4 Video (3840x2160) — 16:9 widescreen
- 8K JPEG Images (7680x4320) — print-ready resolution
- Vertical Video (1080x1920) — optimized for mobile and social
- Square Format (2160x2160) — ideal for social feeds
- Royalty-free license — no attribution required
- Instant download — no waiting, no approval process

Why Stockflow.media

Every clip in this collection was captured using professional-grade microscopy equipment with precise color calibration. Unlike generic stock footage, these assets maintain scientific accuracy while delivering cinematic visual quality — making them suitable for both educational and commercial applications.

Get the Cancer Cell Montage Collection

Browse and download: https://stockflow.media/?cat=Microscopic&sub=Cancer+Cell&collection=Cancer+Cell+Montage
Full collection details: https://help.stockflow.media/collections/cancer-cell-montage/

#stockfootage #royaltyfree #stockvideo #microscopy #science #biology #documentary #sciencecommunication #contentcreation #videoproduction #4kvideo #cancercellmontage #cancercell",How Cancer Cell Montage Footage Transforms science communication Projects,https://storage.googleapis.com/stockflow-social/Batch01/Montages/W/Microscopic_Cancer-Cell_Cancer-Cell-Montage_W.mp4,Microscopic,Nmediaservices.com,9/2/2026
"How Breast Footage Transforms science communication Projects

In science communication and documentary filmmaking, the difference between amateur and broadcast-quality output often comes down to one thing: authentic, high-resolution microscopic visuals. Professional-grade microscopy footage is notoriously difficult and expensive to capture independently, requiring specialized equipment and expertise that most production teams simply don't have access to.

About the Breast Collection

The Breast collection is part of our Cancer Cell library within the Microscopic category. This collection delivers broadcast-ready assets that meet the quality standards of professional productions.

Featured assets include:

- Micro image of a breast cancer cell with surrounding tissue.
- Micrograph of a breast cancer cell showing a purple nucleus and dark clumped structures inside.
- Micrograph of a breast cancer cell showing a purple nucleus and dark clumped structures inside.

Who Benefits from This Collection

- Documentary filmmakers seeking authentic B-roll for science and nature productions
- Science educators creating engaging lecture content and online courses
- Medical professionals building training materials and patient education resources
- Corporate teams producing pharmaceutical and biotech marketing content
- YouTube creators covering science, biology, and technology topics
- Museum and exhibition designers creating immersive visual displays

Integration into Your Workflow

Import the 4K MP4 files directly into your NLE timeline — Premiere Pro, DaVinci Resolve, or Final Cut Pro. The footage works exceptionally well as B-roll overlays with transparency blending. For presentations and educational materials, the 8K JPEG images drop directly into PowerPoint, Google Slides, or Canva at full resolution without quality loss.

What's Included

- 4K MP4 Video (3840x2160) — 16:9 widescreen
- 8K JPEG Images (7680x4320) — print-ready resolution
- Vertical Video (1080x1920) — optimized for mobile and social
- Square Format (2160x2160) — ideal for social feeds
- Royalty-free license — no attribution required
- Instant download — no waiting, no approval process

Why Stockflow.media

Every clip in this collection was captured using professional-grade microscopy equipment with precise color calibration. Unlike generic stock footage, these assets maintain scientific accuracy while delivering cinematic visual quality — making them suitable for both educational and commercial applications.

Get the Breast Collection

Browse and download: https://stockflow.media/?cat=Microscopic&sub=Cancer+Cell&collection=Breast
Full collection details: https://help.stockflow.media/collections/breast/

#stockfootage #royaltyfree #stockvideo #microscopy #science #biology #documentary #sciencecommunication #contentcreation #videoproduction #4kvideo #breast #cancercell #breastcancer #breasttissue #microimage",How Breast Footage Transforms science communication Projects,https://storage.googleapis.com/stockflow-social/Batch01/Montages/W/Microscopic_Cancer-Cell_Breast_W.mp4,Microscopic,Nmediaservices.com,9/3/2026
"How Cancer Cell Footage Transforms science communication Projects

In science communication and documentary filmmaking, the difference between amateur and broadcast-quality output often comes down to one thing: authentic, high-resolution microscopic visuals. Professional-grade microscopy footage is notoriously difficult and expensive to capture independently, requiring specialized equipment and expertise that most production teams simply don't have access to.

About the Cancer Cell Collection

The Cancer Cell collection is part of our Cancer Cell library within the Microscopic category. This collection delivers broadcast-ready assets that meet the quality standards of professional productions.

Featured assets include:

- Microscopic view of cancerous cells clustering into a tumor, showing darkly stained nuclei amid lighter cytoplasm and surrounding tissue, highlight...
- A split-view scientific illustration contrasts pink circular units along a tissue surface with dark purple spherical structures and tangled vessels...
- Color-enhanced microscopic image of a cancer cell cluster, highlighting a central group of dark, irregular nuclei surrounded by purple-stained cell...

Who Benefits from This Collection

- Documentary filmmakers seeking authentic B-roll for science and nature productions
- Science educators creating engaging lecture content and online courses
- Medical professionals building training materials and patient education resources
- Corporate teams producing pharmaceutical and biotech marketing content
- YouTube creators covering science, biology, and technology topics
- Museum and exhibition designers creating immersive visual displays

Integration into Your Workflow

Import the 4K MP4 files directly into your NLE timeline — Premiere Pro, DaVinci Resolve, or Final Cut Pro. The footage works exceptionally well as B-roll overlays with transparency blending. For presentations and educational materials, the 8K JPEG images drop directly into PowerPoint, Google Slides, or Canva at full resolution without quality loss.

What's Included

- 4K MP4 Video (3840x2160) — 16:9 widescreen
- 8K JPEG Images (7680x4320) — print-ready resolution
- Vertical Video (1080x1920) — optimized for mobile and social
- Square Format (2160x2160) — ideal for social feeds
- Royalty-free license — no attribution required
- Instant download — no waiting, no approval process

Why Stockflow.media

Every clip in this collection was captured using professional-grade microscopy equipment with precise color calibration. Unlike generic stock footage, these assets maintain scientific accuracy while delivering cinematic visual quality — making them suitable for both educational and commercial applications.

Get the Cancer Cell Collection

Browse and download: https://stockflow.media/?cat=Microscopic&sub=Cancer+Cell&collection=Cancer+Cell
Full collection details: https://help.stockflow.media/collections/cancer-cell/

#stockfoot

#stockfootage #royaltyfree #stockvideo #microscopy #science",How Cancer Cell Footage Transforms science communication Projects,https://storage.googleapis.com/stockflow-social/Batch01/Montages/W/Microscopic_Cancer-Cell_Cancer-Cell_W.mp4,Microscopic,Nmediaservices.com,9/4/2026
"How Aggressive Footage Transforms science communication Projects

In science communication and documentary filmmaking, the difference between amateur and broadcast-quality output often comes down to one thing: authentic, high-resolution microscopic visuals. Professional-grade microscopy footage is notoriously difficult and expensive to capture independently, requiring specialized equipment and expertise that most production teams simply don't have access to.

About the Aggressive Collection

The Aggressive collection is part of our Cancer Cell library within the Microscopic category. This collection delivers broadcast-ready assets that meet the quality standards of professional productions.

Featured assets include:

- Color-enhanced microscopic view of clustered cancer cells with purple nuclei inside greenish membranes inside a blood vessel.
- Aggressive cancer cells with purple nuclei in a red tissue microenvironment.
- Micrograph of aggressive cancer cells within a blood vessel.

Who Benefits from This Collection

- Documentary filmmakers seeking authentic B-roll for science and nature productions
- Science educators creating engaging lecture content and online courses
- Medical professionals building training materials and patient education resources
- Corporate teams producing pharmaceutical and biotech marketing content
- YouTube creators covering science, biology, and technology topics
- Museum and exhibition designers creating immersive visual displays

Integration into Your Workflow

Import the 4K MP4 files directly into your NLE timeline — Premiere Pro, DaVinci Resolve, or Final Cut Pro. The footage works exceptionally well as B-roll overlays with transparency blending. For presentations and educational materials, the 8K JPEG images drop directly into PowerPoint, Google Slides, or Canva at full resolution without quality loss.

What's Included

- 4K MP4 Video (3840x2160) — 16:9 widescreen
- 8K JPEG Images (7680x4320) — print-ready resolution
- Vertical Video (1080x1920) — optimized for mobile and social
- Square Format (2160x2160) — ideal for social feeds
- Royalty-free license — no attribution required
- Instant download — no waiting, no approval process

Why Stockflow.media

Every clip in this collection was captured using professional-grade microscopy equipment with precise color calibration. Unlike generic stock footage, these assets maintain scientific accuracy while delivering cinematic visual quality — making them suitable for both educational and commercial applications.

Get the Aggressive Collection

Browse and download: https://stockflow.media/?cat=Microscopic&sub=Cancer+Cell&collection=Aggressive
Full collection details: https://help.stockflow.media/collections/aggressive/

#stockfootage #royaltyfree #stockvideo #microscopy #science #biology #documentary #sciencecommunication #contentcreation #videoproduction #4kvideo #aggressive #cancercell #cancercells #microscopicview #cellcluster #histology #oncology",How Aggressive Footage Transforms science communication Projects,https://storage.googleapis.com/stockflow-social/Batch01/Montages/W/Microscopic_Cancer-Cell_Aggressive_W.mp4,Microscopic,Nmediaservices.com,9/5/2026
"How Thrombocytopenia Footage Transforms science communication Projects

In science communication and documentary filmmaking, the difference between amateur and broadcast-quality output often comes down to one thing: authentic, high-resolution microscopic visuals. Professional-grade microscopy footage is notoriously difficult and expensive to capture independently, requiring specialized equipment and expertise that most production teams simply don't have access to.

About the Thrombocytopenia Collection

The Thrombocytopenia collection is part of our Blood Hematology library within the Microscopic category. This collection delivers broadcast-ready assets that meet the quality standards of professional productions.

Featured assets include:

- Peripheral blood smear showing thrombocytopenia with platelet clumps and scattered leukocytes.
- Peripheral blood smear showing thrombocytopenia with platelet clumps amid predominantly normal red cells. Dark-staining white cells also present.
- Peripheral blood smear showing thrombocytopenia with normal red cells and scattered neutrophils.

Who Benefits from This Collection

- Documentary filmmakers seeking authentic B-roll for science and nature productions
- Science educators creating engaging lecture content and online courses
- Medical professionals building training materials and patient education resources
- Corporate teams producing pharmaceutical and biotech marketing content
- YouTube creators covering science, biology, and technology topics
- Museum and exhibition designers creating immersive visual displays

Integration into Your Workflow

Import the 4K MP4 files directly into your NLE timeline — Premiere Pro, DaVinci Resolve, or Final Cut Pro. The footage works exceptionally well as B-roll overlays with transparency blending. For presentations and educational materials, the 8K JPEG images drop directly into PowerPoint, Google Slides, or Canva at full resolution without quality loss.

What's Included

- 4K MP4 Video (3840x2160) — 16:9 widescreen
- 8K JPEG Images (7680x4320) — print-ready resolution
- Vertical Video (1080x1920) — optimized for mobile and social
- Square Format (2160x2160) — ideal for social feeds
- Royalty-free license — no attribution required
- Instant download — no waiting, no approval process

Why Stockflow.media

Every clip in this collection was captured using professional-grade microscopy equipment with precise color calibration. Unlike generic stock footage, these assets maintain scientific accuracy while delivering cinematic visual quality — making them suitable for both educational and commercial applications.

Get the Thrombocytopenia Collection

Browse and download: https://stockflow.media/?cat=Microscopic&sub=Blood+Hematology&collection=Thrombocytopenia
Full collection details: https://help.stockflow.media/collections/thrombocytopenia/

#stockfootage #royaltyfree #stockvideo #microscopy #science #biology #documentary #sc

#stockfootage #royaltyfree #stockvideo #microscopy #science",How Thrombocytopenia Footage Transforms science communication Projects,https://storage.googleapis.com/stockflow-social/Batch01/Montages/W/Microscopic_Blood-Hematology_Thrombocytopenia_W.mp4,Microscopic,Nmediaservices.com,9/6/2026
"How Blood Hematology Montage Footage Transforms science communication Projects

In science communication and documentary filmmaking, the difference between amateur and broadcast-quality output often comes down to one thing: authentic, high-resolution microscopic visuals. Professional-grade microscopy footage is notoriously difficult and expensive to capture independently, requiring specialized equipment and expertise that most production teams simply don't have access to.

About the Blood Hematology Montage Collection

The Blood Hematology Montage collection is part of our Blood Hematology library within the Microscopic category. This collection delivers broadcast-ready assets that meet the quality standards of professional productions.

Who Benefits from This Collection

- Documentary filmmakers seeking authentic B-roll for science and nature productions
- Science educators creating engaging lecture content and online courses
- Medical professionals building training materials and patient education resources
- Corporate teams producing pharmaceutical and biotech marketing content
- YouTube creators covering science, biology, and technology topics
- Museum and exhibition designers creating immersive visual displays

Integration into Your Workflow

Import the 4K MP4 files directly into your NLE timeline — Premiere Pro, DaVinci Resolve, or Final Cut Pro. The footage works exceptionally well as B-roll overlays with transparency blending. For presentations and educational materials, the 8K JPEG images drop directly into PowerPoint, Google Slides, or Canva at full resolution without quality loss.

What's Included

- 4K MP4 Video (3840x2160) — 16:9 widescreen
- 8K JPEG Images (7680x4320) — print-ready resolution
- Vertical Video (1080x1920) — optimized for mobile and social
- Square Format (2160x2160) — ideal for social feeds
- Royalty-free license — no attribution required
- Instant download — no waiting, no approval process

Why Stockflow.media

Every clip in this collection was captured using professional-grade microscopy equipment with precise color calibration. Unlike generic stock footage, these assets maintain scientific accuracy while delivering cinematic visual quality — making them suitable for both educational and commercial applications.

Get the Blood Hematology Montage Collection

Browse and download: https://stockflow.media/?cat=Microscopic&sub=Blood+Hematology&collection=Blood+Hematology+Montage
Full collection details: https://help.stockflow.media/collections/blood-hematology-montage/

#stockfootage #royaltyfree #stockvideo #microscopy #science #biology #documentary #sciencecommunication #contentcreation #videoproduction #4kvideo #bloodhematologymontage #bloodhematology",How Blood Hematology Montage Footage Transforms science communication Projects,https://storage.googleapis.com/stockflow-social/Batch01/Montages/W/Microscopic_Blood-Hematology_Blood-Hematology-Montage_W.mp4,Microscopic,Nmediaservices.com,9/7/2026
"How Anemia Footage Transforms science communication Projects

In science communication and documentary filmmaking, the difference between amateur and broadcast-quality output often comes down to one thing: authentic, high-resolution microscopic visuals. Professional-grade microscopy footage is notoriously difficult and expensive to capture independently, requiring specialized equipment and expertise that most production teams simply don't have access to.

About the Anemia Collection

The Anemia collection is part of our Blood Hematology library within the Microscopic category. This collection delivers broadcast-ready assets that meet the quality standards of professional productions.

Featured assets include:

- Peripheral blood smear showing abundant red blood cells with scattered neutrophils (multilobed nuclei) and small platelets.
- Peripheral blood smear showing red blood cells with mild hypochromia and circulating neutrophils, consistent with anemia.
- Peripheral blood smear with predominantly normal red blood cells and scattered leukocytes; no obvious morphological anemia signs.

Who Benefits from This Collection

- Documentary filmmakers seeking authentic B-roll for science and nature productions
- Science educators creating engaging lecture content and online courses
- Medical professionals building training materials and patient education resources
- Corporate teams producing pharmaceutical and biotech marketing content
- YouTube creators covering science, biology, and technology topics
- Museum and exhibition designers creating immersive visual displays

Integration into Your Workflow

Import the 4K MP4 files directly into your NLE timeline — Premiere Pro, DaVinci Resolve, or Final Cut Pro. The footage works exceptionally well as B-roll overlays with transparency blending. For presentations and educational materials, the 8K JPEG images drop directly into PowerPoint, Google Slides, or Canva at full resolution without quality loss.

What's Included

- 4K MP4 Video (3840x2160) — 16:9 widescreen
- 8K JPEG Images (7680x4320) — print-ready resolution
- Vertical Video (1080x1920) — optimized for mobile and social
- Square Format (2160x2160) — ideal for social feeds
- Royalty-free license — no attribution required
- Instant download — no waiting, no approval process

Why Stockflow.media

Every clip in this collection was captured using professional-grade microscopy equipment with precise color calibration. Unlike generic stock footage, these assets maintain scientific accuracy while delivering cinematic visual quality — making them suitable for both educational and commercial applications.

Get the Anemia Collection

Browse and download: https://stockflow.media/?cat=Microscopic&sub=Blood+Hematology&collection=Anemia
Full collection details: https://help.stockflow.media/collections/anemia/

#stockfootage #royaltyfree #stockvideo #microscopy #science #biology #documentary #sciencecommunication #co

#stockfootage #royaltyfree #stockvideo #microscopy #science",How Anemia Footage Transforms science communication Projects,https://storage.googleapis.com/stockflow-social/Batch01/Montages/W/Microscopic_Blood-Hematology_Anemia_W.mp4,Microscopic,Nmediaservices.com,9/8/2026
"How Red And White Footage Transforms science communication Projects

In science communication and documentary filmmaking, the difference between amateur and broadcast-quality output often comes down to one thing: authentic, high-resolution microscopic visuals. Professional-grade microscopy footage is notoriously difficult and expensive to capture independently, requiring specialized equipment and expertise that most production teams simply don't have access to.

About the Red And White Collection

The Red And White collection is part of our Biological Creatures library within the Microscopic category. This collection delivers broadcast-ready assets that meet the quality standards of professional productions.

Featured assets include:

- Inside a blood vessel, red blood cells swirl past, while white blood cells and platelets cluster, illustrating microscopic circulation, immune resp...
- Inside a blood vessel, numerous red blood cells flow alongside white blood cells and platelets, illustrating circulation, oxygen transport, and imm...
- A detailed cross-section of a blood vessel shows red and white blood cells in motion, highlighting their interactions within the bloodstream as swi...

Who Benefits from This Collection

- Documentary filmmakers seeking authentic B-roll for science and nature productions
- Science educators creating engaging lecture content and online courses
- Medical professionals building training materials and patient education resources
- Corporate teams producing pharmaceutical and biotech marketing content
- YouTube creators covering science, biology, and technology topics
- Museum and exhibition designers creating immersive visual displays

Integration into Your Workflow

Import the 4K MP4 files directly into your NLE timeline — Premiere Pro, DaVinci Resolve, or Final Cut Pro. The footage works exceptionally well as B-roll overlays with transparency blending. For presentations and educational materials, the 8K JPEG images drop directly into PowerPoint, Google Slides, or Canva at full resolution without quality loss.

What's Included

- 4K MP4 Video (3840x2160) — 16:9 widescreen
- 8K JPEG Images (7680x4320) — print-ready resolution
- Vertical Video (1080x1920) — optimized for mobile and social
- Square Format (2160x2160) — ideal for social feeds
- Royalty-free license — no attribution required
- Instant download — no waiting, no approval process

Why Stockflow.media

Every clip in this collection was captured using professional-grade microscopy equipment with precise color calibration. Unlike generic stock footage, these assets maintain scientific accuracy while delivering cinematic visual quality — making them suitable for both educational and commercial applications.

Get the Red And White Collection

Browse and download: https://stockflow.media/?cat=Microscopic&sub=Biological+Creatures&collection=Red+And+White
Full collection details: https://help.stockflow.media/collecti

#stockfootage #royaltyfree #stockvideo #microscopy #science",How Red And White Footage Transforms science communication Projects,https://storage.googleapis.com/stockflow-social/Batch01/Montages/W/Microscopic_Biological-Creatures_Red-And-White_W.mp4,Microscopic,Nmediaservices.com,9/9/2026
"How Paramecium Footage Transforms science communication Projects

In science communication and documentary filmmaking, the difference between amateur and broadcast-quality output often comes down to one thing: authentic, high-resolution microscopic visuals. Professional-grade microscopy footage is notoriously difficult and expensive to capture independently, requiring specialized equipment and expertise that most production teams simply don't have access to.

About the Paramecium Collection

The Paramecium collection is part of our Biological Creatures library within the Microscopic category. This collection delivers broadcast-ready assets that meet the quality standards of professional productions.

Featured assets include:

- Close-up of a Paramecium, a single-celled biological creature with shimmering green internal details and hairlike cilia.
- Close-up of a paramecium, a microscopic biological creature with trailing cilia.
- Close-up of a Paramecium, a microscopic single-celled organism, showing cilia and internal organelles.

Who Benefits from This Collection

- Documentary filmmakers seeking authentic B-roll for science and nature productions
- Science educators creating engaging lecture content and online courses
- Medical professionals building training materials and patient education resources
- Corporate teams producing pharmaceutical and biotech marketing content
- YouTube creators covering science, biology, and technology topics
- Museum and exhibition designers creating immersive visual displays

Integration into Your Workflow

Import the 4K MP4 files directly into your NLE timeline — Premiere Pro, DaVinci Resolve, or Final Cut Pro. The footage works exceptionally well as B-roll overlays with transparency blending. For presentations and educational materials, the 8K JPEG images drop directly into PowerPoint, Google Slides, or Canva at full resolution without quality loss.

What's Included

- 4K MP4 Video (3840x2160) — 16:9 widescreen
- 8K JPEG Images (7680x4320) — print-ready resolution
- Vertical Video (1080x1920) — optimized for mobile and social
- Square Format (2160x2160) — ideal for social feeds
- Royalty-free license — no attribution required
- Instant download — no waiting, no approval process

Why Stockflow.media

Every clip in this collection was captured using professional-grade microscopy equipment with precise color calibration. Unlike generic stock footage, these assets maintain scientific accuracy while delivering cinematic visual quality — making them suitable for both educational and commercial applications.

Get the Paramecium Collection

Browse and download: https://stockflow.media/?cat=Microscopic&sub=Biological+Creatures&collection=Paramecium
Full collection details: https://help.stockflow.media/collections/paramecium/

#stockfootage #royaltyfree #stockvideo #microscopy #science #biology #documentary #sciencecommunication #contentcreation #videoproduction #4kvideo

#stockfootage #royaltyfree #stockvideo #microscopy #science",How Paramecium Footage Transforms science communication Projects,https://storage.googleapis.com/stockflow-social/Batch01/Montages/W/Microscopic_Biological-Creatures_Paramecium_W.mp4,Microscopic,Nmediaservices.com,9/10/2026
"How Cross Section Footage Transforms science communication Projects

In science communication and documentary filmmaking, the difference between amateur and broadcast-quality output often comes down to one thing: authentic, high-resolution microscopic visuals. Professional-grade microscopy footage is notoriously difficult and expensive to capture independently, requiring specialized equipment and expertise that most production teams simply don't have access to.

About the Cross Section Collection

The Cross Section collection is part of our Biological Creatures library within the Microscopic category. This collection delivers broadcast-ready assets that meet the quality standards of professional productions.

Who Benefits from This Collection

- Documentary filmmakers seeking authentic B-roll for science and nature productions
- Science educators creating engaging lecture content and online courses
- Medical professionals building training materials and patient education resources
- Corporate teams producing pharmaceutical and biotech marketing content
- YouTube creators covering science, biology, and technology topics
- Museum and exhibition designers creating immersive visual displays

Integration into Your Workflow

Import the 4K MP4 files directly into your NLE timeline — Premiere Pro, DaVinci Resolve, or Final Cut Pro. The footage works exceptionally well as B-roll overlays with transparency blending. For presentations and educational materials, the 8K JPEG images drop directly into PowerPoint, Google Slides, or Canva at full resolution without quality loss.

What's Included

- 4K MP4 Video (3840x2160) — 16:9 widescreen
- 8K JPEG Images (7680x4320) — print-ready resolution
- Vertical Video (1080x1920) — optimized for mobile and social
- Square Format (2160x2160) — ideal for social feeds
- Royalty-free license — no attribution required
- Instant download — no waiting, no approval process

Why Stockflow.media

Every clip in this collection was captured using professional-grade microscopy equipment with precise color calibration. Unlike generic stock footage, these assets maintain scientific accuracy while delivering cinematic visual quality — making them suitable for both educational and commercial applications.

Get the Cross Section Collection

Browse and download: https://stockflow.media/?cat=Microscopic&sub=Biological+Creatures&collection=Cross+Section
Full collection details: https://help.stockflow.media/collections/cross-section/

#stockfootage #royaltyfree #stockvideo #microscopy #science #biology #documentary #sciencecommunication #contentcreation #videoproduction #4kvideo #crosssection #biologicalcreatures",How Cross Section Footage Transforms science communication Projects,https://storage.googleapis.com/stockflow-social/Batch01/Montages/W/Microscopic_Biological-Creatures_Cross-Section_W.mp4,Microscopic,Nmediaservices.com,9/11/2026
"How Eukaryotic Cell Footage Transforms science communication Projects

In science communication and documentary filmmaking, the difference between amateur and broadcast-quality output often comes down to one thing: authentic, high-resolution microscopic visuals. Professional-grade microscopy footage is notoriously difficult and expensive to capture independently, requiring specialized equipment and expertise that most production teams simply don't have access to.

About the Eukaryotic Cell Collection

The Eukaryotic Cell collection is part of our Biological Creatures library within the Microscopic category. This collection delivers broadcast-ready assets that meet the quality standards of professional productions.

Who Benefits from This Collection

- Documentary filmmakers seeking authentic B-roll for science and nature productions
- Science educators creating engaging lecture content and online courses
- Medical professionals building training materials and patient education resources
- Corporate teams producing pharmaceutical and biotech marketing content
- YouTube creators covering science, biology, and technology topics
- Museum and exhibition designers creating immersive visual displays

Integration into Your Workflow

Import the 4K MP4 files directly into your NLE timeline — Premiere Pro, DaVinci Resolve, or Final Cut Pro. The footage works exceptionally well as B-roll overlays with transparency blending. For presentations and educational materials, the 8K JPEG images drop directly into PowerPoint, Google Slides, or Canva at full resolution without quality loss.

What's Included

- 4K MP4 Video (3840x2160) — 16:9 widescreen
- 8K JPEG Images (7680x4320) — print-ready resolution
- Vertical Video (1080x1920) — optimized for mobile and social
- Square Format (2160x2160) — ideal for social feeds
- Royalty-free license — no attribution required
- Instant download — no waiting, no approval process

Why Stockflow.media

Every clip in this collection was captured using professional-grade microscopy equipment with precise color calibration. Unlike generic stock footage, these assets maintain scientific accuracy while delivering cinematic visual quality — making them suitable for both educational and commercial applications.

Get the Eukaryotic Cell Collection

Browse and download: https://stockflow.media/?cat=Microscopic&sub=Biological+Creatures&collection=Eukaryotic+Cell
Full collection details: https://help.stockflow.media/collections/eukaryotic-cell/

#stockfootage #royaltyfree #stockvideo #microscopy #science #biology #documentary #sciencecommunication #contentcreation #videoproduction #4kvideo #eukaryoticcell #biologicalcreatures",How Eukaryotic Cell Footage Transforms science communication Projects,https://storage.googleapis.com/stockflow-social/Batch01/Montages/W/Microscopic_Biological-Creatures_Eukaryotic-Cell_W.mp4,Microscopic,Nmediaservices.com,9/12/2026
"How Biological Creatures Montage Footage Transforms science communication Projects

In science communication and documentary filmmaking, the difference between amateur and broadcast-quality output often comes down to one thing: authentic, high-resolution microscopic visuals. Professional-grade microscopy footage is notoriously difficult and expensive to capture independently, requiring specialized equipment and expertise that most production teams simply don't have access to.

About the Biological Creatures Montage Collection

The Biological Creatures Montage collection is part of our Biological Creatures library within the Microscopic category. This collection delivers broadcast-ready assets that meet the quality standards of professional productions.

Who Benefits from This Collection

- Documentary filmmakers seeking authentic B-roll for science and nature productions
- Science educators creating engaging lecture content and online courses
- Medical professionals building training materials and patient education resources
- Corporate teams producing pharmaceutical and biotech marketing content
- YouTube creators covering science, biology, and technology topics
- Museum and exhibition designers creating immersive visual displays

Integration into Your Workflow

Import the 4K MP4 files directly into your NLE timeline — Premiere Pro, DaVinci Resolve, or Final Cut Pro. The footage works exceptionally well as B-roll overlays with transparency blending. For presentations and educational materials, the 8K JPEG images drop directly into PowerPoint, Google Slides, or Canva at full resolution without quality loss.

What's Included

- 4K MP4 Video (3840x2160) — 16:9 widescreen
- 8K JPEG Images (7680x4320) — print-ready resolution
- Vertical Video (1080x1920) — optimized for mobile and social
- Square Format (2160x2160) — ideal for social feeds
- Royalty-free license — no attribution required
- Instant download — no waiting, no approval process

Why Stockflow.media

Every clip in this collection was captured using professional-grade microscopy equipment with precise color calibration. Unlike generic stock footage, these assets maintain scientific accuracy while delivering cinematic visual quality — making them suitable for both educational and commercial applications.

Get the Biological Creatures Montage Collection

Browse and download: https://stockflow.media/?cat=Microscopic&sub=Biological+Creatures&collection=Biological+Creatures+Montage
Full collection details: https://help.stockflow.media/collections/biological-creatures-montage/

#stockfootage #royaltyfree #stockvideo #microscopy #science #biology #documentary #sciencecommunication #contentcreation #videoproduction #4kvideo #biologicalcreaturesmontage #biologicalcreatures",How Biological Creatures Montage Footage Transforms science communication Projects,https://storage.googleapis.com/stockflow-social/Batch01/Montages/W/Microscopic_Biological-Creatures_Biological-Creatures-Montage_W.mp4,Microscopic,Nmediaservices.com,9/13/2026
"How Bacteria Footage Transforms science communication Projects

In science communication and documentary filmmaking, the difference between amateur and broadcast-quality output often comes down to one thing: authentic, high-resolution microscopic visuals. Professional-grade microscopy footage is notoriously difficult and expensive to capture independently, requiring specialized equipment and expertise that most production teams simply don't have access to.

About the Bacteria Collection

The Bacteria collection is part of our Biological Creatures library within the Microscopic category. This collection delivers broadcast-ready assets that meet the quality standards of professional productions.

Featured assets include:

- High fidelity micrograph of a two-cell biological creature, showcasing a segmented, bead-like structure with numerous surface particles and long fi...
- A high-fidelity micrograph shows a three-segment chain-like cell cluster with textured surfaces and threadlike filaments extending from both ends, ...
- A high-fidelity scanning electron image of a three-segment microorganism with delicate filamentous extensions, resembling a chain of cells amid a s...

Who Benefits from This Collection

- Documentary filmmakers seeking authentic B-roll for science and nature productions
- Science educators creating engaging lecture content and online courses
- Medical professionals building training materials and patient education resources
- Corporate teams producing pharmaceutical and biotech marketing content
- YouTube creators covering science, biology, and technology topics
- Museum and exhibition designers creating immersive visual displays

Integration into Your Workflow

Import the 4K MP4 files directly into your NLE timeline — Premiere Pro, DaVinci Resolve, or Final Cut Pro. The footage works exceptionally well as B-roll overlays with transparency blending. For presentations and educational materials, the 8K JPEG images drop directly into PowerPoint, Google Slides, or Canva at full resolution without quality loss.

What's Included

- 4K MP4 Video (3840x2160) — 16:9 widescreen
- 8K JPEG Images (7680x4320) — print-ready resolution
- Vertical Video (1080x1920) — optimized for mobile and social
- Square Format (2160x2160) — ideal for social feeds
- Royalty-free license — no attribution required
- Instant download — no waiting, no approval process

Why Stockflow.media

Every clip in this collection was captured using professional-grade microscopy equipment with precise color calibration. Unlike generic stock footage, these assets maintain scientific accuracy while delivering cinematic visual quality — making them suitable for both educational and commercial applications.

Get the Bacteria Collection

Browse and download: https://stockflow.media/?cat=Microscopic&sub=Biological+Creatures&collection=Bacteria
Full collection details: https://help.stockflow.media/collections/bacteria/

#stockfoot

#stockfootage #royaltyfree #stockvideo #microscopy #science",How Bacteria Footage Transforms science communication Projects,https://storage.googleapis.com/stockflow-social/Batch01/Montages/W/Microscopic_Biological-Creatures_Bacteria_W.mp4,Microscopic,Nmediaservices.com,9/14/2026
"How Bacterial Cell Footage Transforms science communication Projects

In science communication and documentary filmmaking, the difference between amateur and broadcast-quality output often comes down to one thing: authentic, high-resolution microscopic visuals. Professional-grade microscopy footage is notoriously difficult and expensive to capture independently, requiring specialized equipment and expertise that most production teams simply don't have access to.

About the Bacterial Cell Collection

The Bacterial Cell collection is part of our Biological Creatures library within the Microscopic category. This collection delivers broadcast-ready assets that meet the quality standards of professional productions.

Who Benefits from This Collection

- Documentary filmmakers seeking authentic B-roll for science and nature productions
- Science educators creating engaging lecture content and online courses
- Medical professionals building training materials and patient education resources
- Corporate teams producing pharmaceutical and biotech marketing content
- YouTube creators covering science, biology, and technology topics
- Museum and exhibition designers creating immersive visual displays

Integration into Your Workflow

Import the 4K MP4 files directly into your NLE timeline — Premiere Pro, DaVinci Resolve, or Final Cut Pro. The footage works exceptionally well as B-roll overlays with transparency blending. For presentations and educational materials, the 8K JPEG images drop directly into PowerPoint, Google Slides, or Canva at full resolution without quality loss.

What's Included

- 4K MP4 Video (3840x2160) — 16:9 widescreen
- 8K JPEG Images (7680x4320) — print-ready resolution
- Vertical Video (1080x1920) — optimized for mobile and social
- Square Format (2160x2160) — ideal for social feeds
- Royalty-free license — no attribution required
- Instant download — no waiting, no approval process

Why Stockflow.media

Every clip in this collection was captured using professional-grade microscopy equipment with precise color calibration. Unlike generic stock footage, these assets maintain scientific accuracy while delivering cinematic visual quality — making them suitable for both educational and commercial applications.

Get the Bacterial Cell Collection

Browse and download: https://stockflow.media/?cat=Microscopic&sub=Biological+Creatures&collection=Bacterial+Cell
Full collection details: https://help.stockflow.media/collections/bacterial-cell/

#stockfootage #royaltyfree #stockvideo #microscopy #science #biology #documentary #sciencecommunication #contentcreation #videoproduction #4kvideo #bacterialcell #biologicalcreatures",How Bacterial Cell Footage Transforms science communication Projects,https://storage.googleapis.com/stockflow-social/Batch01/Montages/W/Microscopic_Biological-Creatures_Bacterial-Cell_W.mp4,Microscopic,Nmediaservices.com,9/15/2026
"How Alien Organism Footage Transforms science communication Projects

In science communication and documentary filmmaking, the difference between amateur and broadcast-quality output often comes down to one thing: authentic, high-resolution microscopic visuals. Professional-grade microscopy footage is notoriously difficult and expensive to capture independently, requiring specialized equipment and expertise that most production teams simply don't have access to.

About the Alien Organism Collection

The Alien Organism collection is part of our Biological Creatures library within the Microscopic category. This collection delivers broadcast-ready assets that meet the quality standards of professional productions.

Who Benefits from This Collection

- Documentary filmmakers seeking authentic B-roll for science and nature productions
- Science educators creating engaging lecture content and online courses
- Medical professionals building training materials and patient education resources
- Corporate teams producing pharmaceutical and biotech marketing content
- YouTube creators covering science, biology, and technology topics
- Museum and exhibition designers creating immersive visual displays

Integration into Your Workflow

Import the 4K MP4 files directly into your NLE timeline — Premiere Pro, DaVinci Resolve, or Final Cut Pro. The footage works exceptionally well as B-roll overlays with transparency blending. For presentations and educational materials, the 8K JPEG images drop directly into PowerPoint, Google Slides, or Canva at full resolution without quality loss.

What's Included

- 4K MP4 Video (3840x2160) — 16:9 widescreen
- 8K JPEG Images (7680x4320) — print-ready resolution
- Vertical Video (1080x1920) — optimized for mobile and social
- Square Format (2160x2160) — ideal for social feeds
- Royalty-free license — no attribution required
- Instant download — no waiting, no approval process

Why Stockflow.media

Every clip in this collection was captured using professional-grade microscopy equipment with precise color calibration. Unlike generic stock footage, these assets maintain scientific accuracy while delivering cinematic visual quality — making them suitable for both educational and commercial applications.

Get the Alien Organism Collection

Browse and download: https://stockflow.media/?cat=Microscopic&sub=Biological+Creatures&collection=Alien+Organism
Full collection details: https://help.stockflow.media/collections/alien-organism/

#stockfootage #royaltyfree #stockvideo #microscopy #science #biology #documentary #sciencecommunication #contentcreation #videoproduction #4kvideo #alienorganism #biologicalcreatures",How Alien Organism Footage Transforms science communication Projects,https://storage.googleapis.com/stockflow-social/Batch01/Montages/W/Microscopic_Biological-Creatures_Alien-Organism_W.mp4,Microscopic,Nmediaservices.com,9/16/2026
"How Tetani Footage Transforms science communication Projects

In science communication and documentary filmmaking, the difference between amateur and broadcast-quality output often comes down to one thing: authentic, high-resolution microscopic visuals. Professional-grade microscopy footage is notoriously difficult and expensive to capture independently, requiring specialized equipment and expertise that most production teams simply don't have access to.

About the Tetani Collection

The Tetani collection is part of our Bacteria library within the Microscopic category. This collection delivers broadcast-ready assets that meet the quality standards of professional productions.

Featured assets include:

- Blue microscopic image of Tetani bacteria arranged in a chain.
- Blue-tinted microscopic view of rod-shaped bacteria connected in a chain.
- Fluorescent blue rod-shaped bacteria (bacilli) with small green spheres against a dark background.

Who Benefits from This Collection

- Documentary filmmakers seeking authentic B-roll for science and nature productions
- Science educators creating engaging lecture content and online courses
- Medical professionals building training materials and patient education resources
- Corporate teams producing pharmaceutical and biotech marketing content
- YouTube creators covering science, biology, and technology topics
- Museum and exhibition designers creating immersive visual displays

Integration into Your Workflow

Import the 4K MP4 files directly into your NLE timeline — Premiere Pro, DaVinci Resolve, or Final Cut Pro. The footage works exceptionally well as B-roll overlays with transparency blending. For presentations and educational materials, the 8K JPEG images drop directly into PowerPoint, Google Slides, or Canva at full resolution without quality loss.

What's Included

- 4K MP4 Video (3840x2160) — 16:9 widescreen
- 8K JPEG Images (7680x4320) — print-ready resolution
- Vertical Video (1080x1920) — optimized for mobile and social
- Square Format (2160x2160) — ideal for social feeds
- Royalty-free license — no attribution required
- Instant download — no waiting, no approval process

Why Stockflow.media

Every clip in this collection was captured using professional-grade microscopy equipment with precise color calibration. Unlike generic stock footage, these assets maintain scientific accuracy while delivering cinematic visual quality — making them suitable for both educational and commercial applications.

Get the Tetani Collection

Browse and download: https://stockflow.media/?cat=Microscopic&sub=Bacteria&collection=Tetani
Full collection details: https://help.stockflow.media/collections/tetani/

#stockfootage #royaltyfree #stockvideo #microscopy #science #biology #documentary #sciencecommunication #contentcreation #videoproduction #4kvideo #tetani #bacteria #blue #microscopic #bacteriachain",How Tetani Footage Transforms science communication Projects,https://storage.googleapis.com/stockflow-social/Batch01/Montages/W/Microscopic_Bacteria_Tetani_W.mp4,Microscopic,Nmediaservices.com,9/17/2026
"How Spirochete Footage Transforms science communication Projects

In science communication and documentary filmmaking, the difference between amateur and broadcast-quality output often comes down to one thing: authentic, high-resolution microscopic visuals. Professional-grade microscopy footage is notoriously difficult and expensive to capture independently, requiring specialized equipment and expertise that most production teams simply don't have access to.

About the Spirochete Collection

The Spirochete collection is part of our Bacteria library within the Microscopic category. This collection delivers broadcast-ready assets that meet the quality standards of professional productions.

Featured assets include:

- Spirochete bacterium photographed under magnification.
- A curved, corkscrew-shaped spirochete bacterium with hairlike surface appendages.
- Micro image of a spirochete bacterium with slender, threadlike appendages.

Who Benefits from This Collection

- Documentary filmmakers seeking authentic B-roll for science and nature productions
- Science educators creating engaging lecture content and online courses
- Medical professionals building training materials and patient education resources
- Corporate teams producing pharmaceutical and biotech marketing content
- YouTube creators covering science, biology, and technology topics
- Museum and exhibition designers creating immersive visual displays

Integration into Your Workflow

Import the 4K MP4 files directly into your NLE timeline — Premiere Pro, DaVinci Resolve, or Final Cut Pro. The footage works exceptionally well as B-roll overlays with transparency blending. For presentations and educational materials, the 8K JPEG images drop directly into PowerPoint, Google Slides, or Canva at full resolution without quality loss.

What's Included

- 4K MP4 Video (3840x2160) — 16:9 widescreen
- 8K JPEG Images (7680x4320) — print-ready resolution
- Vertical Video (1080x1920) — optimized for mobile and social
- Square Format (2160x2160) — ideal for social feeds
- Royalty-free license — no attribution required
- Instant download — no waiting, no approval process

Why Stockflow.media

Every clip in this collection was captured using professional-grade microscopy equipment with precise color calibration. Unlike generic stock footage, these assets maintain scientific accuracy while delivering cinematic visual quality — making them suitable for both educational and commercial applications.

Get the Spirochete Collection

Browse and download: https://stockflow.media/?cat=Microscopic&sub=Bacteria&collection=Spirochete
Full collection details: https://help.stockflow.media/collections/spirochete/

#stockfootage #royaltyfree #stockvideo #microscopy #science #biology #documentary #sciencecommunication #contentcreation #videoproduction #4kvideo #spirochete #bacteria #bacterium #microbiology",How Spirochete Footage Transforms science communication Projects,https://storage.googleapis.com/stockflow-social/Batch01/Montages/W/Microscopic_Bacteria_Spirochete_W.mp4,Microscopic,Nmediaservices.com,9/18/2026
"How Resistant Footage Transforms science communication Projects

In science communication and documentary filmmaking, the difference between amateur and broadcast-quality output often comes down to one thing: authentic, high-resolution microscopic visuals. Professional-grade microscopy footage is notoriously difficult and expensive to capture independently, requiring specialized equipment and expertise that most production teams simply don't have access to.

About the Resistant Collection

The Resistant collection is part of our Bacteria library within the Microscopic category. This collection delivers broadcast-ready assets that meet the quality standards of professional productions.

Featured assets include:

- A close-up of rod-shaped bacteria forming a dense mix on a surface, with filamentous web-like structures and tiny dots indicating attached particle...
- Close-up of rod-shaped bacteria forming a dense community, featuring surface-bound micro-colonies and tiny protrusions, illustrating microbial resi...
- Close-up view of rod-shaped bacteria forming a dense community on a surface, showcasing intricate microstructures and tiny attached particles, high...

Who Benefits from This Collection

- Documentary filmmakers seeking authentic B-roll for science and nature productions
- Science educators creating engaging lecture content and online courses
- Medical professionals building training materials and patient education resources
- Corporate teams producing pharmaceutical and biotech marketing content
- YouTube creators covering science, biology, and technology topics
- Museum and exhibition designers creating immersive visual displays

Integration into Your Workflow

Import the 4K MP4 files directly into your NLE timeline — Premiere Pro, DaVinci Resolve, or Final Cut Pro. The footage works exceptionally well as B-roll overlays with transparency blending. For presentations and educational materials, the 8K JPEG images drop directly into PowerPoint, Google Slides, or Canva at full resolution without quality loss.

What's Included

- 4K MP4 Video (3840x2160) — 16:9 widescreen
- 8K JPEG Images (7680x4320) — print-ready resolution
- Vertical Video (1080x1920) — optimized for mobile and social
- Square Format (2160x2160) — ideal for social feeds
- Royalty-free license — no attribution required
- Instant download — no waiting, no approval process

Why Stockflow.media

Every clip in this collection was captured using professional-grade microscopy equipment with precise color calibration. Unlike generic stock footage, these assets maintain scientific accuracy while delivering cinematic visual quality — making them suitable for both educational and commercial applications.

Get the Resistant Collection

Browse and download: https://stockflow.media/?cat=Microscopic&sub=Bacteria&collection=Resistant
Full collection details: https://help.stockflow.media/collections/resistant/

#stockfootage #royaltyfree #

#stockfootage #royaltyfree #stockvideo #microscopy #science",How Resistant Footage Transforms science communication Projects,https://storage.googleapis.com/stockflow-social/Batch01/Montages/W/Microscopic_Bacteria_Resistant_W.mp4,Microscopic,Nmediaservices.com,9/19/2026
"How Resistant Bacteria Footage Transforms science communication Projects

In science communication and documentary filmmaking, the difference between amateur and broadcast-quality output often comes down to one thing: authentic, high-resolution microscopic visuals. Professional-grade microscopy footage is notoriously difficult and expensive to capture independently, requiring specialized equipment and expertise that most production teams simply don't have access to.

About the Resistant Bacteria Collection

The Resistant Bacteria collection is part of our Bacteria library within the Microscopic category. This collection delivers broadcast-ready assets that meet the quality standards of professional productions.

Featured assets include:

- Colorized micrograph of rod-shaped bacteria with a surrounding biofilm and clustered structures suggesting antibiotic resistance.
- Close-up of rod-shaped bacteria forming a colorful biofilm on a textured surface.
- Close-up of rod-shaped resistant bacteria on a surface.

Who Benefits from This Collection

- Documentary filmmakers seeking authentic B-roll for science and nature productions
- Science educators creating engaging lecture content and online courses
- Medical professionals building training materials and patient education resources
- Corporate teams producing pharmaceutical and biotech marketing content
- YouTube creators covering science, biology, and technology topics
- Museum and exhibition designers creating immersive visual displays

Integration into Your Workflow

Import the 4K MP4 files directly into your NLE timeline — Premiere Pro, DaVinci Resolve, or Final Cut Pro. The footage works exceptionally well as B-roll overlays with transparency blending. For presentations and educational materials, the 8K JPEG images drop directly into PowerPoint, Google Slides, or Canva at full resolution without quality loss.

What's Included

- 4K MP4 Video (3840x2160) — 16:9 widescreen
- 8K JPEG Images (7680x4320) — print-ready resolution
- Vertical Video (1080x1920) — optimized for mobile and social
- Square Format (2160x2160) — ideal for social feeds
- Royalty-free license — no attribution required
- Instant download — no waiting, no approval process

Why Stockflow.media

Every clip in this collection was captured using professional-grade microscopy equipment with precise color calibration. Unlike generic stock footage, these assets maintain scientific accuracy while delivering cinematic visual quality — making them suitable for both educational and commercial applications.

Get the Resistant Bacteria Collection

Browse and download: https://stockflow.media/?cat=Microscopic&sub=Bacteria&collection=Resistant+Bacteria
Full collection details: https://help.stockflow.media/collections/resistant-bacteria/

#stockfootage #royaltyfree #stockvideo #microscopy #science #biology #documentary #sciencecommunication #contentcreation #videoproduction #4kvideo #resistantba

#stockfootage #royaltyfree #stockvideo #microscopy #science",How Resistant Bacteria Footage Transforms science communication Projects,https://storage.googleapis.com/stockflow-social/Batch01/Montages/W/Microscopic_Bacteria_Resistant-Bacteria_W.mp4,Microscopic,Nmediaservices.com,9/20/2026
"How E Coli Footage Transforms science communication Projects

In science communication and documentary filmmaking, the difference between amateur and broadcast-quality output often comes down to one thing: authentic, high-resolution microscopic visuals. Professional-grade microscopy footage is notoriously difficult and expensive to capture independently, requiring specialized equipment and expertise that most production teams simply don't have access to.

About the E Coli Collection

The E Coli collection is part of our Bacteria library within the Microscopic category. This collection delivers broadcast-ready assets that meet the quality standards of professional productions.

Who Benefits from This Collection

- Documentary filmmakers seeking authentic B-roll for science and nature productions
- Science educators creating engaging lecture content and online courses
- Medical professionals building training materials and patient education resources
- Corporate teams producing pharmaceutical and biotech marketing content
- YouTube creators covering science, biology, and technology topics
- Museum and exhibition designers creating immersive visual displays

Integration into Your Workflow

Import the 4K MP4 files directly into your NLE timeline — Premiere Pro, DaVinci Resolve, or Final Cut Pro. The footage works exceptionally well as B-roll overlays with transparency blending. For presentations and educational materials, the 8K JPEG images drop directly into PowerPoint, Google Slides, or Canva at full resolution without quality loss.

What's Included

- 4K MP4 Video (3840x2160) — 16:9 widescreen
- 8K JPEG Images (7680x4320) — print-ready resolution
- Vertical Video (1080x1920) — optimized for mobile and social
- Square Format (2160x2160) — ideal for social feeds
- Royalty-free license — no attribution required
- Instant download — no waiting, no approval process

Why Stockflow.media

Every clip in this collection was captured using professional-grade microscopy equipment with precise color calibration. Unlike generic stock footage, these assets maintain scientific accuracy while delivering cinematic visual quality — making them suitable for both educational and commercial applications.

Get the E Coli Collection

Browse and download: https://stockflow.media/?cat=Microscopic&sub=Bacteria&collection=E+Coli
Full collection details: https://help.stockflow.media/collections/e-coli/

#stockfootage #royaltyfree #stockvideo #microscopy #science #biology #documentary #sciencecommunication #contentcreation #videoproduction #4kvideo #ecoli #bacteria",How E Coli Footage Transforms science communication Projects,https://storage.googleapis.com/stockflow-social/Batch01/Montages/W/Microscopic_Bacteria_E-Coli_W.mp4,Microscopic,Nmediaservices.com,9/21/2026
"How Cocci Footage Transforms science communication Projects

In science communication and documentary filmmaking, the difference between amateur and broadcast-quality output often comes down to one thing: authentic, high-resolution microscopic visuals. Professional-grade microscopy footage is notoriously difficult and expensive to capture independently, requiring specialized equipment and expertise that most production teams simply don't have access to.

About the Cocci Collection

The Cocci collection is part of our Bacteria library within the Microscopic category. This collection delivers broadcast-ready assets that meet the quality standards of professional productions.

Featured assets include:

- Color-enhanced microscopic image of cocci bacteria forming clusters.
- Golden microscopic view of cocci bacteria arranged in chain-like structures.
- Microscopic image of chain-forming cocci bacteria.

Who Benefits from This Collection

- Documentary filmmakers seeking authentic B-roll for science and nature productions
- Science educators creating engaging lecture content and online courses
- Medical professionals building training materials and patient education resources
- Corporate teams producing pharmaceutical and biotech marketing content
- YouTube creators covering science, biology, and technology topics
- Museum and exhibition designers creating immersive visual displays

Integration into Your Workflow

Import the 4K MP4 files directly into your NLE timeline — Premiere Pro, DaVinci Resolve, or Final Cut Pro. The footage works exceptionally well as B-roll overlays with transparency blending. For presentations and educational materials, the 8K JPEG images drop directly into PowerPoint, Google Slides, or Canva at full resolution without quality loss.

What's Included

- 4K MP4 Video (3840x2160) — 16:9 widescreen
- 8K JPEG Images (7680x4320) — print-ready resolution
- Vertical Video (1080x1920) — optimized for mobile and social
- Square Format (2160x2160) — ideal for social feeds
- Royalty-free license — no attribution required
- Instant download — no waiting, no approval process

Why Stockflow.media

Every clip in this collection was captured using professional-grade microscopy equipment with precise color calibration. Unlike generic stock footage, these assets maintain scientific accuracy while delivering cinematic visual quality — making them suitable for both educational and commercial applications.

Get the Cocci Collection

Browse and download: https://stockflow.media/?cat=Microscopic&sub=Bacteria&collection=Cocci
Full collection details: https://help.stockflow.media/collections/cocci/

#stockfootage #royaltyfree #stockvideo #microscopy #science #biology #documentary #sciencecommunication #contentcreation #videoproduction #4kvideo #cocci #bacteria #bacterialclusters #coccibacteria",How Cocci Footage Transforms science communication Projects,https://storage.googleapis.com/stockflow-social/Batch01/Montages/W/Microscopic_Bacteria_Cocci_W.mp4,Microscopic,Nmediaservices.com,9/22/2026
"How Biofilm Footage Transforms science communication Projects

In science communication and documentary filmmaking, the difference between amateur and broadcast-quality output often comes down to one thing: authentic, high-resolution microscopic visuals. Professional-grade microscopy footage is notoriously difficult and expensive to capture independently, requiring specialized equipment and expertise that most production teams simply don't have access to.

About the Biofilm Collection

The Biofilm collection is part of our Bacteria library within the Microscopic category. This collection delivers broadcast-ready assets that meet the quality standards of professional productions.

Featured assets include:

- Rod-shaped bacteria in a biofilm on a surface.
- Close-up of a bacterial biofilm with rod-shaped orange bacteria embedded in a slimy extracellular matrix (blue-stained cells among the filmy layer).
- Color-enhanced micrograph of a bacterial biofilm with yellow rod-shaped and blue spherical bacteria embedded in a textured extracellular matrix.

Who Benefits from This Collection

- Documentary filmmakers seeking authentic B-roll for science and nature productions
- Science educators creating engaging lecture content and online courses
- Medical professionals building training materials and patient education resources
- Corporate teams producing pharmaceutical and biotech marketing content
- YouTube creators covering science, biology, and technology topics
- Museum and exhibition designers creating immersive visual displays

Integration into Your Workflow

Import the 4K MP4 files directly into your NLE timeline — Premiere Pro, DaVinci Resolve, or Final Cut Pro. The footage works exceptionally well as B-roll overlays with transparency blending. For presentations and educational materials, the 8K JPEG images drop directly into PowerPoint, Google Slides, or Canva at full resolution without quality loss.

What's Included

- 4K MP4 Video (3840x2160) — 16:9 widescreen
- 8K JPEG Images (7680x4320) — print-ready resolution
- Vertical Video (1080x1920) — optimized for mobile and social
- Square Format (2160x2160) — ideal for social feeds
- Royalty-free license — no attribution required
- Instant download — no waiting, no approval process

Why Stockflow.media

Every clip in this collection was captured using professional-grade microscopy equipment with precise color calibration. Unlike generic stock footage, these assets maintain scientific accuracy while delivering cinematic visual quality — making them suitable for both educational and commercial applications.

Get the Biofilm Collection

Browse and download: https://stockflow.media/?cat=Microscopic&sub=Bacteria&collection=Biofilm
Full collection details: https://help.stockflow.media/collections/biofilm/

#stockfootage #royaltyfree #stockvideo #microscopy #science #biology #documentary #sciencecommunication #contentcreation #videoproduction #4kvideo #biof

#stockfootage #royaltyfree #stockvideo #microscopy #science",How Biofilm Footage Transforms science communication Projects,https://storage.googleapis.com/stockflow-social/Batch01/Montages/W/Microscopic_Bacteria_Biofilm_W.mp4,Microscopic,Nmediaservices.com,9/23/2026
"How Bacteria Montage Footage Transforms science communication Projects

In science communication and documentary filmmaking, the difference between amateur and broadcast-quality output often comes down to one thing: authentic, high-resolution microscopic visuals. Professional-grade microscopy footage is notoriously difficult and expensive to capture independently, requiring specialized equipment and expertise that most production teams simply don't have access to.

About the Bacteria Montage Collection

The Bacteria Montage collection is part of our Bacteria library within the Microscopic category. This collection delivers broadcast-ready assets that meet the quality standards of professional productions.

Who Benefits from This Collection

- Documentary filmmakers seeking authentic B-roll for science and nature productions
- Science educators creating engaging lecture content and online courses
- Medical professionals building training materials and patient education resources
- Corporate teams producing pharmaceutical and biotech marketing content
- YouTube creators covering science, biology, and technology topics
- Museum and exhibition designers creating immersive visual displays

Integration into Your Workflow

Import the 4K MP4 files directly into your NLE timeline — Premiere Pro, DaVinci Resolve, or Final Cut Pro. The footage works exceptionally well as B-roll overlays with transparency blending. For presentations and educational materials, the 8K JPEG images drop directly into PowerPoint, Google Slides, or Canva at full resolution without quality loss.

What's Included

- 4K MP4 Video (3840x2160) — 16:9 widescreen
- 8K JPEG Images (7680x4320) — print-ready resolution
- Vertical Video (1080x1920) — optimized for mobile and social
- Square Format (2160x2160) — ideal for social feeds
- Royalty-free license — no attribution required
- Instant download — no waiting, no approval process

Why Stockflow.media

Every clip in this collection was captured using professional-grade microscopy equipment with precise color calibration. Unlike generic stock footage, these assets maintain scientific accuracy while delivering cinematic visual quality — making them suitable for both educational and commercial applications.

Get the Bacteria Montage Collection

Browse and download: https://stockflow.media/?cat=Microscopic&sub=Bacteria&collection=Bacteria+Montage
Full collection details: https://help.stockflow.media/collections/bacteria-montage/

#stockfootage #royaltyfree #stockvideo #microscopy #science #biology #documentary #sciencecommunication #contentcreation #videoproduction #4kvideo #bacteriamontage #bacteria",How Bacteria Montage Footage Transforms science communication Projects,https://storage.googleapis.com/stockflow-social/Batch01/Montages/W/Microscopic_Bacteria_Bacteria-Montage_W.mp4,Microscopic,Nmediaservices.com,9/24/2026
"How Bacillus Footage Transforms science communication Projects

In science communication and documentary filmmaking, the difference between amateur and broadcast-quality output often comes down to one thing: authentic, high-resolution microscopic visuals. Professional-grade microscopy footage is notoriously difficult and expensive to capture independently, requiring specialized equipment and expertise that most production teams simply don't have access to.

About the Bacillus Collection

The Bacillus collection is part of our Bacteria library within the Microscopic category. This collection delivers broadcast-ready assets that meet the quality standards of professional productions.

Featured assets include:

- Bacillus bacteria forming a Y-shaped cluster.
- Colorful close-up of rod-shaped Bacillus bacteria undergoing cell division, with small surface-bound particles.
- Rod-shaped bacillus bacteria arranged in a chain, with a textured surface and tiny surface vesicles.

Who Benefits from This Collection

- Documentary filmmakers seeking authentic B-roll for science and nature productions
- Science educators creating engaging lecture content and online courses
- Medical professionals building training materials and patient education resources
- Corporate teams producing pharmaceutical and biotech marketing content
- YouTube creators covering science, biology, and technology topics
- Museum and exhibition designers creating immersive visual displays

Integration into Your Workflow

Import the 4K MP4 files directly into your NLE timeline — Premiere Pro, DaVinci Resolve, or Final Cut Pro. The footage works exceptionally well as B-roll overlays with transparency blending. For presentations and educational materials, the 8K JPEG images drop directly into PowerPoint, Google Slides, or Canva at full resolution without quality loss.

What's Included

- 4K MP4 Video (3840x2160) — 16:9 widescreen
- 8K JPEG Images (7680x4320) — print-ready resolution
- Vertical Video (1080x1920) — optimized for mobile and social
- Square Format (2160x2160) — ideal for social feeds
- Royalty-free license — no attribution required
- Instant download — no waiting, no approval process

Why Stockflow.media

Every clip in this collection was captured using professional-grade microscopy equipment with precise color calibration. Unlike generic stock footage, these assets maintain scientific accuracy while delivering cinematic visual quality — making them suitable for both educational and commercial applications.

Get the Bacillus Collection

Browse and download: https://stockflow.media/?cat=Microscopic&sub=Bacteria&collection=Bacillus
Full collection details: https://help.stockflow.media/collections/bacillus/

#stockfootage #royaltyfree #stockvideo #microscopy #science #biology #documentary #sciencecommunication #contentcreation #videoproduction #4kvideo #bacillus #bacteria #bacillusbacteria #yshapedcluster #microbiology",How Bacillus Footage Transforms science communication Projects,https://storage.googleapis.com/stockflow-social/Batch01/Montages/W/Microscopic_Bacteria_Bacillus_W.mp4,Microscopic,Nmediaservices.com,9/25/2026
"How Agar Plate Footage Transforms science communication Projects

In science communication and documentary filmmaking, the difference between amateur and broadcast-quality output often comes down to one thing: authentic, high-resolution microscopic visuals. Professional-grade microscopy footage is notoriously difficult and expensive to capture independently, requiring specialized equipment and expertise that most production teams simply don't have access to.

About the Agar Plate Collection

The Agar Plate collection is part of our Bacteria library within the Microscopic category. This collection delivers broadcast-ready assets that meet the quality standards of professional productions.

Featured assets include:

- Colorful circular bacterial colonies in a petri dish with rainbow illumination.
- Colorful circular bacterial colonies on an agar plate.
- Abstract pink and purple radial splash with glowing filaments and spheres emanating from a bright center.

Who Benefits from This Collection

- Documentary filmmakers seeking authentic B-roll for science and nature productions
- Science educators creating engaging lecture content and online courses
- Medical professionals building training materials and patient education resources
- Corporate teams producing pharmaceutical and biotech marketing content
- YouTube creators covering science, biology, and technology topics
- Museum and exhibition designers creating immersive visual displays

Integration into Your Workflow

Import the 4K MP4 files directly into your NLE timeline — Premiere Pro, DaVinci Resolve, or Final Cut Pro. The footage works exceptionally well as B-roll overlays with transparency blending. For presentations and educational materials, the 8K JPEG images drop directly into PowerPoint, Google Slides, or Canva at full resolution without quality loss.

What's Included

- 4K MP4 Video (3840x2160) — 16:9 widescreen
- 8K JPEG Images (7680x4320) — print-ready resolution
- Vertical Video (1080x1920) — optimized for mobile and social
- Square Format (2160x2160) — ideal for social feeds
- Royalty-free license — no attribution required
- Instant download — no waiting, no approval process

Why Stockflow.media

Every clip in this collection was captured using professional-grade microscopy equipment with precise color calibration. Unlike generic stock footage, these assets maintain scientific accuracy while delivering cinematic visual quality — making them suitable for both educational and commercial applications.

Get the Agar Plate Collection

Browse and download: https://stockflow.media/?cat=Microscopic&sub=Bacteria&collection=Agar+Plate
Full collection details: https://help.stockflow.media/collections/agar-plate/

#stockfootage #royaltyfree #stockvideo #microscopy #science #biology #documentary #sciencecommunication #contentcreation #videoproduction #4kvideo #agarplate #bacteria #petridish #colorfulcolonies #rainbowillumination #microbiology",How Agar Plate Footage Transforms science communication Projects,https://storage.googleapis.com/stockflow-social/Batch01/Montages/W/Microscopic_Bacteria_Agar-Plate_W.mp4,Microscopic,Nmediaservices.com,9/26/2026
"How Spirogyra Footage Transforms science communication Projects

In science communication and documentary filmmaking, the difference between amateur and broadcast-quality output often comes down to one thing: authentic, high-resolution microscopic visuals. Professional-grade microscopy footage is notoriously difficult and expensive to capture independently, requiring specialized equipment and expertise that most production teams simply don't have access to.

About the Spirogyra Collection

The Spirogyra collection is part of our Algae library within the Microscopic category. This collection delivers broadcast-ready assets that meet the quality standards of professional productions.

Featured assets include:

- Close-up of Spirogyra algae filament showing a chain of green circular cells.
- Close-up of bright green Spirogyra algae filaments with round, packed cells.
- Close-up of Spirogyra algae, green filamentous cells with spiral chloroplasts and bead-like structures.

Who Benefits from This Collection

- Documentary filmmakers seeking authentic B-roll for science and nature productions
- Science educators creating engaging lecture content and online courses
- Medical professionals building training materials and patient education resources
- Corporate teams producing pharmaceutical and biotech marketing content
- YouTube creators covering science, biology, and technology topics
- Museum and exhibition designers creating immersive visual displays

Integration into Your Workflow

Import the 4K MP4 files directly into your NLE timeline — Premiere Pro, DaVinci Resolve, or Final Cut Pro. The footage works exceptionally well as B-roll overlays with transparency blending. For presentations and educational materials, the 8K JPEG images drop directly into PowerPoint, Google Slides, or Canva at full resolution without quality loss.

What's Included

- 4K MP4 Video (3840x2160) — 16:9 widescreen
- 8K JPEG Images (7680x4320) — print-ready resolution
- Vertical Video (1080x1920) — optimized for mobile and social
- Square Format (2160x2160) — ideal for social feeds
- Royalty-free license — no attribution required
- Instant download — no waiting, no approval process

Why Stockflow.media

Every clip in this collection was captured using professional-grade microscopy equipment with precise color calibration. Unlike generic stock footage, these assets maintain scientific accuracy while delivering cinematic visual quality — making them suitable for both educational and commercial applications.

Get the Spirogyra Collection

Browse and download: https://stockflow.media/?cat=Microscopic&sub=Algae&collection=Spirogyra
Full collection details: https://help.stockflow.media/collections/spirogyra/

#stockfootage #royaltyfree #stockvideo #microscopy #science #biology #documentary #sciencecommunication #contentcreation #videoproduction #4kvideo #spirogyra #algae #filament #chain #green",How Spirogyra Footage Transforms science communication Projects,https://storage.googleapis.com/stockflow-social/Batch01/Montages/W/Microscopic_Algae_Spirogyra_W.mp4,Microscopic,Nmediaservices.com,9/27/2026
"How Red Algae Footage Transforms science communication Projects

In science communication and documentary filmmaking, the difference between amateur and broadcast-quality output often comes down to one thing: authentic, high-resolution microscopic visuals. Professional-grade microscopy footage is notoriously difficult and expensive to capture independently, requiring specialized equipment and expertise that most production teams simply don't have access to.

About the Red Algae Collection

The Red Algae collection is part of our Algae library within the Microscopic category. This collection delivers broadcast-ready assets that meet the quality standards of professional productions.

Featured assets include:

- Close-up of glowing red algae cells with many round organelles, linked along a membrane boundary.
- Macro shot of red algae cells connected in a filament, glowing red against a black background.
- Red algae microcells forming a glowing chain, magnified view of algae cells.

Who Benefits from This Collection

- Documentary filmmakers seeking authentic B-roll for science and nature productions
- Science educators creating engaging lecture content and online courses
- Medical professionals building training materials and patient education resources
- Corporate teams producing pharmaceutical and biotech marketing content
- YouTube creators covering science, biology, and technology topics
- Museum and exhibition designers creating immersive visual displays

Integration into Your Workflow

Import the 4K MP4 files directly into your NLE timeline — Premiere Pro, DaVinci Resolve, or Final Cut Pro. The footage works exceptionally well as B-roll overlays with transparency blending. For presentations and educational materials, the 8K JPEG images drop directly into PowerPoint, Google Slides, or Canva at full resolution without quality loss.

What's Included

- 4K MP4 Video (3840x2160) — 16:9 widescreen
- 8K JPEG Images (7680x4320) — print-ready resolution
- Vertical Video (1080x1920) — optimized for mobile and social
- Square Format (2160x2160) — ideal for social feeds
- Royalty-free license — no attribution required
- Instant download — no waiting, no approval process

Why Stockflow.media

Every clip in this collection was captured using professional-grade microscopy equipment with precise color calibration. Unlike generic stock footage, these assets maintain scientific accuracy while delivering cinematic visual quality — making them suitable for both educational and commercial applications.

Get the Red Algae Collection

Browse and download: https://stockflow.media/?cat=Microscopic&sub=Algae&collection=Red+Algae
Full collection details: https://help.stockflow.media/collections/red-algae/

#stockfootage #royaltyfree #stockvideo #microscopy #science #biology #documentary #sciencecommunication #contentcreation #videoproduction #4kvideo #redalgae #algae #closeup #glowing #redalgaecells #algaecells",How Red Algae Footage Transforms science communication Projects,https://storage.googleapis.com/stockflow-social/Batch01/Montages/W/Microscopic_Algae_Red-Algae_W.mp4,Microscopic,Nmediaservices.com,9/28/2026
"How Red Footage Transforms science communication Projects

In science communication and documentary filmmaking, the difference between amateur and broadcast-quality output often comes down to one thing: authentic, high-resolution microscopic visuals. Professional-grade microscopy footage is notoriously difficult and expensive to capture independently, requiring specialized equipment and expertise that most production teams simply don't have access to.

About the Red Collection

The Red collection is part of our Algae library within the Microscopic category. This collection delivers broadcast-ready assets that meet the quality standards of professional productions.

Featured assets include:

- A close-up of red algae filaments under fluorescence, showing translucent tubes with round cell clusters glowing against a dark background. Microsc...
- A vivid close-up of red algae filaments, glowing against a dark backdrop, enmeshed in tiny bubbles. The intricate, translucent strands reveal cellu...
- Micrograph of vibrant red algae filaments entangled in a lattice, showing translucent tubes filled with spherical cells. A microscopic beauty of aq...

Who Benefits from This Collection

- Documentary filmmakers seeking authentic B-roll for science and nature productions
- Science educators creating engaging lecture content and online courses
- Medical professionals building training materials and patient education resources
- Corporate teams producing pharmaceutical and biotech marketing content
- YouTube creators covering science, biology, and technology topics
- Museum and exhibition designers creating immersive visual displays

Integration into Your Workflow

Import the 4K MP4 files directly into your NLE timeline — Premiere Pro, DaVinci Resolve, or Final Cut Pro. The footage works exceptionally well as B-roll overlays with transparency blending. For presentations and educational materials, the 8K JPEG images drop directly into PowerPoint, Google Slides, or Canva at full resolution without quality loss.

What's Included

- 4K MP4 Video (3840x2160) — 16:9 widescreen
- 8K JPEG Images (7680x4320) — print-ready resolution
- Vertical Video (1080x1920) — optimized for mobile and social
- Square Format (2160x2160) — ideal for social feeds
- Royalty-free license — no attribution required
- Instant download — no waiting, no approval process

Why Stockflow.media

Every clip in this collection was captured using professional-grade microscopy equipment with precise color calibration. Unlike generic stock footage, these assets maintain scientific accuracy while delivering cinematic visual quality — making them suitable for both educational and commercial applications.

Get the Red Collection

Browse and download: https://stockflow.media/?cat=Microscopic&sub=Algae&collection=Red
Full collection details: https://help.stockflow.media/collections/red/

#stockfootage #royaltyfree #stockvideo #microscopy #science #biology #

#stockfootage #royaltyfree #stockvideo #microscopy #science",How Red Footage Transforms science communication Projects,https://storage.googleapis.com/stockflow-social/Batch01/Montages/W/Microscopic_Algae_Red_W.mp4,Microscopic,Nmediaservices.com,9/29/2026
"How Green Footage Transforms science communication Projects

In science communication and documentary filmmaking, the difference between amateur and broadcast-quality output often comes down to one thing: authentic, high-resolution microscopic visuals. Professional-grade microscopy footage is notoriously difficult and expensive to capture independently, requiring specialized equipment and expertise that most production teams simply don't have access to.

About the Green Collection

The Green collection is part of our Algae library within the Microscopic category. This collection delivers broadcast-ready assets that meet the quality standards of professional productions.

Featured assets include:

- Yellow-green microscopic view of interconnected algal cells forming bubbly spheres, showcasing chlorophyll-rich interiors and membrane boundaries; ...
- Macro view of microscopic green algae in liquid, revealing bright green spherical cells with internal bubbles and glowing outlines, a vivid underwa...
- Close-up view of green algae cells in a yellow-green fluid, revealing interconnected bubbles and tiny droplets suspended in a microcosm, highlighti...

Who Benefits from This Collection

- Documentary filmmakers seeking authentic B-roll for science and nature productions
- Science educators creating engaging lecture content and online courses
- Medical professionals building training materials and patient education resources
- Corporate teams producing pharmaceutical and biotech marketing content
- YouTube creators covering science, biology, and technology topics
- Museum and exhibition designers creating immersive visual displays

Integration into Your Workflow

Import the 4K MP4 files directly into your NLE timeline — Premiere Pro, DaVinci Resolve, or Final Cut Pro. The footage works exceptionally well as B-roll overlays with transparency blending. For presentations and educational materials, the 8K JPEG images drop directly into PowerPoint, Google Slides, or Canva at full resolution without quality loss.

What's Included

- 4K MP4 Video (3840x2160) — 16:9 widescreen
- 8K JPEG Images (7680x4320) — print-ready resolution
- Vertical Video (1080x1920) — optimized for mobile and social
- Square Format (2160x2160) — ideal for social feeds
- Royalty-free license — no attribution required
- Instant download — no waiting, no approval process

Why Stockflow.media

Every clip in this collection was captured using professional-grade microscopy equipment with precise color calibration. Unlike generic stock footage, these assets maintain scientific accuracy while delivering cinematic visual quality — making them suitable for both educational and commercial applications.

Get the Green Collection

Browse and download: https://stockflow.media/?cat=Microscopic&sub=Algae&collection=Green
Full collection details: https://help.stockflow.media/collections/green/

#stockfootage #royaltyfree #stockvideo #microscopy #scienc

#stockfootage #royaltyfree #stockvideo #microscopy #science",How Green Footage Transforms science communication Projects,https://storage.googleapis.com/stockflow-social/Batch01/Montages/W/Microscopic_Algae_Green_W.mp4,Microscopic,Nmediaservices.com,9/30/2026
"How Green Algae Footage Transforms science communication Projects

In science communication and documentary filmmaking, the difference between amateur and broadcast-quality output often comes down to one thing: authentic, high-resolution microscopic visuals. Professional-grade microscopy footage is notoriously difficult and expensive to capture independently, requiring specialized equipment and expertise that most production teams simply don't have access to.

About the Green Algae Collection

The Green Algae collection is part of our Algae library within the Microscopic category. This collection delivers broadcast-ready assets that meet the quality standards of professional productions.

Featured assets include:

- Green algae colony (Volvox) with many individual green cells in a spherical structure.
- Green algae colony with numerous circular cells packed into a spherical structure.
- Microscopic view of green algae with clustered green cells and intracellular dots.

Who Benefits from This Collection

- Documentary filmmakers seeking authentic B-roll for science and nature productions
- Science educators creating engaging lecture content and online courses
- Medical professionals building training materials and patient education resources
- Corporate teams producing pharmaceutical and biotech marketing content
- YouTube creators covering science, biology, and technology topics
- Museum and exhibition designers creating immersive visual displays

Integration into Your Workflow

Import the 4K MP4 files directly into your NLE timeline — Premiere Pro, DaVinci Resolve, or Final Cut Pro. The footage works exceptionally well as B-roll overlays with transparency blending. For presentations and educational materials, the 8K JPEG images drop directly into PowerPoint, Google Slides, or Canva at full resolution without quality loss.

What's Included

- 4K MP4 Video (3840x2160) — 16:9 widescreen
- 8K JPEG Images (7680x4320) — print-ready resolution
- Vertical Video (1080x1920) — optimized for mobile and social
- Square Format (2160x2160) — ideal for social feeds
- Royalty-free license — no attribution required
- Instant download — no waiting, no approval process

Why Stockflow.media

Every clip in this collection was captured using professional-grade microscopy equipment with precise color calibration. Unlike generic stock footage, these assets maintain scientific accuracy while delivering cinematic visual quality — making them suitable for both educational and commercial applications.

Get the Green Algae Collection

Browse and download: https://stockflow.media/?cat=Microscopic&sub=Algae&collection=Green+Algae
Full collection details: https://help.stockflow.media/collections/green-algae/

#stockfootage #royaltyfree #stockvideo #microscopy #science #biology #documentary #sciencecommunication #contentcreation #videoproduction #4kvideo #greenalgae #algae #volvox #algaecolony #microalgae #colonialalga",How Green Algae Footage Transforms science communication Projects,https://storage.googleapis.com/stockflow-social/Batch01/Montages/W/Microscopic_Algae_Green-Algae_W.mp4,Microscopic,Nmediaservices.com,10/1/2026
"How Diatoms Footage Transforms science communication Projects

In science communication and documentary filmmaking, the difference between amateur and broadcast-quality output often comes down to one thing: authentic, high-resolution microscopic visuals. Professional-grade microscopy footage is notoriously difficult and expensive to capture independently, requiring specialized equipment and expertise that most production teams simply don't have access to.

About the Diatoms Collection

The Diatoms collection is part of our Algae library within the Microscopic category. This collection delivers broadcast-ready assets that meet the quality standards of professional productions.

Featured assets include:

- Microscopic view of diatoms, a type of microalgae.
- Microscopic view of floating diatoms with radiating silica shells in water.
- Oval diatoms (microalgae) with intricate silica cell walls and internal golden-green chloroplasts.

Who Benefits from This Collection

- Documentary filmmakers seeking authentic B-roll for science and nature productions
- Science educators creating engaging lecture content and online courses
- Medical professionals building training materials and patient education resources
- Corporate teams producing pharmaceutical and biotech marketing content
- YouTube creators covering science, biology, and technology topics
- Museum and exhibition designers creating immersive visual displays

Integration into Your Workflow

Import the 4K MP4 files directly into your NLE timeline — Premiere Pro, DaVinci Resolve, or Final Cut Pro. The footage works exceptionally well as B-roll overlays with transparency blending. For presentations and educational materials, the 8K JPEG images drop directly into PowerPoint, Google Slides, or Canva at full resolution without quality loss.

What's Included

- 4K MP4 Video (3840x2160) — 16:9 widescreen
- 8K JPEG Images (7680x4320) — print-ready resolution
- Vertical Video (1080x1920) — optimized for mobile and social
- Square Format (2160x2160) — ideal for social feeds
- Royalty-free license — no attribution required
- Instant download — no waiting, no approval process

Why Stockflow.media

Every clip in this collection was captured using professional-grade microscopy equipment with precise color calibration. Unlike generic stock footage, these assets maintain scientific accuracy while delivering cinematic visual quality — making them suitable for both educational and commercial applications.

Get the Diatoms Collection

Browse and download: https://stockflow.media/?cat=Microscopic&sub=Algae&collection=Diatoms
Full collection details: https://help.stockflow.media/collections/diatoms/

#stockfootage #royaltyfree #stockvideo #microscopy #science #biology #documentary #sciencecommunication #contentcreation #videoproduction #4kvideo #diatoms #algae #microalgae #microscopic",How Diatoms Footage Transforms science communication Projects,https://storage.googleapis.com/stockflow-social/Batch01/Montages/W/Microscopic_Algae_Diatoms_W.mp4,Microscopic,Nmediaservices.com,10/2/2026
"How Desmids Footage Transforms science communication Projects

In science communication and documentary filmmaking, the difference between amateur and broadcast-quality output often comes down to one thing: authentic, high-resolution microscopic visuals. Professional-grade microscopy footage is notoriously difficult and expensive to capture independently, requiring specialized equipment and expertise that most production teams simply don't have access to.

About the Desmids Collection

The Desmids collection is part of our Algae library within the Microscopic category. This collection delivers broadcast-ready assets that meet the quality standards of professional productions.

Featured assets include:

- Microscopic view of Desmids algae, showing green, chloroplast-filled cells arranged in network-like structures.
- Close-up of green algae cells (desmids) in a vivid, interconnected cluster.
- Desmids (green algae) with intricately segmented, leafy colonies and bright green chloroplasts.

Who Benefits from This Collection

- Documentary filmmakers seeking authentic B-roll for science and nature productions
- Science educators creating engaging lecture content and online courses
- Medical professionals building training materials and patient education resources
- Corporate teams producing pharmaceutical and biotech marketing content
- YouTube creators covering science, biology, and technology topics
- Museum and exhibition designers creating immersive visual displays

Integration into Your Workflow

Import the 4K MP4 files directly into your NLE timeline — Premiere Pro, DaVinci Resolve, or Final Cut Pro. The footage works exceptionally well as B-roll overlays with transparency blending. For presentations and educational materials, the 8K JPEG images drop directly into PowerPoint, Google Slides, or Canva at full resolution without quality loss.

What's Included

- 4K MP4 Video (3840x2160) — 16:9 widescreen
- 8K JPEG Images (7680x4320) — print-ready resolution
- Vertical Video (1080x1920) — optimized for mobile and social
- Square Format (2160x2160) — ideal for social feeds
- Royalty-free license — no attribution required
- Instant download — no waiting, no approval process

Why Stockflow.media

Every clip in this collection was captured using professional-grade microscopy equipment with precise color calibration. Unlike generic stock footage, these assets maintain scientific accuracy while delivering cinematic visual quality — making them suitable for both educational and commercial applications.

Get the Desmids Collection

Browse and download: https://stockflow.media/?cat=Microscopic&sub=Algae&collection=Desmids
Full collection details: https://help.stockflow.media/collections/desmids/

#stockfootage #royaltyfree #stockvideo #microscopy #science #biology #documentary #sciencecommunication #contentcreation #videoproduction #4kvideo #desmids #algae #microscopic #microorganisms #greenalgae",How Desmids Footage Transforms science communication Projects,https://storage.googleapis.com/stockflow-social/Batch01/Montages/W/Microscopic_Algae_Desmids_W.mp4,Microscopic,Nmediaservices.com,10/3/2026
"How Cyanobacteria Footage Transforms science communication Projects

In science communication and documentary filmmaking, the difference between amateur and broadcast-quality output often comes down to one thing: authentic, high-resolution microscopic visuals. Professional-grade microscopy footage is notoriously difficult and expensive to capture independently, requiring specialized equipment and expertise that most production teams simply don't have access to.

About the Cyanobacteria Collection

The Cyanobacteria collection is part of our Algae library within the Microscopic category. This collection delivers broadcast-ready assets that meet the quality standards of professional productions.

Featured assets include:

- A microscopic view of blue-green algae forming clustered, shimmering spheres, creating a textured sea of tiny bubbles in rich turquoise tones. This...
- A close-up of blue-green algae bubbles creates a shimmering carpet of tiny spheres, each glossy and translucent, forming a surreal, ocean-like fiel...
- A close-up view of dense blue-green algae colonies, tiny bubbles and filaments creating a textured microscopic landscape shimmering with teal and t...

Who Benefits from This Collection

- Documentary filmmakers seeking authentic B-roll for science and nature productions
- Science educators creating engaging lecture content and online courses
- Medical professionals building training materials and patient education resources
- Corporate teams producing pharmaceutical and biotech marketing content
- YouTube creators covering science, biology, and technology topics
- Museum and exhibition designers creating immersive visual displays

Integration into Your Workflow

Import the 4K MP4 files directly into your NLE timeline — Premiere Pro, DaVinci Resolve, or Final Cut Pro. The footage works exceptionally well as B-roll overlays with transparency blending. For presentations and educational materials, the 8K JPEG images drop directly into PowerPoint, Google Slides, or Canva at full resolution without quality loss.

What's Included

- 4K MP4 Video (3840x2160) — 16:9 widescreen
- 8K JPEG Images (7680x4320) — print-ready resolution
- Vertical Video (1080x1920) — optimized for mobile and social
- Square Format (2160x2160) — ideal for social feeds
- Royalty-free license — no attribution required
- Instant download — no waiting, no approval process

Why Stockflow.media

Every clip in this collection was captured using professional-grade microscopy equipment with precise color calibration. Unlike generic stock footage, these assets maintain scientific accuracy while delivering cinematic visual quality — making them suitable for both educational and commercial applications.

Get the Cyanobacteria Collection

Browse and download: https://stockflow.media/?cat=Microscopic&sub=Algae&collection=Cyanobacteria
Full collection details: https://help.stockflow.media/collections/cyanobacteria/

#stockfoot

#stockfootage #royaltyfree #stockvideo #microscopy #science",How Cyanobacteria Footage Transforms science communication Projects,https://storage.googleapis.com/stockflow-social/Batch01/Montages/W/Microscopic_Algae_Cyanobacteria_W.mp4,Microscopic,Nmediaservices.com,10/4/2026
"How Colonial Footage Transforms science communication Projects

In science communication and documentary filmmaking, the difference between amateur and broadcast-quality output often comes down to one thing: authentic, high-resolution microscopic visuals. Professional-grade microscopy footage is notoriously difficult and expensive to capture independently, requiring specialized equipment and expertise that most production teams simply don't have access to.

About the Colonial Collection

The Colonial collection is part of our Algae library within the Microscopic category. This collection delivers broadcast-ready assets that meet the quality standards of professional productions.

Featured assets include:

- A vibrant green colonial algae colony arranged in a circular disk, with hundreds of spherical cells. Chlorophyll-rich interiors and tight cell pack...
- A vibrant green Volvox-like colonial algae viewed under a microscope, revealing a circular cluster of chlorophyll-rich cells surrounding a central ...
- A vibrant Volvox colonial algae colony under a microscope, showcasing a ring of green cells surrounding a central hollow cavity, indicating coordin...

Who Benefits from This Collection

- Documentary filmmakers seeking authentic B-roll for science and nature productions
- Science educators creating engaging lecture content and online courses
- Medical professionals building training materials and patient education resources
- Corporate teams producing pharmaceutical and biotech marketing content
- YouTube creators covering science, biology, and technology topics
- Museum and exhibition designers creating immersive visual displays

Integration into Your Workflow

Import the 4K MP4 files directly into your NLE timeline — Premiere Pro, DaVinci Resolve, or Final Cut Pro. The footage works exceptionally well as B-roll overlays with transparency blending. For presentations and educational materials, the 8K JPEG images drop directly into PowerPoint, Google Slides, or Canva at full resolution without quality loss.

What's Included

- 4K MP4 Video (3840x2160) — 16:9 widescreen
- 8K JPEG Images (7680x4320) — print-ready resolution
- Vertical Video (1080x1920) — optimized for mobile and social
- Square Format (2160x2160) — ideal for social feeds
- Royalty-free license — no attribution required
- Instant download — no waiting, no approval process

Why Stockflow.media

Every clip in this collection was captured using professional-grade microscopy equipment with precise color calibration. Unlike generic stock footage, these assets maintain scientific accuracy while delivering cinematic visual quality — making them suitable for both educational and commercial applications.

Get the Colonial Collection

Browse and download: https://stockflow.media/?cat=Microscopic&sub=Algae&collection=Colonial
Full collection details: https://help.stockflow.media/collections/colonial/

#stockfootage #royaltyfree #stockvideo #

#stockfootage #royaltyfree #stockvideo #microscopy #science",How Colonial Footage Transforms science communication Projects,https://storage.googleapis.com/stockflow-social/Batch01/Montages/W/Microscopic_Algae_Colonial_W.mp4,Microscopic,Nmediaservices.com,10/5/2026
"How Colonial Algae Footage Transforms science communication Projects

In science communication and documentary filmmaking, the difference between amateur and broadcast-quality output often comes down to one thing: authentic, high-resolution microscopic visuals. Professional-grade microscopy footage is notoriously difficult and expensive to capture independently, requiring specialized equipment and expertise that most production teams simply don't have access to.

About the Colonial Algae Collection

The Colonial Algae collection is part of our Algae library within the Microscopic category. This collection delivers broadcast-ready assets that meet the quality standards of professional productions.

Featured assets include:

- Green circular colonial algae photographed under a microscope.
- Colonial green algae forming a large spherical colony (Volvox-like).
- Micrograph of a green colonial alga, with many round cells forming a circular cluster.

Who Benefits from This Collection

- Documentary filmmakers seeking authentic B-roll for science and nature productions
- Science educators creating engaging lecture content and online courses
- Medical professionals building training materials and patient education resources
- Corporate teams producing pharmaceutical and biotech marketing content
- YouTube creators covering science, biology, and technology topics
- Museum and exhibition designers creating immersive visual displays

Integration into Your Workflow

Import the 4K MP4 files directly into your NLE timeline — Premiere Pro, DaVinci Resolve, or Final Cut Pro. The footage works exceptionally well as B-roll overlays with transparency blending. For presentations and educational materials, the 8K JPEG images drop directly into PowerPoint, Google Slides, or Canva at full resolution without quality loss.

What's Included

- 4K MP4 Video (3840x2160) — 16:9 widescreen
- 8K JPEG Images (7680x4320) — print-ready resolution
- Vertical Video (1080x1920) — optimized for mobile and social
- Square Format (2160x2160) — ideal for social feeds
- Royalty-free license — no attribution required
- Instant download — no waiting, no approval process

Why Stockflow.media

Every clip in this collection was captured using professional-grade microscopy equipment with precise color calibration. Unlike generic stock footage, these assets maintain scientific accuracy while delivering cinematic visual quality — making them suitable for both educational and commercial applications.

Get the Colonial Algae Collection

Browse and download: https://stockflow.media/?cat=Microscopic&sub=Algae&collection=Colonial+Algae
Full collection details: https://help.stockflow.media/collections/colonial-algae/

#stockfootage #royaltyfree #stockvideo #microscopy #science #biology #documentary #sciencecommunication #contentcreation #videoproduction #4kvideo #colonialalgae #algae #green #circular #colonial #algaeundermicroscope",How Colonial Algae Footage Transforms science communication Projects,https://storage.googleapis.com/stockflow-social/Batch01/Montages/W/Microscopic_Algae_Colonial-Algae_W.mp4,Microscopic,Nmediaservices.com,10/6/2026
"How Brown Footage Transforms science communication Projects

In science communication and documentary filmmaking, the difference between amateur and broadcast-quality output often comes down to one thing: authentic, high-resolution microscopic visuals. Professional-grade microscopy footage is notoriously difficult and expensive to capture independently, requiring specialized equipment and expertise that most production teams simply don't have access to.

About the Brown Collection

The Brown collection is part of our Algae library within the Microscopic category. This collection delivers broadcast-ready assets that meet the quality standards of professional productions.

Featured assets include:

- Underwater forest of golden brown algae sways with ocean currents, painting a vibrant kelp-like landscape. Sunlight filters through turquoise water...
- A vivid underwater scene of golden brown algae swaying between rocky outcrops as sunlight filters through turquoise water, revealing the rich, text...
- Underwater scene of golden brown algae swaying around rocky outcrops, sunlight filtering through turquoise water, highlighting dense seaweed forest...

Who Benefits from This Collection

- Documentary filmmakers seeking authentic B-roll for science and nature productions
- Science educators creating engaging lecture content and online courses
- Medical professionals building training materials and patient education resources
- Corporate teams producing pharmaceutical and biotech marketing content
- YouTube creators covering science, biology, and technology topics
- Museum and exhibition designers creating immersive visual displays

Integration into Your Workflow

Import the 4K MP4 files directly into your NLE timeline — Premiere Pro, DaVinci Resolve, or Final Cut Pro. The footage works exceptionally well as B-roll overlays with transparency blending. For presentations and educational materials, the 8K JPEG images drop directly into PowerPoint, Google Slides, or Canva at full resolution without quality loss.

What's Included

- 4K MP4 Video (3840x2160) — 16:9 widescreen
- 8K JPEG Images (7680x4320) — print-ready resolution
- Vertical Video (1080x1920) — optimized for mobile and social
- Square Format (2160x2160) — ideal for social feeds
- Royalty-free license — no attribution required
- Instant download — no waiting, no approval process

Why Stockflow.media

Every clip in this collection was captured using professional-grade microscopy equipment with precise color calibration. Unlike generic stock footage, these assets maintain scientific accuracy while delivering cinematic visual quality — making them suitable for both educational and commercial applications.

Get the Brown Collection

Browse and download: https://stockflow.media/?cat=Microscopic&sub=Algae&collection=Brown
Full collection details: https://help.stockflow.media/collections/brown/

#stockfootage #royaltyfree #stockvideo #microscopy #scienc

#stockfootage #royaltyfree #stockvideo #microscopy #science",How Brown Footage Transforms science communication Projects,https://storage.googleapis.com/stockflow-social/Batch01/Montages/W/Microscopic_Algae_Brown_W.mp4,Microscopic,Nmediaservices.com,10/7/2026
"How Brown Algae Footage Transforms science communication Projects

In science communication and documentary filmmaking, the difference between amateur and broadcast-quality output often comes down to one thing: authentic, high-resolution microscopic visuals. Professional-grade microscopy footage is notoriously difficult and expensive to capture independently, requiring specialized equipment and expertise that most production teams simply don't have access to.

About the Brown Algae Collection

The Brown Algae collection is part of our Algae library within the Microscopic category. This collection delivers broadcast-ready assets that meet the quality standards of professional productions.

Featured assets include:

- Underwater scene of golden brown algae swaying over a rocky reef.
- Brown algae swaying underwater among rocky reef with small organisms and coral.
- Underwater view of dense golden-brown seaweed (brown algae) covering the rocky seabed.

Who Benefits from This Collection

- Documentary filmmakers seeking authentic B-roll for science and nature productions
- Science educators creating engaging lecture content and online courses
- Medical professionals building training materials and patient education resources
- Corporate teams producing pharmaceutical and biotech marketing content
- YouTube creators covering science, biology, and technology topics
- Museum and exhibition designers creating immersive visual displays

Integration into Your Workflow

Import the 4K MP4 files directly into your NLE timeline — Premiere Pro, DaVinci Resolve, or Final Cut Pro. The footage works exceptionally well as B-roll overlays with transparency blending. For presentations and educational materials, the 8K JPEG images drop directly into PowerPoint, Google Slides, or Canva at full resolution without quality loss.

What's Included

- 4K MP4 Video (3840x2160) — 16:9 widescreen
- 8K JPEG Images (7680x4320) — print-ready resolution
- Vertical Video (1080x1920) — optimized for mobile and social
- Square Format (2160x2160) — ideal for social feeds
- Royalty-free license — no attribution required
- Instant download — no waiting, no approval process

Why Stockflow.media

Every clip in this collection was captured using professional-grade microscopy equipment with precise color calibration. Unlike generic stock footage, these assets maintain scientific accuracy while delivering cinematic visual quality — making them suitable for both educational and commercial applications.

Get the Brown Algae Collection

Browse and download: https://stockflow.media/?cat=Microscopic&sub=Algae&collection=Brown+Algae
Full collection details: https://help.stockflow.media/collections/brown-algae/

#stockfootage #royaltyfree #stockvideo #microscopy #science #biology #documentary #sciencecommunication #contentcreation #videoproduction #4kvideo #brownalgae #algae #underwater #goldenalgae #kelp",How Brown Algae Footage Transforms science communication Projects,https://storage.googleapis.com/stockflow-social/Batch01/Montages/W/Microscopic_Algae_Brown-Algae_W.mp4,Microscopic,Nmediaservices.com,10/8/2026
"How Blue Green Algae Footage Transforms science communication Projects

In science communication and documentary filmmaking, the difference between amateur and broadcast-quality output often comes down to one thing: authentic, high-resolution microscopic visuals. Professional-grade microscopy footage is notoriously difficult and expensive to capture independently, requiring specialized equipment and expertise that most production teams simply don't have access to.

About the Blue Green Algae Collection

The Blue Green Algae collection is part of our Algae library within the Microscopic category. This collection delivers broadcast-ready assets that meet the quality standards of professional productions.

Featured assets include:

- Macro close-up of blue-green algae colonies, showing countless tiny spherical cells forming a textured, bluish-green surface.
- Blue-green algae (cyanobacteria) forming dense clusters of spherical cells.
- Macro view of blue-green algae (cyanobacteria) forming filamentous colonies.

Who Benefits from This Collection

- Documentary filmmakers seeking authentic B-roll for science and nature productions
- Science educators creating engaging lecture content and online courses
- Medical professionals building training materials and patient education resources
- Corporate teams producing pharmaceutical and biotech marketing content
- YouTube creators covering science, biology, and technology topics
- Museum and exhibition designers creating immersive visual displays

Integration into Your Workflow

Import the 4K MP4 files directly into your NLE timeline — Premiere Pro, DaVinci Resolve, or Final Cut Pro. The footage works exceptionally well as B-roll overlays with transparency blending. For presentations and educational materials, the 8K JPEG images drop directly into PowerPoint, Google Slides, or Canva at full resolution without quality loss.

What's Included

- 4K MP4 Video (3840x2160) — 16:9 widescreen
- 8K JPEG Images (7680x4320) — print-ready resolution
- Vertical Video (1080x1920) — optimized for mobile and social
- Square Format (2160x2160) — ideal for social feeds
- Royalty-free license — no attribution required
- Instant download — no waiting, no approval process

Why Stockflow.media

Every clip in this collection was captured using professional-grade microscopy equipment with precise color calibration. Unlike generic stock footage, these assets maintain scientific accuracy while delivering cinematic visual quality — making them suitable for both educational and commercial applications.

Get the Blue Green Algae Collection

Browse and download: https://stockflow.media/?cat=Microscopic&sub=Algae&collection=Blue+Green+Algae
Full collection details: https://help.stockflow.media/collections/blue-green-algae/

#stockfootage #royaltyfree #stockvideo #microscopy #science #biology #documentary #sciencecommunication #contentcreation #videoproduction #4kvideo #bluegreenalgae #algae #cyanobacteria #microphotography #macro",How Blue Green Algae Footage Transforms science communication Projects,https://storage.googleapis.com/stockflow-social/Batch01/Montages/W/Microscopic_Algae_Blue-Green-Algae_W.mp4,Microscopic,Nmediaservices.com,10/9/2026
"How Bloom Footage Transforms science communication Projects

In science communication and documentary filmmaking, the difference between amateur and broadcast-quality output often comes down to one thing: authentic, high-resolution microscopic visuals. Professional-grade microscopy footage is notoriously difficult and expensive to capture independently, requiring specialized equipment and expertise that most production teams simply don't have access to.

About the Bloom Collection

The Bloom collection is part of our Algae library within the Microscopic category. This collection delivers broadcast-ready assets that meet the quality standards of professional productions.

Featured assets include:

- A vivid underwater scene shows a lush algal bloom carpeting stacked rocks, green mossy clumps thriving amid clear water, with small bubbles driftin...
- A vivid underwater scene of dense green algae blooms carpeting rocky formations, with tiny bubbles rising through the clear water and delicate cora...
- Macro view of a dense algal bloom, showing vibrant green filamentous strands interwoven with spherical cells and bubbles, revealing intricate micro...

Who Benefits from This Collection

- Documentary filmmakers seeking authentic B-roll for science and nature productions
- Science educators creating engaging lecture content and online courses
- Medical professionals building training materials and patient education resources
- Corporate teams producing pharmaceutical and biotech marketing content
- YouTube creators covering science, biology, and technology topics
- Museum and exhibition designers creating immersive visual displays

Integration into Your Workflow

Import the 4K MP4 files directly into your NLE timeline — Premiere Pro, DaVinci Resolve, or Final Cut Pro. The footage works exceptionally well as B-roll overlays with transparency blending. For presentations and educational materials, the 8K JPEG images drop directly into PowerPoint, Google Slides, or Canva at full resolution without quality loss.

What's Included

- 4K MP4 Video (3840x2160) — 16:9 widescreen
- 8K JPEG Images (7680x4320) — print-ready resolution
- Vertical Video (1080x1920) — optimized for mobile and social
- Square Format (2160x2160) — ideal for social feeds
- Royalty-free license — no attribution required
- Instant download — no waiting, no approval process

Why Stockflow.media

Every clip in this collection was captured using professional-grade microscopy equipment with precise color calibration. Unlike generic stock footage, these assets maintain scientific accuracy while delivering cinematic visual quality — making them suitable for both educational and commercial applications.

Get the Bloom Collection

Browse and download: https://stockflow.media/?cat=Microscopic&sub=Algae&collection=Bloom
Full collection details: https://help.stockflow.media/collections/bloom/

#stockfootage #royaltyfree #stockvideo #microscopy #scienc

#stockfootage #royaltyfree #stockvideo #microscopy #science",How Bloom Footage Transforms science communication Projects,https://storage.googleapis.com/stockflow-social/Batch01/Montages/W/Microscopic_Algae_Bloom_W.mp4,Microscopic,Nmediaservices.com,10/10/2026
"How Algal Biofilm Footage Transforms science communication Projects

In science communication and documentary filmmaking, the difference between amateur and broadcast-quality output often comes down to one thing: authentic, high-resolution microscopic visuals. Professional-grade microscopy footage is notoriously difficult and expensive to capture independently, requiring specialized equipment and expertise that most production teams simply don't have access to.

About the Algal Biofilm Collection

The Algal Biofilm collection is part of our Algae library within the Microscopic category. This collection delivers broadcast-ready assets that meet the quality standards of professional productions.

Featured assets include:

- Close-up of green and turquoise algae forming a biofilm on a dark rock.
- Green algae forming a slimy biofilm on a rock along the water’s edge, with small pinkish beads scattered among the seaweed.
- Close-up of a green algal biofilm on a damp rock beside water.

Who Benefits from This Collection

- Documentary filmmakers seeking authentic B-roll for science and nature productions
- Science educators creating engaging lecture content and online courses
- Medical professionals building training materials and patient education resources
- Corporate teams producing pharmaceutical and biotech marketing content
- YouTube creators covering science, biology, and technology topics
- Museum and exhibition designers creating immersive visual displays

Integration into Your Workflow

Import the 4K MP4 files directly into your NLE timeline — Premiere Pro, DaVinci Resolve, or Final Cut Pro. The footage works exceptionally well as B-roll overlays with transparency blending. For presentations and educational materials, the 8K JPEG images drop directly into PowerPoint, Google Slides, or Canva at full resolution without quality loss.

What's Included

- 4K MP4 Video (3840x2160) — 16:9 widescreen
- 8K JPEG Images (7680x4320) — print-ready resolution
- Vertical Video (1080x1920) — optimized for mobile and social
- Square Format (2160x2160) — ideal for social feeds
- Royalty-free license — no attribution required
- Instant download — no waiting, no approval process

Why Stockflow.media

Every clip in this collection was captured using professional-grade microscopy equipment with precise color calibration. Unlike generic stock footage, these assets maintain scientific accuracy while delivering cinematic visual quality — making them suitable for both educational and commercial applications.

Get the Algal Biofilm Collection

Browse and download: https://stockflow.media/?cat=Microscopic&sub=Algae&collection=Algal+Biofilm
Full collection details: https://help.stockflow.media/collections/algal-biofilm/

#stockfootage #royaltyfree #stockvideo #microscopy #science #biology #documentary #sciencecommunication #contentcreation #videoproduction #4kvideo #algalbiofilm #algae #closeup #biofilm #rock #green",How Algal Biofilm Footage Transforms science communication Projects,https://storage.googleapis.com/stockflow-social/Batch01/Montages/W/Microscopic_Algae_Algal-Biofilm_W.mp4,Microscopic,Nmediaservices.com,10/11/2026
"How Algae Montage Footage Transforms science communication Projects

In science communication and documentary filmmaking, the difference between amateur and broadcast-quality output often comes down to one thing: authentic, high-resolution microscopic visuals. Professional-grade microscopy footage is notoriously difficult and expensive to capture independently, requiring specialized equipment and expertise that most production teams simply don't have access to.

About the Algae Montage Collection

The Algae Montage collection is part of our Algae library within the Microscopic category. This collection delivers broadcast-ready assets that meet the quality standards of professional productions.

Who Benefits from This Collection

- Documentary filmmakers seeking authentic B-roll for science and nature productions
- Science educators creating engaging lecture content and online courses
- Medical professionals building training materials and patient education resources
- Corporate teams producing pharmaceutical and biotech marketing content
- YouTube creators covering science, biology, and technology topics
- Museum and exhibition designers creating immersive visual displays

Integration into Your Workflow

Import the 4K MP4 files directly into your NLE timeline — Premiere Pro, DaVinci Resolve, or Final Cut Pro. The footage works exceptionally well as B-roll overlays with transparency blending. For presentations and educational materials, the 8K JPEG images drop directly into PowerPoint, Google Slides, or Canva at full resolution without quality loss.

What's Included

- 4K MP4 Video (3840x2160) — 16:9 widescreen
- 8K JPEG Images (7680x4320) — print-ready resolution
- Vertical Video (1080x1920) — optimized for mobile and social
- Square Format (2160x2160) — ideal for social feeds
- Royalty-free license — no attribution required
- Instant download — no waiting, no approval process

Why Stockflow.media

Every clip in this collection was captured using professional-grade microscopy equipment with precise color calibration. Unlike generic stock footage, these assets maintain scientific accuracy while delivering cinematic visual quality — making them suitable for both educational and commercial applications.

Get the Algae Montage Collection

Browse and download: https://stockflow.media/?cat=Microscopic&sub=Algae&collection=Algae+Montage
Full collection details: https://help.stockflow.media/collections/algae-montage/

#stockfootage #royaltyfree #stockvideo #microscopy #science #biology #documentary #sciencecommunication #contentcreation #videoproduction #4kvideo #algaemontage #algae",How Algae Montage Footage Transforms science communication Projects,https://storage.googleapis.com/stockflow-social/Batch01/Montages/W/Microscopic_Algae_Algae-Montage_W.mp4,Microscopic,Nmediaservices.com,10/12/2026
"How Algae Bloom Footage Transforms science communication Projects

In science communication and documentary filmmaking, the difference between amateur and broadcast-quality output often comes down to one thing: authentic, high-resolution microscopic visuals. Professional-grade microscopy footage is notoriously difficult and expensive to capture independently, requiring specialized equipment and expertise that most production teams simply don't have access to.

About the Algae Bloom Collection

The Algae Bloom collection is part of our Algae library within the Microscopic category. This collection delivers broadcast-ready assets that meet the quality standards of professional productions.

Featured assets include:

- Close-up of green algae mats forming a bloom along bright blue-green water.
- Close-up of a green algae bloom spreading across a blue-green water surface.
- Microalgae bloom under magnification, showing circular golden diatoms and layered green cells.

Who Benefits from This Collection

- Documentary filmmakers seeking authentic B-roll for science and nature productions
- Science educators creating engaging lecture content and online courses
- Medical professionals building training materials and patient education resources
- Corporate teams producing pharmaceutical and biotech marketing content
- YouTube creators covering science, biology, and technology topics
- Museum and exhibition designers creating immersive visual displays

Integration into Your Workflow

Import the 4K MP4 files directly into your NLE timeline — Premiere Pro, DaVinci Resolve, or Final Cut Pro. The footage works exceptionally well as B-roll overlays with transparency blending. For presentations and educational materials, the 8K JPEG images drop directly into PowerPoint, Google Slides, or Canva at full resolution without quality loss.

What's Included

- 4K MP4 Video (3840x2160) — 16:9 widescreen
- 8K JPEG Images (7680x4320) — print-ready resolution
- Vertical Video (1080x1920) — optimized for mobile and social
- Square Format (2160x2160) — ideal for social feeds
- Royalty-free license — no attribution required
- Instant download — no waiting, no approval process

Why Stockflow.media

Every clip in this collection was captured using professional-grade microscopy equipment with precise color calibration. Unlike generic stock footage, these assets maintain scientific accuracy while delivering cinematic visual quality — making them suitable for both educational and commercial applications.

Get the Algae Bloom Collection

Browse and download: https://stockflow.media/?cat=Microscopic&sub=Algae&collection=Algae+Bloom
Full collection details: https://help.stockflow.media/collections/algae-bloom/

#stockfootage #royaltyfree #stockvideo #microscopy #science #biology #documentary #sciencecommunication #contentcreation #videoproduction #4kvideo #algaebloom #algae #greenalgae #algaemats #closeup #bluegreenwater",How Algae Bloom Footage Transforms science communication Projects,https://storage.googleapis.com/stockflow-social/Batch01/Montages/W/Microscopic_Algae_Algae-Bloom_W.mp4,Microscopic,Nmediaservices.com,10/13/2026
"How Filaments Footage Transforms science communication Projects

In science communication and documentary filmmaking, the difference between amateur and broadcast-quality output often comes down to one thing: authentic, high-resolution microscopic visuals. Professional-grade microscopy footage is notoriously difficult and expensive to capture independently, requiring specialized equipment and expertise that most production teams simply don't have access to.

About the Filaments Collection

The Filaments collection is part of our Actin library within the Microscopic category. This collection delivers broadcast-ready assets that meet the quality standards of professional productions.

Who Benefits from This Collection

- Documentary filmmakers seeking authentic B-roll for science and nature productions
- Science educators creating engaging lecture content and online courses
- Medical professionals building training materials and patient education resources
- Corporate teams producing pharmaceutical and biotech marketing content
- YouTube creators covering science, biology, and technology topics
- Museum and exhibition designers creating immersive visual displays

Integration into Your Workflow

Import the 4K MP4 files directly into your NLE timeline — Premiere Pro, DaVinci Resolve, or Final Cut Pro. The footage works exceptionally well as B-roll overlays with transparency blending. For presentations and educational materials, the 8K JPEG images drop directly into PowerPoint, Google Slides, or Canva at full resolution without quality loss.

What's Included

- 4K MP4 Video (3840x2160) — 16:9 widescreen
- 8K JPEG Images (7680x4320) — print-ready resolution
- Vertical Video (1080x1920) — optimized for mobile and social
- Square Format (2160x2160) — ideal for social feeds
- Royalty-free license — no attribution required
- Instant download — no waiting, no approval process

Why Stockflow.media

Every clip in this collection was captured using professional-grade microscopy equipment with precise color calibration. Unlike generic stock footage, these assets maintain scientific accuracy while delivering cinematic visual quality — making them suitable for both educational and commercial applications.

Get the Filaments Collection

Browse and download: https://stockflow.media/?cat=Microscopic&sub=Actin&collection=Filaments
Full collection details: https://help.stockflow.media/collections/filaments/

#stockfootage #royaltyfree #stockvideo #microscopy #science #biology #documentary #sciencecommunication #contentcreation #videoproduction #4kvideo #filaments #actin",How Filaments Footage Transforms science communication Projects,https://storage.googleapis.com/stockflow-social/Batch01/Montages/W/Microscopic_Actin_Filaments_W.mp4,Microscopic,Nmediaservices.com,10/14/2026
"How Actin Montage Footage Transforms science communication Projects

In science communication and documentary filmmaking, the difference between amateur and broadcast-quality output often comes down to one thing: authentic, high-resolution microscopic visuals. Professional-grade microscopy footage is notoriously difficult and expensive to capture independently, requiring specialized equipment and expertise that most production teams simply don't have access to.

About the Actin Montage Collection

The Actin Montage collection is part of our Actin library within the Microscopic category. This collection delivers broadcast-ready assets that meet the quality standards of professional productions.

Who Benefits from This Collection

- Documentary filmmakers seeking authentic B-roll for science and nature productions
- Science educators creating engaging lecture content and online courses
- Medical professionals building training materials and patient education resources
- Corporate teams producing pharmaceutical and biotech marketing content
- YouTube creators covering science, biology, and technology topics
- Museum and exhibition designers creating immersive visual displays

Integration into Your Workflow

Import the 4K MP4 files directly into your NLE timeline — Premiere Pro, DaVinci Resolve, or Final Cut Pro. The footage works exceptionally well as B-roll overlays with transparency blending. For presentations and educational materials, the 8K JPEG images drop directly into PowerPoint, Google Slides, or Canva at full resolution without quality loss.

What's Included

- 4K MP4 Video (3840x2160) — 16:9 widescreen
- 8K JPEG Images (7680x4320) — print-ready resolution
- Vertical Video (1080x1920) — optimized for mobile and social
- Square Format (2160x2160) — ideal for social feeds
- Royalty-free license — no attribution required
- Instant download — no waiting, no approval process

Why Stockflow.media

Every clip in this collection was captured using professional-grade microscopy equipment with precise color calibration. Unlike generic stock footage, these assets maintain scientific accuracy while delivering cinematic visual quality — making them suitable for both educational and commercial applications.

Get the Actin Montage Collection

Browse and download: https://stockflow.media/?cat=Microscopic&sub=Actin&collection=Actin+Montage
Full collection details: https://help.stockflow.media/collections/actin-montage/

#stockfootage #royaltyfree #stockvideo #microscopy #science #biology #documentary #sciencecommunication #contentcreation #videoproduction #4kvideo #actinmontage #actin",How Actin Montage Footage Transforms science communication Projects,https://storage.googleapis.com/stockflow-social/Batch01/Montages/W/Microscopic_Actin_Actin-Montage_W.mp4,Microscopic,Nmediaservices.com,10/15/2026
"How Microscopic Footage Transforms science communication Projects

In science communication and documentary filmmaking, the difference between amateur and broadcast-quality output often comes down to one thing: authentic, high-resolution microscopic visuals. Professional-grade microscopy footage is notoriously difficult and expensive to capture independently, requiring specialized equipment and expertise that most production teams simply don't have access to.

About the Microscopic Collection

The Microscopic collection is part of our Microscopic Category library within the Microscopic category. This collection delivers broadcast-ready assets that meet the quality standards of professional productions.

Who Benefits from This Collection

- Documentary filmmakers seeking authentic B-roll for science and nature productions
- Science educators creating engaging lecture content and online courses
- Medical professionals building training materials and patient education resources
- Corporate teams producing pharmaceutical and biotech marketing content
- YouTube creators covering science, biology, and technology topics
- Museum and exhibition designers creating immersive visual displays

Integration into Your Workflow

Import the 4K MP4 files directly into your NLE timeline — Premiere Pro, DaVinci Resolve, or Final Cut Pro. The footage works exceptionally well as B-roll overlays with transparency blending. For presentations and educational materials, the 8K JPEG images drop directly into PowerPoint, Google Slides, or Canva at full resolution without quality loss.

What's Included

- 4K MP4 Video (3840x2160) — 16:9 widescreen
- 8K JPEG Images (7680x4320) — print-ready resolution
- Vertical Video (1080x1920) — optimized for mobile and social
- Square Format (2160x2160) — ideal for social feeds
- Royalty-free license — no attribution required
- Instant download — no waiting, no approval process

Why Stockflow.media

Every clip in this collection was captured using professional-grade microscopy equipment with precise color calibration. Unlike generic stock footage, these assets maintain scientific accuracy while delivering cinematic visual quality — making them suitable for both educational and commercial applications.

Get the Microscopic Collection

Browse and download: https://stockflow.media/?cat=Microscopic&sub=Microscopic+Category&collection=Microscopic
Full collection details: https://help.stockflow.media/collections/microscopic/

#stockfootage #royaltyfree #stockvideo #microscopy #science #biology #documentary #sciencecommunication #contentcreation #videoproduction #4kvideo #microscopic #microscopiccategory",How Microscopic Footage Transforms science communication Projects,https://storage.googleapis.com/stockflow-social/Batch01/Montages/W/Microscopic_Microscopic-Category_W.mp4,Microscopic,Nmediaservices.com,10/16/2026
"How Tikka Masala Footage Transforms restaurant marketing Projects

In the food and hospitality industry, visual content drives purchasing decisions. Studies show that 72% of diners choose restaurants based on food photography, and social media engagement for food brands correlates directly with visual quality. Professional food footage has become essential infrastructure for any serious food business.

About the Tikka Masala Collection

The Tikka Masala collection is part of our Food Menu library within the Food Beverage category. This collection delivers broadcast-ready assets that meet the quality standards of professional productions.

Featured assets include:

- Chicken tikka masala in a creamy tomato sauce, garnished with cream swirls and cilantro, served with rice and naan.
- Chicken Tikka Masala in a glossy tomato sauce, studded with tender chicken and topped with chopped cilantro in a traditional brass pot.
- A rich, creamy tomato-based chicken tikka masala in a metal bowl, garnished with fresh cilantro.

Who Benefits from This Collection

- Restaurant chains and hospitality brands building marketing campaigns
- Food bloggers and YouTube creators producing recipe and review content
- Advertising agencies developing campaigns for food and beverage clients
- Delivery app platforms needing high-quality menu visuals
- Social media managers running food brand accounts across platforms
- Cookbook publishers and editorial teams creating print and digital layouts

Integration into Your Workflow

These assets are shot with cinematic lighting and professional color grading, ready for immediate use. Import MP4 footage into your video editor for social media ads, menu boards, or promotional reels. Use the JPEG images in Canva for social posts, in InDesign for menu printing, or in Photoshop for composite advertising visuals.

What's Included

- 4K MP4 Video (3840x2160) — 16:9 widescreen
- 8K JPEG Images (7680x4320) — print-ready resolution
- Vertical Video (1080x1920) — optimized for mobile and social
- Square Format (2160x2160) — ideal for social feeds
- Royalty-free license — no attribution required
- Instant download — no waiting, no approval process

Why Stockflow.media

This collection features carefully styled food photography with consistent lighting and composition across all clips. Each asset maintains a cohesive visual language — making it easy to build a unified brand presence across multiple platforms and materials.

Get the Tikka Masala Collection

Browse and download: https://stockflow.media/?cat=Food+Beverage&sub=Food+Menu&collection=Tikka+Masala
Full collection details: https://help.stockflow.media/collections/tikka-masala/

#stockfootage #royaltyfree #stockvideo #foodvideo #restaurantmarketing #foodphotography #culinary #hospitality #contentcreation #videoproduction #4kvideo #tikkamasala #foodmenu #chickentikkamasala #indiancurry #creamytomatosauce #cilantro #naanbread",How Tikka Masala Footage Transforms restaurant marketing Projects,https://storage.googleapis.com/stockflow-social/Batch01/Montages/W/Food-Beverage_Food-Menu_Tikka-Masala_W.mp4,Food Beverage,Nmediaservices.com,10/17/2026
"How Thai Noodle Soup Footage Transforms restaurant marketing Projects

In the food and hospitality industry, visual content drives purchasing decisions. Studies show that 72% of diners choose restaurants based on food photography, and social media engagement for food brands correlates directly with visual quality. Professional food footage has become essential infrastructure for any serious food business.

About the Thai Noodle Soup Collection

The Thai Noodle Soup collection is part of our Food Menu library within the Food Beverage category. This collection delivers broadcast-ready assets that meet the quality standards of professional productions.

Featured assets include:

- A steaming bowl of Thai noodle soup with a spicy broth, topped with bean sprouts, fresh cilantro, and a lime wedge.
- A steaming bowl of Thai noodle soup with lime, bean sprouts, fresh herbs, and chili in a dark bowl.
- Steaming bowl of Thai noodle soup with tender meat, fresh herbs, bean sprouts, and lime in a rich, spicy broth.

Who Benefits from This Collection

- Restaurant chains and hospitality brands building marketing campaigns
- Food bloggers and YouTube creators producing recipe and review content
- Advertising agencies developing campaigns for food and beverage clients
- Delivery app platforms needing high-quality menu visuals
- Social media managers running food brand accounts across platforms
- Cookbook publishers and editorial teams creating print and digital layouts

Integration into Your Workflow

These assets are shot with cinematic lighting and professional color grading, ready for immediate use. Import MP4 footage into your video editor for social media ads, menu boards, or promotional reels. Use the JPEG images in Canva for social posts, in InDesign for menu printing, or in Photoshop for composite advertising visuals.

What's Included

- 4K MP4 Video (3840x2160) — 16:9 widescreen
- 8K JPEG Images (7680x4320) — print-ready resolution
- Vertical Video (1080x1920) — optimized for mobile and social
- Square Format (2160x2160) — ideal for social feeds
- Royalty-free license — no attribution required
- Instant download — no waiting, no approval process

Why Stockflow.media

This collection features carefully styled food photography with consistent lighting and composition across all clips. Each asset maintains a cohesive visual language — making it easy to build a unified brand presence across multiple platforms and materials.

Get the Thai Noodle Soup Collection

Browse and download: https://stockflow.media/?cat=Food+Beverage&sub=Food+Menu&collection=Thai+Noodle+Soup
Full collection details: https://help.stockflow.media/collections/thai-noodle-soup/

#stockfootage #royaltyfree #stockvideo #foodvideo #restaurantmarketing #foodphotography #culinary #hospitality #contentcreation #videoproduction #4kvideo #thainoodlesoup #foodmenu #thai #spicybroth #noodlesoup #beansprouts",How Thai Noodle Soup Footage Transforms restaurant marketing Projects,https://storage.googleapis.com/stockflow-social/Batch01/Montages/W/Food-Beverage_Food-Menu_Thai-Noodle-Soup_W.mp4,Food Beverage,Nmediaservices.com,10/18/2026
"How Thai Curry Footage Transforms restaurant marketing Projects

In the food and hospitality industry, visual content drives purchasing decisions. Studies show that 72% of diners choose restaurants based on food photography, and social media engagement for food brands correlates directly with visual quality. Professional food footage has become essential infrastructure for any serious food business.

About the Thai Curry Collection

The Thai Curry collection is part of our Food Menu library within the Food Beverage category. This collection delivers broadcast-ready assets that meet the quality standards of professional productions.

Featured assets include:

- Thai green curry with chicken, vegetables, and fresh herbs in a coconut milk broth.
- Thai curry with chicken and vegetables in a creamy coconut sauce, garnished with basil and red chili, served with steamed rice.
- Creamy Thai green curry with vegetables and chunks of chicken, garnished with fresh basil and sliced red chilies in a rustic bowl.

Who Benefits from This Collection

- Restaurant chains and hospitality brands building marketing campaigns
- Food bloggers and YouTube creators producing recipe and review content
- Advertising agencies developing campaigns for food and beverage clients
- Delivery app platforms needing high-quality menu visuals
- Social media managers running food brand accounts across platforms
- Cookbook publishers and editorial teams creating print and digital layouts

Integration into Your Workflow

These assets are shot with cinematic lighting and professional color grading, ready for immediate use. Import MP4 footage into your video editor for social media ads, menu boards, or promotional reels. Use the JPEG images in Canva for social posts, in InDesign for menu printing, or in Photoshop for composite advertising visuals.

What's Included

- 4K MP4 Video (3840x2160) — 16:9 widescreen
- 8K JPEG Images (7680x4320) — print-ready resolution
- Vertical Video (1080x1920) — optimized for mobile and social
- Square Format (2160x2160) — ideal for social feeds
- Royalty-free license — no attribution required
- Instant download — no waiting, no approval process

Why Stockflow.media

This collection features carefully styled food photography with consistent lighting and composition across all clips. Each asset maintains a cohesive visual language — making it easy to build a unified brand presence across multiple platforms and materials.

Get the Thai Curry Collection

Browse and download: https://stockflow.media/?cat=Food+Beverage&sub=Food+Menu&collection=Thai+Curry
Full collection details: https://help.stockflow.media/collections/thai-curry/

#stockfootage #royaltyfree #stockvideo #foodvideo #restaurantmarketing #foodphotography #culinary #hospitality #contentcreation #videoproduction #4kvideo #thaicurry #foodmenu #thai #thaigreencurry #greencurry #chicken #coconutmilk",How Thai Curry Footage Transforms restaurant marketing Projects,https://storage.googleapis.com/stockflow-social/Batch01/Montages/W/Food-Beverage_Food-Menu_Thai-Curry_W.mp4,Food Beverage,Nmediaservices.com,10/19/2026
"How Suzhi Footage Transforms restaurant marketing Projects

In the food and hospitality industry, visual content drives purchasing decisions. Studies show that 72% of diners choose restaurants based on food photography, and social media engagement for food brands correlates directly with visual quality. Professional food footage has become essential infrastructure for any serious food business.

About the Suzhi Collection

The Suzhi collection is part of our Food Menu library within the Food Beverage category. This collection delivers broadcast-ready assets that meet the quality standards of professional productions.

Featured assets include:

- High-quality Japanese sushi assortment on a wooden board featuring salmon and tuna nigiri, colorful maki rolls with sesame, and accompaniments of w...
- A high-quality assortment of sushi on a wooden board, featuring salmon, tuna, and colorful rolls, with wasabi and pickled ginger.
- A high‑quality sushi platter with assorted nigiri (salmon, tuna) and colorful rolls, served with pickled ginger and wasabi.

Who Benefits from This Collection

- Restaurant chains and hospitality brands building marketing campaigns
- Food bloggers and YouTube creators producing recipe and review content
- Advertising agencies developing campaigns for food and beverage clients
- Delivery app platforms needing high-quality menu visuals
- Social media managers running food brand accounts across platforms
- Cookbook publishers and editorial teams creating print and digital layouts

Integration into Your Workflow

These assets are shot with cinematic lighting and professional color grading, ready for immediate use. Import MP4 footage into your video editor for social media ads, menu boards, or promotional reels. Use the JPEG images in Canva for social posts, in InDesign for menu printing, or in Photoshop for composite advertising visuals.

What's Included

- 4K MP4 Video (3840x2160) — 16:9 widescreen
- 8K JPEG Images (7680x4320) — print-ready resolution
- Vertical Video (1080x1920) — optimized for mobile and social
- Square Format (2160x2160) — ideal for social feeds
- Royalty-free license — no attribution required
- Instant download — no waiting, no approval process

Why Stockflow.media

This collection features carefully styled food photography with consistent lighting and composition across all clips. Each asset maintains a cohesive visual language — making it easy to build a unified brand presence across multiple platforms and materials.

Get the Suzhi Collection

Browse and download: https://stockflow.media/?cat=Food+Beverage&sub=Food+Menu&collection=Suzhi
Full collection details: https://help.stockflow.media/collections/suzhi/

#stockfootage #royaltyfree #stockvideo #foodvideo #restaurantmarketing #foodphotography #culinary #hospitality #contentcreation #videoproduction #4kvideo #suzhi #foodmenu #sushi #nigiri #maki #salmonnigiri #tunanigiri",How Suzhi Footage Transforms restaurant marketing Projects,https://storage.googleapis.com/stockflow-social/Batch01/Montages/W/Food-Beverage_Food-Menu_Suzhi_W.mp4,Food Beverage,Nmediaservices.com,10/20/2026
"How Stake Footage Transforms restaurant marketing Projects

In the food and hospitality industry, visual content drives purchasing decisions. Studies show that 72% of diners choose restaurants based on food photography, and social media engagement for food brands correlates directly with visual quality. Professional food footage has become essential infrastructure for any serious food business.

About the Stake Collection

The Stake collection is part of our Food Menu library within the Food Beverage category. This collection delivers broadcast-ready assets that meet the quality standards of professional productions.

Featured assets include:

- Grilled steak with crosshatch marks, topped with blue cheese butter, salt flakes, and a sprig of rosemary on a wooden board.
- Gourmet steak dinner featuring a perfectly seared beef fillet, rosemary garnish, velvety sauce, mashed potatoes, and grilled vegetables with a wine...
- Juicy grilled steak slices topped with herb butter and a rosemary sprig, finished with flaky salt on a wooden board.

Who Benefits from This Collection

- Restaurant chains and hospitality brands building marketing campaigns
- Food bloggers and YouTube creators producing recipe and review content
- Advertising agencies developing campaigns for food and beverage clients
- Delivery app platforms needing high-quality menu visuals
- Social media managers running food brand accounts across platforms
- Cookbook publishers and editorial teams creating print and digital layouts

Integration into Your Workflow

These assets are shot with cinematic lighting and professional color grading, ready for immediate use. Import MP4 footage into your video editor for social media ads, menu boards, or promotional reels. Use the JPEG images in Canva for social posts, in InDesign for menu printing, or in Photoshop for composite advertising visuals.

What's Included

- 4K MP4 Video (3840x2160) — 16:9 widescreen
- 8K JPEG Images (7680x4320) — print-ready resolution
- Vertical Video (1080x1920) — optimized for mobile and social
- Square Format (2160x2160) — ideal for social feeds
- Royalty-free license — no attribution required
- Instant download — no waiting, no approval process

Why Stockflow.media

This collection features carefully styled food photography with consistent lighting and composition across all clips. Each asset maintains a cohesive visual language — making it easy to build a unified brand presence across multiple platforms and materials.

Get the Stake Collection

Browse and download: https://stockflow.media/?cat=Food+Beverage&sub=Food+Menu&collection=Stake
Full collection details: https://help.stockflow.media/collections/stake/

#stockfootage #royaltyfree #stockvideo #foodvideo #restaurantmarketing #foodphotography #culinary #hospitality #contentcreation #videoproduction #4kvideo #stake #foodmenu #steak #grilledsteak #crosshatchmarks #grillmarks #searedsteak",How Stake Footage Transforms restaurant marketing Projects,https://storage.googleapis.com/stockflow-social/Batch01/Montages/W/Food-Beverage_Food-Menu_Stake_W.mp4,Food Beverage,Nmediaservices.com,10/21/2026
"How Sandwich Footage Transforms restaurant marketing Projects

In the food and hospitality industry, visual content drives purchasing decisions. Studies show that 72% of diners choose restaurants based on food photography, and social media engagement for food brands correlates directly with visual quality. Professional food footage has become essential infrastructure for any serious food business.

About the Sandwich Collection

The Sandwich collection is part of our Food Menu library within the Food Beverage category. This collection delivers broadcast-ready assets that meet the quality standards of professional productions.

Featured assets include:

- A fresh Italian sandwich on a rustic loaf with mozzarella, basil, and cured meat, served with olive oil and balsamic on the side.
- A fresh Italian sandwich on a baguette with ham, mozzarella, basil, and sun-dried tomatoes, accompanied by olive oil on a wooden board.
- Italian sandwich with mozzarella, prosciutto, sun-dried tomatoes, and fresh basil on a crusty baguette, served with olive oil on the side.

Who Benefits from This Collection

- Restaurant chains and hospitality brands building marketing campaigns
- Food bloggers and YouTube creators producing recipe and review content
- Advertising agencies developing campaigns for food and beverage clients
- Delivery app platforms needing high-quality menu visuals
- Social media managers running food brand accounts across platforms
- Cookbook publishers and editorial teams creating print and digital layouts

Integration into Your Workflow

These assets are shot with cinematic lighting and professional color grading, ready for immediate use. Import MP4 footage into your video editor for social media ads, menu boards, or promotional reels. Use the JPEG images in Canva for social posts, in InDesign for menu printing, or in Photoshop for composite advertising visuals.

What's Included

- 4K MP4 Video (3840x2160) — 16:9 widescreen
- 8K JPEG Images (7680x4320) — print-ready resolution
- Vertical Video (1080x1920) — optimized for mobile and social
- Square Format (2160x2160) — ideal for social feeds
- Royalty-free license — no attribution required
- Instant download — no waiting, no approval process

Why Stockflow.media

This collection features carefully styled food photography with consistent lighting and composition across all clips. Each asset maintains a cohesive visual language — making it easy to build a unified brand presence across multiple platforms and materials.

Get the Sandwich Collection

Browse and download: https://stockflow.media/?cat=Food+Beverage&sub=Food+Menu&collection=Sandwich
Full collection details: https://help.stockflow.media/collections/sandwich/

#stockfootage #royaltyfree #stockvideo #foodvideo #restaurantmarketing #foodphotography #culinary #hospitality #contentcreation #videoproduction #4kvideo #sandwich #foodmenu #italiansandwich #rusticloaf #mozzarella #basil #curedmeat",How Sandwich Footage Transforms restaurant marketing Projects,https://storage.googleapis.com/stockflow-social/Batch01/Montages/W/Food-Beverage_Food-Menu_Sandwich_W.mp4,Food Beverage,Nmediaservices.com,10/22/2026
"How Remen Footage Transforms restaurant marketing Projects

In the food and hospitality industry, visual content drives purchasing decisions. Studies show that 72% of diners choose restaurants based on food photography, and social media engagement for food brands correlates directly with visual quality. Professional food footage has become essential infrastructure for any serious food business.

About the Remen Collection

The Remen collection is part of our Food Menu library within the Food Beverage category. This collection delivers broadcast-ready assets that meet the quality standards of professional productions.

Featured assets include:

- Delicious ramen bowl topped with sliced pork, soft-boiled egg, green onions, nori, and steam rising from the flavorful broth.
- Creamy ramen topped with pork chashu, soft-boiled egg halves, seaweed, and fresh greens.
- A steaming bowl of ramen topped with sliced pork, halved soft-boiled eggs, chopped green onions, nori, and noodles, held with chopsticks.

Who Benefits from This Collection

- Restaurant chains and hospitality brands building marketing campaigns
- Food bloggers and YouTube creators producing recipe and review content
- Advertising agencies developing campaigns for food and beverage clients
- Delivery app platforms needing high-quality menu visuals
- Social media managers running food brand accounts across platforms
- Cookbook publishers and editorial teams creating print and digital layouts

Integration into Your Workflow

These assets are shot with cinematic lighting and professional color grading, ready for immediate use. Import MP4 footage into your video editor for social media ads, menu boards, or promotional reels. Use the JPEG images in Canva for social posts, in InDesign for menu printing, or in Photoshop for composite advertising visuals.

What's Included

- 4K MP4 Video (3840x2160) — 16:9 widescreen
- 8K JPEG Images (7680x4320) — print-ready resolution
- Vertical Video (1080x1920) — optimized for mobile and social
- Square Format (2160x2160) — ideal for social feeds
- Royalty-free license — no attribution required
- Instant download — no waiting, no approval process

Why Stockflow.media

This collection features carefully styled food photography with consistent lighting and composition across all clips. Each asset maintains a cohesive visual language — making it easy to build a unified brand presence across multiple platforms and materials.

Get the Remen Collection

Browse and download: https://stockflow.media/?cat=Food+Beverage&sub=Food+Menu&collection=Remen
Full collection details: https://help.stockflow.media/collections/remen/

#stockfootage #royaltyfree #stockvideo #foodvideo #restaurantmarketing #foodphotography #culinary #hospitality #contentcreation #videoproduction #4kvideo #remen #foodmenu #ramen #ramenbowl #japanesefood #noodles #pork",How Remen Footage Transforms restaurant marketing Projects,https://storage.googleapis.com/stockflow-social/Batch01/Montages/W/Food-Beverage_Food-Menu_Remen_W.mp4,Food Beverage,Nmediaservices.com,10/23/2026
"How Pizza Footage Transforms restaurant marketing Projects

In the food and hospitality industry, visual content drives purchasing decisions. Studies show that 72% of diners choose restaurants based on food photography, and social media engagement for food brands correlates directly with visual quality. Professional food footage has become essential infrastructure for any serious food business.

About the Pizza Collection

The Pizza collection is part of our Food Menu library within the Food Beverage category. This collection delivers broadcast-ready assets that meet the quality standards of professional productions.

Featured assets include:

- A hot, cheesy pepperoni pizza with melted mozzarella and glossy slices, pulled from the box.
- Italian pepperoni pizza with gooey cheese, steam rising, and a slice being lifted.
- High-quality image of Italian pizzas: four distinct pizzas arranged around a central menu.

Who Benefits from This Collection

- Restaurant chains and hospitality brands building marketing campaigns
- Food bloggers and YouTube creators producing recipe and review content
- Advertising agencies developing campaigns for food and beverage clients
- Delivery app platforms needing high-quality menu visuals
- Social media managers running food brand accounts across platforms
- Cookbook publishers and editorial teams creating print and digital layouts

Integration into Your Workflow

These assets are shot with cinematic lighting and professional color grading, ready for immediate use. Import MP4 footage into your video editor for social media ads, menu boards, or promotional reels. Use the JPEG images in Canva for social posts, in InDesign for menu printing, or in Photoshop for composite advertising visuals.

What's Included

- 4K MP4 Video (3840x2160) — 16:9 widescreen
- 8K JPEG Images (7680x4320) — print-ready resolution
- Vertical Video (1080x1920) — optimized for mobile and social
- Square Format (2160x2160) — ideal for social feeds
- Royalty-free license — no attribution required
- Instant download — no waiting, no approval process

Why Stockflow.media

This collection features carefully styled food photography with consistent lighting and composition across all clips. Each asset maintains a cohesive visual language — making it easy to build a unified brand presence across multiple platforms and materials.

Get the Pizza Collection

Browse and download: https://stockflow.media/?cat=Food+Beverage&sub=Food+Menu&collection=Pizza
Full collection details: https://help.stockflow.media/collections/pizza/

#stockfootage #royaltyfree #stockvideo #foodvideo #restaurantmarketing #foodphotography #culinary #hospitality #contentcreation #videoproduction #4kvideo #pizza #foodmenu #pepperonipizza #hotpizza #cheesypizza #meltedmozzarella #pizzacloseup",How Pizza Footage Transforms restaurant marketing Projects,https://storage.googleapis.com/stockflow-social/Batch01/Montages/W/Food-Beverage_Food-Menu_Pizza_W.mp4,Food Beverage,Nmediaservices.com,10/24/2026
"How Noodles Footage Transforms restaurant marketing Projects

In the food and hospitality industry, visual content drives purchasing decisions. Studies show that 72% of diners choose restaurants based on food photography, and social media engagement for food brands correlates directly with visual quality. Professional food footage has become essential infrastructure for any serious food business.

About the Noodles Collection

The Noodles collection is part of our Food Menu library within the Food Beverage category. This collection delivers broadcast-ready assets that meet the quality standards of professional productions.

Featured assets include:

- Steaming bowl of shrimp noodle stir-fry with colorful vegetables and greens.
- A steaming bowl of noodle stir-fry with shrimp, red and yellow peppers, and green vegetables in a dark bowl.
- Delicious bowl of noodles with shrimp and colorful vegetables, steam rising for a vibrant, appetizing presentation.

Who Benefits from This Collection

- Restaurant chains and hospitality brands building marketing campaigns
- Food bloggers and YouTube creators producing recipe and review content
- Advertising agencies developing campaigns for food and beverage clients
- Delivery app platforms needing high-quality menu visuals
- Social media managers running food brand accounts across platforms
- Cookbook publishers and editorial teams creating print and digital layouts

Integration into Your Workflow

These assets are shot with cinematic lighting and professional color grading, ready for immediate use. Import MP4 footage into your video editor for social media ads, menu boards, or promotional reels. Use the JPEG images in Canva for social posts, in InDesign for menu printing, or in Photoshop for composite advertising visuals.

What's Included

- 4K MP4 Video (3840x2160) — 16:9 widescreen
- 8K JPEG Images (7680x4320) — print-ready resolution
- Vertical Video (1080x1920) — optimized for mobile and social
- Square Format (2160x2160) — ideal for social feeds
- Royalty-free license — no attribution required
- Instant download — no waiting, no approval process

Why Stockflow.media

This collection features carefully styled food photography with consistent lighting and composition across all clips. Each asset maintains a cohesive visual language — making it easy to build a unified brand presence across multiple platforms and materials.

Get the Noodles Collection

Browse and download: https://stockflow.media/?cat=Food+Beverage&sub=Food+Menu&collection=Noodles
Full collection details: https://help.stockflow.media/collections/noodles/

#stockfootage #royaltyfree #stockvideo #foodvideo #restaurantmarketing #foodphotography #culinary #hospitality #contentcreation #videoproduction #4kvideo #noodles #foodmenu #shrimp #noodle #stirfry #steaming #bowl",How Noodles Footage Transforms restaurant marketing Projects,https://storage.googleapis.com/stockflow-social/Batch01/Montages/W/Food-Beverage_Food-Menu_Noodles_W.mp4,Food Beverage,Nmediaservices.com,10/25/2026
"How Idly Vada Footage Transforms restaurant marketing Projects

In the food and hospitality industry, visual content drives purchasing decisions. Studies show that 72% of diners choose restaurants based on food photography, and social media engagement for food brands correlates directly with visual quality. Professional food footage has become essential infrastructure for any serious food business.

About the Idly Vada Collection

The Idly Vada collection is part of our Food Menu library within the Food Beverage category. This collection delivers broadcast-ready assets that meet the quality standards of professional productions.

Featured assets include:

- A plate of fluffy idlis with crispy vadas, served with coconut chutney, green chutney, and sambar on a banana-leaf platter.
- South Indian breakfast platter with soft idlis, crispy medu vadas, and bowls of sambar and chutneys, served on a banana leaf.
- South Indian Idli-Vada platter with fluffy idlis, crispy vadas, and assorted chutneys on a banana leaf.

Who Benefits from This Collection

- Restaurant chains and hospitality brands building marketing campaigns
- Food bloggers and YouTube creators producing recipe and review content
- Advertising agencies developing campaigns for food and beverage clients
- Delivery app platforms needing high-quality menu visuals
- Social media managers running food brand accounts across platforms
- Cookbook publishers and editorial teams creating print and digital layouts

Integration into Your Workflow

These assets are shot with cinematic lighting and professional color grading, ready for immediate use. Import MP4 footage into your video editor for social media ads, menu boards, or promotional reels. Use the JPEG images in Canva for social posts, in InDesign for menu printing, or in Photoshop for composite advertising visuals.

What's Included

- 4K MP4 Video (3840x2160) — 16:9 widescreen
- 8K JPEG Images (7680x4320) — print-ready resolution
- Vertical Video (1080x1920) — optimized for mobile and social
- Square Format (2160x2160) — ideal for social feeds
- Royalty-free license — no attribution required
- Instant download — no waiting, no approval process

Why Stockflow.media

This collection features carefully styled food photography with consistent lighting and composition across all clips. Each asset maintains a cohesive visual language — making it easy to build a unified brand presence across multiple platforms and materials.

Get the Idly Vada Collection

Browse and download: https://stockflow.media/?cat=Food+Beverage&sub=Food+Menu&collection=Idly+Vada
Full collection details: https://help.stockflow.media/collections/idly-vada/

#stockfootage #royaltyfree #stockvideo #foodvideo #restaurantmarketing #foodphotography #culinary #hospitality #contentcreation #videoproduction #4kvideo #idlyvada #foodmenu #idlis #vadas #idli #vada #coconutchutney",How Idly Vada Footage Transforms restaurant marketing Projects,https://storage.googleapis.com/stockflow-social/Batch01/Montages/W/Food-Beverage_Food-Menu_Idly-Vada_W.mp4,Food Beverage,Nmediaservices.com,10/26/2026
"How Food Menu Montage Footage Transforms restaurant marketing Projects

In the food and hospitality industry, visual content drives purchasing decisions. Studies show that 72% of diners choose restaurants based on food photography, and social media engagement for food brands correlates directly with visual quality. Professional food footage has become essential infrastructure for any serious food business.

About the Food Menu Montage Collection

The Food Menu Montage collection is part of our Food Menu library within the Food Beverage category. This collection delivers broadcast-ready assets that meet the quality standards of professional productions.

Who Benefits from This Collection

- Restaurant chains and hospitality brands building marketing campaigns
- Food bloggers and YouTube creators producing recipe and review content
- Advertising agencies developing campaigns for food and beverage clients
- Delivery app platforms needing high-quality menu visuals
- Social media managers running food brand accounts across platforms
- Cookbook publishers and editorial teams creating print and digital layouts

Integration into Your Workflow

These assets are shot with cinematic lighting and professional color grading, ready for immediate use. Import MP4 footage into your video editor for social media ads, menu boards, or promotional reels. Use the JPEG images in Canva for social posts, in InDesign for menu printing, or in Photoshop for composite advertising visuals.

What's Included

- 4K MP4 Video (3840x2160) — 16:9 widescreen
- 8K JPEG Images (7680x4320) — print-ready resolution
- Vertical Video (1080x1920) — optimized for mobile and social
- Square Format (2160x2160) — ideal for social feeds
- Royalty-free license — no attribution required
- Instant download — no waiting, no approval process

Why Stockflow.media

This collection features carefully styled food photography with consistent lighting and composition across all clips. Each asset maintains a cohesive visual language — making it easy to build a unified brand presence across multiple platforms and materials.

Get the Food Menu Montage Collection

Browse and download: https://stockflow.media/?cat=Food+Beverage&sub=Food+Menu&collection=Food+Menu+Montage
Full collection details: https://help.stockflow.media/collections/food-menu-montage/

#stockfootage #royaltyfree #stockvideo #foodvideo #restaurantmarketing #foodphotography #culinary #hospitality #contentcreation #videoproduction #4kvideo #foodmenumontage #foodmenu",How Food Menu Montage Footage Transforms restaurant marketing Projects,https://storage.googleapis.com/stockflow-social/Batch01/Montages/W/Food-Beverage_Food-Menu_Food-Menu-Montage_W.mp4,Food Beverage,Nmediaservices.com,10/27/2026
"How Fish Dinner Footage Transforms restaurant marketing Projects

In the food and hospitality industry, visual content drives purchasing decisions. Studies show that 72% of diners choose restaurants based on food photography, and social media engagement for food brands correlates directly with visual quality. Professional food footage has become essential infrastructure for any serious food business.

About the Fish Dinner Collection

The Fish Dinner collection is part of our Food Menu library within the Food Beverage category. This collection delivers broadcast-ready assets that meet the quality standards of professional productions.

Featured assets include:

- A perfectly seared fish fillet topped with a creamy herb sauce, served over tender asparagus with roasted tomatoes.
- Seared fish fillet with lemon and herb butter, garnished with dill, served with asparagus and cherry tomatoes.
- Elegant plated fish dish with a savory sauce and fresh greens, complemented by side dishes and wine glasses on a fine dining table.

Who Benefits from This Collection

- Restaurant chains and hospitality brands building marketing campaigns
- Food bloggers and YouTube creators producing recipe and review content
- Advertising agencies developing campaigns for food and beverage clients
- Delivery app platforms needing high-quality menu visuals
- Social media managers running food brand accounts across platforms
- Cookbook publishers and editorial teams creating print and digital layouts

Integration into Your Workflow

These assets are shot with cinematic lighting and professional color grading, ready for immediate use. Import MP4 footage into your video editor for social media ads, menu boards, or promotional reels. Use the JPEG images in Canva for social posts, in InDesign for menu printing, or in Photoshop for composite advertising visuals.

What's Included

- 4K MP4 Video (3840x2160) — 16:9 widescreen
- 8K JPEG Images (7680x4320) — print-ready resolution
- Vertical Video (1080x1920) — optimized for mobile and social
- Square Format (2160x2160) — ideal for social feeds
- Royalty-free license — no attribution required
- Instant download — no waiting, no approval process

Why Stockflow.media

This collection features carefully styled food photography with consistent lighting and composition across all clips. Each asset maintains a cohesive visual language — making it easy to build a unified brand presence across multiple platforms and materials.

Get the Fish Dinner Collection

Browse and download: https://stockflow.media/?cat=Food+Beverage&sub=Food+Menu&collection=Fish+Dinner
Full collection details: https://help.stockflow.media/collections/fish-dinner/

#stockfootage #royaltyfree #stockvideo #foodvideo #restaurantmarketing #foodphotography #culinary #hospitality #contentcreation #videoproduction #4kvideo #fishdinner #foodmenu #fishfillet #searedfish #creamyherbsauce #herbsauce #asparagus",How Fish Dinner Footage Transforms restaurant marketing Projects,https://storage.googleapis.com/stockflow-social/Batch01/Montages/W/Food-Beverage_Food-Menu_Fish-Dinner_W.mp4,Food Beverage,Nmediaservices.com,10/28/2026
"How Dosa Footage Transforms restaurant marketing Projects

In the food and hospitality industry, visual content drives purchasing decisions. Studies show that 72% of diners choose restaurants based on food photography, and social media engagement for food brands correlates directly with visual quality. Professional food footage has become essential infrastructure for any serious food business.

About the Dosa Collection

The Dosa collection is part of our Food Menu library within the Food Beverage category. This collection delivers broadcast-ready assets that meet the quality standards of professional productions.

Featured assets include:

- Crispy Indian dosa rolls served with red and yellow chutney, garnished with fresh cilantro.
- Crispy South Indian dosa served with colorful chutneys.
- South Indian dosa served with an assortment of chutneys.

Who Benefits from This Collection

- Restaurant chains and hospitality brands building marketing campaigns
- Food bloggers and YouTube creators producing recipe and review content
- Advertising agencies developing campaigns for food and beverage clients
- Delivery app platforms needing high-quality menu visuals
- Social media managers running food brand accounts across platforms
- Cookbook publishers and editorial teams creating print and digital layouts

Integration into Your Workflow

These assets are shot with cinematic lighting and professional color grading, ready for immediate use. Import MP4 footage into your video editor for social media ads, menu boards, or promotional reels. Use the JPEG images in Canva for social posts, in InDesign for menu printing, or in Photoshop for composite advertising visuals.

What's Included

- 4K MP4 Video (3840x2160) — 16:9 widescreen
- 8K JPEG Images (7680x4320) — print-ready resolution
- Vertical Video (1080x1920) — optimized for mobile and social
- Square Format (2160x2160) — ideal for social feeds
- Royalty-free license — no attribution required
- Instant download — no waiting, no approval process

Why Stockflow.media

This collection features carefully styled food photography with consistent lighting and composition across all clips. Each asset maintains a cohesive visual language — making it easy to build a unified brand presence across multiple platforms and materials.

Get the Dosa Collection

Browse and download: https://stockflow.media/?cat=Food+Beverage&sub=Food+Menu&collection=Dosa
Full collection details: https://help.stockflow.media/collections/dosa/

#stockfootage #royaltyfree #stockvideo #foodvideo #restaurantmarketing #foodphotography #culinary #hospitality #contentcreation #videoproduction #4kvideo #dosa #foodmenu #dosas #crispydosa #indianfood #indiansnack",How Dosa Footage Transforms restaurant marketing Projects,https://storage.googleapis.com/stockflow-social/Batch01/Montages/W/Food-Beverage_Food-Menu_Dosa_W.mp4,Food Beverage,Nmediaservices.com,10/29/2026
"How Chicken Fry Footage Transforms restaurant marketing Projects

In the food and hospitality industry, visual content drives purchasing decisions. Studies show that 72% of diners choose restaurants based on food photography, and social media engagement for food brands correlates directly with visual quality. Professional food footage has become essential infrastructure for any serious food business.

About the Chicken Fry Collection

The Chicken Fry collection is part of our Food Menu library within the Food Beverage category. This collection delivers broadcast-ready assets that meet the quality standards of professional productions.

Featured assets include:

- Crispy fried chicken pieces in a basket with a side of slaw.
- Crispy fried chicken pieces with a crunchy, seasoned coating, served on parchment paper with a side of shredded cabbage.
- Crispy fried chicken pieces arranged in a basket with shredded coleslaw.

Who Benefits from This Collection

- Restaurant chains and hospitality brands building marketing campaigns
- Food bloggers and YouTube creators producing recipe and review content
- Advertising agencies developing campaigns for food and beverage clients
- Delivery app platforms needing high-quality menu visuals
- Social media managers running food brand accounts across platforms
- Cookbook publishers and editorial teams creating print and digital layouts

Integration into Your Workflow

These assets are shot with cinematic lighting and professional color grading, ready for immediate use. Import MP4 footage into your video editor for social media ads, menu boards, or promotional reels. Use the JPEG images in Canva for social posts, in InDesign for menu printing, or in Photoshop for composite advertising visuals.

What's Included

- 4K MP4 Video (3840x2160) — 16:9 widescreen
- 8K JPEG Images (7680x4320) — print-ready resolution
- Vertical Video (1080x1920) — optimized for mobile and social
- Square Format (2160x2160) — ideal for social feeds
- Royalty-free license — no attribution required
- Instant download — no waiting, no approval process

Why Stockflow.media

This collection features carefully styled food photography with consistent lighting and composition across all clips. Each asset maintains a cohesive visual language — making it easy to build a unified brand presence across multiple platforms and materials.

Get the Chicken Fry Collection

Browse and download: https://stockflow.media/?cat=Food+Beverage&sub=Food+Menu&collection=Chicken+Fry
Full collection details: https://help.stockflow.media/collections/chicken-fry/

#stockfootage #royaltyfree #stockvideo #foodvideo #restaurantmarketing #foodphotography #culinary #hospitality #contentcreation #videoproduction #4kvideo #chickenfry #foodmenu #crispyfriedchickenpieces #friedchicken #chickeninbasket #sideofslaw #coleslaw",How Chicken Fry Footage Transforms restaurant marketing Projects,https://storage.googleapis.com/stockflow-social/Batch01/Montages/W/Food-Beverage_Food-Menu_Chicken-Fry_W.mp4,Food Beverage,Nmediaservices.com,10/30/2026
"How Chicken Dinner Footage Transforms restaurant marketing Projects

In the food and hospitality industry, visual content drives purchasing decisions. Studies show that 72% of diners choose restaurants based on food photography, and social media engagement for food brands correlates directly with visual quality. Professional food footage has become essential infrastructure for any serious food business.

About the Chicken Dinner Collection

The Chicken Dinner collection is part of our Food Menu library within the Food Beverage category. This collection delivers broadcast-ready assets that meet the quality standards of professional productions.

Featured assets include:

- A plated chicken dinner with a glossy sauce, mashed potatoes, sautéed vegetables, and a sprig of rosemary, accompanied by a glass of red wine in a ...
- A plated chicken dish topped with glossy sauce and herbs, accompanied by mashed potatoes and vegetables in a fine-dining setting.
- Succulent roasted chicken with glossy gravy, creamy mashed potatoes, and tender green beans.

Who Benefits from This Collection

- Restaurant chains and hospitality brands building marketing campaigns
- Food bloggers and YouTube creators producing recipe and review content
- Advertising agencies developing campaigns for food and beverage clients
- Delivery app platforms needing high-quality menu visuals
- Social media managers running food brand accounts across platforms
- Cookbook publishers and editorial teams creating print and digital layouts

Integration into Your Workflow

These assets are shot with cinematic lighting and professional color grading, ready for immediate use. Import MP4 footage into your video editor for social media ads, menu boards, or promotional reels. Use the JPEG images in Canva for social posts, in InDesign for menu printing, or in Photoshop for composite advertising visuals.

What's Included

- 4K MP4 Video (3840x2160) — 16:9 widescreen
- 8K JPEG Images (7680x4320) — print-ready resolution
- Vertical Video (1080x1920) — optimized for mobile and social
- Square Format (2160x2160) — ideal for social feeds
- Royalty-free license — no attribution required
- Instant download — no waiting, no approval process

Why Stockflow.media

This collection features carefully styled food photography with consistent lighting and composition across all clips. Each asset maintains a cohesive visual language — making it easy to build a unified brand presence across multiple platforms and materials.

Get the Chicken Dinner Collection

Browse and download: https://stockflow.media/?cat=Food+Beverage&sub=Food+Menu&collection=Chicken+Dinner
Full collection details: https://help.stockflow.media/collections/chicken-dinner/

#stockfootage #royaltyfree #stockvideo #foodvideo #restaurantmarketing #foodphotography #culinary #hospitality #contentcreation #videoproduction #4kvideo #chickendinner #foodmenu #platedchickendinner #glossysauce #mashedpotatoes #sautedvegetables #rosemary",How Chicken Dinner Footage Transforms restaurant marketing Projects,https://storage.googleapis.com/stockflow-social/Batch01/Montages/W/Food-Beverage_Food-Menu_Chicken-Dinner_W.mp4,Food Beverage,Nmediaservices.com,10/31/2026
"How Butter Chiken Footage Transforms restaurant marketing Projects

In the food and hospitality industry, visual content drives purchasing decisions. Studies show that 72% of diners choose restaurants based on food photography, and social media engagement for food brands correlates directly with visual quality. Professional food footage has become essential infrastructure for any serious food business.

About the Butter Chiken Collection

The Butter Chiken collection is part of our Food Menu library within the Food Beverage category. This collection delivers broadcast-ready assets that meet the quality standards of professional productions.

Featured assets include:

- A rich, creamy butter chicken served with fluffy basmati rice and naan.
- Creamy butter chicken served with rice and warm naan, garnished with fresh cilantro.
- High-quality image of Indian Butter Chicken served with rice and naan, featuring creamy orange curry with cilantro garnish.

Who Benefits from This Collection

- Restaurant chains and hospitality brands building marketing campaigns
- Food bloggers and YouTube creators producing recipe and review content
- Advertising agencies developing campaigns for food and beverage clients
- Delivery app platforms needing high-quality menu visuals
- Social media managers running food brand accounts across platforms
- Cookbook publishers and editorial teams creating print and digital layouts

Integration into Your Workflow

These assets are shot with cinematic lighting and professional color grading, ready for immediate use. Import MP4 footage into your video editor for social media ads, menu boards, or promotional reels. Use the JPEG images in Canva for social posts, in InDesign for menu printing, or in Photoshop for composite advertising visuals.

What's Included

- 4K MP4 Video (3840x2160) — 16:9 widescreen
- 8K JPEG Images (7680x4320) — print-ready resolution
- Vertical Video (1080x1920) — optimized for mobile and social
- Square Format (2160x2160) — ideal for social feeds
- Royalty-free license — no attribution required
- Instant download — no waiting, no approval process

Why Stockflow.media

This collection features carefully styled food photography with consistent lighting and composition across all clips. Each asset maintains a cohesive visual language — making it easy to build a unified brand presence across multiple platforms and materials.

Get the Butter Chiken Collection

Browse and download: https://stockflow.media/?cat=Food+Beverage&sub=Food+Menu&collection=Butter+Chiken
Full collection details: https://help.stockflow.media/collections/butter-chiken/

#stockfootage #royaltyfree #stockvideo #foodvideo #restaurantmarketing #foodphotography #culinary #hospitality #contentcreation #videoproduction #4kvideo #butterchiken #foodmenu #butterchicken #creamycurry #indianfood #chickencurry #butterchickensauce",How Butter Chiken Footage Transforms restaurant marketing Projects,https://storage.googleapis.com/stockflow-social/Batch01/Montages/W/Food-Beverage_Food-Menu_Butter-Chiken_W.mp4,Food Beverage,Nmediaservices.com,11/1/2026
"How Buritos Footage Transforms restaurant marketing Projects

In the food and hospitality industry, visual content drives purchasing decisions. Studies show that 72% of diners choose restaurants based on food photography, and social media engagement for food brands correlates directly with visual quality. Professional food footage has become essential infrastructure for any serious food business.

About the Buritos Collection

The Buritos collection is part of our Food Menu library within the Food Beverage category. This collection delivers broadcast-ready assets that meet the quality standards of professional productions.

Featured assets include:

- High quality image of burritos filled with beef and colorful veggies on a wooden board.
- Close-up of nachos topped with jalapeños, pico de gallo, melted cheese, and a dollop of guacamole.
- Close-up of melted cheese over burrito fillings with colorful toppings and salsa in a vibrant spread.

Who Benefits from This Collection

- Restaurant chains and hospitality brands building marketing campaigns
- Food bloggers and YouTube creators producing recipe and review content
- Advertising agencies developing campaigns for food and beverage clients
- Delivery app platforms needing high-quality menu visuals
- Social media managers running food brand accounts across platforms
- Cookbook publishers and editorial teams creating print and digital layouts

Integration into Your Workflow

These assets are shot with cinematic lighting and professional color grading, ready for immediate use. Import MP4 footage into your video editor for social media ads, menu boards, or promotional reels. Use the JPEG images in Canva for social posts, in InDesign for menu printing, or in Photoshop for composite advertising visuals.

What's Included

- 4K MP4 Video (3840x2160) — 16:9 widescreen
- 8K JPEG Images (7680x4320) — print-ready resolution
- Vertical Video (1080x1920) — optimized for mobile and social
- Square Format (2160x2160) — ideal for social feeds
- Royalty-free license — no attribution required
- Instant download — no waiting, no approval process

Why Stockflow.media

This collection features carefully styled food photography with consistent lighting and composition across all clips. Each asset maintains a cohesive visual language — making it easy to build a unified brand presence across multiple platforms and materials.

Get the Buritos Collection

Browse and download: https://stockflow.media/?cat=Food+Beverage&sub=Food+Menu&collection=Buritos
Full collection details: https://help.stockflow.media/collections/buritos/

#stockfootage #royaltyfree #stockvideo #foodvideo #restaurantmarketing #foodphotography #culinary #hospitality #contentcreation #videoproduction #4kvideo #buritos #foodmenu #burritos #beefburrito #beef #colorfulvegetables #vegetables",How Buritos Footage Transforms restaurant marketing Projects,https://storage.googleapis.com/stockflow-social/Batch01/Montages/W/Food-Beverage_Food-Menu_Buritos_W.mp4,Food Beverage,Nmediaservices.com,11/1/2026
"How Burgers Footage Transforms restaurant marketing Projects

In the food and hospitality industry, visual content drives purchasing decisions. Studies show that 72% of diners choose restaurants based on food photography, and social media engagement for food brands correlates directly with visual quality. Professional food footage has become essential infrastructure for any serious food business.

About the Burgers Collection

The Burgers collection is part of our Food Menu library within the Food Beverage category. This collection delivers broadcast-ready assets that meet the quality standards of professional productions.

Featured assets include:

- High-quality burger with melted cheese, fresh lettuce and tomato on a toasted bun, served on a wooden board.
- Juicy cheeseburger featuring melty cheddar, crisp lettuce, tomato, and red onion on a glossy brioche bun, with fries on the side.
- High-quality burger image featuring a juicy patty with melted cheese, tomato, red onion, lettuce, and a glossy brioche bun.

Who Benefits from This Collection

- Restaurant chains and hospitality brands building marketing campaigns
- Food bloggers and YouTube creators producing recipe and review content
- Advertising agencies developing campaigns for food and beverage clients
- Delivery app platforms needing high-quality menu visuals
- Social media managers running food brand accounts across platforms
- Cookbook publishers and editorial teams creating print and digital layouts

Integration into Your Workflow

These assets are shot with cinematic lighting and professional color grading, ready for immediate use. Import MP4 footage into your video editor for social media ads, menu boards, or promotional reels. Use the JPEG images in Canva for social posts, in InDesign for menu printing, or in Photoshop for composite advertising visuals.

What's Included

- 4K MP4 Video (3840x2160) — 16:9 widescreen
- 8K JPEG Images (7680x4320) — print-ready resolution
- Vertical Video (1080x1920) — optimized for mobile and social
- Square Format (2160x2160) — ideal for social feeds
- Royalty-free license — no attribution required
- Instant download — no waiting, no approval process

Why Stockflow.media

This collection features carefully styled food photography with consistent lighting and composition across all clips. Each asset maintains a cohesive visual language — making it easy to build a unified brand presence across multiple platforms and materials.

Get the Burgers Collection

Browse and download: https://stockflow.media/?cat=Food+Beverage&sub=Food+Menu&collection=Burgers
Full collection details: https://help.stockflow.media/collections/burgers/

#stockfootage #royaltyfree #stockvideo #foodvideo #restaurantmarketing #foodphotography #culinary #hospitality #contentcreation #videoproduction #4kvideo #burgers #foodmenu #burger #highquality #meltedcheese #freshlettuce #tomato",How Burgers Footage Transforms restaurant marketing Projects,https://storage.googleapis.com/stockflow-social/Batch01/Montages/W/Food-Beverage_Food-Menu_Burgers_W.mp4,Food Beverage,Nmediaservices.com,11/2/2026
"How Biriyani Footage Transforms restaurant marketing Projects

In the food and hospitality industry, visual content drives purchasing decisions. Studies show that 72% of diners choose restaurants based on food photography, and social media engagement for food brands correlates directly with visual quality. Professional food footage has become essential infrastructure for any serious food business.

About the Biriyani Collection

The Biriyani collection is part of our Food Menu library within the Food Beverage category. This collection delivers broadcast-ready assets that meet the quality standards of professional productions.

Featured assets include:

- A fragrant clay bowl of Indian chicken biryani with basmati rice, tender spiced chicken, saffron hues, and fresh mint garnish.
- Delicious Indian chicken biryani in a rustic clay pot, saffron-tinted rice with tender chicken, garnished with mint and served with raita.
- A clay pot biryani with fragrant saffron rice, juicy meat, crispy fried onions, and a mint garnish, served with raita and chutneys in the background.

Who Benefits from This Collection

- Restaurant chains and hospitality brands building marketing campaigns
- Food bloggers and YouTube creators producing recipe and review content
- Advertising agencies developing campaigns for food and beverage clients
- Delivery app platforms needing high-quality menu visuals
- Social media managers running food brand accounts across platforms
- Cookbook publishers and editorial teams creating print and digital layouts

Integration into Your Workflow

These assets are shot with cinematic lighting and professional color grading, ready for immediate use. Import MP4 footage into your video editor for social media ads, menu boards, or promotional reels. Use the JPEG images in Canva for social posts, in InDesign for menu printing, or in Photoshop for composite advertising visuals.

What's Included

- 4K MP4 Video (3840x2160) — 16:9 widescreen
- 8K JPEG Images (7680x4320) — print-ready resolution
- Vertical Video (1080x1920) — optimized for mobile and social
- Square Format (2160x2160) — ideal for social feeds
- Royalty-free license — no attribution required
- Instant download — no waiting, no approval process

Why Stockflow.media

This collection features carefully styled food photography with consistent lighting and composition across all clips. Each asset maintains a cohesive visual language — making it easy to build a unified brand presence across multiple platforms and materials.

Get the Biriyani Collection

Browse and download: https://stockflow.media/?cat=Food+Beverage&sub=Food+Menu&collection=Biriyani
Full collection details: https://help.stockflow.media/collections/biriyani/

#stockfootage #royaltyfree #stockvideo #foodvideo #restaurantmarketing #foodphotography #culinary #hospitality #contentcreation #videoproduction #4kvideo #biriyani #foodmenu #biryani #chickenbiryani #indianbiryani #indiancuisine #basmatirice",How Biriyani Footage Transforms restaurant marketing Projects,https://storage.googleapis.com/stockflow-social/Batch01/Montages/W/Food-Beverage_Food-Menu_Biriyani_W.mp4,Food Beverage,Nmediaservices.com,11/3/2026
"How Food Beverage Footage Transforms restaurant marketing Projects

In the food and hospitality industry, visual content drives purchasing decisions. Studies show that 72% of diners choose restaurants based on food photography, and social media engagement for food brands correlates directly with visual quality. Professional food footage has become essential infrastructure for any serious food business.

About the Food Beverage Collection

The Food Beverage collection is part of our Food Beverage Category library within the Food Beverage category. This collection delivers broadcast-ready assets that meet the quality standards of professional productions.

Who Benefits from This Collection

- Restaurant chains and hospitality brands building marketing campaigns
- Food bloggers and YouTube creators producing recipe and review content
- Advertising agencies developing campaigns for food and beverage clients
- Delivery app platforms needing high-quality menu visuals
- Social media managers running food brand accounts across platforms
- Cookbook publishers and editorial teams creating print and digital layouts

Integration into Your Workflow

These assets are shot with cinematic lighting and professional color grading, ready for immediate use. Import MP4 footage into your video editor for social media ads, menu boards, or promotional reels. Use the JPEG images in Canva for social posts, in InDesign for menu printing, or in Photoshop for composite advertising visuals.

What's Included

- 4K MP4 Video (3840x2160) — 16:9 widescreen
- 8K JPEG Images (7680x4320) — print-ready resolution
- Vertical Video (1080x1920) — optimized for mobile and social
- Square Format (2160x2160) — ideal for social feeds
- Royalty-free license — no attribution required
- Instant download — no waiting, no approval process

Why Stockflow.media

This collection features carefully styled food photography with consistent lighting and composition across all clips. Each asset maintains a cohesive visual language — making it easy to build a unified brand presence across multiple platforms and materials.

Get the Food Beverage Collection

Browse and download: https://stockflow.media/?cat=Food+Beverage&sub=Food+Beverage+Category&collection=Food+Beverage
Full collection details: https://help.stockflow.media/collections/food-beverage/

#stockfootage #royaltyfree #stockvideo #foodvideo #restaurantmarketing #foodphotography #culinary #hospitality #contentcreation #videoproduction #4kvideo #foodbeverage #foodbeveragecategory",How Food Beverage Footage Transforms restaurant marketing Projects,https://storage.googleapis.com/stockflow-social/Batch01/Montages/W/Food-Beverage_Food-Beverage-Category_W.mp4,Food Beverage,Nmediaservices.com,11/4/2026