Text,Title,Media URLs,Labels,Social Medias,Scheduled
"Worms Montage — Premium microscopic stock footage.
4K video & 8K images. Royalty-free.

Perfect for science documentaries, educational content, and research presentations.

Browse & download: https://stockflow.media/?cat=Microscopic&sub=Worms&collection=Worms+Montage

#stockfootage #royaltyfree #microscopy #science #biology #micro #microscope #sciencevideo #biologylab #microworld #cellbiology #worms #wormsmontage #stockvideo #4kvideo",Worms Montage_W_LinkedIn Blog,https://storage.googleapis.com/stockflow-social/Batch01/Montages/W/Microscopic_Worms_Worms-Montage_W.mp4,Microscopic,Nmediaservices.com,2026-11-05 8:00
"Worm Crawls — Premium microscopic stock footage.
4K video & 8K images. Royalty-free.

Perfect for science documentaries, educational content, and research presentations.

Browse & download: https://stockflow.media/?cat=Microscopic&sub=Worms&collection=Worm+Crawls

#stockfootage #royaltyfree #microscopy #science #biology #micro #microscope #sciencevideo #biologylab #microworld #cellbiology #worms #wormcrawls #stockvideo #4kvideo",Worm Crawls_W_LinkedIn Blog,https://storage.googleapis.com/stockflow-social/Batch01/Montages/W/Microscopic_Worms_Worm-Crawls_W.mp4,Microscopic,Nmediaservices.com,2026-11-06 8:00
"Turbellarians — Premium microscopic stock footage.
4K video & 8K images. Royalty-free.

Perfect for science documentaries, educational content, and research presentations.

Browse & download: https://stockflow.media/?cat=Microscopic&sub=Worms&collection=Turbellarians

#stockfootage #royaltyfree #microscopy #science #biology #micro #microscope #sciencevideo #biologylab #microworld #cellbiology #worms #turbellarians #stockvideo #4kvideo",Turbellarians_W_LinkedIn Blog,https://storage.googleapis.com/stockflow-social/Batch01/Montages/W/Microscopic_Worms_Turbellarians_W.mp4,Microscopic,Nmediaservices.com,2026-11-07 8:00
"Protozoa — Premium microscopic stock footage.
4K video & 8K images. Royalty-free.

Perfect for science documentaries, educational content, and research presentations.

Browse & download: https://stockflow.media/?cat=Microscopic&sub=Worms&collection=Protozoa

#stockfootage #royaltyfree #microscopy #science #biology #micro #microscope #sciencevideo #biologylab #microworld #cellbiology #worms #protozoa #stockvideo #4kvideo",Protozoa_W_LinkedIn Blog,https://storage.googleapis.com/stockflow-social/Batch01/Montages/W/Microscopic_Worms_Protozoa_W.mp4,Microscopic,Nmediaservices.com,2026-11-08 8:00
"Parasitic Worms — Premium microscopic stock footage.
4K video & 8K images. Royalty-free.

Perfect for science documentaries, educational content, and research presentations.

Browse & download: https://stockflow.media/?cat=Microscopic&sub=Worms&collection=Parasitic+Worms

#stockfootage #royaltyfree #microscopy #science #biology #micro #microscope #sciencevideo #biologylab #microworld #cellbiology #worms #parasiticworms #stockvideo #4kvideo",Parasitic Worms_W_LinkedIn Blog,https://storage.googleapis.com/stockflow-social/Batch01/Montages/W/Microscopic_Worms_Parasitic-Worms_W.mp4,Microscopic,Nmediaservices.com,2026-11-09 8:00
"Parasitic Worm — Premium microscopic stock footage.
4K video & 8K images. Royalty-free.

Perfect for science documentaries, educational content, and research presentations.

Browse & download: https://stockflow.media/?cat=Microscopic&sub=Worms&collection=Parasitic+Worm

#stockfootage #royaltyfree #microscopy #science #biology #micro #microscope #sciencevideo #biologylab #microworld #cellbiology #worms #parasiticworm #stockvideo #4kvideo",Parasitic Worm_W_LinkedIn Blog,https://storage.googleapis.com/stockflow-social/Batch01/Montages/W/Microscopic_Worms_Parasitic-Worm_W.mp4,Microscopic,Nmediaservices.com,2026-11-10 8:00
"Parasitic Micro Worm — Premium microscopic stock footage.
4K video & 8K images. Royalty-free.

Perfect for science documentaries, educational content, and research presentations.

Browse & download: https://stockflow.media/?cat=Microscopic&sub=Worms&collection=Parasitic+Micro+Worm

#stockfootage #royaltyfree #microscopy #science #biology #micro #microscope #sciencevideo #biologylab #microworld #cellbiology #worms #parasiticmicroworm #stockvideo #4kvideo",Parasitic Micro Worm_W_LinkedIn Blog,https://storage.googleapis.com/stockflow-social/Batch01/Montages/W/Microscopic_Worms_Parasitic-Micro-Worm_W.mp4,Microscopic,Nmediaservices.com,2026-11-11 8:00
"Nmeatode — Premium microscopic stock footage.
4K video & 8K images. Royalty-free.

Perfect for science documentaries, educational content, and research presentations.

Browse & download: https://stockflow.media/?cat=Microscopic&sub=Worms&collection=Nmeatode

#stockfootage #royaltyfree #microscopy #science #biology #micro #microscope #sciencevideo #biologylab #microworld #cellbiology #worms #nmeatode #stockvideo #4kvideo",Nmeatode_W_LinkedIn Blog,https://storage.googleapis.com/stockflow-social/Batch01/Montages/W/Microscopic_Worms_Nmeatode_W.mp4,Microscopic,Nmediaservices.com,2026-11-12 8:00
"Flatworms — Premium microscopic stock footage.
4K video & 8K images. Royalty-free.

Perfect for science documentaries, educational content, and research presentations.

Browse & download: https://stockflow.media/?cat=Microscopic&sub=Worms&collection=Flatworms

#stockfootage #royaltyfree #microscopy #science #biology #micro #microscope #sciencevideo #biologylab #microworld #cellbiology #worms #flatworms #stockvideo #4kvideo",Flatworms_W_LinkedIn Blog,https://storage.googleapis.com/stockflow-social/Batch01/Montages/W/Microscopic_Worms_Flatworms_W.mp4,Microscopic,Nmediaservices.com,2026-11-13 8:00
"Nematode Worms — Premium microscopic stock footage.
4K video & 8K images. Royalty-free.

Perfect for science documentaries, educational content, and research presentations.

Browse & download: https://stockflow.media/?cat=Microscopic&sub=Worms&collection=Nematode+Worms

#stockfootage #royaltyfree #microscopy #science #biology #micro #microscope #sciencevideo #biologylab #microworld #cellbiology #worms #nematodeworms #stockvideo #4kvideo",Nematode Worms_W_LinkedIn Blog,https://storage.googleapis.com/stockflow-social/Batch01/Montages/W/Microscopic_Worms_Nematode-Worms_W.mp4,Microscopic,Nmediaservices.com,2026-11-14 8:00
"Nematode Lifecycle — Premium microscopic stock footage.
4K video & 8K images. Royalty-free.

Perfect for science documentaries, educational content, and research presentations.

Browse & download: https://stockflow.media/?cat=Microscopic&sub=Worms&collection=Nematode+Lifecycle

#stockfootage #royaltyfree #microscopy #science #biology #micro #microscope #sciencevideo #biologylab #microworld #cellbiology #worms #nematodelifecycle #stockvideo #4kvideo",Nematode Lifecycle_W_LinkedIn Blog,https://storage.googleapis.com/stockflow-social/Batch01/Montages/W/Microscopic_Worms_Nematode-Lifecycle_W.mp4,Microscopic,Nmediaservices.com,2026-11-15 8:00
"Crawling On Algae — Premium microscopic stock footage.
4K video & 8K images. Royalty-free.

Perfect for science documentaries, educational content, and research presentations.

Browse & download: https://stockflow.media/?cat=Microscopic&sub=Worms&collection=Crawling+On+Algae

#stockfootage #royaltyfree #microscopy #science #biology #micro #microscope #sciencevideo #biologylab #microworld #cellbiology #worms #crawlingonalgae #stockvideo #4kvideo",Crawling On Algae_W_LinkedIn Blog,https://storage.googleapis.com/stockflow-social/Batch01/Montages/W/Microscopic_Worms_Crawling-On-Algae_W.mp4,Microscopic,Nmediaservices.com,2026-11-16 8:00
"Compost — Premium microscopic stock footage.
4K video & 8K images. Royalty-free.

Perfect for science documentaries, educational content, and research presentations.

Browse & download: https://stockflow.media/?cat=Microscopic&sub=Worms&collection=Compost

#stockfootage #royaltyfree #microscopy #science #biology #micro #microscope #sciencevideo #biologylab #microworld #cellbiology #worms #compost #stockvideo #4kvideo",Compost_W_LinkedIn Blog,https://storage.googleapis.com/stockflow-social/Batch01/Montages/W/Microscopic_Worms_Compost_W.mp4,Microscopic,Nmediaservices.com,2026-11-17 8:00
"Caenorhabditis Elegans — Premium microscopic stock footage.
4K video & 8K images. Royalty-free.

Perfect for science documentaries, educational content, and research presentations.

Browse & download: https://stockflow.media/?cat=Microscopic&sub=Worms&collection=Caenorhabditis+Elegans

#stockfootage #royaltyfree #microscopy #science #biology #micro #microscope #sciencevideo #biologylab #microworld #cellbiology #worms #caenorhabditiselegans #stockvideo #4kvideo",Caenorhabditis Elegans_W_LinkedIn Blog,https://storage.googleapis.com/stockflow-social/Batch01/Montages/W/Microscopic_Worms_Caenorhabditis-Elegans_W.mp4,Microscopic,Nmediaservices.com,2026-11-18 8:00
"C Elegans — Premium microscopic stock footage.
4K video & 8K images. Royalty-free.

Perfect for science documentaries, educational content, and research presentations.

Browse & download: https://stockflow.media/?cat=Microscopic&sub=Worms&collection=C+Elegans

#stockfootage #royaltyfree #microscopy #science #biology #micro #microscope #sciencevideo #biologylab #microworld #cellbiology #worms #celegans #stockvideo #4kvideo",C Elegans_W_LinkedIn Blog,https://storage.googleapis.com/stockflow-social/Batch01/Montages/W/Microscopic_Worms_C-Elegans_W.mp4,Microscopic,Nmediaservices.com,2026-11-19 8:00
"Algae — Premium microscopic stock footage.
4K video & 8K images. Royalty-free.

Perfect for science documentaries, educational content, and research presentations.

Browse & download: https://stockflow.media/?cat=Microscopic&sub=Worms&collection=Algae

#stockfootage #royaltyfree #microscopy #science #biology #micro #microscope #sciencevideo #biologylab #microworld #cellbiology #worms #algae #stockvideo #4kvideo",Algae_W_LinkedIn Blog,https://storage.googleapis.com/stockflow-social/Batch01/Montages/W/Microscopic_Worms_Algae_W.mp4,Microscopic,Nmediaservices.com,2026-11-20 8:00
"Waterborne Montage — Premium microscopic stock footage.
4K video & 8K images. Royalty-free.

Perfect for science documentaries, educational content, and research presentations.

Browse & download: https://stockflow.media/?cat=Microscopic&sub=Waterborne&collection=Waterborne+Montage

#stockfootage #royaltyfree #microscopy #science #biology #micro #microscope #sciencevideo #biologylab #microworld #cellbiology #waterborne #waterbornemontage #stockvideo #4kvideo",Waterborne Montage_W_LinkedIn Blog,https://storage.googleapis.com/stockflow-social/Batch01/Montages/W/Microscopic_Waterborne_Waterborne-Montage_W.mp4,Microscopic,Nmediaservices.com,2026-11-21 8:00
"Waterborne — Premium microscopic stock footage.
4K video & 8K images. Royalty-free.

Perfect for science documentaries, educational content, and research presentations.

Browse & download: https://stockflow.media/?cat=Microscopic&sub=Waterborne&collection=Waterborne

#stockfootage #royaltyfree #microscopy #science #biology #micro #microscope #sciencevideo #biologylab #microworld #cellbiology #waterborne #stockvideo #4kvideo #8kimages",Waterborne_W_LinkedIn Blog,https://storage.googleapis.com/stockflow-social/Batch01/Montages/W/Microscopic_Waterborne_Waterborne_W.mp4,Microscopic,Nmediaservices.com,2026-11-22 8:00
"Single Celled — Premium microscopic stock footage.
4K video & 8K images. Royalty-free.

Perfect for science documentaries, educational content, and research presentations.

Browse & download: https://stockflow.media/?cat=Microscopic&sub=Waterborne&collection=Single+Celled

#stockfootage #royaltyfree #microscopy #science #biology #micro #microscope #sciencevideo #biologylab #microworld #cellbiology #waterborne #singlecelled #stockvideo #4kvideo",Single Celled_W_LinkedIn Blog,https://storage.googleapis.com/stockflow-social/Batch01/Montages/W/Microscopic_Waterborne_Single-Celled_W.mp4,Microscopic,Nmediaservices.com,2026-11-23 8:00
"Rotifers — Premium microscopic stock footage.
4K video & 8K images. Royalty-free.

Perfect for science documentaries, educational content, and research presentations.

Browse & download: https://stockflow.media/?cat=Microscopic&sub=Waterborne&collection=Rotifers

#stockfootage #royaltyfree #microscopy #science #biology #micro #microscope #sciencevideo #biologylab #microworld #cellbiology #waterborne #rotifers #stockvideo #4kvideo",Rotifers_W_LinkedIn Blog,https://storage.googleapis.com/stockflow-social/Batch01/Montages/W/Microscopic_Waterborne_Rotifers_W.mp4,Microscopic,Nmediaservices.com,2026-11-24 8:00
"Plankton — Premium microscopic stock footage.
4K video & 8K images. Royalty-free.

Perfect for science documentaries, educational content, and research presentations.

Browse & download: https://stockflow.media/?cat=Microscopic&sub=Waterborne&collection=Plankton

#stockfootage #royaltyfree #microscopy #science #biology #micro #microscope #sciencevideo #biologylab #microworld #cellbiology #waterborne #plankton #stockvideo #4kvideo",Plankton_W_LinkedIn Blog,https://storage.googleapis.com/stockflow-social/Batch01/Montages/W/Microscopic_Waterborne_Plankton_W.mp4,Microscopic,Nmediaservices.com,2026-11-25 8:00
"Organisms — Premium microscopic stock footage.
4K video & 8K images. Royalty-free.

Perfect for science documentaries, educational content, and research presentations.

Browse & download: https://stockflow.media/?cat=Microscopic&sub=Waterborne&collection=Organisms

#stockfootage #royaltyfree #microscopy #science #biology #micro #microscope #sciencevideo #biologylab #microworld #cellbiology #waterborne #organisms #stockvideo #4kvideo",Organisms_W_LinkedIn Blog,https://storage.googleapis.com/stockflow-social/Batch01/Montages/W/Microscopic_Waterborne_Organisms_W.mp4,Microscopic,Nmediaservices.com,2026-11-26 8:00
"Neural Signals — Premium microscopic stock footage.
4K video & 8K images. Royalty-free.

Perfect for science documentaries, educational content, and research presentations.

Browse & download: https://stockflow.media/?cat=Microscopic&sub=Waterborne&collection=Neural+Signals

#stockfootage #royaltyfree #microscopy #science #biology #micro #microscope #sciencevideo #biologylab #microworld #cellbiology #waterborne #neuralsignals #stockvideo #4kvideo",Neural Signals_W_LinkedIn Blog,https://storage.googleapis.com/stockflow-social/Batch01/Montages/W/Microscopic_Waterborne_Neural-Signals_W.mp4,Microscopic,Nmediaservices.com,2026-11-27 8:00
"Euglena — Premium microscopic stock footage.
4K video & 8K images. Royalty-free.

Perfect for science documentaries, educational content, and research presentations.

Browse & download: https://stockflow.media/?cat=Microscopic&sub=Waterborne&collection=Euglena

#stockfootage #royaltyfree #microscopy #science #biology #micro #microscope #sciencevideo #biologylab #microworld #cellbiology #waterborne #euglena #stockvideo #4kvideo",Euglena_W_LinkedIn Blog,https://storage.googleapis.com/stockflow-social/Batch01/Montages/W/Microscopic_Waterborne_Euglena_W.mp4,Microscopic,Nmediaservices.com,2026-11-28 8:00
"Euglena Cell — Premium microscopic stock footage.
4K video & 8K images. Royalty-free.

Perfect for science documentaries, educational content, and research presentations.

Browse & download: https://stockflow.media/?cat=Microscopic&sub=Waterborne&collection=Euglena+Cell

#stockfootage #royaltyfree #microscopy #science #biology #micro #microscope #sciencevideo #biologylab #microworld #cellbiology #waterborne #euglenacell #stockvideo #4kvideo",Euglena Cell_W_LinkedIn Blog,https://storage.googleapis.com/stockflow-social/Batch01/Montages/W/Microscopic_Waterborne_Euglena-Cell_W.mp4,Microscopic,Nmediaservices.com,2026-11-29 8:00
"Diatom — Premium microscopic stock footage.
4K video & 8K images. Royalty-free.

Perfect for science documentaries, educational content, and research presentations.

Browse & download: https://stockflow.media/?cat=Microscopic&sub=Waterborne&collection=Diatom

#stockfootage #royaltyfree #microscopy #science #biology #micro #microscope #sciencevideo #biologylab #microworld #cellbiology #waterborne #diatom #stockvideo #4kvideo",Diatom_W_LinkedIn Blog,https://storage.googleapis.com/stockflow-social/Batch01/Montages/W/Microscopic_Waterborne_Diatom_W.mp4,Microscopic,Nmediaservices.com,2026-11-30 8:00
"Diatom Shell — Premium microscopic stock footage.
4K video & 8K images. Royalty-free.

Perfect for science documentaries, educational content, and research presentations.

Browse & download: https://stockflow.media/?cat=Microscopic&sub=Waterborne&collection=Diatom+Shell

#stockfootage #royaltyfree #microscopy #science #biology #micro #microscope #sciencevideo #biologylab #microworld #cellbiology #waterborne #diatomshell #stockvideo #4kvideo",Diatom Shell_W_LinkedIn Blog,https://storage.googleapis.com/stockflow-social/Batch01/Montages/W/Microscopic_Waterborne_Diatom-Shell_W.mp4,Microscopic,Nmediaservices.com,2026-12-01 8:00
"Aquatic — Premium microscopic stock footage.
4K video & 8K images. Royalty-free.

Perfect for science documentaries, educational content, and research presentations.

Browse & download: https://stockflow.media/?cat=Microscopic&sub=Waterborne&collection=Aquatic

#stockfootage #royaltyfree #microscopy #science #biology #micro #microscope #sciencevideo #biologylab #microworld #cellbiology #waterborne #aquatic #stockvideo #4kvideo",Aquatic_W_LinkedIn Blog,https://storage.googleapis.com/stockflow-social/Batch01/Montages/W/Microscopic_Waterborne_Aquatic_W.mp4,Microscopic,Nmediaservices.com,2026-12-02 8:00
"Amoebas — Premium microscopic stock footage.
4K video & 8K images. Royalty-free.

Perfect for science documentaries, educational content, and research presentations.

Browse & download: https://stockflow.media/?cat=Microscopic&sub=Waterborne&collection=Amoebas

#stockfootage #royaltyfree #microscopy #science #biology #micro #microscope #sciencevideo #biologylab #microworld #cellbiology #waterborne #amoebas #stockvideo #4kvideo",Amoebas_W_LinkedIn Blog,https://storage.googleapis.com/stockflow-social/Batch01/Montages/W/Microscopic_Waterborne_Amoebas_W.mp4,Microscopic,Nmediaservices.com,2026-12-03 8:00
"Algae Cells — Premium microscopic stock footage.
4K video & 8K images. Royalty-free.

Perfect for science documentaries, educational content, and research presentations.

Browse & download: https://stockflow.media/?cat=Microscopic&sub=Waterborne&collection=Algae+Cells

#stockfootage #royaltyfree #microscopy #science #biology #micro #microscope #sciencevideo #biologylab #microworld #cellbiology #waterborne #algaecells #stockvideo #4kvideo",Algae Cells_W_LinkedIn Blog,https://storage.googleapis.com/stockflow-social/Batch01/Montages/W/Microscopic_Waterborne_Algae-Cells_W.mp4,Microscopic,Nmediaservices.com,2026-12-04 8:00
"Virus Montage — Premium microscopic stock footage.
4K video & 8K images. Royalty-free.

Perfect for science documentaries, educational content, and research presentations.

Browse & download: https://stockflow.media/?cat=Microscopic&sub=Virus&collection=Virus+Montage

#stockfootage #royaltyfree #microscopy #science #biology #micro #microscope #sciencevideo #biologylab #microworld #cellbiology #virus #virusmontage #stockvideo #4kvideo",Virus Montage_W_LinkedIn Blog,https://storage.googleapis.com/stockflow-social/Batch01/Montages/W/Microscopic_Virus_Virus-Montage_W.mp4,Microscopic,Nmediaservices.com,2026-12-05 8:00
"Membrane — Premium microscopic stock footage.
4K video & 8K images. Royalty-free.

Perfect for science documentaries, educational content, and research presentations.

Browse & download: https://stockflow.media/?cat=Microscopic&sub=Virus&collection=Membrane

#stockfootage #royaltyfree #microscopy #science #biology #micro #microscope #sciencevideo #biologylab #microworld #cellbiology #virus #membrane #stockvideo #4kvideo",Membrane_W_LinkedIn Blog,https://storage.googleapis.com/stockflow-social/Batch01/Montages/W/Microscopic_Virus_Membrane_W.mp4,Microscopic,Nmediaservices.com,2026-12-06 8:00
"Underwater Montage — Premium microscopic stock footage.
4K video & 8K images. Royalty-free.

Perfect for science documentaries, educational content, and research presentations.

Browse & download: https://stockflow.media/?cat=Microscopic&sub=Underwater&collection=Underwater+Montage

#stockfootage #royaltyfree #microscopy #science #biology #micro #microscope #sciencevideo #biologylab #microworld #cellbiology #underwater #underwatermontage #stockvideo #4kvideo",Underwater Montage_W_LinkedIn Blog,https://storage.googleapis.com/stockflow-social/Batch01/Montages/W/Microscopic_Underwater_Underwater-Montage_W.mp4,Microscopic,Nmediaservices.com,2026-12-07 8:00
"Tardigrade — Premium microscopic stock footage.
4K video & 8K images. Royalty-free.

Perfect for science documentaries, educational content, and research presentations.

Browse & download: https://stockflow.media/?cat=Microscopic&sub=Underwater&collection=Tardigrade

#stockfootage #royaltyfree #microscopy #science #biology #micro #microscope #sciencevideo #biologylab #microworld #cellbiology #underwater #tardigrade #stockvideo #4kvideo",Tardigrade_W_LinkedIn Blog,https://storage.googleapis.com/stockflow-social/Batch01/Montages/W/Microscopic_Underwater_Tardigrade_W.mp4,Microscopic,Nmediaservices.com,2026-12-08 8:00
"Single Celled Organisms — Premium microscopic stock footage.
4K video & 8K images. Royalty-free.

Perfect for science documentaries, educational content, and research presentations.

Browse & download: https://stockflow.media/?cat=Microscopic&sub=Underwater&collection=Single+Celled+Organisms

#stockfootage #royaltyfree #microscopy #science #biology #micro #microscope #sciencevideo #biologylab #microworld #cellbiology #underwater #singlecelledorganisms #stockvideo #4kvideo",Single Celled Organisms_W_LinkedIn Blog,https://storage.googleapis.com/stockflow-social/Batch01/Montages/W/Microscopic_Underwater_Single-Celled-Organisms_W.mp4,Microscopic,Nmediaservices.com,2026-12-09 8:00
"Seawater Droplet — Premium microscopic stock footage.
4K video & 8K images. Royalty-free.

Perfect for science documentaries, educational content, and research presentations.

Browse & download: https://stockflow.media/?cat=Microscopic&sub=Underwater&collection=Seawater+Droplet

#stockfootage #royaltyfree #microscopy #science #biology #micro #microscope #sciencevideo #biologylab #microworld #cellbiology #underwater #seawaterdroplet #stockvideo #4kvideo",Seawater Droplet_W_LinkedIn Blog,https://storage.googleapis.com/stockflow-social/Batch01/Montages/W/Microscopic_Underwater_Seawater-Droplet_W.mp4,Microscopic,Nmediaservices.com,2026-12-10 8:00
"Protozoa And Algae — Premium microscopic stock footage.
4K video & 8K images. Royalty-free.

Perfect for science documentaries, educational content, and research presentations.

Browse & download: https://stockflow.media/?cat=Microscopic&sub=Underwater&collection=Protozoa+And+Algae

#stockfootage #royaltyfree #microscopy #science #biology #micro #microscope #sciencevideo #biologylab #microworld #cellbiology #underwater #protozoaandalgae #stockvideo #4kvideo",Protozoa And Algae_W_LinkedIn Blog,https://storage.googleapis.com/stockflow-social/Batch01/Montages/W/Microscopic_Underwater_Protozoa-And-Algae_W.mp4,Microscopic,Nmediaservices.com,2026-12-11 8:00
"Marine Plankton — Premium microscopic stock footage.
4K video & 8K images. Royalty-free.

Perfect for science documentaries, educational content, and research presentations.

Browse & download: https://stockflow.media/?cat=Microscopic&sub=Underwater&collection=Marine+Plankton

#stockfootage #royaltyfree #microscopy #science #biology #micro #microscope #sciencevideo #biologylab #microworld #cellbiology #underwater #marineplankton #stockvideo #4kvideo",Marine Plankton_W_LinkedIn Blog,https://storage.googleapis.com/stockflow-social/Batch01/Montages/W/Microscopic_Underwater_Marine-Plankton_W.mp4,Microscopic,Nmediaservices.com,2026-12-12 8:00
"Juvenile Plankton — Premium microscopic stock footage.
4K video & 8K images. Royalty-free.

Perfect for science documentaries, educational content, and research presentations.

Browse & download: https://stockflow.media/?cat=Microscopic&sub=Underwater&collection=Juvenile+Plankton

#stockfootage #royaltyfree #microscopy #science #biology #micro #microscope #sciencevideo #biologylab #microworld #cellbiology #underwater #juvenileplankton #stockvideo #4kvideo",Juvenile Plankton_W_LinkedIn Blog,https://storage.googleapis.com/stockflow-social/Batch01/Montages/W/Microscopic_Underwater_Juvenile-Plankton_W.mp4,Microscopic,Nmediaservices.com,2026-12-13 8:00
"Euglena And Green Algae — Premium microscopic stock footage.
4K video & 8K images. Royalty-free.

Perfect for science documentaries, educational content, and research presentations.

Browse & download: https://stockflow.media/?cat=Microscopic&sub=Underwater&collection=Euglena+And+Green+Algae

#stockfootage #royaltyfree #microscopy #science #biology #micro #microscope #sciencevideo #biologylab #microworld #cellbiology #underwater #euglenaandgreenalgae #stockvideo #4kvideo",Euglena And Green Algae_W_LinkedIn Blog,https://storage.googleapis.com/stockflow-social/Batch01/Montages/W/Microscopic_Underwater_Euglena-And-Green-Algae_W.mp4,Microscopic,Nmediaservices.com,2026-12-14 8:00
"Coral Reef Plankton — Premium microscopic stock footage.
4K video & 8K images. Royalty-free.

Perfect for science documentaries, educational content, and research presentations.

Browse & download: https://stockflow.media/?cat=Microscopic&sub=Underwater&collection=Coral+Reef+Plankton

#stockfootage #royaltyfree #microscopy #science #biology #micro #microscope #sciencevideo #biologylab #microworld #cellbiology #underwater #coralreefplankton #stockvideo #4kvideo",Coral Reef Plankton_W_LinkedIn Blog,https://storage.googleapis.com/stockflow-social/Batch01/Montages/W/Microscopic_Underwater_Coral-Reef-Plankton_W.mp4,Microscopic,Nmediaservices.com,2026-12-15 8:00
"Bioluminescent — Premium microscopic stock footage.
4K video & 8K images. Royalty-free.

Perfect for science documentaries, educational content, and research presentations.

Browse & download: https://stockflow.media/?cat=Microscopic&sub=Underwater&collection=Bioluminescent

#stockfootage #royaltyfree #microscopy #science #biology #micro #microscope #sciencevideo #biologylab #microworld #cellbiology #underwater #bioluminescent #stockvideo #4kvideo",Bioluminescent_W_LinkedIn Blog,https://storage.googleapis.com/stockflow-social/Batch01/Montages/W/Microscopic_Underwater_Bioluminescent_W.mp4,Microscopic,Nmediaservices.com,2026-12-16 8:00
"Protozoa Montage — Premium microscopic stock footage.
4K video & 8K images. Royalty-free.

Perfect for science documentaries, educational content, and research presentations.

Browse & download: https://stockflow.media/?cat=Microscopic&sub=Protozoa&collection=Protozoa+Montage

#stockfootage #royaltyfree #microscopy #science #biology #micro #microscope #sciencevideo #biologylab #microworld #cellbiology #protozoa #protozoamontage #stockvideo #4kvideo",Protozoa Montage_W_LinkedIn Blog,https://storage.googleapis.com/stockflow-social/Batch01/Montages/W/Microscopic_Protozoa_Protozoa-Montage_W.mp4,Microscopic,Nmediaservices.com,2026-12-17 8:00
"Sunflower — Premium microscopic stock footage.
4K video & 8K images. Royalty-free.

Perfect for science documentaries, educational content, and research presentations.

Browse & download: https://stockflow.media/?cat=Microscopic&sub=Pollen&collection=Sunflower

#stockfootage #royaltyfree #microscopy #science #biology #micro #microscope #sciencevideo #biologylab #microworld #cellbiology #pollen #sunflower #stockvideo #4kvideo",Sunflower_W_LinkedIn Blog,https://storage.googleapis.com/stockflow-social/Batch01/Montages/W/Microscopic_Pollen_Sunflower_W.mp4,Microscopic,Nmediaservices.com,2026-12-18 8:00
"Spherical Grass Grain — Premium microscopic stock footage.
4K video & 8K images. Royalty-free.

Perfect for science documentaries, educational content, and research presentations.

Browse & download: https://stockflow.media/?cat=Microscopic&sub=Pollen&collection=Spherical+Grass+Grain

#stockfootage #royaltyfree #microscopy #science #biology #micro #microscope #sciencevideo #biologylab #microworld #cellbiology #pollen #sphericalgrassgrain #stockvideo #4kvideo",Spherical Grass Grain_W_LinkedIn Blog,https://storage.googleapis.com/stockflow-social/Batch01/Montages/W/Microscopic_Pollen_Spherical-Grass-Grain_W.mp4,Microscopic,Nmediaservices.com,2026-12-19 8:00
"Ragweed — Premium microscopic stock footage.
4K video & 8K images. Royalty-free.

Perfect for science documentaries, educational content, and research presentations.

Browse & download: https://stockflow.media/?cat=Microscopic&sub=Pollen&collection=Ragweed

#stockfootage #royaltyfree #microscopy #science #biology #micro #microscope #sciencevideo #biologylab #microworld #cellbiology #pollen #ragweed #stockvideo #4kvideo",Ragweed_W_LinkedIn Blog,https://storage.googleapis.com/stockflow-social/Batch01/Montages/W/Microscopic_Pollen_Ragweed_W.mp4,Microscopic,Nmediaservices.com,2026-12-20 8:00
"Ragweed Spiky Details — Premium microscopic stock footage.
4K video & 8K images. Royalty-free.

Perfect for science documentaries, educational content, and research presentations.

Browse & download: https://stockflow.media/?cat=Microscopic&sub=Pollen&collection=Ragweed+Spiky+Details

#stockfootage #royaltyfree #microscopy #science #biology #micro #microscope #sciencevideo #biologylab #microworld #cellbiology #pollen #ragweedspikydetails #stockvideo #4kvideo",Ragweed Spiky Details_W_LinkedIn Blog,https://storage.googleapis.com/stockflow-social/Batch01/Montages/W/Microscopic_Pollen_Ragweed-Spiky-Details_W.mp4,Microscopic,Nmediaservices.com,2026-12-21 8:00
"Pollen Montage — Premium microscopic stock footage.
4K video & 8K images. Royalty-free.

Perfect for science documentaries, educational content, and research presentations.

Browse & download: https://stockflow.media/?cat=Microscopic&sub=Pollen&collection=Pollen+Montage

#stockfootage #royaltyfree #microscopy #science #biology #micro #microscope #sciencevideo #biologylab #microworld #cellbiology #pollen #pollenmontage #stockvideo #4kvideo",Pollen Montage_W_LinkedIn Blog,https://storage.googleapis.com/stockflow-social/Batch01/Montages/W/Microscopic_Pollen_Pollen-Montage_W.mp4,Microscopic,Nmediaservices.com,2026-12-22 8:00
"Pollen — Premium microscopic stock footage.
4K video & 8K images. Royalty-free.

Perfect for science documentaries, educational content, and research presentations.

Browse & download: https://stockflow.media/?cat=Microscopic&sub=Pollen&collection=Pollen

#stockfootage #royaltyfree #microscopy #science #biology #micro #microscope #sciencevideo #biologylab #microworld #cellbiology #pollen #stockvideo #4kvideo #8kimages",Pollen_W_LinkedIn Blog,https://storage.googleapis.com/stockflow-social/Batch01/Montages/W/Microscopic_Pollen_Pollen_W.mp4,Microscopic,Nmediaservices.com,2026-12-23 8:00
"Pine Winged — Premium microscopic stock footage.
4K video & 8K images. Royalty-free.

Perfect for science documentaries, educational content, and research presentations.

Browse & download: https://stockflow.media/?cat=Microscopic&sub=Pollen&collection=Pine+Winged

#stockfootage #royaltyfree #microscopy #science #biology #micro #microscope #sciencevideo #biologylab #microworld #cellbiology #pollen #pinewinged #stockvideo #4kvideo",Pine Winged_W_LinkedIn Blog,https://storage.googleapis.com/stockflow-social/Batch01/Montages/W/Microscopic_Pollen_Pine-Winged_W.mp4,Microscopic,Nmediaservices.com,2026-12-24 8:00
"Pine Winged Form — Premium microscopic stock footage.
4K video & 8K images. Royalty-free.

Perfect for science documentaries, educational content, and research presentations.

Browse & download: https://stockflow.media/?cat=Microscopic&sub=Pollen&collection=Pine+Winged+Form

#stockfootage #royaltyfree #microscopy #science #biology #micro #microscope #sciencevideo #biologylab #microworld #cellbiology #pollen #pinewingedform #stockvideo #4kvideo",Pine Winged Form_W_LinkedIn Blog,https://storage.googleapis.com/stockflow-social/Batch01/Montages/W/Microscopic_Pollen_Pine-Winged-Form_W.mp4,Microscopic,Nmediaservices.com,2026-12-25 8:00
"Peanut Hex Surface — Premium microscopic stock footage.
4K video & 8K images. Royalty-free.

Perfect for science documentaries, educational content, and research presentations.

Browse & download: https://stockflow.media/?cat=Microscopic&sub=Pollen&collection=Peanut+Hex+Surface

#stockfootage #royaltyfree #microscopy #science #biology #micro #microscope #sciencevideo #biologylab #microworld #cellbiology #pollen #peanuthexsurface #stockvideo #4kvideo",Peanut Hex Surface_W_LinkedIn Blog,https://storage.googleapis.com/stockflow-social/Batch01/Montages/W/Microscopic_Pollen_Peanut-Hex-Surface_W.mp4,Microscopic,Nmediaservices.com,2026-12-26 8:00
"Orchid Pollinium — Premium microscopic stock footage.
4K video & 8K images. Royalty-free.

Perfect for science documentaries, educational content, and research presentations.

Browse & download: https://stockflow.media/?cat=Microscopic&sub=Pollen&collection=Orchid+Pollinium

#stockfootage #royaltyfree #microscopy #science #biology #micro #microscope #sciencevideo #biologylab #microworld #cellbiology #pollen #orchidpollinium #stockvideo #4kvideo",Orchid Pollinium_W_LinkedIn Blog,https://storage.googleapis.com/stockflow-social/Batch01/Montages/W/Microscopic_Pollen_Orchid-Pollinium_W.mp4,Microscopic,Nmediaservices.com,2026-12-27 8:00
"Orchid Pollinium Smooth Shine — Premium microscopic stock footage.
4K video & 8K images. Royalty-free.

Perfect for science documentaries, educational content, and research presentations.

Browse & download: https://stockflow.media/?cat=Microscopic&sub=Pollen&collection=Orchid+Pollinium+Smooth+Shine

#stockfootage #royaltyfree #microscopy #science #biology #micro #microscope #sciencevideo #biologylab #microworld #cellbiology #pollen #orchidpolliniumsmoothshine #stockvideo #4kvideo",Orchid Pollinium Smooth Shine_W_LinkedIn Blog,https://storage.googleapis.com/stockflow-social/Batch01/Montages/W/Microscopic_Pollen_Orchid-Pollinium-Smooth-Shine_W.mp4,Microscopic,Nmediaservices.com,2026-12-28 8:00
"Lotus Starburst — Premium microscopic stock footage.
4K video & 8K images. Royalty-free.

Perfect for science documentaries, educational content, and research presentations.

Browse & download: https://stockflow.media/?cat=Microscopic&sub=Pollen&collection=Lotus+Starburst

#stockfootage #royaltyfree #microscopy #science #biology #micro #microscope #sciencevideo #biologylab #microworld #cellbiology #pollen #lotusstarburst #stockvideo #4kvideo",Lotus Starburst_W_LinkedIn Blog,https://storage.googleapis.com/stockflow-social/Batch01/Montages/W/Microscopic_Pollen_Lotus-Starburst_W.mp4,Microscopic,Nmediaservices.com,2026-12-29 8:00
"Lavender — Premium microscopic stock footage.
4K video & 8K images. Royalty-free.

Perfect for science documentaries, educational content, and research presentations.

Browse & download: https://stockflow.media/?cat=Microscopic&sub=Pollen&collection=Lavender

#stockfootage #royaltyfree #microscopy #science #biology #micro #microscope #sciencevideo #biologylab #microworld #cellbiology #pollen #lavender #stockvideo #4kvideo",Lavender_W_LinkedIn Blog,https://storage.googleapis.com/stockflow-social/Batch01/Montages/W/Microscopic_Pollen_Lavender_W.mp4,Microscopic,Nmediaservices.com,2026-12-30 8:00
"Lotus Fluorescent Starbur St — Premium microscopic stock footage.
4K video & 8K images. Royalty-free.

Perfect for science documentaries, educational content, and research presentations.

Browse & download: https://stockflow.media/?cat=Microscopic&sub=Pollen&collection=Lotus+Fluorescent+Starbur+St

#stockfootage #royaltyfree #microscopy #science #biology #micro #microscope #sciencevideo #biologylab #microworld #cellbiology #pollen #lotusfluorescentstarburst #stockvideo #4kvideo",Lotus Fluorescent Starbur St_W_LinkedIn Blog,https://storage.googleapis.com/stockflow-social/Batch01/Montages/W/Microscopic_Pollen_Lotus-Fluorescent-Starbur-St_W.mp4,Microscopic,Nmediaservices.com,2026-12-31 8:00
"Grass Mesh Structure — Premium microscopic stock footage.
4K video & 8K images. Royalty-free.

Perfect for science documentaries, educational content, and research presentations.

Browse & download: https://stockflow.media/?cat=Microscopic&sub=Pollen&collection=Grass+Mesh+Structure

#stockfootage #royaltyfree #microscopy #science #biology #micro #microscope #sciencevideo #biologylab #microworld #cellbiology #pollen #grassmeshstructure #stockvideo #4kvideo",Grass Mesh Structure_W_LinkedIn Blog,https://storage.googleapis.com/stockflow-social/Batch01/Montages/W/Microscopic_Pollen_Grass-Mesh-Structure_W.mp4,Microscopic,Nmediaservices.com,2027-01-01 8:00
"Lavender Dreamy Coating — Premium microscopic stock footage.
4K video & 8K images. Royalty-free.

Perfect for science documentaries, educational content, and research presentations.

Browse & download: https://stockflow.media/?cat=Microscopic&sub=Pollen&collection=Lavender+Dreamy+Coating

#stockfootage #royaltyfree #microscopy #science #biology #micro #microscope #sciencevideo #biologylab #microworld #cellbiology #pollen #lavenderdreamycoating #stockvideo #4kvideo",Lavender Dreamy Coating_W_LinkedIn Blog,https://storage.googleapis.com/stockflow-social/Batch01/Montages/W/Microscopic_Pollen_Lavender-Dreamy-Coating_W.mp4,Microscopic,Nmediaservices.com,2027-01-02 8:00
"Dandelion — Premium microscopic stock footage.
4K video & 8K images. Royalty-free.

Perfect for science documentaries, educational content, and research presentations.

Browse & download: https://stockflow.media/?cat=Microscopic&sub=Pollen&collection=Dandelion

#stockfootage #royaltyfree #microscopy #science #biology #micro #microscope #sciencevideo #biologylab #microworld #cellbiology #pollen #dandelion #stockvideo #4kvideo",Dandelion_W_LinkedIn Blog,https://storage.googleapis.com/stockflow-social/Batch01/Montages/W/Microscopic_Pollen_Dandelion_W.mp4,Microscopic,Nmediaservices.com,2027-01-03 8:00
"Worm — Premium microscopic stock footage.
4K video & 8K images. Royalty-free.

Perfect for science documentaries, educational content, and research presentations.

Browse & download: https://stockflow.media/?cat=Microscopic&sub=Parasite&collection=Worm

#stockfootage #royaltyfree #microscopy #science #biology #micro #microscope #sciencevideo #biologylab #microworld #cellbiology #parasite #worm #stockvideo #4kvideo",Worm_W_LinkedIn Blog,https://storage.googleapis.com/stockflow-social/Batch01/Montages/W/Microscopic_Parasite_Worm_W.mp4,Microscopic,Nmediaservices.com,2027-01-04 8:00
"Trypanosoma — Premium microscopic stock footage.
4K video & 8K images. Royalty-free.

Perfect for science documentaries, educational content, and research presentations.

Browse & download: https://stockflow.media/?cat=Microscopic&sub=Parasite&collection=Trypanosoma

#stockfootage #royaltyfree #microscopy #science #biology #micro #microscope #sciencevideo #biologylab #microworld #cellbiology #parasite #trypanosoma #stockvideo #4kvideo",Trypanosoma_W_LinkedIn Blog,https://storage.googleapis.com/stockflow-social/Batch01/Montages/W/Microscopic_Parasite_Trypanosoma_W.mp4,Microscopic,Nmediaservices.com,2027-01-05 8:00
"Toxoplasma Gondii — Premium microscopic stock footage.
4K video & 8K images. Royalty-free.

Perfect for science documentaries, educational content, and research presentations.

Browse & download: https://stockflow.media/?cat=Microscopic&sub=Parasite&collection=Toxoplasma+Gondii

#stockfootage #royaltyfree #microscopy #science #biology #micro #microscope #sciencevideo #biologylab #microworld #cellbiology #parasite #toxoplasmagondii #stockvideo #4kvideo",Toxoplasma Gondii_W_LinkedIn Blog,https://storage.googleapis.com/stockflow-social/Batch01/Montages/W/Microscopic_Parasite_Toxoplasma-Gondii_W.mp4,Microscopic,Nmediaservices.com,2027-01-06 8:00
"Plasmodium — Premium microscopic stock footage.
4K video & 8K images. Royalty-free.

Perfect for science documentaries, educational content, and research presentations.

Browse & download: https://stockflow.media/?cat=Microscopic&sub=Parasite&collection=Plasmodium

#stockfootage #royaltyfree #microscopy #science #biology #micro #microscope #sciencevideo #biologylab #microworld #cellbiology #parasite #plasmodium #stockvideo #4kvideo",Plasmodium_W_LinkedIn Blog,https://storage.googleapis.com/stockflow-social/Batch01/Montages/W/Microscopic_Parasite_Plasmodium_W.mp4,Microscopic,Nmediaservices.com,2027-01-07 8:00
"Parasite Montage — Premium microscopic stock footage.
4K video & 8K images. Royalty-free.

Perfect for science documentaries, educational content, and research presentations.

Browse & download: https://stockflow.media/?cat=Microscopic&sub=Parasite&collection=Parasite+Montage

#stockfootage #royaltyfree #microscopy #science #biology #micro #microscope #sciencevideo #biologylab #microworld #cellbiology #parasite #parasitemontage #stockvideo #4kvideo",Parasite Montage_W_LinkedIn Blog,https://storage.googleapis.com/stockflow-social/Batch01/Montages/W/Microscopic_Parasite_Parasite-Montage_W.mp4,Microscopic,Nmediaservices.com,2027-01-08 8:00
"Parasitetimeline — Premium microscopic stock footage.
4K video & 8K images. Royalty-free.

Perfect for science documentaries, educational content, and research presentations.

Browse & download: https://stockflow.media/?cat=Microscopic&sub=Parasite&collection=Parasitetimeline

#stockfootage #royaltyfree #microscopy #science #biology #micro #microscope #sciencevideo #biologylab #microworld #cellbiology #parasite #parasitetimeline #stockvideo #4kvideo",Parasitetimeline_W_LinkedIn Blog,https://storage.googleapis.com/stockflow-social/Batch01/Montages/W/Microscopic_Parasite_Parasitetimeline_W.mp4,Microscopic,Nmediaservices.com,2027-01-09 8:00
"Parasite — Premium microscopic stock footage.
4K video & 8K images. Royalty-free.

Perfect for science documentaries, educational content, and research presentations.

Browse & download: https://stockflow.media/?cat=Microscopic&sub=Parasite&collection=Parasite

#stockfootage #royaltyfree #microscopy #science #biology #micro #microscope #sciencevideo #biologylab #microworld #cellbiology #parasite #stockvideo #4kvideo #8kimages",Parasite_W_LinkedIn Blog,https://storage.googleapis.com/stockflow-social/Batch01/Montages/W/Microscopic_Parasite_Parasite_W.mp4,Microscopic,Nmediaservices.com,2027-01-10 8:00
"Leishmania — Premium microscopic stock footage.
4K video & 8K images. Royalty-free.

Perfect for science documentaries, educational content, and research presentations.

Browse & download: https://stockflow.media/?cat=Microscopic&sub=Parasite&collection=Leishmania

#stockfootage #royaltyfree #microscopy #science #biology #micro #microscope #sciencevideo #biologylab #microworld #cellbiology #parasite #leishmania #stockvideo #4kvideo",Leishmania_W_LinkedIn Blog,https://storage.googleapis.com/stockflow-social/Batch01/Montages/W/Microscopic_Parasite_Leishmania_W.mp4,Microscopic,Nmediaservices.com,2027-01-11 8:00
"Giardia Lamblia — Premium microscopic stock footage.
4K video & 8K images. Royalty-free.

Perfect for science documentaries, educational content, and research presentations.

Browse & download: https://stockflow.media/?cat=Microscopic&sub=Parasite&collection=Giardia+Lamblia

#stockfootage #royaltyfree #microscopy #science #biology #micro #microscope #sciencevideo #biologylab #microworld #cellbiology #parasite #giardialamblia #stockvideo #4kvideo",Giardia Lamblia_W_LinkedIn Blog,https://storage.googleapis.com/stockflow-social/Batch01/Montages/W/Microscopic_Parasite_Giardia-Lamblia_W.mp4,Microscopic,Nmediaservices.com,2027-01-12 8:00
"Flatworm Larvae — Premium microscopic stock footage.
4K video & 8K images. Royalty-free.

Perfect for science documentaries, educational content, and research presentations.

Browse & download: https://stockflow.media/?cat=Microscopic&sub=Parasite&collection=Flatworm+Larvae

#stockfootage #royaltyfree #microscopy #science #biology #micro #microscope #sciencevideo #biologylab #microworld #cellbiology #parasite #flatwormlarvae #stockvideo #4kvideo",Flatworm Larvae_W_LinkedIn Blog,https://storage.googleapis.com/stockflow-social/Batch01/Montages/W/Microscopic_Parasite_Flatworm-Larvae_W.mp4,Microscopic,Nmediaservices.com,2027-01-13 8:00
"Cryptosporidium — Premium microscopic stock footage.
4K video & 8K images. Royalty-free.

Perfect for science documentaries, educational content, and research presentations.

Browse & download: https://stockflow.media/?cat=Microscopic&sub=Parasite&collection=Cryptosporidium

#stockfootage #royaltyfree #microscopy #science #biology #micro #microscope #sciencevideo #biologylab #microworld #cellbiology #parasite #cryptosporidium #stockvideo #4kvideo",Cryptosporidium_W_LinkedIn Blog,https://storage.googleapis.com/stockflow-social/Batch01/Montages/W/Microscopic_Parasite_Cryptosporidium_W.mp4,Microscopic,Nmediaservices.com,2027-01-14 8:00
"Close Up — Premium microscopic stock footage.
4K video & 8K images. Royalty-free.

Perfect for science documentaries, educational content, and research presentations.

Browse & download: https://stockflow.media/?cat=Microscopic&sub=Parasite&collection=Close+Up

#stockfootage #royaltyfree #microscopy #science #biology #micro #microscope #sciencevideo #biologylab #microworld #cellbiology #parasite #closeup #stockvideo #4kvideo",Close Up_W_LinkedIn Blog,https://storage.googleapis.com/stockflow-social/Batch01/Montages/W/Microscopic_Parasite_Close-Up_W.mp4,Microscopic,Nmediaservices.com,2027-01-15 8:00
"Organism Montage — Premium microscopic stock footage.
4K video & 8K images. Royalty-free.

Perfect for science documentaries, educational content, and research presentations.

Browse & download: https://stockflow.media/?cat=Microscopic&sub=Organism&collection=Organism+Montage

#stockfootage #royaltyfree #microscopy #science #biology #micro #microscope #sciencevideo #biologylab #microworld #cellbiology #organism #organismmontage #stockvideo #4kvideo",Organism Montage_W_LinkedIn Blog,https://storage.googleapis.com/stockflow-social/Batch01/Montages/W/Microscopic_Organism_Organism-Montage_W.mp4,Microscopic,Nmediaservices.com,2027-01-16 8:00
"Alien Like — Premium microscopic stock footage.
4K video & 8K images. Royalty-free.

Perfect for science documentaries, educational content, and research presentations.

Browse & download: https://stockflow.media/?cat=Microscopic&sub=Organism&collection=Alien+Like

#stockfootage #royaltyfree #microscopy #science #biology #micro #microscope #sciencevideo #biologylab #microworld #cellbiology #organism #alienlike #stockvideo #4kvideo",Alien Like_W_LinkedIn Blog,https://storage.googleapis.com/stockflow-social/Batch01/Montages/W/Microscopic_Organism_Alien-Like_W.mp4,Microscopic,Nmediaservices.com,2027-01-17 8:00
"Spherical Nucleus — Premium microscopic stock footage.
4K video & 8K images. Royalty-free.

Perfect for science documentaries, educational content, and research presentations.

Browse & download: https://stockflow.media/?cat=Microscopic&sub=Nucleus&collection=Spherical+Nucleus

#stockfootage #royaltyfree #microscopy #science #biology #micro #microscope #sciencevideo #biologylab #microworld #cellbiology #nucleus #sphericalnucleus #stockvideo #4kvideo",Spherical Nucleus_W_LinkedIn Blog,https://storage.googleapis.com/stockflow-social/Batch01/Montages/W/Microscopic_Nucleus_Spherical-Nucleus_W.mp4,Microscopic,Nmediaservices.com,2027-01-18 8:00
"Nucleus Montage — Premium microscopic stock footage.
4K video & 8K images. Royalty-free.

Perfect for science documentaries, educational content, and research presentations.

Browse & download: https://stockflow.media/?cat=Microscopic&sub=Nucleus&collection=Nucleus+Montage

#stockfootage #royaltyfree #microscopy #science #biology #micro #microscope #sciencevideo #biologylab #microworld #cellbiology #nucleus #nucleusmontage #stockvideo #4kvideo",Nucleus Montage_W_LinkedIn Blog,https://storage.googleapis.com/stockflow-social/Batch01/Montages/W/Microscopic_Nucleus_Nucleus-Montage_W.mp4,Microscopic,Nmediaservices.com,2027-01-19 8:00
"Micro — Premium microscopic stock footage.
4K video & 8K images. Royalty-free.

Perfect for science documentaries, educational content, and research presentations.

Browse & download: https://stockflow.media/?cat=Microscopic&sub=Nucleus&collection=Micro

#stockfootage #royaltyfree #microscopy #science #biology #micro #microscope #sciencevideo #biologylab #microworld #cellbiology #nucleus #stockvideo #4kvideo #8kimages",Micro_W_LinkedIn Blog,https://storage.googleapis.com/stockflow-social/Batch01/Montages/W/Microscopic_Nucleus_Micro_W.mp4,Microscopic,Nmediaservices.com,2027-01-20 8:00
"Spinalcord — Premium microscopic stock footage.
4K video & 8K images. Royalty-free.

Perfect for science documentaries, educational content, and research presentations.

Browse & download: https://stockflow.media/?cat=Microscopic&sub=Neuropathology&collection=Spinalcord

#stockfootage #royaltyfree #microscopy #science #biology #micro #microscope #sciencevideo #biologylab #microworld #cellbiology #neuropathology #spinalcord #stockvideo #4kvideo",Spinalcord_W_LinkedIn Blog,https://storage.googleapis.com/stockflow-social/Batch01/Montages/W/Microscopic_Neuropathology_Spinalcord_W.mp4,Microscopic,Nmediaservices.com,2027-01-21 8:00
"Spinal Cord — Premium microscopic stock footage.
4K video & 8K images. Royalty-free.

Perfect for science documentaries, educational content, and research presentations.

Browse & download: https://stockflow.media/?cat=Microscopic&sub=Neuropathology&collection=Spinal+Cord

#stockfootage #royaltyfree #microscopy #science #biology #micro #microscope #sciencevideo #biologylab #microworld #cellbiology #neuropathology #spinalcord #stockvideo #4kvideo",Spinal Cord_W_LinkedIn Blog,https://storage.googleapis.com/stockflow-social/Batch01/Montages/W/Microscopic_Neuropathology_Spinal-Cord_W.mp4,Microscopic,Nmediaservices.com,2027-01-22 8:00
"Parkinson — Premium microscopic stock footage.
4K video & 8K images. Royalty-free.

Perfect for science documentaries, educational content, and research presentations.

Browse & download: https://stockflow.media/?cat=Microscopic&sub=Neuropathology&collection=Parkinson

#stockfootage #royaltyfree #microscopy #science #biology #micro #microscope #sciencevideo #biologylab #microworld #cellbiology #neuropathology #parkinson #stockvideo #4kvideo",Parkinson_W_LinkedIn Blog,https://storage.googleapis.com/stockflow-social/Batch01/Montages/W/Microscopic_Neuropathology_Parkinson_W.mp4,Microscopic,Nmediaservices.com,2027-01-23 8:00
"Neuropathology Montage — Premium microscopic stock footage.
4K video & 8K images. Royalty-free.

Perfect for science documentaries, educational content, and research presentations.

Browse & download: https://stockflow.media/?cat=Microscopic&sub=Neuropathology&collection=Neuropathology+Montage

#stockfootage #royaltyfree #microscopy #science #biology #micro #microscope #sciencevideo #biologylab #microworld #cellbiology #neuropathology #neuropathologymontage #stockvideo #4kvideo",Neuropathology Montage_W_LinkedIn Blog,https://storage.googleapis.com/stockflow-social/Batch01/Montages/W/Microscopic_Neuropathology_Neuropathology-Montage_W.mp4,Microscopic,Nmediaservices.com,2027-01-24 8:00
"Neuroblastoma — Premium microscopic stock footage.
4K video & 8K images. Royalty-free.

Perfect for science documentaries, educational content, and research presentations.

Browse & download: https://stockflow.media/?cat=Microscopic&sub=Neuropathology&collection=Neuroblastoma

#stockfootage #royaltyfree #microscopy #science #biology #micro #microscope #sciencevideo #biologylab #microworld #cellbiology #neuropathology #neuroblastoma #stockvideo #4kvideo",Neuroblastoma_W_LinkedIn Blog,https://storage.googleapis.com/stockflow-social/Batch01/Montages/W/Microscopic_Neuropathology_Neuroblastoma_W.mp4,Microscopic,Nmediaservices.com,2027-01-25 8:00
"Multiplesclerosis — Premium microscopic stock footage.
4K video & 8K images. Royalty-free.

Perfect for science documentaries, educational content, and research presentations.

Browse & download: https://stockflow.media/?cat=Microscopic&sub=Neuropathology&collection=Multiplesclerosis

#stockfootage #royaltyfree #microscopy #science #biology #micro #microscope #sciencevideo #biologylab #microworld #cellbiology #neuropathology #multiplesclerosis #stockvideo #4kvideo",Multiplesclerosis_W_LinkedIn Blog,https://storage.googleapis.com/stockflow-social/Batch01/Montages/W/Microscopic_Neuropathology_Multiplesclerosis_W.mp4,Microscopic,Nmediaservices.com,2027-01-26 8:00
"Multiple Sclerosis — Premium microscopic stock footage.
4K video & 8K images. Royalty-free.

Perfect for science documentaries, educational content, and research presentations.

Browse & download: https://stockflow.media/?cat=Microscopic&sub=Neuropathology&collection=Multiple+Sclerosis

#stockfootage #royaltyfree #microscopy #science #biology #micro #microscope #sciencevideo #biologylab #microworld #cellbiology #neuropathology #multiplesclerosis #stockvideo #4kvideo",Multiple Sclerosis_W_LinkedIn Blog,https://storage.googleapis.com/stockflow-social/Batch01/Montages/W/Microscopic_Neuropathology_Multiple-Sclerosis_W.mp4,Microscopic,Nmediaservices.com,2027-01-27 8:00
"Alzheimer — Premium microscopic stock footage.
4K video & 8K images. Royalty-free.

Perfect for science documentaries, educational content, and research presentations.

Browse & download: https://stockflow.media/?cat=Microscopic&sub=Neuropathology&collection=Alzheimer

#stockfootage #royaltyfree #microscopy #science #biology #micro #microscope #sciencevideo #biologylab #microworld #cellbiology #neuropathology #alzheimer #stockvideo #4kvideo",Alzheimer_W_LinkedIn Blog,https://storage.googleapis.com/stockflow-social/Batch01/Montages/W/Microscopic_Neuropathology_Alzheimer_W.mp4,Microscopic,Nmediaservices.com,2027-01-28 8:00
"Micro Montage — Premium microscopic stock footage.
4K video & 8K images. Royalty-free.

Perfect for science documentaries, educational content, and research presentations.

Browse & download: https://stockflow.media/?cat=Microscopic&sub=Micro&collection=Micro+Montage

#stockfootage #royaltyfree #microscopy #science #biology #micro #microscope #sciencevideo #biologylab #microworld #cellbiology #micromontage #stockvideo #4kvideo #8kimages",Micro Montage_W_LinkedIn Blog,https://storage.googleapis.com/stockflow-social/Batch01/Montages/W/Microscopic_Micro_Micro-Montage_W.mp4,Microscopic,Nmediaservices.com,2027-01-29 8:00
"Tuberculosis — Premium microscopic stock footage.
4K video & 8K images. Royalty-free.

Perfect for science documentaries, educational content, and research presentations.

Browse & download: https://stockflow.media/?cat=Microscopic&sub=Infectious&collection=Tuberculosis

#stockfootage #royaltyfree #microscopy #science #biology #micro #microscope #sciencevideo #biologylab #microworld #cellbiology #infectious #tuberculosis #stockvideo #4kvideo",Tuberculosis_W_LinkedIn Blog,https://storage.googleapis.com/stockflow-social/Batch01/Montages/W/Microscopic_Infectious_Tuberculosis_W.mp4,Microscopic,Nmediaservices.com,2027-01-30 8:00
"Toxoplasma — Premium microscopic stock footage.
4K video & 8K images. Royalty-free.

Perfect for science documentaries, educational content, and research presentations.

Browse & download: https://stockflow.media/?cat=Microscopic&sub=Infectious&collection=Toxoplasma

#stockfootage #royaltyfree #microscopy #science #biology #micro #microscope #sciencevideo #biologylab #microworld #cellbiology #infectious #toxoplasma #stockvideo #4kvideo",Toxoplasma_W_LinkedIn Blog,https://storage.googleapis.com/stockflow-social/Batch01/Montages/W/Microscopic_Infectious_Toxoplasma_W.mp4,Microscopic,Nmediaservices.com,2027-01-31 8:00
"Schistosoma — Premium microscopic stock footage.
4K video & 8K images. Royalty-free.

Perfect for science documentaries, educational content, and research presentations.

Browse & download: https://stockflow.media/?cat=Microscopic&sub=Infectious&collection=Schistosoma

#stockfootage #royaltyfree #microscopy #science #biology #micro #microscope #sciencevideo #biologylab #microworld #cellbiology #infectious #schistosoma #stockvideo #4kvideo",Schistosoma_W_LinkedIn Blog,https://storage.googleapis.com/stockflow-social/Batch01/Montages/W/Microscopic_Infectious_Schistosoma_W.mp4,Microscopic,Nmediaservices.com,2027-02-01 8:00
"Infectious Montage — Premium microscopic stock footage.
4K video & 8K images. Royalty-free.

Perfect for science documentaries, educational content, and research presentations.

Browse & download: https://stockflow.media/?cat=Microscopic&sub=Infectious&collection=Infectious+Montage

#stockfootage #royaltyfree #microscopy #science #biology #micro #microscope #sciencevideo #biologylab #microworld #cellbiology #infectious #infectiousmontage #stockvideo #4kvideo",Infectious Montage_W_LinkedIn Blog,https://storage.googleapis.com/stockflow-social/Batch01/Montages/W/Microscopic_Infectious_Infectious-Montage_W.mp4,Microscopic,Nmediaservices.com,2027-02-02 8:00
"Hepatitis — Premium microscopic stock footage.
4K video & 8K images. Royalty-free.

Perfect for science documentaries, educational content, and research presentations.

Browse & download: https://stockflow.media/?cat=Microscopic&sub=Infectious&collection=Hepatitis

#stockfootage #royaltyfree #microscopy #science #biology #micro #microscope #sciencevideo #biologylab #microworld #cellbiology #infectious #hepatitis #stockvideo #4kvideo",Hepatitis_W_LinkedIn Blog,https://storage.googleapis.com/stockflow-social/Batch01/Montages/W/Microscopic_Infectious_Hepatitis_W.mp4,Microscopic,Nmediaservices.com,2027-02-03 8:00
"Fungal — Premium microscopic stock footage.
4K video & 8K images. Royalty-free.

Perfect for science documentaries, educational content, and research presentations.

Browse & download: https://stockflow.media/?cat=Microscopic&sub=Infectious&collection=Fungal

#stockfootage #royaltyfree #microscopy #science #biology #micro #microscope #sciencevideo #biologylab #microworld #cellbiology #infectious #fungal #stockvideo #4kvideo",Fungal_W_LinkedIn Blog,https://storage.googleapis.com/stockflow-social/Batch01/Montages/W/Microscopic_Infectious_Fungal_W.mp4,Microscopic,Nmediaservices.com,2027-02-04 8:00
"Hyphae Montage — Premium microscopic stock footage.
4K video & 8K images. Royalty-free.

Perfect for science documentaries, educational content, and research presentations.

Browse & download: https://stockflow.media/?cat=Microscopic&sub=Hyphae&collection=Hyphae+Montage

#stockfootage #royaltyfree #microscopy #science #biology #micro #microscope #sciencevideo #biologylab #microworld #cellbiology #hyphae #hyphaemontage #stockvideo #4kvideo",Hyphae Montage_W_LinkedIn Blog,https://storage.googleapis.com/stockflow-social/Batch01/Montages/W/Microscopic_Hyphae_Hyphae-Montage_W.mp4,Microscopic,Nmediaservices.com,2027-02-05 8:00
"Hyphae — Premium microscopic stock footage.
4K video & 8K images. Royalty-free.

Perfect for science documentaries, educational content, and research presentations.

Browse & download: https://stockflow.media/?cat=Microscopic&sub=Hyphae&collection=Hyphae

#stockfootage #royaltyfree #microscopy #science #biology #micro #microscope #sciencevideo #biologylab #microworld #cellbiology #hyphae #stockvideo #4kvideo #8kimages",Hyphae_W_LinkedIn Blog,https://storage.googleapis.com/stockflow-social/Batch01/Montages/W/Microscopic_Hyphae_Hyphae_W.mp4,Microscopic,Nmediaservices.com,2027-02-06 8:00
"Psoriatic — Premium microscopic stock footage.
4K video & 8K images. Royalty-free.

Perfect for science documentaries, educational content, and research presentations.

Browse & download: https://stockflow.media/?cat=Microscopic&sub=Histopathology&collection=Psoriatic

#stockfootage #royaltyfree #microscopy #science #biology #micro #microscope #sciencevideo #biologylab #microworld #cellbiology #histopathology #psoriatic #stockvideo #4kvideo",Psoriatic_W_LinkedIn Blog,https://storage.googleapis.com/stockflow-social/Batch01/Montages/W/Microscopic_Histopathology_Psoriatic_W.mp4,Microscopic,Nmediaservices.com,2027-02-07 8:00
"Prostate — Premium microscopic stock footage.
4K video & 8K images. Royalty-free.

Perfect for science documentaries, educational content, and research presentations.

Browse & download: https://stockflow.media/?cat=Microscopic&sub=Histopathology&collection=Prostate

#stockfootage #royaltyfree #microscopy #science #biology #micro #microscope #sciencevideo #biologylab #microworld #cellbiology #histopathology #prostate #stockvideo #4kvideo",Prostate_W_LinkedIn Blog,https://storage.googleapis.com/stockflow-social/Batch01/Montages/W/Microscopic_Histopathology_Prostate_W.mp4,Microscopic,Nmediaservices.com,2027-02-08 8:00
"Lung Tissue — Premium microscopic stock footage.
4K video & 8K images. Royalty-free.

Perfect for science documentaries, educational content, and research presentations.

Browse & download: https://stockflow.media/?cat=Microscopic&sub=Histopathology&collection=Lung+Tissue

#stockfootage #royaltyfree #microscopy #science #biology #micro #microscope #sciencevideo #biologylab #microworld #cellbiology #histopathology #lungtissue #stockvideo #4kvideo",Lung Tissue_W_LinkedIn Blog,https://storage.googleapis.com/stockflow-social/Batch01/Montages/W/Microscopic_Histopathology_Lung-Tissue_W.mp4,Microscopic,Nmediaservices.com,2027-02-09 8:00
"Liver Cirrhosis — Premium microscopic stock footage.
4K video & 8K images. Royalty-free.

Perfect for science documentaries, educational content, and research presentations.

Browse & download: https://stockflow.media/?cat=Microscopic&sub=Histopathology&collection=Liver+Cirrhosis

#stockfootage #royaltyfree #microscopy #science #biology #micro #microscope #sciencevideo #biologylab #microworld #cellbiology #histopathology #livercirrhosis #stockvideo #4kvideo",Liver Cirrhosis_W_LinkedIn Blog,https://storage.googleapis.com/stockflow-social/Batch01/Montages/W/Microscopic_Histopathology_Liver-Cirrhosis_W.mp4,Microscopic,Nmediaservices.com,2027-02-10 8:00
"Kidney — Premium microscopic stock footage.
4K video & 8K images. Royalty-free.

Perfect for science documentaries, educational content, and research presentations.

Browse & download: https://stockflow.media/?cat=Microscopic&sub=Histopathology&collection=Kidney

#stockfootage #royaltyfree #microscopy #science #biology #micro #microscope #sciencevideo #biologylab #microworld #cellbiology #histopathology #kidney #stockvideo #4kvideo",Kidney_W_LinkedIn Blog,https://storage.googleapis.com/stockflow-social/Batch01/Montages/W/Microscopic_Histopathology_Kidney_W.mp4,Microscopic,Nmediaservices.com,2027-02-11 8:00
"Histopathology Montage — Premium microscopic stock footage.
4K video & 8K images. Royalty-free.

Perfect for science documentaries, educational content, and research presentations.

Browse & download: https://stockflow.media/?cat=Microscopic&sub=Histopathology&collection=Histopathology+Montage

#stockfootage #royaltyfree #microscopy #science #biology #micro #microscope #sciencevideo #biologylab #microworld #cellbiology #histopathology #histopathologymontage #stockvideo #4kvideo",Histopathology Montage_W_LinkedIn Blog,https://storage.googleapis.com/stockflow-social/Batch01/Montages/W/Microscopic_Histopathology_Histopathology-Montage_W.mp4,Microscopic,Nmediaservices.com,2027-02-12 8:00
"Glioblastoma — Premium microscopic stock footage.
4K video & 8K images. Royalty-free.

Perfect for science documentaries, educational content, and research presentations.

Browse & download: https://stockflow.media/?cat=Microscopic&sub=Histopathology&collection=Glioblastoma

#stockfootage #royaltyfree #microscopy #science #biology #micro #microscope #sciencevideo #biologylab #microworld #cellbiology #histopathology #glioblastoma #stockvideo #4kvideo",Glioblastoma_W_LinkedIn Blog,https://storage.googleapis.com/stockflow-social/Batch01/Montages/W/Microscopic_Histopathology_Glioblastoma_W.mp4,Microscopic,Nmediaservices.com,2027-02-13 8:00
"Colon Polyp — Premium microscopic stock footage.
4K video & 8K images. Royalty-free.

Perfect for science documentaries, educational content, and research presentations.

Browse & download: https://stockflow.media/?cat=Microscopic&sub=Histopathology&collection=Colon+Polyp

#stockfootage #royaltyfree #microscopy #science #biology #micro #microscope #sciencevideo #biologylab #microworld #cellbiology #histopathology #colonpolyp #stockvideo #4kvideo",Colon Polyp_W_LinkedIn Blog,https://storage.googleapis.com/stockflow-social/Batch01/Montages/W/Microscopic_Histopathology_Colon-Polyp_W.mp4,Microscopic,Nmediaservices.com,2027-02-14 8:00
"Cervical Cells — Premium microscopic stock footage.
4K video & 8K images. Royalty-free.

Perfect for science documentaries, educational content, and research presentations.

Browse & download: https://stockflow.media/?cat=Microscopic&sub=Histopathology&collection=Cervical+Cells

#stockfootage #royaltyfree #microscopy #science #biology #micro #microscope #sciencevideo #biologylab #microworld #cellbiology #histopathology #cervicalcells #stockvideo #4kvideo",Cervical Cells_W_LinkedIn Blog,https://storage.googleapis.com/stockflow-social/Batch01/Montages/W/Microscopic_Histopathology_Cervical-Cells_W.mp4,Microscopic,Nmediaservices.com,2027-02-15 8:00
"Breast Cancer — Premium microscopic stock footage.
4K video & 8K images. Royalty-free.

Perfect for science documentaries, educational content, and research presentations.

Browse & download: https://stockflow.media/?cat=Microscopic&sub=Histopathology&collection=Breast+Cancer

#stockfootage #royaltyfree #microscopy #science #biology #micro #microscope #sciencevideo #biologylab #microworld #cellbiology #histopathology #breastcancer #stockvideo #4kvideo",Breast Cancer_W_LinkedIn Blog,https://storage.googleapis.com/stockflow-social/Batch01/Montages/W/Microscopic_Histopathology_Breast-Cancer_W.mp4,Microscopic,Nmediaservices.com,2027-02-16 8:00
"Sickle Cell — Premium microscopic stock footage.
4K video & 8K images. Royalty-free.

Perfect for science documentaries, educational content, and research presentations.

Browse & download: https://stockflow.media/?cat=Microscopic&sub=Hematology&collection=Sickle+Cell

#stockfootage #royaltyfree #microscopy #science #biology #micro #microscope #sciencevideo #biologylab #microworld #cellbiology #hematology #sicklecell #stockvideo #4kvideo",Sickle Cell_W_LinkedIn Blog,https://storage.googleapis.com/stockflow-social/Batch01/Montages/W/Microscopic_Hematology_Sickle-Cell_W.mp4,Microscopic,Nmediaservices.com,2027-02-17 8:00
"Iron Deficieny — Premium microscopic stock footage.
4K video & 8K images. Royalty-free.

Perfect for science documentaries, educational content, and research presentations.

Browse & download: https://stockflow.media/?cat=Microscopic&sub=Hematology&collection=Iron+Deficieny

#stockfootage #royaltyfree #microscopy #science #biology #micro #microscope #sciencevideo #biologylab #microworld #cellbiology #hematology #irondeficieny #stockvideo #4kvideo",Iron Deficieny_W_LinkedIn Blog,https://storage.googleapis.com/stockflow-social/Batch01/Montages/W/Microscopic_Hematology_Iron-Deficieny_W.mp4,Microscopic,Nmediaservices.com,2027-02-18 8:00
"Hematology Montage — Premium microscopic stock footage.
4K video & 8K images. Royalty-free.

Perfect for science documentaries, educational content, and research presentations.

Browse & download: https://stockflow.media/?cat=Microscopic&sub=Hematology&collection=Hematology+Montage

#stockfootage #royaltyfree #microscopy #science #biology #micro #microscope #sciencevideo #biologylab #microworld #cellbiology #hematology #hematologymontage #stockvideo #4kvideo",Hematology Montage_W_LinkedIn Blog,https://storage.googleapis.com/stockflow-social/Batch01/Montages/W/Microscopic_Hematology_Hematology-Montage_W.mp4,Microscopic,Nmediaservices.com,2027-02-19 8:00
"Hematology — Premium microscopic stock footage.
4K video & 8K images. Royalty-free.

Perfect for science documentaries, educational content, and research presentations.

Browse & download: https://stockflow.media/?cat=Microscopic&sub=Hematology&collection=Hematology

#stockfootage #royaltyfree #microscopy #science #biology #micro #microscope #sciencevideo #biologylab #microworld #cellbiology #hematology #stockvideo #4kvideo #8kimages",Hematology_W_LinkedIn Blog,https://storage.googleapis.com/stockflow-social/Batch01/Montages/W/Microscopic_Hematology_Hematology_W.mp4,Microscopic,Nmediaservices.com,2027-02-20 8:00
"Zygomycete — Premium microscopic stock footage.
4K video & 8K images. Royalty-free.

Perfect for science documentaries, educational content, and research presentations.

Browse & download: https://stockflow.media/?cat=Microscopic&sub=Fungi&collection=Zygomycete

#stockfootage #royaltyfree #microscopy #science #biology #micro #microscope #sciencevideo #biologylab #microworld #cellbiology #fungi #zygomycete #stockvideo #4kvideo",Zygomycete_W_LinkedIn Blog,https://storage.googleapis.com/stockflow-social/Batch01/Montages/W/Microscopic_Fungi_Zygomycete_W.mp4,Microscopic,Nmediaservices.com,2027-02-21 8:00
"Yeast Cells — Premium microscopic stock footage.
4K video & 8K images. Royalty-free.

Perfect for science documentaries, educational content, and research presentations.

Browse & download: https://stockflow.media/?cat=Microscopic&sub=Fungi&collection=Yeast+Cells

#stockfootage #royaltyfree #microscopy #science #biology #micro #microscope #sciencevideo #biologylab #microworld #cellbiology #fungi #yeastcells #stockvideo #4kvideo",Yeast Cells_W_LinkedIn Blog,https://storage.googleapis.com/stockflow-social/Batch01/Montages/W/Microscopic_Fungi_Yeast-Cells_W.mp4,Microscopic,Nmediaservices.com,2027-02-22 8:00
"Sporangia — Premium microscopic stock footage.
4K video & 8K images. Royalty-free.

Perfect for science documentaries, educational content, and research presentations.

Browse & download: https://stockflow.media/?cat=Microscopic&sub=Fungi&collection=Sporangia

#stockfootage #royaltyfree #microscopy #science #biology #micro #microscope #sciencevideo #biologylab #microworld #cellbiology #fungi #sporangia #stockvideo #4kvideo",Sporangia_W_LinkedIn Blog,https://storage.googleapis.com/stockflow-social/Batch01/Montages/W/Microscopic_Fungi_Sporangia_W.mp4,Microscopic,Nmediaservices.com,2027-02-23 8:00
"Pathogenic — Premium microscopic stock footage.
4K video & 8K images. Royalty-free.

Perfect for science documentaries, educational content, and research presentations.

Browse & download: https://stockflow.media/?cat=Microscopic&sub=Fungi&collection=Pathogenic

#stockfootage #royaltyfree #microscopy #science #biology #micro #microscope #sciencevideo #biologylab #microworld #cellbiology #fungi #pathogenic #stockvideo #4kvideo",Pathogenic_W_LinkedIn Blog,https://storage.googleapis.com/stockflow-social/Batch01/Montages/W/Microscopic_Fungi_Pathogenic_W.mp4,Microscopic,Nmediaservices.com,2027-02-24 8:00
"Mycelium — Premium microscopic stock footage.
4K video & 8K images. Royalty-free.

Perfect for science documentaries, educational content, and research presentations.

Browse & download: https://stockflow.media/?cat=Microscopic&sub=Fungi&collection=Mycelium

#stockfootage #royaltyfree #microscopy #science #biology #micro #microscope #sciencevideo #biologylab #microworld #cellbiology #fungi #mycelium #stockvideo #4kvideo",Mycelium_W_LinkedIn Blog,https://storage.googleapis.com/stockflow-social/Batch01/Montages/W/Microscopic_Fungi_Mycelium_W.mp4,Microscopic,Nmediaservices.com,2027-02-25 8:00
"Lichen — Premium microscopic stock footage.
4K video & 8K images. Royalty-free.

Perfect for science documentaries, educational content, and research presentations.

Browse & download: https://stockflow.media/?cat=Microscopic&sub=Fungi&collection=Lichen

#stockfootage #royaltyfree #microscopy #science #biology #micro #microscope #sciencevideo #biologylab #microworld #cellbiology #fungi #lichen #stockvideo #4kvideo",Lichen_W_LinkedIn Blog,https://storage.googleapis.com/stockflow-social/Batch01/Montages/W/Microscopic_Fungi_Lichen_W.mp4,Microscopic,Nmediaservices.com,2027-02-26 8:00
"Fungi Montage — Premium microscopic stock footage.
4K video & 8K images. Royalty-free.

Perfect for science documentaries, educational content, and research presentations.

Browse & download: https://stockflow.media/?cat=Microscopic&sub=Fungi&collection=Fungi+Montage

#stockfootage #royaltyfree #microscopy #science #biology #micro #microscope #sciencevideo #biologylab #microworld #cellbiology #fungi #fungimontage #stockvideo #4kvideo",Fungi Montage_W_LinkedIn Blog,https://storage.googleapis.com/stockflow-social/Batch01/Montages/W/Microscopic_Fungi_Fungi-Montage_W.mp4,Microscopic,Nmediaservices.com,2027-02-27 8:00
"Fungi — Premium microscopic stock footage.
4K video & 8K images. Royalty-free.

Perfect for science documentaries, educational content, and research presentations.

Browse & download: https://stockflow.media/?cat=Microscopic&sub=Fungi&collection=Fungi

#stockfootage #royaltyfree #microscopy #science #biology #micro #microscope #sciencevideo #biologylab #microworld #cellbiology #fungi #stockvideo #4kvideo #8kimages",Fungi_W_LinkedIn Blog,https://storage.googleapis.com/stockflow-social/Batch01/Montages/W/Microscopic_Fungi_Fungi_W.mp4,Microscopic,Nmediaservices.com,2027-02-28 8:00
"Decay — Premium microscopic stock footage.
4K video & 8K images. Royalty-free.

Perfect for science documentaries, educational content, and research presentations.

Browse & download: https://stockflow.media/?cat=Microscopic&sub=Fungi&collection=Decay

#stockfootage #royaltyfree #microscopy #science #biology #micro #microscope #sciencevideo #biologylab #microworld #cellbiology #fungi #decay #stockvideo #4kvideo",Decay_W_LinkedIn Blog,https://storage.googleapis.com/stockflow-social/Batch01/Montages/W/Microscopic_Fungi_Decay_W.mp4,Microscopic,Nmediaservices.com,2027-03-01 8:00
"Basidiospores — Premium microscopic stock footage.
4K video & 8K images. Royalty-free.

Perfect for science documentaries, educational content, and research presentations.

Browse & download: https://stockflow.media/?cat=Microscopic&sub=Fungi&collection=Basidiospores

#stockfootage #royaltyfree #microscopy #science #biology #micro #microscope #sciencevideo #biologylab #microworld #cellbiology #fungi #basidiospores #stockvideo #4kvideo",Basidiospores_W_LinkedIn Blog,https://storage.googleapis.com/stockflow-social/Batch01/Montages/W/Microscopic_Fungi_Basidiospores_W.mp4,Microscopic,Nmediaservices.com,2027-03-02 8:00
"Algal Cells — Premium microscopic stock footage.
4K video & 8K images. Royalty-free.

Perfect for science documentaries, educational content, and research presentations.

Browse & download: https://stockflow.media/?cat=Microscopic&sub=Fungi&collection=Algal+Cells

#stockfootage #royaltyfree #microscopy #science #biology #micro #microscope #sciencevideo #biologylab #microworld #cellbiology #fungi #algalcells #stockvideo #4kvideo",Algal Cells_W_LinkedIn Blog,https://storage.googleapis.com/stockflow-social/Batch01/Montages/W/Microscopic_Fungi_Algal-Cells_W.mp4,Microscopic,Nmediaservices.com,2027-03-03 8:00
"Yeast And Mold — Premium microscopic stock footage.
4K video & 8K images. Royalty-free.

Perfect for science documentaries, educational content, and research presentations.

Browse & download: https://stockflow.media/?cat=Microscopic&sub=Food+Fungi&collection=Yeast+And+Mold

#stockfootage #royaltyfree #microscopy #science #biology #micro #microscope #sciencevideo #biologylab #microworld #cellbiology #foodfungi #yeastandmold #stockvideo #4kvideo",Yeast And Mold_W_LinkedIn Blog,https://storage.googleapis.com/stockflow-social/Batch01/Montages/W/Microscopic_Food-Fungi_Yeast-And-Mold_W.mp4,Microscopic,Nmediaservices.com,2027-03-04 8:00
"Rhizopus — Premium microscopic stock footage.
4K video & 8K images. Royalty-free.

Perfect for science documentaries, educational content, and research presentations.

Browse & download: https://stockflow.media/?cat=Microscopic&sub=Food+Fungi&collection=Rhizopus

#stockfootage #royaltyfree #microscopy #science #biology #micro #microscope #sciencevideo #biologylab #microworld #cellbiology #foodfungi #rhizopus #stockvideo #4kvideo",Rhizopus_W_LinkedIn Blog,https://storage.googleapis.com/stockflow-social/Batch01/Montages/W/Microscopic_Food-Fungi_Rhizopus_W.mp4,Microscopic,Nmediaservices.com,2027-03-05 8:00
"Rhizopus Sporangia — Premium microscopic stock footage.
4K video & 8K images. Royalty-free.

Perfect for science documentaries, educational content, and research presentations.

Browse & download: https://stockflow.media/?cat=Microscopic&sub=Food+Fungi&collection=Rhizopus+Sporangia

#stockfootage #royaltyfree #microscopy #science #biology #micro #microscope #sciencevideo #biologylab #microworld #cellbiology #foodfungi #rhizopussporangia #stockvideo #4kvideo",Rhizopus Sporangia_W_LinkedIn Blog,https://storage.googleapis.com/stockflow-social/Batch01/Montages/W/Microscopic_Food-Fungi_Rhizopus-Sporangia_W.mp4,Microscopic,Nmediaservices.com,2027-03-06 8:00
"Penicillium — Premium microscopic stock footage.
4K video & 8K images. Royalty-free.

Perfect for science documentaries, educational content, and research presentations.

Browse & download: https://stockflow.media/?cat=Microscopic&sub=Food+Fungi&collection=Penicillium

#stockfootage #royaltyfree #microscopy #science #biology #micro #microscope #sciencevideo #biologylab #microworld #cellbiology #foodfungi #penicillium #stockvideo #4kvideo",Penicillium_W_LinkedIn Blog,https://storage.googleapis.com/stockflow-social/Batch01/Montages/W/Microscopic_Food-Fungi_Penicillium_W.mp4,Microscopic,Nmediaservices.com,2027-03-07 8:00
"Penicillium Mold — Premium microscopic stock footage.
4K video & 8K images. Royalty-free.

Perfect for science documentaries, educational content, and research presentations.

Browse & download: https://stockflow.media/?cat=Microscopic&sub=Food+Fungi&collection=Penicillium+Mold

#stockfootage #royaltyfree #microscopy #science #biology #micro #microscope #sciencevideo #biologylab #microworld #cellbiology #foodfungi #penicilliummold #stockvideo #4kvideo",Penicillium Mold_W_LinkedIn Blog,https://storage.googleapis.com/stockflow-social/Batch01/Montages/W/Microscopic_Food-Fungi_Penicillium-Mold_W.mp4,Microscopic,Nmediaservices.com,2027-03-08 8:00
"Mold Growth — Premium microscopic stock footage.
4K video & 8K images. Royalty-free.

Perfect for science documentaries, educational content, and research presentations.

Browse & download: https://stockflow.media/?cat=Microscopic&sub=Food+Fungi&collection=Mold+Growth

#stockfootage #royaltyfree #microscopy #science #biology #micro #microscope #sciencevideo #biologylab #microworld #cellbiology #foodfungi #moldgrowth #stockvideo #4kvideo",Mold Growth_W_LinkedIn Blog,https://storage.googleapis.com/stockflow-social/Batch01/Montages/W/Microscopic_Food-Fungi_Mold-Growth_W.mp4,Microscopic,Nmediaservices.com,2027-03-09 8:00
"Fungal Penetration — Premium microscopic stock footage.
4K video & 8K images. Royalty-free.

Perfect for science documentaries, educational content, and research presentations.

Browse & download: https://stockflow.media/?cat=Microscopic&sub=Food+Fungi&collection=Fungal+Penetration

#stockfootage #royaltyfree #microscopy #science #biology #micro #microscope #sciencevideo #biologylab #microworld #cellbiology #foodfungi #fungalpenetration #stockvideo #4kvideo",Fungal Penetration_W_LinkedIn Blog,https://storage.googleapis.com/stockflow-social/Batch01/Montages/W/Microscopic_Food-Fungi_Fungal-Penetration_W.mp4,Microscopic,Nmediaservices.com,2027-03-10 8:00
"Fungal Ecosystem — Premium microscopic stock footage.
4K video & 8K images. Royalty-free.

Perfect for science documentaries, educational content, and research presentations.

Browse & download: https://stockflow.media/?cat=Microscopic&sub=Food+Fungi&collection=Fungal+Ecosystem

#stockfootage #royaltyfree #microscopy #science #biology #micro #microscope #sciencevideo #biologylab #microworld #cellbiology #foodfungi #fungalecosystem #stockvideo #4kvideo",Fungal Ecosystem_W_LinkedIn Blog,https://storage.googleapis.com/stockflow-social/Batch01/Montages/W/Microscopic_Food-Fungi_Fungal-Ecosystem_W.mp4,Microscopic,Nmediaservices.com,2027-03-11 8:00
"Food Fungi Montage — Premium microscopic stock footage.
4K video & 8K images. Royalty-free.

Perfect for science documentaries, educational content, and research presentations.

Browse & download: https://stockflow.media/?cat=Microscopic&sub=Food+Fungi&collection=Food+Fungi+Montage

#stockfootage #royaltyfree #microscopy #science #biology #micro #microscope #sciencevideo #biologylab #microworld #cellbiology #foodfungi #foodfungimontage #stockvideo #4kvideo",Food Fungi Montage_W_LinkedIn Blog,https://storage.googleapis.com/stockflow-social/Batch01/Montages/W/Microscopic_Food-Fungi_Food-Fungi-Montage_W.mp4,Microscopic,Nmediaservices.com,2027-03-12 8:00
"Food Fungi — Premium microscopic stock footage.
4K video & 8K images. Royalty-free.

Perfect for science documentaries, educational content, and research presentations.

Browse & download: https://stockflow.media/?cat=Microscopic&sub=Food+Fungi&collection=Food+Fungi

#stockfootage #royaltyfree #microscopy #science #biology #micro #microscope #sciencevideo #biologylab #microworld #cellbiology #foodfungi #stockvideo #4kvideo #8kimages",Food Fungi_W_LinkedIn Blog,https://storage.googleapis.com/stockflow-social/Batch01/Montages/W/Microscopic_Food-Fungi_Food-Fungi_W.mp4,Microscopic,Nmediaservices.com,2027-03-13 8:00
"Extreme Close — Premium microscopic stock footage.
4K video & 8K images. Royalty-free.

Perfect for science documentaries, educational content, and research presentations.

Browse & download: https://stockflow.media/?cat=Microscopic&sub=Food+Fungi&collection=Extreme+Close

#stockfootage #royaltyfree #microscopy #science #biology #micro #microscope #sciencevideo #biologylab #microworld #cellbiology #foodfungi #extremeclose #stockvideo #4kvideo",Extreme Close_W_LinkedIn Blog,https://storage.googleapis.com/stockflow-social/Batch01/Montages/W/Microscopic_Food-Fungi_Extreme-Close_W.mp4,Microscopic,Nmediaservices.com,2027-03-14 8:00
"Cross Sectional — Premium microscopic stock footage.
4K video & 8K images. Royalty-free.

Perfect for science documentaries, educational content, and research presentations.

Browse & download: https://stockflow.media/?cat=Microscopic&sub=Food+Fungi&collection=Cross+Sectional

#stockfootage #royaltyfree #microscopy #science #biology #micro #microscope #sciencevideo #biologylab #microworld #cellbiology #foodfungi #crosssectional #stockvideo #4kvideo",Cross Sectional_W_LinkedIn Blog,https://storage.googleapis.com/stockflow-social/Batch01/Montages/W/Microscopic_Food-Fungi_Cross-Sectional_W.mp4,Microscopic,Nmediaservices.com,2027-03-15 8:00
"Colonizing — Premium microscopic stock footage.
4K video & 8K images. Royalty-free.

Perfect for science documentaries, educational content, and research presentations.

Browse & download: https://stockflow.media/?cat=Microscopic&sub=Food+Fungi&collection=Colonizing

#stockfootage #royaltyfree #microscopy #science #biology #micro #microscope #sciencevideo #biologylab #microworld #cellbiology #foodfungi #colonizing #stockvideo #4kvideo",Colonizing_W_LinkedIn Blog,https://storage.googleapis.com/stockflow-social/Batch01/Montages/W/Microscopic_Food-Fungi_Colonizing_W.mp4,Microscopic,Nmediaservices.com,2027-03-16 8:00
"Aspergillus — Premium microscopic stock footage.
4K video & 8K images. Royalty-free.

Perfect for science documentaries, educational content, and research presentations.

Browse & download: https://stockflow.media/?cat=Microscopic&sub=Food+Fungi&collection=Aspergillus

#stockfootage #royaltyfree #microscopy #science #biology #micro #microscope #sciencevideo #biologylab #microworld #cellbiology #foodfungi #aspergillus #stockvideo #4kvideo",Aspergillus_W_LinkedIn Blog,https://storage.googleapis.com/stockflow-social/Batch01/Montages/W/Microscopic_Food-Fungi_Aspergillus_W.mp4,Microscopic,Nmediaservices.com,2027-03-17 8:00
"Aspergillus Fungi — Premium microscopic stock footage.
4K video & 8K images. Royalty-free.

Perfect for science documentaries, educational content, and research presentations.

Browse & download: https://stockflow.media/?cat=Microscopic&sub=Food+Fungi&collection=Aspergillus+Fungi

#stockfootage #royaltyfree #microscopy #science #biology #micro #microscope #sciencevideo #biologylab #microworld #cellbiology #foodfungi #aspergillusfungi #stockvideo #4kvideo",Aspergillus Fungi_W_LinkedIn Blog,https://storage.googleapis.com/stockflow-social/Batch01/Montages/W/Microscopic_Food-Fungi_Aspergillus-Fungi_W.mp4,Microscopic,Nmediaservices.com,2027-03-18 8:00
"Helix — Premium microscopic stock footage.
4K video & 8K images. Royalty-free.

Perfect for science documentaries, educational content, and research presentations.

Browse & download: https://stockflow.media/?cat=Microscopic&sub=Dna&collection=Helix

#stockfootage #royaltyfree #microscopy #science #biology #micro #microscope #sciencevideo #biologylab #microworld #cellbiology #dna #helix #stockvideo #4kvideo",Helix_W_LinkedIn Blog,https://storage.googleapis.com/stockflow-social/Batch01/Montages/W/Microscopic_Dna_Helix_W.mp4,Microscopic,Nmediaservices.com,2027-03-19 8:00
"Dna Montage — Premium microscopic stock footage.
4K video & 8K images. Royalty-free.

Perfect for science documentaries, educational content, and research presentations.

Browse & download: https://stockflow.media/?cat=Microscopic&sub=Dna&collection=Dna+Montage

#stockfootage #royaltyfree #microscopy #science #biology #micro #microscope #sciencevideo #biologylab #microworld #cellbiology #dna #dnamontage #stockvideo #4kvideo",Dna Montage_W_LinkedIn Blog,https://storage.googleapis.com/stockflow-social/Batch01/Montages/W/Microscopic_Dna_Dna-Montage_W.mp4,Microscopic,Nmediaservices.com,2027-03-20 8:00
"Vitiligo — Premium microscopic stock footage.
4K video & 8K images. Royalty-free.

Perfect for science documentaries, educational content, and research presentations.

Browse & download: https://stockflow.media/?cat=Microscopic&sub=Dermatopathology&collection=Vitiligo

#stockfootage #royaltyfree #microscopy #science #biology #micro #microscope #sciencevideo #biologylab #microworld #cellbiology #dermatopathology #vitiligo #stockvideo #4kvideo",Vitiligo_W_LinkedIn Blog,https://storage.googleapis.com/stockflow-social/Batch01/Montages/W/Microscopic_Dermatopathology_Vitiligo_W.mp4,Microscopic,Nmediaservices.com,2027-03-21 8:00
"Squamous — Premium microscopic stock footage.
4K video & 8K images. Royalty-free.

Perfect for science documentaries, educational content, and research presentations.

Browse & download: https://stockflow.media/?cat=Microscopic&sub=Dermatopathology&collection=Squamous

#stockfootage #royaltyfree #microscopy #science #biology #micro #microscope #sciencevideo #biologylab #microworld #cellbiology #dermatopathology #squamous #stockvideo #4kvideo",Squamous_W_LinkedIn Blog,https://storage.googleapis.com/stockflow-social/Batch01/Montages/W/Microscopic_Dermatopathology_Squamous_W.mp4,Microscopic,Nmediaservices.com,2027-03-22 8:00
"Eczema — Premium microscopic stock footage.
4K video & 8K images. Royalty-free.

Perfect for science documentaries, educational content, and research presentations.

Browse & download: https://stockflow.media/?cat=Microscopic&sub=Dermatopathology&collection=Eczema

#stockfootage #royaltyfree #microscopy #science #biology #micro #microscope #sciencevideo #biologylab #microworld #cellbiology #dermatopathology #eczema #stockvideo #4kvideo",Eczema_W_LinkedIn Blog,https://storage.googleapis.com/stockflow-social/Batch01/Montages/W/Microscopic_Dermatopathology_Eczema_W.mp4,Microscopic,Nmediaservices.com,2027-03-23 8:00
"Dermatopathology Montage — Premium microscopic stock footage.
4K video & 8K images. Royalty-free.

Perfect for science documentaries, educational content, and research presentations.

Browse & download: https://stockflow.media/?cat=Microscopic&sub=Dermatopathology&collection=Dermatopathology+Montage

#stockfootage #royaltyfree #microscopy #science #biology #micro #microscope #sciencevideo #biologylab #microworld #cellbiology #dermatopathology #dermatopathologymontage #stockvideo #4kvideo",Dermatopathology Montage_W_LinkedIn Blog,https://storage.googleapis.com/stockflow-social/Batch01/Montages/W/Microscopic_Dermatopathology_Dermatopathology-Montage_W.mp4,Microscopic,Nmediaservices.com,2027-03-24 8:00
"Basal — Premium microscopic stock footage.
4K video & 8K images. Royalty-free.

Perfect for science documentaries, educational content, and research presentations.

Browse & download: https://stockflow.media/?cat=Microscopic&sub=Dermatopathology&collection=Basal

#stockfootage #royaltyfree #microscopy #science #biology #micro #microscope #sciencevideo #biologylab #microworld #cellbiology #dermatopathology #basal #stockvideo #4kvideo",Basal_W_LinkedIn Blog,https://storage.googleapis.com/stockflow-social/Batch01/Montages/W/Microscopic_Dermatopathology_Basal_W.mp4,Microscopic,Nmediaservices.com,2027-03-25 8:00
"Plant Cell — Premium microscopic stock footage.
4K video & 8K images. Royalty-free.

Perfect for science documentaries, educational content, and research presentations.

Browse & download: https://stockflow.media/?cat=Microscopic&sub=Cross+Section&collection=Plant+Cell

#stockfootage #royaltyfree #microscopy #science #biology #micro #microscope #sciencevideo #biologylab #microworld #cellbiology #crosssection #plantcell #stockvideo #4kvideo",Plant Cell_W_LinkedIn Blog,https://storage.googleapis.com/stockflow-social/Batch01/Montages/W/Microscopic_Cross-Section_Plant-Cell_W.mp4,Microscopic,Nmediaservices.com,2027-03-26 8:00
"Cross Section Montage — Premium microscopic stock footage.
4K video & 8K images. Royalty-free.

Perfect for science documentaries, educational content, and research presentations.

Browse & download: https://stockflow.media/?cat=Microscopic&sub=Cross+Section&collection=Cross+Section+Montage

#stockfootage #royaltyfree #microscopy #science #biology #micro #microscope #sciencevideo #biologylab #microworld #cellbiology #crosssection #crosssectionmontage #stockvideo #4kvideo",Cross Section Montage_W_LinkedIn Blog,https://storage.googleapis.com/stockflow-social/Batch01/Montages/W/Microscopic_Cross-Section_Cross-Section-Montage_W.mp4,Microscopic,Nmediaservices.com,2027-03-27 8:00
"Red And White Blood Cells — Premium microscopic stock footage.
4K video & 8K images. Royalty-free.

Perfect for science documentaries, educational content, and research presentations.

Browse & download: https://stockflow.media/?cat=Microscopic&sub=Cellular&collection=Red+And+White+Blood+Cells

#stockfootage #royaltyfree #microscopy #science #biology #micro #microscope #sciencevideo #biologylab #microworld #cellbiology #cellular #redandwhitebloodcells #stockvideo #4kvideo",Red And White Blood Cells_W_LinkedIn Blog,https://storage.googleapis.com/stockflow-social/Batch01/Montages/W/Microscopic_Cellular_Red-And-White-Blood-Cells_W.mp4,Microscopic,Nmediaservices.com,2027-03-28 8:00
"Ribosomes — Premium microscopic stock footage.
4K video & 8K images. Royalty-free.

Perfect for science documentaries, educational content, and research presentations.

Browse & download: https://stockflow.media/?cat=Microscopic&sub=Cellular&collection=Ribosomes

#stockfootage #royaltyfree #microscopy #science #biology #micro #microscope #sciencevideo #biologylab #microworld #cellbiology #cellular #ribosomes #stockvideo #4kvideo",Ribosomes_W_LinkedIn Blog,https://storage.googleapis.com/stockflow-social/Batch01/Montages/W/Microscopic_Cellular_Ribosomes_W.mp4,Microscopic,Nmediaservices.com,2027-03-29 8:00
"Planktonic — Premium microscopic stock footage.
4K video & 8K images. Royalty-free.

Perfect for science documentaries, educational content, and research presentations.

Browse & download: https://stockflow.media/?cat=Microscopic&sub=Cellular&collection=Planktonic

#stockfootage #royaltyfree #microscopy #science #biology #micro #microscope #sciencevideo #biologylab #microworld #cellbiology #cellular #planktonic #stockvideo #4kvideo",Planktonic_W_LinkedIn Blog,https://storage.googleapis.com/stockflow-social/Batch01/Montages/W/Microscopic_Cellular_Planktonic_W.mp4,Microscopic,Nmediaservices.com,2027-03-30 8:00
"Mitochondria — Premium microscopic stock footage.
4K video & 8K images. Royalty-free.

Perfect for science documentaries, educational content, and research presentations.

Browse & download: https://stockflow.media/?cat=Microscopic&sub=Cellular&collection=Mitochondria

#stockfootage #royaltyfree #microscopy #science #biology #micro #microscope #sciencevideo #biologylab #microworld #cellbiology #cellular #mitochondria #stockvideo #4kvideo",Mitochondria_W_LinkedIn Blog,https://storage.googleapis.com/stockflow-social/Batch01/Montages/W/Microscopic_Cellular_Mitochondria_W.mp4,Microscopic,Nmediaservices.com,2027-03-31 8:00
"Lysosomes — Premium microscopic stock footage.
4K video & 8K images. Royalty-free.

Perfect for science documentaries, educational content, and research presentations.

Browse & download: https://stockflow.media/?cat=Microscopic&sub=Cellular&collection=Lysosomes

#stockfootage #royaltyfree #microscopy #science #biology #micro #microscope #sciencevideo #biologylab #microworld #cellbiology #cellular #lysosomes #stockvideo #4kvideo",Lysosomes_W_LinkedIn Blog,https://storage.googleapis.com/stockflow-social/Batch01/Montages/W/Microscopic_Cellular_Lysosomes_W.mp4,Microscopic,Nmediaservices.com,2027-04-01 8:00
"Intracellular — Premium microscopic stock footage.
4K video & 8K images. Royalty-free.

Perfect for science documentaries, educational content, and research presentations.

Browse & download: https://stockflow.media/?cat=Microscopic&sub=Cellular&collection=Intracellular

#stockfootage #royaltyfree #microscopy #science #biology #micro #microscope #sciencevideo #biologylab #microworld #cellbiology #cellular #intracellular #stockvideo #4kvideo",Intracellular_W_LinkedIn Blog,https://storage.googleapis.com/stockflow-social/Batch01/Montages/W/Microscopic_Cellular_Intracellular_W.mp4,Microscopic,Nmediaservices.com,2027-04-02 8:00
"Eukaryotic Cell Under — Premium microscopic stock footage.
4K video & 8K images. Royalty-free.

Perfect for science documentaries, educational content, and research presentations.

Browse & download: https://stockflow.media/?cat=Microscopic&sub=Cellular&collection=Eukaryotic+Cell+Under

#stockfootage #royaltyfree #microscopy #science #biology #micro #microscope #sciencevideo #biologylab #microworld #cellbiology #cellular #eukaryoticcellunder #stockvideo #4kvideo",Eukaryotic Cell Under_W_LinkedIn Blog,https://storage.googleapis.com/stockflow-social/Batch01/Montages/W/Microscopic_Cellular_Eukaryotic-Cell-Under_W.mp4,Microscopic,Nmediaservices.com,2027-04-03 8:00
"Ciliated — Premium microscopic stock footage.
4K video & 8K images. Royalty-free.

Perfect for science documentaries, educational content, and research presentations.

Browse & download: https://stockflow.media/?cat=Microscopic&sub=Cellular&collection=Ciliated

#stockfootage #royaltyfree #microscopy #science #biology #micro #microscope #sciencevideo #biologylab #microworld #cellbiology #cellular #ciliated #stockvideo #4kvideo",Ciliated_W_LinkedIn Blog,https://storage.googleapis.com/stockflow-social/Batch01/Montages/W/Microscopic_Cellular_Ciliated_W.mp4,Microscopic,Nmediaservices.com,2027-04-04 8:00
"Cellular Montage — Premium microscopic stock footage.
4K video & 8K images. Royalty-free.

Perfect for science documentaries, educational content, and research presentations.

Browse & download: https://stockflow.media/?cat=Microscopic&sub=Cellular&collection=Cellular+Montage

#stockfootage #royaltyfree #microscopy #science #biology #micro #microscope #sciencevideo #biologylab #microworld #cellbiology #cellular #cellularmontage #stockvideo #4kvideo",Cellular Montage_W_LinkedIn Blog,https://storage.googleapis.com/stockflow-social/Batch01/Montages/W/Microscopic_Cellular_Cellular-Montage_W.mp4,Microscopic,Nmediaservices.com,2027-04-05 8:00
"Cellular — Premium microscopic stock footage.
4K video & 8K images. Royalty-free.

Perfect for science documentaries, educational content, and research presentations.

Browse & download: https://stockflow.media/?cat=Microscopic&sub=Cellular&collection=Cellular

#stockfootage #royaltyfree #microscopy #science #biology #micro #microscope #sciencevideo #biologylab #microworld #cellbiology #cellular #stockvideo #4kvideo #8kimages",Cellular_W_LinkedIn Blog,https://storage.googleapis.com/stockflow-social/Batch01/Montages/W/Microscopic_Cellular_Cellular_W.mp4,Microscopic,Nmediaservices.com,2027-04-06 8:00
"Vs Healthy Cells — Premium microscopic stock footage.
4K video & 8K images. Royalty-free.

Perfect for science documentaries, educational content, and research presentations.

Browse & download: https://stockflow.media/?cat=Microscopic&sub=Cancer+Cell&collection=Vs+Healthy+Cells

#stockfootage #royaltyfree #microscopy #science #biology #micro #microscope #sciencevideo #biologylab #microworld #cellbiology #cancercell #vshealthycells #stockvideo #4kvideo",Vs Healthy Cells_W_LinkedIn Blog,https://storage.googleapis.com/stockflow-social/Batch01/Montages/W/Microscopic_Cancer-Cell_Vs-Healthy-Cells_W.mp4,Microscopic,Nmediaservices.com,2027-04-07 8:00
"Brain Tissue — Premium microscopic stock footage.
4K video & 8K images. Royalty-free.

Perfect for science documentaries, educational content, and research presentations.

Browse & download: https://stockflow.media/?cat=Microscopic&sub=Cellular&collection=Brain+Tissue

#stockfootage #royaltyfree #microscopy #science #biology #micro #microscope #sciencevideo #biologylab #microworld #cellbiology #cellular #braintissue #stockvideo #4kvideo",Brain Tissue_W_LinkedIn Blog,https://storage.googleapis.com/stockflow-social/Batch01/Montages/W/Microscopic_Cellular_Brain-Tissue_W.mp4,Microscopic,Nmediaservices.com,2027-04-08 8:00
"Viruses — Premium microscopic stock footage.
4K video & 8K images. Royalty-free.

Perfect for science documentaries, educational content, and research presentations.

Browse & download: https://stockflow.media/?cat=Microscopic&sub=Cancer+Cell&collection=Viruses

#stockfootage #royaltyfree #microscopy #science #biology #micro #microscope #sciencevideo #biologylab #microworld #cellbiology #cancercell #viruses #stockvideo #4kvideo",Viruses_W_LinkedIn Blog,https://storage.googleapis.com/stockflow-social/Batch01/Montages/W/Microscopic_Cancer-Cell_Viruses_W.mp4,Microscopic,Nmediaservices.com,2027-04-09 8:00
"Tumor — Premium microscopic stock footage.
4K video & 8K images. Royalty-free.

Perfect for science documentaries, educational content, and research presentations.

Browse & download: https://stockflow.media/?cat=Microscopic&sub=Cancer+Cell&collection=Tumor

#stockfootage #royaltyfree #microscopy #science #biology #micro #microscope #sciencevideo #biologylab #microworld #cellbiology #cancercell #tumor #stockvideo #4kvideo",Tumor_W_LinkedIn Blog,https://storage.googleapis.com/stockflow-social/Batch01/Montages/W/Microscopic_Cancer-Cell_Tumor_W.mp4,Microscopic,Nmediaservices.com,2027-04-10 8:00
"Tem Virus — Premium microscopic stock footage.
4K video & 8K images. Royalty-free.

Perfect for science documentaries, educational content, and research presentations.

Browse & download: https://stockflow.media/?cat=Microscopic&sub=Cancer+Cell&collection=Tem+Virus

#stockfootage #royaltyfree #microscopy #science #biology #micro #microscope #sciencevideo #biologylab #microworld #cellbiology #cancercell #temvirus #stockvideo #4kvideo",Tem Virus_W_LinkedIn Blog,https://storage.googleapis.com/stockflow-social/Batch01/Montages/W/Microscopic_Cancer-Cell_Tem-Virus_W.mp4,Microscopic,Nmediaservices.com,2027-04-11 8:00
"Mutations — Premium microscopic stock footage.
4K video & 8K images. Royalty-free.

Perfect for science documentaries, educational content, and research presentations.

Browse & download: https://stockflow.media/?cat=Microscopic&sub=Cancer+Cell&collection=Mutations

#stockfootage #royaltyfree #microscopy #science #biology #micro #microscope #sciencevideo #biologylab #microworld #cellbiology #cancercell #mutations #stockvideo #4kvideo",Mutations_W_LinkedIn Blog,https://storage.googleapis.com/stockflow-social/Batch01/Montages/W/Microscopic_Cancer-Cell_Mutations_W.mp4,Microscopic,Nmediaservices.com,2027-04-12 8:00
"Metastatic — Premium microscopic stock footage.
4K video & 8K images. Royalty-free.

Perfect for science documentaries, educational content, and research presentations.

Browse & download: https://stockflow.media/?cat=Microscopic&sub=Cancer+Cell&collection=Metastatic

#stockfootage #royaltyfree #microscopy #science #biology #micro #microscope #sciencevideo #biologylab #microworld #cellbiology #cancercell #metastatic #stockvideo #4kvideo",Metastatic_W_LinkedIn Blog,https://storage.googleapis.com/stockflow-social/Batch01/Montages/W/Microscopic_Cancer-Cell_Metastatic_W.mp4,Microscopic,Nmediaservices.com,2027-04-13 8:00
"Melanoma — Premium microscopic stock footage.
4K video & 8K images. Royalty-free.

Perfect for science documentaries, educational content, and research presentations.

Browse & download: https://stockflow.media/?cat=Microscopic&sub=Cancer+Cell&collection=Melanoma

#stockfootage #royaltyfree #microscopy #science #biology #micro #microscope #sciencevideo #biologylab #microworld #cellbiology #cancercell #melanoma #stockvideo #4kvideo",Melanoma_W_LinkedIn Blog,https://storage.googleapis.com/stockflow-social/Batch01/Montages/W/Microscopic_Cancer-Cell_Melanoma_W.mp4,Microscopic,Nmediaservices.com,2027-04-14 8:00
"Leukemia — Premium microscopic stock footage.
4K video & 8K images. Royalty-free.

Perfect for science documentaries, educational content, and research presentations.

Browse & download: https://stockflow.media/?cat=Microscopic&sub=Cancer+Cell&collection=Leukemia

#stockfootage #royaltyfree #microscopy #science #biology #micro #microscope #sciencevideo #biologylab #microworld #cellbiology #cancercell #leukemia #stockvideo #4kvideo",Leukemia_W_LinkedIn Blog,https://storage.googleapis.com/stockflow-social/Batch01/Montages/W/Microscopic_Cancer-Cell_Leukemia_W.mp4,Microscopic,Nmediaservices.com,2027-04-15 8:00
"Immune — Premium microscopic stock footage.
4K video & 8K images. Royalty-free.

Perfect for science documentaries, educational content, and research presentations.

Browse & download: https://stockflow.media/?cat=Microscopic&sub=Cancer+Cell&collection=Immune

#stockfootage #royaltyfree #microscopy #science #biology #micro #microscope #sciencevideo #biologylab #microworld #cellbiology #cancercell #immune #stockvideo #4kvideo",Immune_W_LinkedIn Blog,https://storage.googleapis.com/stockflow-social/Batch01/Montages/W/Microscopic_Cancer-Cell_Immune_W.mp4,Microscopic,Nmediaservices.com,2027-04-16 8:00
"Healthy Cells — Premium microscopic stock footage.
4K video & 8K images. Royalty-free.

Perfect for science documentaries, educational content, and research presentations.

Browse & download: https://stockflow.media/?cat=Microscopic&sub=Cancer+Cell&collection=Healthy+Cells

#stockfootage #royaltyfree #microscopy #science #biology #micro #microscope #sciencevideo #biologylab #microworld #cellbiology #cancercell #healthycells #stockvideo #4kvideo",Healthy Cells_W_LinkedIn Blog,https://storage.googleapis.com/stockflow-social/Batch01/Montages/W/Microscopic_Cancer-Cell_Healthy-Cells_W.mp4,Microscopic,Nmediaservices.com,2027-04-17 8:00
"Fluorescence — Premium microscopic stock footage.
4K video & 8K images. Royalty-free.

Perfect for science documentaries, educational content, and research presentations.

Browse & download: https://stockflow.media/?cat=Microscopic&sub=Cancer+Cell&collection=Fluorescence

#stockfootage #royaltyfree #microscopy #science #biology #micro #microscope #sciencevideo #biologylab #microworld #cellbiology #cancercell #fluorescence #stockvideo #4kvideo",Fluorescence_W_LinkedIn Blog,https://storage.googleapis.com/stockflow-social/Batch01/Montages/W/Microscopic_Cancer-Cell_Fluorescence_W.mp4,Microscopic,Nmediaservices.com,2027-04-18 8:00
"Chemotherapy — Premium microscopic stock footage.
4K video & 8K images. Royalty-free.

Perfect for science documentaries, educational content, and research presentations.

Browse & download: https://stockflow.media/?cat=Microscopic&sub=Cancer+Cell&collection=Chemotherapy

#stockfootage #royaltyfree #microscopy #science #biology #micro #microscope #sciencevideo #biologylab #microworld #cellbiology #cancercell #chemotherapy #stockvideo #4kvideo",Chemotherapy_W_LinkedIn Blog,https://storage.googleapis.com/stockflow-social/Batch01/Montages/W/Microscopic_Cancer-Cell_Chemotherapy_W.mp4,Microscopic,Nmediaservices.com,2027-04-19 8:00
"Cancer Cell Montage — Premium microscopic stock footage.
4K video & 8K images. Royalty-free.

Perfect for science documentaries, educational content, and research presentations.

Browse & download: https://stockflow.media/?cat=Microscopic&sub=Cancer+Cell&collection=Cancer+Cell+Montage

#stockfootage #royaltyfree #microscopy #science #biology #micro #microscope #sciencevideo #biologylab #microworld #cellbiology #cancercell #cancercellmontage #stockvideo #4kvideo",Cancer Cell Montage_W_LinkedIn Blog,https://storage.googleapis.com/stockflow-social/Batch01/Montages/W/Microscopic_Cancer-Cell_Cancer-Cell-Montage_W.mp4,Microscopic,Nmediaservices.com,2027-04-20 8:00
"Breast — Premium microscopic stock footage.
4K video & 8K images. Royalty-free.

Perfect for science documentaries, educational content, and research presentations.

Browse & download: https://stockflow.media/?cat=Microscopic&sub=Cancer+Cell&collection=Breast

#stockfootage #royaltyfree #microscopy #science #biology #micro #microscope #sciencevideo #biologylab #microworld #cellbiology #cancercell #breast #stockvideo #4kvideo",Breast_W_LinkedIn Blog,https://storage.googleapis.com/stockflow-social/Batch01/Montages/W/Microscopic_Cancer-Cell_Breast_W.mp4,Microscopic,Nmediaservices.com,2027-04-21 8:00
"Cancer Cell — Premium microscopic stock footage.
4K video & 8K images. Royalty-free.

Perfect for science documentaries, educational content, and research presentations.

Browse & download: https://stockflow.media/?cat=Microscopic&sub=Cancer+Cell&collection=Cancer+Cell

#stockfootage #royaltyfree #microscopy #science #biology #micro #microscope #sciencevideo #biologylab #microworld #cellbiology #cancercell #stockvideo #4kvideo #8kimages",Cancer Cell_W_LinkedIn Blog,https://storage.googleapis.com/stockflow-social/Batch01/Montages/W/Microscopic_Cancer-Cell_Cancer-Cell_W.mp4,Microscopic,Nmediaservices.com,2027-04-22 8:00
"Aggressive — Premium microscopic stock footage.
4K video & 8K images. Royalty-free.

Perfect for science documentaries, educational content, and research presentations.

Browse & download: https://stockflow.media/?cat=Microscopic&sub=Cancer+Cell&collection=Aggressive

#stockfootage #royaltyfree #microscopy #science #biology #micro #microscope #sciencevideo #biologylab #microworld #cellbiology #cancercell #aggressive #stockvideo #4kvideo",Aggressive_W_LinkedIn Blog,https://storage.googleapis.com/stockflow-social/Batch01/Montages/W/Microscopic_Cancer-Cell_Aggressive_W.mp4,Microscopic,Nmediaservices.com,2027-04-23 8:00
"Thrombocytopenia — Premium microscopic stock footage.
4K video & 8K images. Royalty-free.

Perfect for science documentaries, educational content, and research presentations.

Browse & download: https://stockflow.media/?cat=Microscopic&sub=Blood+Hematology&collection=Thrombocytopenia

#stockfootage #royaltyfree #microscopy #science #biology #micro #microscope #sciencevideo #biologylab #microworld #cellbiology #bloodhematology #thrombocytopenia #stockvideo #4kvideo",Thrombocytopenia_W_LinkedIn Blog,https://storage.googleapis.com/stockflow-social/Batch01/Montages/W/Microscopic_Blood-Hematology_Thrombocytopenia_W.mp4,Microscopic,Nmediaservices.com,2027-04-24 8:00
"Blood Hematology Montage — Premium microscopic stock footage.
4K video & 8K images. Royalty-free.

Perfect for science documentaries, educational content, and research presentations.

Browse & download: https://stockflow.media/?cat=Microscopic&sub=Blood+Hematology&collection=Blood+Hematology+Montage

#stockfootage #royaltyfree #microscopy #science #biology #micro #microscope #sciencevideo #biologylab #microworld #cellbiology #bloodhematology #bloodhematologymontage #stockvideo #4kvideo",Blood Hematology Montage_W_LinkedIn Blog,https://storage.googleapis.com/stockflow-social/Batch01/Montages/W/Microscopic_Blood-Hematology_Blood-Hematology-Montage_W.mp4,Microscopic,Nmediaservices.com,2027-04-25 8:00
"Anemia — Premium microscopic stock footage.
4K video & 8K images. Royalty-free.

Perfect for science documentaries, educational content, and research presentations.

Browse & download: https://stockflow.media/?cat=Microscopic&sub=Blood+Hematology&collection=Anemia

#stockfootage #royaltyfree #microscopy #science #biology #micro #microscope #sciencevideo #biologylab #microworld #cellbiology #bloodhematology #anemia #stockvideo #4kvideo",Anemia_W_LinkedIn Blog,https://storage.googleapis.com/stockflow-social/Batch01/Montages/W/Microscopic_Blood-Hematology_Anemia_W.mp4,Microscopic,Nmediaservices.com,2027-04-26 8:00
"Red And White — Premium microscopic stock footage.
4K video & 8K images. Royalty-free.

Perfect for science documentaries, educational content, and research presentations.

Browse & download: https://stockflow.media/?cat=Microscopic&sub=Biological+Creatures&collection=Red+And+White

#stockfootage #royaltyfree #microscopy #science #biology #micro #microscope #sciencevideo #biologylab #microworld #cellbiology #biologicalcreatures #redandwhite #stockvideo #4kvideo",Red And White_W_LinkedIn Blog,https://storage.googleapis.com/stockflow-social/Batch01/Montages/W/Microscopic_Biological-Creatures_Red-And-White_W.mp4,Microscopic,Nmediaservices.com,2027-04-27 8:00
"Paramecium — Premium microscopic stock footage.
4K video & 8K images. Royalty-free.

Perfect for science documentaries, educational content, and research presentations.

Browse & download: https://stockflow.media/?cat=Microscopic&sub=Biological+Creatures&collection=Paramecium

#stockfootage #royaltyfree #microscopy #science #biology #micro #microscope #sciencevideo #biologylab #microworld #cellbiology #biologicalcreatures #paramecium #stockvideo #4kvideo",Paramecium_W_LinkedIn Blog,https://storage.googleapis.com/stockflow-social/Batch01/Montages/W/Microscopic_Biological-Creatures_Paramecium_W.mp4,Microscopic,Nmediaservices.com,2027-04-28 8:00
"Cross Section — Premium microscopic stock footage.
4K video & 8K images. Royalty-free.

Perfect for science documentaries, educational content, and research presentations.

Browse & download: https://stockflow.media/?cat=Microscopic&sub=Biological+Creatures&collection=Cross+Section

#stockfootage #royaltyfree #microscopy #science #biology #micro #microscope #sciencevideo #biologylab #microworld #cellbiology #biologicalcreatures #crosssection #stockvideo #4kvideo",Cross Section_W_LinkedIn Blog,https://storage.googleapis.com/stockflow-social/Batch01/Montages/W/Microscopic_Biological-Creatures_Cross-Section_W.mp4,Microscopic,Nmediaservices.com,2027-04-29 8:00
"Eukaryotic Cell — Premium microscopic stock footage.
4K video & 8K images. Royalty-free.

Perfect for science documentaries, educational content, and research presentations.

Browse & download: https://stockflow.media/?cat=Microscopic&sub=Biological+Creatures&collection=Eukaryotic+Cell

#stockfootage #royaltyfree #microscopy #science #biology #micro #microscope #sciencevideo #biologylab #microworld #cellbiology #biologicalcreatures #eukaryoticcell #stockvideo #4kvideo",Eukaryotic Cell_W_LinkedIn Blog,https://storage.googleapis.com/stockflow-social/Batch01/Montages/W/Microscopic_Biological-Creatures_Eukaryotic-Cell_W.mp4,Microscopic,Nmediaservices.com,2027-04-30 8:00
"Biological Creatures Montage — Premium microscopic stock footage.
4K video & 8K images. Royalty-free.

Perfect for science documentaries, educational content, and research presentations.

Browse & download: https://stockflow.media/?cat=Microscopic&sub=Biological+Creatures&collection=Biological+Creatures+Montage

#stockfootage #royaltyfree #microscopy #science #biology #micro #microscope #sciencevideo #biologylab #microworld #cellbiology #biologicalcreatures #biologicalcreaturesmontage #stockvideo #4kvideo",Biological Creatures Montage_W_LinkedIn Blog,https://storage.googleapis.com/stockflow-social/Batch01/Montages/W/Microscopic_Biological-Creatures_Biological-Creatures-Montage_W.mp4,Microscopic,Nmediaservices.com,2027-05-01 8:00
"Bacteria — Premium microscopic stock footage.
4K video & 8K images. Royalty-free.

Perfect for science documentaries, educational content, and research presentations.

Browse & download: https://stockflow.media/?cat=Microscopic&sub=Biological+Creatures&collection=Bacteria

#stockfootage #royaltyfree #microscopy #science #biology #micro #microscope #sciencevideo #biologylab #microworld #cellbiology #biologicalcreatures #bacteria #stockvideo #4kvideo",Bacteria_W_LinkedIn Blog,https://storage.googleapis.com/stockflow-social/Batch01/Montages/W/Microscopic_Biological-Creatures_Bacteria_W.mp4,Microscopic,Nmediaservices.com,2027-05-02 8:00
"Bacterial Cell — Premium microscopic stock footage.
4K video & 8K images. Royalty-free.

Perfect for science documentaries, educational content, and research presentations.

Browse & download: https://stockflow.media/?cat=Microscopic&sub=Biological+Creatures&collection=Bacterial+Cell

#stockfootage #royaltyfree #microscopy #science #biology #micro #microscope #sciencevideo #biologylab #microworld #cellbiology #biologicalcreatures #bacterialcell #stockvideo #4kvideo",Bacterial Cell_W_LinkedIn Blog,https://storage.googleapis.com/stockflow-social/Batch01/Montages/W/Microscopic_Biological-Creatures_Bacterial-Cell_W.mp4,Microscopic,Nmediaservices.com,2027-05-03 8:00
"Alien Organism — Premium microscopic stock footage.
4K video & 8K images. Royalty-free.

Perfect for science documentaries, educational content, and research presentations.

Browse & download: https://stockflow.media/?cat=Microscopic&sub=Biological+Creatures&collection=Alien+Organism

#stockfootage #royaltyfree #microscopy #science #biology #micro #microscope #sciencevideo #biologylab #microworld #cellbiology #biologicalcreatures #alienorganism #stockvideo #4kvideo",Alien Organism_W_LinkedIn Blog,https://storage.googleapis.com/stockflow-social/Batch01/Montages/W/Microscopic_Biological-Creatures_Alien-Organism_W.mp4,Microscopic,Nmediaservices.com,2027-05-04 8:00
"Tetani — Premium microscopic stock footage.
4K video & 8K images. Royalty-free.

Perfect for science documentaries, educational content, and research presentations.

Browse & download: https://stockflow.media/?cat=Microscopic&sub=Bacteria&collection=Tetani

#stockfootage #royaltyfree #microscopy #science #biology #micro #microscope #sciencevideo #biologylab #microworld #cellbiology #bacteria #tetani #stockvideo #4kvideo",Tetani_W_LinkedIn Blog,https://storage.googleapis.com/stockflow-social/Batch01/Montages/W/Microscopic_Bacteria_Tetani_W.mp4,Microscopic,Nmediaservices.com,2027-05-05 8:00
"Spirochete — Premium microscopic stock footage.
4K video & 8K images. Royalty-free.

Perfect for science documentaries, educational content, and research presentations.

Browse & download: https://stockflow.media/?cat=Microscopic&sub=Bacteria&collection=Spirochete

#stockfootage #royaltyfree #microscopy #science #biology #micro #microscope #sciencevideo #biologylab #microworld #cellbiology #bacteria #spirochete #stockvideo #4kvideo",Spirochete_W_LinkedIn Blog,https://storage.googleapis.com/stockflow-social/Batch01/Montages/W/Microscopic_Bacteria_Spirochete_W.mp4,Microscopic,Nmediaservices.com,2027-05-06 8:00
"Resistant — Premium microscopic stock footage.
4K video & 8K images. Royalty-free.

Perfect for science documentaries, educational content, and research presentations.

Browse & download: https://stockflow.media/?cat=Microscopic&sub=Bacteria&collection=Resistant

#stockfootage #royaltyfree #microscopy #science #biology #micro #microscope #sciencevideo #biologylab #microworld #cellbiology #bacteria #resistant #stockvideo #4kvideo",Resistant_W_LinkedIn Blog,https://storage.googleapis.com/stockflow-social/Batch01/Montages/W/Microscopic_Bacteria_Resistant_W.mp4,Microscopic,Nmediaservices.com,2027-05-07 8:00
"Resistant Bacteria — Premium microscopic stock footage.
4K video & 8K images. Royalty-free.

Perfect for science documentaries, educational content, and research presentations.

Browse & download: https://stockflow.media/?cat=Microscopic&sub=Bacteria&collection=Resistant+Bacteria

#stockfootage #royaltyfree #microscopy #science #biology #micro #microscope #sciencevideo #biologylab #microworld #cellbiology #bacteria #resistantbacteria #stockvideo #4kvideo",Resistant Bacteria_W_LinkedIn Blog,https://storage.googleapis.com/stockflow-social/Batch01/Montages/W/Microscopic_Bacteria_Resistant-Bacteria_W.mp4,Microscopic,Nmediaservices.com,2027-05-08 8:00
"E Coli — Premium microscopic stock footage.
4K video & 8K images. Royalty-free.

Perfect for science documentaries, educational content, and research presentations.

Browse & download: https://stockflow.media/?cat=Microscopic&sub=Bacteria&collection=E+Coli

#stockfootage #royaltyfree #microscopy #science #biology #micro #microscope #sciencevideo #biologylab #microworld #cellbiology #bacteria #ecoli #stockvideo #4kvideo",E Coli_W_LinkedIn Blog,https://storage.googleapis.com/stockflow-social/Batch01/Montages/W/Microscopic_Bacteria_E-Coli_W.mp4,Microscopic,Nmediaservices.com,2027-05-09 8:00
"Cocci — Premium microscopic stock footage.
4K video & 8K images. Royalty-free.

Perfect for science documentaries, educational content, and research presentations.

Browse & download: https://stockflow.media/?cat=Microscopic&sub=Bacteria&collection=Cocci

#stockfootage #royaltyfree #microscopy #science #biology #micro #microscope #sciencevideo #biologylab #microworld #cellbiology #bacteria #cocci #stockvideo #4kvideo",Cocci_W_LinkedIn Blog,https://storage.googleapis.com/stockflow-social/Batch01/Montages/W/Microscopic_Bacteria_Cocci_W.mp4,Microscopic,Nmediaservices.com,2027-05-10 8:00
"Biofilm — Premium microscopic stock footage.
4K video & 8K images. Royalty-free.

Perfect for science documentaries, educational content, and research presentations.

Browse & download: https://stockflow.media/?cat=Microscopic&sub=Bacteria&collection=Biofilm

#stockfootage #royaltyfree #microscopy #science #biology #micro #microscope #sciencevideo #biologylab #microworld #cellbiology #bacteria #biofilm #stockvideo #4kvideo",Biofilm_W_LinkedIn Blog,https://storage.googleapis.com/stockflow-social/Batch01/Montages/W/Microscopic_Bacteria_Biofilm_W.mp4,Microscopic,Nmediaservices.com,2027-05-11 8:00
"Bacteria Montage — Premium microscopic stock footage.
4K video & 8K images. Royalty-free.

Perfect for science documentaries, educational content, and research presentations.

Browse & download: https://stockflow.media/?cat=Microscopic&sub=Bacteria&collection=Bacteria+Montage

#stockfootage #royaltyfree #microscopy #science #biology #micro #microscope #sciencevideo #biologylab #microworld #cellbiology #bacteria #bacteriamontage #stockvideo #4kvideo",Bacteria Montage_W_LinkedIn Blog,https://storage.googleapis.com/stockflow-social/Batch01/Montages/W/Microscopic_Bacteria_Bacteria-Montage_W.mp4,Microscopic,Nmediaservices.com,2027-05-12 8:00
"Bacillus — Premium microscopic stock footage.
4K video & 8K images. Royalty-free.

Perfect for science documentaries, educational content, and research presentations.

Browse & download: https://stockflow.media/?cat=Microscopic&sub=Bacteria&collection=Bacillus

#stockfootage #royaltyfree #microscopy #science #biology #micro #microscope #sciencevideo #biologylab #microworld #cellbiology #bacteria #bacillus #stockvideo #4kvideo",Bacillus_W_LinkedIn Blog,https://storage.googleapis.com/stockflow-social/Batch01/Montages/W/Microscopic_Bacteria_Bacillus_W.mp4,Microscopic,Nmediaservices.com,2027-05-13 8:00
"Agar Plate — Premium microscopic stock footage.
4K video & 8K images. Royalty-free.

Perfect for science documentaries, educational content, and research presentations.

Browse & download: https://stockflow.media/?cat=Microscopic&sub=Bacteria&collection=Agar+Plate

#stockfootage #royaltyfree #microscopy #science #biology #micro #microscope #sciencevideo #biologylab #microworld #cellbiology #bacteria #agarplate #stockvideo #4kvideo",Agar Plate_W_LinkedIn Blog,https://storage.googleapis.com/stockflow-social/Batch01/Montages/W/Microscopic_Bacteria_Agar-Plate_W.mp4,Microscopic,Nmediaservices.com,2027-05-14 8:00
"Spirogyra — Premium microscopic stock footage.
4K video & 8K images. Royalty-free.

Perfect for science documentaries, educational content, and research presentations.

Browse & download: https://stockflow.media/?cat=Microscopic&sub=Algae&collection=Spirogyra

#stockfootage #royaltyfree #microscopy #science #biology #micro #microscope #sciencevideo #biologylab #microworld #cellbiology #algae #spirogyra #stockvideo #4kvideo",Spirogyra_W_LinkedIn Blog,https://storage.googleapis.com/stockflow-social/Batch01/Montages/W/Microscopic_Algae_Spirogyra_W.mp4,Microscopic,Nmediaservices.com,2027-05-15 8:00
"Red Algae — Premium microscopic stock footage.
4K video & 8K images. Royalty-free.

Perfect for science documentaries, educational content, and research presentations.

Browse & download: https://stockflow.media/?cat=Microscopic&sub=Algae&collection=Red+Algae

#stockfootage #royaltyfree #microscopy #science #biology #micro #microscope #sciencevideo #biologylab #microworld #cellbiology #algae #redalgae #stockvideo #4kvideo",Red Algae_W_LinkedIn Blog,https://storage.googleapis.com/stockflow-social/Batch01/Montages/W/Microscopic_Algae_Red-Algae_W.mp4,Microscopic,Nmediaservices.com,2027-05-16 8:00
"Red — Premium microscopic stock footage.
4K video & 8K images. Royalty-free.

Perfect for science documentaries, educational content, and research presentations.

Browse & download: https://stockflow.media/?cat=Microscopic&sub=Algae&collection=Red

#stockfootage #royaltyfree #microscopy #science #biology #micro #microscope #sciencevideo #biologylab #microworld #cellbiology #algae #red #stockvideo #4kvideo",Red_W_LinkedIn Blog,https://storage.googleapis.com/stockflow-social/Batch01/Montages/W/Microscopic_Algae_Red_W.mp4,Microscopic,Nmediaservices.com,2027-05-17 8:00
"Green — Premium microscopic stock footage.
4K video & 8K images. Royalty-free.

Perfect for science documentaries, educational content, and research presentations.

Browse & download: https://stockflow.media/?cat=Microscopic&sub=Algae&collection=Green

#stockfootage #royaltyfree #microscopy #science #biology #micro #microscope #sciencevideo #biologylab #microworld #cellbiology #algae #green #stockvideo #4kvideo",Green_W_LinkedIn Blog,https://storage.googleapis.com/stockflow-social/Batch01/Montages/W/Microscopic_Algae_Green_W.mp4,Microscopic,Nmediaservices.com,2027-05-18 8:00
"Green Algae — Premium microscopic stock footage.
4K video & 8K images. Royalty-free.

Perfect for science documentaries, educational content, and research presentations.

Browse & download: https://stockflow.media/?cat=Microscopic&sub=Algae&collection=Green+Algae

#stockfootage #royaltyfree #microscopy #science #biology #micro #microscope #sciencevideo #biologylab #microworld #cellbiology #algae #greenalgae #stockvideo #4kvideo",Green Algae_W_LinkedIn Blog,https://storage.googleapis.com/stockflow-social/Batch01/Montages/W/Microscopic_Algae_Green-Algae_W.mp4,Microscopic,Nmediaservices.com,2027-05-19 8:00
"Diatoms — Premium microscopic stock footage.
4K video & 8K images. Royalty-free.

Perfect for science documentaries, educational content, and research presentations.

Browse & download: https://stockflow.media/?cat=Microscopic&sub=Algae&collection=Diatoms

#stockfootage #royaltyfree #microscopy #science #biology #micro #microscope #sciencevideo #biologylab #microworld #cellbiology #algae #diatoms #stockvideo #4kvideo",Diatoms_W_LinkedIn Blog,https://storage.googleapis.com/stockflow-social/Batch01/Montages/W/Microscopic_Algae_Diatoms_W.mp4,Microscopic,Nmediaservices.com,2027-05-20 8:00
"Desmids — Premium microscopic stock footage.
4K video & 8K images. Royalty-free.

Perfect for science documentaries, educational content, and research presentations.

Browse & download: https://stockflow.media/?cat=Microscopic&sub=Algae&collection=Desmids

#stockfootage #royaltyfree #microscopy #science #biology #micro #microscope #sciencevideo #biologylab #microworld #cellbiology #algae #desmids #stockvideo #4kvideo",Desmids_W_LinkedIn Blog,https://storage.googleapis.com/stockflow-social/Batch01/Montages/W/Microscopic_Algae_Desmids_W.mp4,Microscopic,Nmediaservices.com,2027-05-21 8:00
"Cyanobacteria — Premium microscopic stock footage.
4K video & 8K images. Royalty-free.

Perfect for science documentaries, educational content, and research presentations.

Browse & download: https://stockflow.media/?cat=Microscopic&sub=Algae&collection=Cyanobacteria

#stockfootage #royaltyfree #microscopy #science #biology #micro #microscope #sciencevideo #biologylab #microworld #cellbiology #algae #cyanobacteria #stockvideo #4kvideo",Cyanobacteria_W_LinkedIn Blog,https://storage.googleapis.com/stockflow-social/Batch01/Montages/W/Microscopic_Algae_Cyanobacteria_W.mp4,Microscopic,Nmediaservices.com,2027-05-22 8:00
"Colonial — Premium microscopic stock footage.
4K video & 8K images. Royalty-free.

Perfect for science documentaries, educational content, and research presentations.

Browse & download: https://stockflow.media/?cat=Microscopic&sub=Algae&collection=Colonial

#stockfootage #royaltyfree #microscopy #science #biology #micro #microscope #sciencevideo #biologylab #microworld #cellbiology #algae #colonial #stockvideo #4kvideo",Colonial_W_LinkedIn Blog,https://storage.googleapis.com/stockflow-social/Batch01/Montages/W/Microscopic_Algae_Colonial_W.mp4,Microscopic,Nmediaservices.com,2027-05-23 8:00
"Colonial Algae — Premium microscopic stock footage.
4K video & 8K images. Royalty-free.

Perfect for science documentaries, educational content, and research presentations.

Browse & download: https://stockflow.media/?cat=Microscopic&sub=Algae&collection=Colonial+Algae

#stockfootage #royaltyfree #microscopy #science #biology #micro #microscope #sciencevideo #biologylab #microworld #cellbiology #algae #colonialalgae #stockvideo #4kvideo",Colonial Algae_W_LinkedIn Blog,https://storage.googleapis.com/stockflow-social/Batch01/Montages/W/Microscopic_Algae_Colonial-Algae_W.mp4,Microscopic,Nmediaservices.com,2027-05-24 8:00
"Brown — Premium microscopic stock footage.
4K video & 8K images. Royalty-free.

Perfect for science documentaries, educational content, and research presentations.

Browse & download: https://stockflow.media/?cat=Microscopic&sub=Algae&collection=Brown

#stockfootage #royaltyfree #microscopy #science #biology #micro #microscope #sciencevideo #biologylab #microworld #cellbiology #algae #brown #stockvideo #4kvideo",Brown_W_LinkedIn Blog,https://storage.googleapis.com/stockflow-social/Batch01/Montages/W/Microscopic_Algae_Brown_W.mp4,Microscopic,Nmediaservices.com,2027-05-25 8:00
"Brown Algae — Premium microscopic stock footage.
4K video & 8K images. Royalty-free.

Perfect for science documentaries, educational content, and research presentations.

Browse & download: https://stockflow.media/?cat=Microscopic&sub=Algae&collection=Brown+Algae

#stockfootage #royaltyfree #microscopy #science #biology #micro #microscope #sciencevideo #biologylab #microworld #cellbiology #algae #brownalgae #stockvideo #4kvideo",Brown Algae_W_LinkedIn Blog,https://storage.googleapis.com/stockflow-social/Batch01/Montages/W/Microscopic_Algae_Brown-Algae_W.mp4,Microscopic,Nmediaservices.com,2027-05-26 8:00
"Blue Green Algae — Premium microscopic stock footage.
4K video & 8K images. Royalty-free.

Perfect for science documentaries, educational content, and research presentations.

Browse & download: https://stockflow.media/?cat=Microscopic&sub=Algae&collection=Blue+Green+Algae

#stockfootage #royaltyfree #microscopy #science #biology #micro #microscope #sciencevideo #biologylab #microworld #cellbiology #algae #bluegreenalgae #stockvideo #4kvideo",Blue Green Algae_W_LinkedIn Blog,https://storage.googleapis.com/stockflow-social/Batch01/Montages/W/Microscopic_Algae_Blue-Green-Algae_W.mp4,Microscopic,Nmediaservices.com,2027-05-27 8:00
"Bloom — Premium microscopic stock footage.
4K video & 8K images. Royalty-free.

Perfect for science documentaries, educational content, and research presentations.

Browse & download: https://stockflow.media/?cat=Microscopic&sub=Algae&collection=Bloom

#stockfootage #royaltyfree #microscopy #science #biology #micro #microscope #sciencevideo #biologylab #microworld #cellbiology #algae #bloom #stockvideo #4kvideo",Bloom_W_LinkedIn Blog,https://storage.googleapis.com/stockflow-social/Batch01/Montages/W/Microscopic_Algae_Bloom_W.mp4,Microscopic,Nmediaservices.com,2027-05-28 8:00
"Algal Biofilm — Premium microscopic stock footage.
4K video & 8K images. Royalty-free.

Perfect for science documentaries, educational content, and research presentations.

Browse & download: https://stockflow.media/?cat=Microscopic&sub=Algae&collection=Algal+Biofilm

#stockfootage #royaltyfree #microscopy #science #biology #micro #microscope #sciencevideo #biologylab #microworld #cellbiology #algae #algalbiofilm #stockvideo #4kvideo",Algal Biofilm_W_LinkedIn Blog,https://storage.googleapis.com/stockflow-social/Batch01/Montages/W/Microscopic_Algae_Algal-Biofilm_W.mp4,Microscopic,Nmediaservices.com,2027-05-29 8:00
"Algae Montage — Premium microscopic stock footage.
4K video & 8K images. Royalty-free.

Perfect for science documentaries, educational content, and research presentations.

Browse & download: https://stockflow.media/?cat=Microscopic&sub=Algae&collection=Algae+Montage

#stockfootage #royaltyfree #microscopy #science #biology #micro #microscope #sciencevideo #biologylab #microworld #cellbiology #algae #algaemontage #stockvideo #4kvideo",Algae Montage_W_LinkedIn Blog,https://storage.googleapis.com/stockflow-social/Batch01/Montages/W/Microscopic_Algae_Algae-Montage_W.mp4,Microscopic,Nmediaservices.com,2027-05-30 8:00
"Algae Bloom — Premium microscopic stock footage.
4K video & 8K images. Royalty-free.

Perfect for science documentaries, educational content, and research presentations.

Browse & download: https://stockflow.media/?cat=Microscopic&sub=Algae&collection=Algae+Bloom

#stockfootage #royaltyfree #microscopy #science #biology #micro #microscope #sciencevideo #biologylab #microworld #cellbiology #algae #algaebloom #stockvideo #4kvideo",Algae Bloom_W_LinkedIn Blog,https://storage.googleapis.com/stockflow-social/Batch01/Montages/W/Microscopic_Algae_Algae-Bloom_W.mp4,Microscopic,Nmediaservices.com,2027-05-31 8:00
"Filaments — Premium microscopic stock footage.
4K video & 8K images. Royalty-free.

Perfect for science documentaries, educational content, and research presentations.

Browse & download: https://stockflow.media/?cat=Microscopic&sub=Actin&collection=Filaments

#stockfootage #royaltyfree #microscopy #science #biology #micro #microscope #sciencevideo #biologylab #microworld #cellbiology #actin #filaments #stockvideo #4kvideo",Filaments_W_LinkedIn Blog,https://storage.googleapis.com/stockflow-social/Batch01/Montages/W/Microscopic_Actin_Filaments_W.mp4,Microscopic,Nmediaservices.com,2027-06-01 8:00
"Actin Montage — Premium microscopic stock footage.
4K video & 8K images. Royalty-free.

Perfect for science documentaries, educational content, and research presentations.

Browse & download: https://stockflow.media/?cat=Microscopic&sub=Actin&collection=Actin+Montage

#stockfootage #royaltyfree #microscopy #science #biology #micro #microscope #sciencevideo #biologylab #microworld #cellbiology #actin #actinmontage #stockvideo #4kvideo",Actin Montage_W_LinkedIn Blog,https://storage.googleapis.com/stockflow-social/Batch01/Montages/W/Microscopic_Actin_Actin-Montage_W.mp4,Microscopic,Nmediaservices.com,2027-06-02 8:00
"Microscopic — Premium microscopic stock footage.
4K video & 8K images. Royalty-free.

Perfect for science documentaries, educational content, and research presentations.

Browse & download: https://stockflow.media/?cat=Microscopic&sub=Microscopic+Category&collection=Microscopic

#stockfootage #royaltyfree #microscopy #science #biology #micro #microscope #sciencevideo #biologylab #microworld #cellbiology #microscopiccategory #microscopic #stockvideo #4kvideo",Microscopic_W_LinkedIn Blog,https://storage.googleapis.com/stockflow-social/Batch01/Montages/W/Microscopic_Microscopic-Category_W.mp4,Microscopic,Nmediaservices.com,2027-06-03 8:00
"Tikka Masala — Premium food beverage stock footage.
4K video & 8K images. Royalty-free.

Perfect for restaurant marketing, food blogs, and social media campaigns.

Browse & download: https://stockflow.media/?cat=Food+Beverage&sub=Food+Menu&collection=Tikka+Masala

#stockfootage #royaltyfree #foodvideo #foodphotography #culinary #foodie #foodcontent #restaurantmarketing #foodblogger #cheflife #foodstyling #foodmenu #tikkamasala #stockvideo #4kvideo",Tikka Masala_W_LinkedIn Blog,https://storage.googleapis.com/stockflow-social/Batch01/Montages/W/Food-Beverage_Food-Menu_Tikka-Masala_W.mp4,Food Beverage,Nmediaservices.com,2027-06-04 8:00
"Thai Noodle Soup — Premium food beverage stock footage.
4K video & 8K images. Royalty-free.

Perfect for restaurant marketing, food blogs, and social media campaigns.

Browse & download: https://stockflow.media/?cat=Food+Beverage&sub=Food+Menu&collection=Thai+Noodle+Soup

#stockfootage #royaltyfree #foodvideo #foodphotography #culinary #foodie #foodcontent #restaurantmarketing #foodblogger #cheflife #foodstyling #foodmenu #thainoodlesoup #stockvideo #4kvideo",Thai Noodle Soup_W_LinkedIn Blog,https://storage.googleapis.com/stockflow-social/Batch01/Montages/W/Food-Beverage_Food-Menu_Thai-Noodle-Soup_W.mp4,Food Beverage,Nmediaservices.com,2027-06-05 8:00
"Thai Curry — Premium food beverage stock footage.
4K video & 8K images. Royalty-free.

Perfect for restaurant marketing, food blogs, and social media campaigns.

Browse & download: https://stockflow.media/?cat=Food+Beverage&sub=Food+Menu&collection=Thai+Curry

#stockfootage #royaltyfree #foodvideo #foodphotography #culinary #foodie #foodcontent #restaurantmarketing #foodblogger #cheflife #foodstyling #foodmenu #thaicurry #stockvideo #4kvideo",Thai Curry_W_LinkedIn Blog,https://storage.googleapis.com/stockflow-social/Batch01/Montages/W/Food-Beverage_Food-Menu_Thai-Curry_W.mp4,Food Beverage,Nmediaservices.com,2027-06-06 8:00
"Suzhi — Premium food beverage stock footage.
4K video & 8K images. Royalty-free.

Perfect for restaurant marketing, food blogs, and social media campaigns.

Browse & download: https://stockflow.media/?cat=Food+Beverage&sub=Food+Menu&collection=Suzhi

#stockfootage #royaltyfree #foodvideo #foodphotography #culinary #foodie #foodcontent #restaurantmarketing #foodblogger #cheflife #foodstyling #foodmenu #suzhi #stockvideo #4kvideo",Suzhi_W_LinkedIn Blog,https://storage.googleapis.com/stockflow-social/Batch01/Montages/W/Food-Beverage_Food-Menu_Suzhi_W.mp4,Food Beverage,Nmediaservices.com,2027-06-07 8:00
"Stake — Premium food beverage stock footage.
4K video & 8K images. Royalty-free.

Perfect for restaurant marketing, food blogs, and social media campaigns.

Browse & download: https://stockflow.media/?cat=Food+Beverage&sub=Food+Menu&collection=Stake

#stockfootage #royaltyfree #foodvideo #foodphotography #culinary #foodie #foodcontent #restaurantmarketing #foodblogger #cheflife #foodstyling #foodmenu #stake #stockvideo #4kvideo",Stake_W_LinkedIn Blog,https://storage.googleapis.com/stockflow-social/Batch01/Montages/W/Food-Beverage_Food-Menu_Stake_W.mp4,Food Beverage,Nmediaservices.com,2027-06-08 8:00
"Sandwich — Premium food beverage stock footage.
4K video & 8K images. Royalty-free.

Perfect for restaurant marketing, food blogs, and social media campaigns.

Browse & download: https://stockflow.media/?cat=Food+Beverage&sub=Food+Menu&collection=Sandwich

#stockfootage #royaltyfree #foodvideo #foodphotography #culinary #foodie #foodcontent #restaurantmarketing #foodblogger #cheflife #foodstyling #foodmenu #sandwich #stockvideo #4kvideo",Sandwich_W_LinkedIn Blog,https://storage.googleapis.com/stockflow-social/Batch01/Montages/W/Food-Beverage_Food-Menu_Sandwich_W.mp4,Food Beverage,Nmediaservices.com,2027-06-09 8:00
"Remen — Premium food beverage stock footage.
4K video & 8K images. Royalty-free.

Perfect for restaurant marketing, food blogs, and social media campaigns.

Browse & download: https://stockflow.media/?cat=Food+Beverage&sub=Food+Menu&collection=Remen

#stockfootage #royaltyfree #foodvideo #foodphotography #culinary #foodie #foodcontent #restaurantmarketing #foodblogger #cheflife #foodstyling #foodmenu #remen #stockvideo #4kvideo",Remen_W_LinkedIn Blog,https://storage.googleapis.com/stockflow-social/Batch01/Montages/W/Food-Beverage_Food-Menu_Remen_W.mp4,Food Beverage,Nmediaservices.com,2027-06-10 8:00
"Pizza — Premium food beverage stock footage.
4K video & 8K images. Royalty-free.

Perfect for restaurant marketing, food blogs, and social media campaigns.

Browse & download: https://stockflow.media/?cat=Food+Beverage&sub=Food+Menu&collection=Pizza

#stockfootage #royaltyfree #foodvideo #foodphotography #culinary #foodie #foodcontent #restaurantmarketing #foodblogger #cheflife #foodstyling #foodmenu #pizza #stockvideo #4kvideo",Pizza_W_LinkedIn Blog,https://storage.googleapis.com/stockflow-social/Batch01/Montages/W/Food-Beverage_Food-Menu_Pizza_W.mp4,Food Beverage,Nmediaservices.com,2027-06-11 8:00
"Noodles — Premium food beverage stock footage.
4K video & 8K images. Royalty-free.

Perfect for restaurant marketing, food blogs, and social media campaigns.

Browse & download: https://stockflow.media/?cat=Food+Beverage&sub=Food+Menu&collection=Noodles

#stockfootage #royaltyfree #foodvideo #foodphotography #culinary #foodie #foodcontent #restaurantmarketing #foodblogger #cheflife #foodstyling #foodmenu #noodles #stockvideo #4kvideo",Noodles_W_LinkedIn Blog,https://storage.googleapis.com/stockflow-social/Batch01/Montages/W/Food-Beverage_Food-Menu_Noodles_W.mp4,Food Beverage,Nmediaservices.com,2027-06-12 8:00
"Idly Vada — Premium food beverage stock footage.
4K video & 8K images. Royalty-free.

Perfect for restaurant marketing, food blogs, and social media campaigns.

Browse & download: https://stockflow.media/?cat=Food+Beverage&sub=Food+Menu&collection=Idly+Vada

#stockfootage #royaltyfree #foodvideo #foodphotography #culinary #foodie #foodcontent #restaurantmarketing #foodblogger #cheflife #foodstyling #foodmenu #idlyvada #stockvideo #4kvideo",Idly Vada_W_LinkedIn Blog,https://storage.googleapis.com/stockflow-social/Batch01/Montages/W/Food-Beverage_Food-Menu_Idly-Vada_W.mp4,Food Beverage,Nmediaservices.com,2027-06-13 8:00
"Food Menu Montage — Premium food beverage stock footage.
4K video & 8K images. Royalty-free.

Perfect for restaurant marketing, food blogs, and social media campaigns.

Browse & download: https://stockflow.media/?cat=Food+Beverage&sub=Food+Menu&collection=Food+Menu+Montage

#stockfootage #royaltyfree #foodvideo #foodphotography #culinary #foodie #foodcontent #restaurantmarketing #foodblogger #cheflife #foodstyling #foodmenu #foodmenumontage #stockvideo #4kvideo",Food Menu Montage_W_LinkedIn Blog,https://storage.googleapis.com/stockflow-social/Batch01/Montages/W/Food-Beverage_Food-Menu_Food-Menu-Montage_W.mp4,Food Beverage,Nmediaservices.com,2027-06-14 8:00
"Fish Dinner — Premium food beverage stock footage.
4K video & 8K images. Royalty-free.

Perfect for restaurant marketing, food blogs, and social media campaigns.

Browse & download: https://stockflow.media/?cat=Food+Beverage&sub=Food+Menu&collection=Fish+Dinner

#stockfootage #royaltyfree #foodvideo #foodphotography #culinary #foodie #foodcontent #restaurantmarketing #foodblogger #cheflife #foodstyling #foodmenu #fishdinner #stockvideo #4kvideo",Fish Dinner_W_LinkedIn Blog,https://storage.googleapis.com/stockflow-social/Batch01/Montages/W/Food-Beverage_Food-Menu_Fish-Dinner_W.mp4,Food Beverage,Nmediaservices.com,2027-06-15 8:00
"Dosa — Premium food beverage stock footage.
4K video & 8K images. Royalty-free.

Perfect for restaurant marketing, food blogs, and social media campaigns.

Browse & download: https://stockflow.media/?cat=Food+Beverage&sub=Food+Menu&collection=Dosa

#stockfootage #royaltyfree #foodvideo #foodphotography #culinary #foodie #foodcontent #restaurantmarketing #foodblogger #cheflife #foodstyling #foodmenu #dosa #stockvideo #4kvideo",Dosa_W_LinkedIn Blog,https://storage.googleapis.com/stockflow-social/Batch01/Montages/W/Food-Beverage_Food-Menu_Dosa_W.mp4,Food Beverage,Nmediaservices.com,2027-06-16 8:00
"Chicken Fry — Premium food beverage stock footage.
4K video & 8K images. Royalty-free.

Perfect for restaurant marketing, food blogs, and social media campaigns.

Browse & download: https://stockflow.media/?cat=Food+Beverage&sub=Food+Menu&collection=Chicken+Fry

#stockfootage #royaltyfree #foodvideo #foodphotography #culinary #foodie #foodcontent #restaurantmarketing #foodblogger #cheflife #foodstyling #foodmenu #chickenfry #stockvideo #4kvideo",Chicken Fry_W_LinkedIn Blog,https://storage.googleapis.com/stockflow-social/Batch01/Montages/W/Food-Beverage_Food-Menu_Chicken-Fry_W.mp4,Food Beverage,Nmediaservices.com,2027-06-17 8:00
"Chicken Dinner — Premium food beverage stock footage.
4K video & 8K images. Royalty-free.

Perfect for restaurant marketing, food blogs, and social media campaigns.

Browse & download: https://stockflow.media/?cat=Food+Beverage&sub=Food+Menu&collection=Chicken+Dinner

#stockfootage #royaltyfree #foodvideo #foodphotography #culinary #foodie #foodcontent #restaurantmarketing #foodblogger #cheflife #foodstyling #foodmenu #chickendinner #stockvideo #4kvideo",Chicken Dinner_W_LinkedIn Blog,https://storage.googleapis.com/stockflow-social/Batch01/Montages/W/Food-Beverage_Food-Menu_Chicken-Dinner_W.mp4,Food Beverage,Nmediaservices.com,2027-06-18 8:00
"Butter Chiken — Premium food beverage stock footage.
4K video & 8K images. Royalty-free.

Perfect for restaurant marketing, food blogs, and social media campaigns.

Browse & download: https://stockflow.media/?cat=Food+Beverage&sub=Food+Menu&collection=Butter+Chiken

#stockfootage #royaltyfree #foodvideo #foodphotography #culinary #foodie #foodcontent #restaurantmarketing #foodblogger #cheflife #foodstyling #foodmenu #butterchiken #stockvideo #4kvideo",Butter Chiken_W_LinkedIn Blog,https://storage.googleapis.com/stockflow-social/Batch01/Montages/W/Food-Beverage_Food-Menu_Butter-Chiken_W.mp4,Food Beverage,Nmediaservices.com,2027-06-19 8:00
"Buritos — Premium food beverage stock footage.
4K video & 8K images. Royalty-free.

Perfect for restaurant marketing, food blogs, and social media campaigns.

Browse & download: https://stockflow.media/?cat=Food+Beverage&sub=Food+Menu&collection=Buritos

#stockfootage #royaltyfree #foodvideo #foodphotography #culinary #foodie #foodcontent #restaurantmarketing #foodblogger #cheflife #foodstyling #foodmenu #buritos #stockvideo #4kvideo",Buritos_W_LinkedIn Blog,https://storage.googleapis.com/stockflow-social/Batch01/Montages/W/Food-Beverage_Food-Menu_Buritos_W.mp4,Food Beverage,Nmediaservices.com,2027-06-20 8:00
"Burgers — Premium food beverage stock footage.
4K video & 8K images. Royalty-free.

Perfect for restaurant marketing, food blogs, and social media campaigns.

Browse & download: https://stockflow.media/?cat=Food+Beverage&sub=Food+Menu&collection=Burgers

#stockfootage #royaltyfree #foodvideo #foodphotography #culinary #foodie #foodcontent #restaurantmarketing #foodblogger #cheflife #foodstyling #foodmenu #burgers #stockvideo #4kvideo",Burgers_W_LinkedIn Blog,https://storage.googleapis.com/stockflow-social/Batch01/Montages/W/Food-Beverage_Food-Menu_Burgers_W.mp4,Food Beverage,Nmediaservices.com,2027-06-21 8:00
"Biriyani — Premium food beverage stock footage.
4K video & 8K images. Royalty-free.

Perfect for restaurant marketing, food blogs, and social media campaigns.

Browse & download: https://stockflow.media/?cat=Food+Beverage&sub=Food+Menu&collection=Biriyani

#stockfootage #royaltyfree #foodvideo #foodphotography #culinary #foodie #foodcontent #restaurantmarketing #foodblogger #cheflife #foodstyling #foodmenu #biriyani #stockvideo #4kvideo",Biriyani_W_LinkedIn Blog,https://storage.googleapis.com/stockflow-social/Batch01/Montages/W/Food-Beverage_Food-Menu_Biriyani_W.mp4,Food Beverage,Nmediaservices.com,2027-06-22 8:00
"Food Beverage — Premium food beverage stock footage.
4K video & 8K images. Royalty-free.

Perfect for restaurant marketing, food blogs, and social media campaigns.

Browse & download: https://stockflow.media/?cat=Food+Beverage&sub=Food+Beverage+Category&collection=Food+Beverage

#stockfootage #royaltyfree #foodvideo #foodphotography #culinary #foodie #foodcontent #restaurantmarketing #foodblogger #cheflife #foodstyling #foodbeveragecategory #foodbeverage #stockvideo #4kvideo",Food Beverage_W_LinkedIn Blog,https://storage.googleapis.com/stockflow-social/Batch01/Montages/W/Food-Beverage_Food-Beverage-Category_W.mp4,Food Beverage,Nmediaservices.com,2027-06-23 8:00