Title,Media URL,Pinterest board,Thumbnail,Description,Link,Publish date,Keywords
Protozoa Stock Footage | Microscopic,https://storage.googleapis.com/stockflow-social/Batch01/Montages/V/Microscopic_Worms_Protozoa_V.mp4,Microscopic World,0:02,"Download premium protozoa stock footage — 4K video & 8K images. Part of our Worms collection. Royalty-free, no attribution required. Perfect for content creators, filmmakers, and designers. Instant download at stockflow.media",https://stockflow.media/?cat=Microscopic&sub=Worms&collection=Protozoa,2026-03-22 14:00:00,"stock footage, royalty free, 4k video, 8k images, protozoa, worms, microscopy, science, biology, microscope, cell biology"
Parasitic Worms Stock Footage | Microscopic,https://storage.googleapis.com/stockflow-social/Batch01/Montages/V/Microscopic_Worms_Parasitic-Worms_V.mp4,Microscopic World,0:02,"Download premium parasitic worms stock footage — 4K video & 8K images. Part of our Worms collection. Royalty-free, no attribution required. Perfect for content creators, filmmakers, and designers. Instant download at stockflow.media",https://stockflow.media/?cat=Microscopic&sub=Worms&collection=Parasitic+Worms,2026-03-22 17:00:00,"stock footage, royalty free, 4k video, 8k images, parasitic worms, worms, microscopy, science, biology, microscope, cell biology"
Parasitic Worm Stock Footage | Microscopic,https://storage.googleapis.com/stockflow-social/Batch01/Montages/V/Microscopic_Worms_Parasitic-Worm_V.mp4,Microscopic World,0:02,"Download premium parasitic worm stock footage — 4K video & 8K images. Part of our Worms collection. Royalty-free, no attribution required. Perfect for content creators, filmmakers, and designers. Instant download at stockflow.media",https://stockflow.media/?cat=Microscopic&sub=Worms&collection=Parasitic+Worm,2026-03-22 20:00:00,"stock footage, royalty free, 4k video, 8k images, parasitic worm, worms, microscopy, science, biology, microscope, cell biology"
Parasitic Micro Worm Stock Footage | Microscopic,https://storage.googleapis.com/stockflow-social/Batch01/Montages/V/Microscopic_Worms_Parasitic-Micro-Worm_V.mp4,Microscopic World,0:02,"Download premium parasitic micro worm stock footage — 4K video & 8K images. Part of our Worms collection. Royalty-free, no attribution required. Perfect for content creators, filmmakers, and designers. Instant download at stockflow.media",https://stockflow.media/?cat=Microscopic&sub=Worms&collection=Parasitic+Micro+Worm,2026-03-23 8:00:00,"stock footage, royalty free, 4k video, 8k images, parasitic micro worm, worms, microscopy, science, biology, microscope, cell biology"
Nmeatode Stock Footage | Microscopic,https://storage.googleapis.com/stockflow-social/Batch01/Montages/V/Microscopic_Worms_Nmeatode_V.mp4,Microscopic World,0:02,"Download premium nmeatode stock footage — 4K video & 8K images. Part of our Worms collection. Royalty-free, no attribution required. Perfect for content creators, filmmakers, and designers. Instant download at stockflow.media",https://stockflow.media/?cat=Microscopic&sub=Worms&collection=Nmeatode,2026-03-23 11:00:00,"stock footage, royalty free, 4k video, 8k images, nmeatode, worms, microscopy, science, biology, microscope, cell biology"
Nematode Worms Stock Footage | Microscopic,https://storage.googleapis.com/stockflow-social/Batch01/Montages/V/Microscopic_Worms_Nematode-Worms_V.mp4,Microscopic World,0:02,"Download premium nematode worms stock footage — 4K video & 8K images. Part of our Worms collection. Royalty-free, no attribution required. Perfect for content creators, filmmakers, and designers. Instant download at stockflow.media",https://stockflow.media/?cat=Microscopic&sub=Worms&collection=Nematode+Worms,2026-03-23 14:00:00,"stock footage, royalty free, 4k video, 8k images, nematode worms, worms, microscopy, science, biology, microscope, cell biology"
In Compost Stock Footage | Microscopic,https://storage.googleapis.com/stockflow-social/Batch01/Montages/V/Microscopic_Worms_In-Compost_V.mp4,Microscopic World,0:02,"Download premium in compost stock footage — 4K video & 8K images. Part of our Worms collection. Royalty-free, no attribution required. Perfect for content creators, filmmakers, and designers. Instant download at stockflow.media",https://stockflow.media/?cat=Microscopic&sub=Worms&collection=In+Compost,2026-03-23 17:00:00,"stock footage, royalty free, 4k video, 8k images, in compost, worms, microscopy, science, biology, microscope, cell biology"
Flatworms Stock Footage | Microscopic,https://storage.googleapis.com/stockflow-social/Batch01/Montages/V/Microscopic_Worms_Flatworms_V.mp4,Microscopic World,0:02,"Download premium flatworms stock footage — 4K video & 8K images. Part of our Worms collection. Royalty-free, no attribution required. Perfect for content creators, filmmakers, and designers. Instant download at stockflow.media",https://stockflow.media/?cat=Microscopic&sub=Worms&collection=Flatworms,2026-03-23 20:00:00,"stock footage, royalty free, 4k video, 8k images, flatworms, worms, microscopy, science, biology, microscope, cell biology"
Compost Stock Footage | Microscopic,https://storage.googleapis.com/stockflow-social/Batch01/Montages/V/Microscopic_Worms_Compost_V.mp4,Microscopic World,0:02,"Download premium compost stock footage — 4K video & 8K images. Part of our Worms collection. Royalty-free, no attribution required. Perfect for content creators, filmmakers, and designers. Instant download at stockflow.media",https://stockflow.media/?cat=Microscopic&sub=Worms&collection=Compost,2026-03-24 8:00:00,"stock footage, royalty free, 4k video, 8k images, compost, worms, microscopy, science, biology, microscope, cell biology"
Crawling On Algae Stock Footage | Microscopic,https://storage.googleapis.com/stockflow-social/Batch01/Montages/V/Microscopic_Worms_Crawling-On-Algae_V.mp4,Microscopic World,0:02,"Download premium crawling on algae stock footage — 4K video & 8K images. Part of our Worms collection. Royalty-free, no attribution required. Perfect for content creators, filmmakers, and designers. Instant download at stockflow.media",https://stockflow.media/?cat=Microscopic&sub=Worms&collection=Crawling+On+Algae,2026-03-24 11:00:00,"stock footage, royalty free, 4k video, 8k images, crawling on algae, worms, microscopy, science, biology, microscope, cell biology"
Caenorhabditis Elegans Stock Footage | Microscopic,https://storage.googleapis.com/stockflow-social/Batch01/Montages/V/Microscopic_Worms_Caenorhabditis-Elegans_V.mp4,Microscopic World,0:02,"Download premium caenorhabditis elegans stock footage — 4K video & 8K images. Part of our Worms collection. Royalty-free, no attribution required. Perfect for content creators, filmmakers, and designers. Instant download at stockflow.media",https://stockflow.media/?cat=Microscopic&sub=Worms&collection=Caenorhabditis+Elegans,2026-03-24 14:00:00,"stock footage, royalty free, 4k video, 8k images, caenorhabditis elegans, worms, microscopy, science, biology, microscope, cell biology"
C Elegans Stock Footage | Microscopic,https://storage.googleapis.com/stockflow-social/Batch01/Montages/V/Microscopic_Worms_C-Elegans_V.mp4,Microscopic World,0:02,"Download premium c elegans stock footage — 4K video & 8K images. Part of our Worms collection. Royalty-free, no attribution required. Perfect for content creators, filmmakers, and designers. Instant download at stockflow.media",https://stockflow.media/?cat=Microscopic&sub=Worms&collection=C+Elegans,2026-03-24 17:00:00,"stock footage, royalty free, 4k video, 8k images, c elegans, worms, microscopy, science, biology, microscope, cell biology"
Algae Stock Footage | Microscopic,https://storage.googleapis.com/stockflow-social/Batch01/Montages/V/Microscopic_Worms_Algae_V.mp4,Microscopic World,0:02,"Download premium algae stock footage — 4K video & 8K images. Part of our Worms collection. Royalty-free, no attribution required. Perfect for content creators, filmmakers, and designers. Instant download at stockflow.media",https://stockflow.media/?cat=Microscopic&sub=Worms&collection=Algae,2026-03-24 20:00:00,"stock footage, royalty free, 4k video, 8k images, algae, worms, microscopy, science, biology, microscope, cell biology"
Waterborne Montage Stock Footage | Microscopic,https://storage.googleapis.com/stockflow-social/Batch01/Montages/V/Microscopic_Waterborne_Waterborne-Montage_V.mp4,Microscopic World,0:02,"Download premium waterborne montage stock footage — 4K video & 8K images. Part of our Waterborne collection. Royalty-free, no attribution required. Perfect for content creators, filmmakers, and designers. Instant download at stockflow.media",https://stockflow.media/?cat=Microscopic&sub=Waterborne&collection=Waterborne+Montage,2026-03-25 8:00:00,"stock footage, royalty free, 4k video, 8k images, waterborne montage, waterborne, microscopy, science, biology, microscope, cell biology"
Rotifers Stock Footage | Microscopic,https://storage.googleapis.com/stockflow-social/Batch01/Montages/V/Microscopic_Waterborne_Rotifers_V.mp4,Microscopic World,0:02,"Download premium rotifers stock footage — 4K video & 8K images. Part of our Waterborne collection. Royalty-free, no attribution required. Perfect for content creators, filmmakers, and designers. Instant download at stockflow.media",https://stockflow.media/?cat=Microscopic&sub=Waterborne&collection=Rotifers,2026-03-25 11:00:00,"stock footage, royalty free, 4k video, 8k images, rotifers, waterborne, microscopy, science, biology, microscope, cell biology"
Plankton Stock Footage | Microscopic,https://storage.googleapis.com/stockflow-social/Batch01/Montages/V/Microscopic_Waterborne_Plankton_V.mp4,Microscopic World,0:02,"Download premium plankton stock footage — 4K video & 8K images. Part of our Waterborne collection. Royalty-free, no attribution required. Perfect for content creators, filmmakers, and designers. Instant download at stockflow.media",https://stockflow.media/?cat=Microscopic&sub=Waterborne&collection=Plankton,2026-03-25 14:00:00,"stock footage, royalty free, 4k video, 8k images, plankton, waterborne, microscopy, science, biology, microscope, cell biology"
Euglena Stock Footage | Microscopic,https://storage.googleapis.com/stockflow-social/Batch01/Montages/V/Microscopic_Waterborne_Euglena_V.mp4,Microscopic World,0:02,"Download premium euglena stock footage — 4K video & 8K images. Part of our Waterborne collection. Royalty-free, no attribution required. Perfect for content creators, filmmakers, and designers. Instant download at stockflow.media",https://stockflow.media/?cat=Microscopic&sub=Waterborne&collection=Euglena,2026-03-25 17:00:00,"stock footage, royalty free, 4k video, 8k images, euglena, waterborne, microscopy, science, biology, microscope, cell biology"
Diatom Stock Footage | Microscopic,https://storage.googleapis.com/stockflow-social/Batch01/Montages/V/Microscopic_Waterborne_Diatom_V.mp4,Microscopic World,0:02,"Download premium diatom stock footage — 4K video & 8K images. Part of our Waterborne collection. Royalty-free, no attribution required. Perfect for content creators, filmmakers, and designers. Instant download at stockflow.media",https://stockflow.media/?cat=Microscopic&sub=Waterborne&collection=Diatom,2026-03-25 20:00:00,"stock footage, royalty free, 4k video, 8k images, diatom, waterborne, microscopy, science, biology, microscope, cell biology"
Diatom Shell Stock Footage | Microscopic,https://storage.googleapis.com/stockflow-social/Batch01/Montages/V/Microscopic_Waterborne_Diatom-Shell_V.mp4,Microscopic World,0:02,"Download premium diatom shell stock footage — 4K video & 8K images. Part of our Waterborne collection. Royalty-free, no attribution required. Perfect for content creators, filmmakers, and designers. Instant download at stockflow.media",https://stockflow.media/?cat=Microscopic&sub=Waterborne&collection=Diatom+Shell,2026-03-26 8:00:00,"stock footage, royalty free, 4k video, 8k images, diatom shell, waterborne, microscopy, science, biology, microscope, cell biology"
Aquatic Stock Footage | Microscopic,https://storage.googleapis.com/stockflow-social/Batch01/Montages/V/Microscopic_Waterborne_Aquatic_V.mp4,Microscopic World,0:02,"Download premium aquatic stock footage — 4K video & 8K images. Part of our Waterborne collection. Royalty-free, no attribution required. Perfect for content creators, filmmakers, and designers. Instant download at stockflow.media",https://stockflow.media/?cat=Microscopic&sub=Waterborne&collection=Aquatic,2026-03-26 11:00:00,"stock footage, royalty free, 4k video, 8k images, aquatic, waterborne, microscopy, science, biology, microscope, cell biology"
Amoebas Stock Footage | Microscopic,https://storage.googleapis.com/stockflow-social/Batch01/Montages/V/Microscopic_Waterborne_Amoebas_V.mp4,Microscopic World,0:02,"Download premium amoebas stock footage — 4K video & 8K images. Part of our Waterborne collection. Royalty-free, no attribution required. Perfect for content creators, filmmakers, and designers. Instant download at stockflow.media",https://stockflow.media/?cat=Microscopic&sub=Waterborne&collection=Amoebas,2026-03-26 14:00:00,"stock footage, royalty free, 4k video, 8k images, amoebas, waterborne, microscopy, science, biology, microscope, cell biology"
Virus Montage Stock Footage | Microscopic,https://storage.googleapis.com/stockflow-social/Batch01/Montages/V/Microscopic_Virus_Virus-Montage_V.mp4,Microscopic World,0:02,"Download premium virus montage stock footage — 4K video & 8K images. Part of our Virus collection. Royalty-free, no attribution required. Perfect for content creators, filmmakers, and designers. Instant download at stockflow.media",https://stockflow.media/?cat=Microscopic&sub=Virus&collection=Virus+Montage,2026-03-26 17:00:00,"stock footage, royalty free, 4k video, 8k images, virus montage, virus, microscopy, science, biology, microscope, cell biology"
Membrane Stock Footage | Microscopic,https://storage.googleapis.com/stockflow-social/Batch01/Montages/V/Microscopic_Virus_Membrane_V.mp4,Microscopic World,0:02,"Download premium membrane stock footage — 4K video & 8K images. Part of our Virus collection. Royalty-free, no attribution required. Perfect for content creators, filmmakers, and designers. Instant download at stockflow.media",https://stockflow.media/?cat=Microscopic&sub=Virus&collection=Membrane,2026-03-26 20:00:00,"stock footage, royalty free, 4k video, 8k images, membrane, virus, microscopy, science, biology, microscope, cell biology"
Underwater Montage Stock Footage | Microscopic,https://storage.googleapis.com/stockflow-social/Batch01/Montages/V/Microscopic_Underwater_Underwater-Montage_V.mp4,Microscopic World,0:02,"Download premium underwater montage stock footage — 4K video & 8K images. Part of our Underwater collection. Royalty-free, no attribution required. Perfect for content creators, filmmakers, and designers. Instant download at stockflow.media",https://stockflow.media/?cat=Microscopic&sub=Underwater&collection=Underwater+Montage,2026-03-27 8:00:00,"stock footage, royalty free, 4k video, 8k images, underwater montage, underwater, microscopy, science, biology, microscope, cell biology"
Tardigrade Stock Footage | Microscopic,https://storage.googleapis.com/stockflow-social/Batch01/Montages/V/Microscopic_Underwater_Tardigrade_V.mp4,Microscopic World,0:02,"Download premium tardigrade stock footage — 4K video & 8K images. Part of our Underwater collection. Royalty-free, no attribution required. Perfect for content creators, filmmakers, and designers. Instant download at stockflow.media",https://stockflow.media/?cat=Microscopic&sub=Underwater&collection=Tardigrade,2026-03-27 11:00:00,"stock footage, royalty free, 4k video, 8k images, tardigrade, underwater, microscopy, science, biology, microscope, cell biology"
Single Celled Stock Footage | Microscopic,https://storage.googleapis.com/stockflow-social/Batch01/Montages/V/Microscopic_Underwater_Single-Celled_V.mp4,Microscopic World,0:02,"Download premium single celled stock footage — 4K video & 8K images. Part of our Underwater collection. Royalty-free, no attribution required. Perfect for content creators, filmmakers, and designers. Instant download at stockflow.media",https://stockflow.media/?cat=Microscopic&sub=Underwater&collection=Single+Celled,2026-03-27 14:00:00,"stock footage, royalty free, 4k video, 8k images, single celled, underwater, microscopy, science, biology, microscope, cell biology"
Seawater Droplet Stock Footage | Microscopic,https://storage.googleapis.com/stockflow-social/Batch01/Montages/V/Microscopic_Underwater_Seawater-Droplet_V.mp4,Microscopic World,0:02,"Download premium seawater droplet stock footage — 4K video & 8K images. Part of our Underwater collection. Royalty-free, no attribution required. Perfect for content creators, filmmakers, and designers. Instant download at stockflow.media",https://stockflow.media/?cat=Microscopic&sub=Underwater&collection=Seawater+Droplet,2026-03-27 17:00:00,"stock footage, royalty free, 4k video, 8k images, seawater droplet, underwater, microscopy, science, biology, microscope, cell biology"
Juvenile Plankton Stock Footage | Microscopic,https://storage.googleapis.com/stockflow-social/Batch01/Montages/V/Microscopic_Underwater_Juvenile-Plankton_V.mp4,Microscopic World,0:02,"Download premium juvenile plankton stock footage — 4K video & 8K images. Part of our Underwater collection. Royalty-free, no attribution required. Perfect for content creators, filmmakers, and designers. Instant download at stockflow.media",https://stockflow.media/?cat=Microscopic&sub=Underwater&collection=Juvenile+Plankton,2026-03-27 20:00:00,"stock footage, royalty free, 4k video, 8k images, juvenile plankton, underwater, microscopy, science, biology, microscope, cell biology"
Bioluminescent Stock Footage | Microscopic,https://storage.googleapis.com/stockflow-social/Batch01/Montages/V/Microscopic_Underwater_Bioluminescent_V.mp4,Microscopic World,0:02,"Download premium bioluminescent stock footage — 4K video & 8K images. Part of our Underwater collection. Royalty-free, no attribution required. Perfect for content creators, filmmakers, and designers. Instant download at stockflow.media",https://stockflow.media/?cat=Microscopic&sub=Underwater&collection=Bioluminescent,2026-03-28 8:00:00,"stock footage, royalty free, 4k video, 8k images, bioluminescent, underwater, microscopy, science, biology, microscope, cell biology"
Protozoa Montage Stock Footage | Microscopic,https://storage.googleapis.com/stockflow-social/Batch01/Montages/V/Microscopic_Protozoa_Protozoa-Montage_V.mp4,Microscopic World,0:02,"Download premium protozoa montage stock footage — 4K video & 8K images. Part of our Protozoa collection. Royalty-free, no attribution required. Perfect for content creators, filmmakers, and designers. Instant download at stockflow.media",https://stockflow.media/?cat=Microscopic&sub=Protozoa&collection=Protozoa+Montage,2026-03-28 11:00:00,"stock footage, royalty free, 4k video, 8k images, protozoa montage, protozoa, microscopy, science, biology, microscope, cell biology"
Sunflower Stock Footage | Microscopic,https://storage.googleapis.com/stockflow-social/Batch01/Montages/V/Microscopic_Pollen_Sunflower_V.mp4,Microscopic World,0:02,"Download premium sunflower stock footage — 4K video & 8K images. Part of our Pollen collection. Royalty-free, no attribution required. Perfect for content creators, filmmakers, and designers. Instant download at stockflow.media",https://stockflow.media/?cat=Microscopic&sub=Pollen&collection=Sunflower,2026-03-28 14:00:00,"stock footage, royalty free, 4k video, 8k images, sunflower, pollen, microscopy, science, biology, microscope, cell biology"
Ragweed Stock Footage | Microscopic,https://storage.googleapis.com/stockflow-social/Batch01/Montages/V/Microscopic_Pollen_Ragweed_V.mp4,Microscopic World,0:02,"Download premium ragweed stock footage — 4K video & 8K images. Part of our Pollen collection. Royalty-free, no attribution required. Perfect for content creators, filmmakers, and designers. Instant download at stockflow.media",https://stockflow.media/?cat=Microscopic&sub=Pollen&collection=Ragweed,2026-03-28 17:00:00,"stock footage, royalty free, 4k video, 8k images, ragweed, pollen, microscopy, science, biology, microscope, cell biology"
Ragweed Spiky Details Stock Footage | Microscopic,https://storage.googleapis.com/stockflow-social/Batch01/Montages/V/Microscopic_Pollen_Ragweed-Spiky-Details_V.mp4,Microscopic World,0:02,"Download premium ragweed spiky details stock footage — 4K video & 8K images. Part of our Pollen collection. Royalty-free, no attribution required. Perfect for content creators, filmmakers, and designers. Instant download at stockflow.media",https://stockflow.media/?cat=Microscopic&sub=Pollen&collection=Ragweed+Spiky+Details,2026-03-28 20:00:00,"stock footage, royalty free, 4k video, 8k images, ragweed spiky details, pollen, microscopy, science, biology, microscope, cell biology"
Pollen Montage Stock Footage | Microscopic,https://storage.googleapis.com/stockflow-social/Batch01/Montages/V/Microscopic_Pollen_Pollen-Montage_V.mp4,Microscopic World,0:02,"Download premium pollen montage stock footage — 4K video & 8K images. Part of our Pollen collection. Royalty-free, no attribution required. Perfect for content creators, filmmakers, and designers. Instant download at stockflow.media",https://stockflow.media/?cat=Microscopic&sub=Pollen&collection=Pollen+Montage,2026-03-29 8:00:00,"stock footage, royalty free, 4k video, 8k images, pollen montage, pollen, microscopy, science, biology, microscope, cell biology"
Pine Winged Stock Footage | Microscopic,https://storage.googleapis.com/stockflow-social/Batch01/Montages/V/Microscopic_Pollen_Pine-Winged_V.mp4,Microscopic World,0:02,"Download premium pine winged stock footage — 4K video & 8K images. Part of our Pollen collection. Royalty-free, no attribution required. Perfect for content creators, filmmakers, and designers. Instant download at stockflow.media",https://stockflow.media/?cat=Microscopic&sub=Pollen&collection=Pine+Winged,2026-03-29 11:00:00,"stock footage, royalty free, 4k video, 8k images, pine winged, pollen, microscopy, science, biology, microscope, cell biology"
Orchid Pollinium Stock Footage | Microscopic,https://storage.googleapis.com/stockflow-social/Batch01/Montages/V/Microscopic_Pollen_Orchid-Pollinium_V.mp4,Microscopic World,0:02,"Download premium orchid pollinium stock footage — 4K video & 8K images. Part of our Pollen collection. Royalty-free, no attribution required. Perfect for content creators, filmmakers, and designers. Instant download at stockflow.media",https://stockflow.media/?cat=Microscopic&sub=Pollen&collection=Orchid+Pollinium,2026-03-29 14:00:00,"stock footage, royalty free, 4k video, 8k images, orchid pollinium, pollen, microscopy, science, biology, microscope, cell biology"
Pine Winged Form Stock Footage | Microscopic,https://storage.googleapis.com/stockflow-social/Batch01/Montages/V/Microscopic_Pollen_Pine-Winged-Form_V.mp4,Microscopic World,0:02,"Download premium pine winged form stock footage — 4K video & 8K images. Part of our Pollen collection. Royalty-free, no attribution required. Perfect for content creators, filmmakers, and designers. Instant download at stockflow.media",https://stockflow.media/?cat=Microscopic&sub=Pollen&collection=Pine+Winged+Form,2026-03-29 17:00:00,"stock footage, royalty free, 4k video, 8k images, pine winged form, pollen, microscopy, science, biology, microscope, cell biology"
Orchid Pollinium Smooth Shine Stock Footage | Microscopic,https://storage.googleapis.com/stockflow-social/Batch01/Montages/V/Microscopic_Pollen_Orchid-Pollinium-Smooth-Shine_V.mp4,Microscopic World,0:02,"Download premium orchid pollinium smooth shine stock footage — 4K video & 8K images. Part of our Pollen collection. Royalty-free, no attribution required. Perfect for content creators, filmmakers, and designers. Instant download at stockflow.media",https://stockflow.media/?cat=Microscopic&sub=Pollen&collection=Orchid+Pollinium+Smooth+Shine,2026-03-29 20:00:00,"stock footage, royalty free, 4k video, 8k images, orchid pollinium smooth shine, pollen, microscopy, science, biology, microscope, cell biology"
Lotus Starburst Stock Footage | Microscopic,https://storage.googleapis.com/stockflow-social/Batch01/Montages/V/Microscopic_Pollen_Lotus-Starburst_V.mp4,Microscopic World,0:02,"Download premium lotus starburst stock footage — 4K video & 8K images. Part of our Pollen collection. Royalty-free, no attribution required. Perfect for content creators, filmmakers, and designers. Instant download at stockflow.media",https://stockflow.media/?cat=Microscopic&sub=Pollen&collection=Lotus+Starburst,2026-03-30 8:00:00,"stock footage, royalty free, 4k video, 8k images, lotus starburst, pollen, microscopy, science, biology, microscope, cell biology"
Lotus Fluorescent Starburst Stock Footage | Microscopic,https://storage.googleapis.com/stockflow-social/Batch01/Montages/V/Microscopic_Pollen_Lotus-Fluorescent-Starburst_V.mp4,Microscopic World,0:02,"Download premium lotus fluorescent starburst stock footage — 4K video & 8K images. Part of our Pollen collection. Royalty-free, no attribution required. Perfect for content creators, filmmakers, and designers. Instant download at stockflow.media",https://stockflow.media/?cat=Microscopic&sub=Pollen&collection=Lotus+Fluorescent+Starburst,2026-03-30 11:00:00,"stock footage, royalty free, 4k video, 8k images, lotus fluorescent starburst, pollen, microscopy, science, biology, microscope, cell biology"
Lavender Stock Footage | Microscopic,https://storage.googleapis.com/stockflow-social/Batch01/Montages/V/Microscopic_Pollen_Lavender_V.mp4,Microscopic World,0:02,"Download premium lavender stock footage — 4K video & 8K images. Part of our Pollen collection. Royalty-free, no attribution required. Perfect for content creators, filmmakers, and designers. Instant download at stockflow.media",https://stockflow.media/?cat=Microscopic&sub=Pollen&collection=Lavender,2026-03-30 14:00:00,"stock footage, royalty free, 4k video, 8k images, lavender, pollen, microscopy, science, biology, microscope, cell biology"
Lavender Dreamy Coating Stock Footage | Microscopic,https://storage.googleapis.com/stockflow-social/Batch01/Montages/V/Microscopic_Pollen_Lavender-Dreamy-Coating_V.mp4,Microscopic World,0:02,"Download premium lavender dreamy coating stock footage — 4K video & 8K images. Part of our Pollen collection. Royalty-free, no attribution required. Perfect for content creators, filmmakers, and designers. Instant download at stockflow.media",https://stockflow.media/?cat=Microscopic&sub=Pollen&collection=Lavender+Dreamy+Coating,2026-03-30 17:00:00,"stock footage, royalty free, 4k video, 8k images, lavender dreamy coating, pollen, microscopy, science, biology, microscope, cell biology"
Grass Mesh Structure Stock Footage | Microscopic,https://storage.googleapis.com/stockflow-social/Batch01/Montages/V/Microscopic_Pollen_Grass-Mesh-Structure_V.mp4,Microscopic World,0:02,"Download premium grass mesh structure stock footage — 4K video & 8K images. Part of our Pollen collection. Royalty-free, no attribution required. Perfect for content creators, filmmakers, and designers. Instant download at stockflow.media",https://stockflow.media/?cat=Microscopic&sub=Pollen&collection=Grass+Mesh+Structure,2026-03-30 20:00:00,"stock footage, royalty free, 4k video, 8k images, grass mesh structure, pollen, microscopy, science, biology, microscope, cell biology"
Dandelion Stock Footage | Microscopic,https://storage.googleapis.com/stockflow-social/Batch01/Montages/V/Microscopic_Pollen_Dandelion_V.mp4,Microscopic World,0:02,"Download premium dandelion stock footage — 4K video & 8K images. Part of our Pollen collection. Royalty-free, no attribution required. Perfect for content creators, filmmakers, and designers. Instant download at stockflow.media",https://stockflow.media/?cat=Microscopic&sub=Pollen&collection=Dandelion,2026-03-31 8:00:00,"stock footage, royalty free, 4k video, 8k images, dandelion, pollen, microscopy, science, biology, microscope, cell biology"
Worm Stock Footage | Microscopic,https://storage.googleapis.com/stockflow-social/Batch01/Montages/V/Microscopic_Parasite_Worm_V.mp4,Microscopic World,0:02,"Download premium worm stock footage — 4K video & 8K images. Part of our Parasite collection. Royalty-free, no attribution required. Perfect for content creators, filmmakers, and designers. Instant download at stockflow.media",https://stockflow.media/?cat=Microscopic&sub=Parasite&collection=Worm,2026-03-31 11:00:00,"stock footage, royalty free, 4k video, 8k images, worm, parasite, microscopy, science, biology, microscope, cell biology"
Trypanosoma Stock Footage | Microscopic,https://storage.googleapis.com/stockflow-social/Batch01/Montages/V/Microscopic_Parasite_Trypanosoma_V.mp4,Microscopic World,0:02,"Download premium trypanosoma stock footage — 4K video & 8K images. Part of our Parasite collection. Royalty-free, no attribution required. Perfect for content creators, filmmakers, and designers. Instant download at stockflow.media",https://stockflow.media/?cat=Microscopic&sub=Parasite&collection=Trypanosoma,2026-03-31 14:00:00,"stock footage, royalty free, 4k video, 8k images, trypanosoma, parasite, microscopy, science, biology, microscope, cell biology"
Trypanosoma Brucei Stock Footage | Microscopic,https://storage.googleapis.com/stockflow-social/Batch01/Montages/V/Microscopic_Parasite_Trypanosoma-Brucei_V.mp4,Microscopic World,0:02,"Download premium trypanosoma brucei stock footage — 4K video & 8K images. Part of our Parasite collection. Royalty-free, no attribution required. Perfect for content creators, filmmakers, and designers. Instant download at stockflow.media",https://stockflow.media/?cat=Microscopic&sub=Parasite&collection=Trypanosoma+Brucei,2026-03-31 17:00:00,"stock footage, royalty free, 4k video, 8k images, trypanosoma brucei, parasite, microscopy, science, biology, microscope, cell biology"
Toxoplasma Gondii Stock Footage | Microscopic,https://storage.googleapis.com/stockflow-social/Batch01/Montages/V/Microscopic_Parasite_Toxoplasma-Gondii_V.mp4,Microscopic World,0:02,"Download premium toxoplasma gondii stock footage — 4K video & 8K images. Part of our Parasite collection. Royalty-free, no attribution required. Perfect for content creators, filmmakers, and designers. Instant download at stockflow.media",https://stockflow.media/?cat=Microscopic&sub=Parasite&collection=Toxoplasma+Gondii,2026-03-31 20:00:00,"stock footage, royalty free, 4k video, 8k images, toxoplasma gondii, parasite, microscopy, science, biology, microscope, cell biology"
Plasmodium Stock Footage | Microscopic,https://storage.googleapis.com/stockflow-social/Batch01/Montages/V/Microscopic_Parasite_Plasmodium_V.mp4,Microscopic World,0:02,"Download premium plasmodium stock footage — 4K video & 8K images. Part of our Parasite collection. Royalty-free, no attribution required. Perfect for content creators, filmmakers, and designers. Instant download at stockflow.media",https://stockflow.media/?cat=Microscopic&sub=Parasite&collection=Plasmodium,2026-04-01 8:00:00,"stock footage, royalty free, 4k video, 8k images, plasmodium, parasite, microscopy, science, biology, microscope, cell biology"
Parasite Montage Stock Footage | Microscopic,https://storage.googleapis.com/stockflow-social/Batch01/Montages/V/Microscopic_Parasite_Parasite-Montage_V.mp4,Microscopic World,0:02,"Download premium parasite montage stock footage — 4K video & 8K images. Part of our Parasite collection. Royalty-free, no attribution required. Perfect for content creators, filmmakers, and designers. Instant download at stockflow.media",https://stockflow.media/?cat=Microscopic&sub=Parasite&collection=Parasite+Montage,2026-04-01 11:00:00,"stock footage, royalty free, 4k video, 8k images, parasite montage, parasite, microscopy, science, biology, microscope, cell biology"
Parasite Stock Footage | Microscopic,https://storage.googleapis.com/stockflow-social/Batch01/Montages/V/Microscopic_Parasite_Parasite_V.mp4,Microscopic World,0:02,"Download premium parasite stock footage — 4K video & 8K images. Part of our Parasite collection. Royalty-free, no attribution required. Perfect for content creators, filmmakers, and designers. Instant download at stockflow.media",https://stockflow.media/?cat=Microscopic&sub=Parasite&collection=Parasite,2026-04-01 14:00:00,"stock footage, royalty free, 4k video, 8k images, parasite, microscopy, science, biology, microscope, cell biology"
Leishmania Stock Footage | Microscopic,https://storage.googleapis.com/stockflow-social/Batch01/Montages/V/Microscopic_Parasite_Leishmania_V.mp4,Microscopic World,0:02,"Download premium leishmania stock footage — 4K video & 8K images. Part of our Parasite collection. Royalty-free, no attribution required. Perfect for content creators, filmmakers, and designers. Instant download at stockflow.media",https://stockflow.media/?cat=Microscopic&sub=Parasite&collection=Leishmania,2026-04-01 17:00:00,"stock footage, royalty free, 4k video, 8k images, leishmania, parasite, microscopy, science, biology, microscope, cell biology"
Giardia Lamblia Stock Footage | Microscopic,https://storage.googleapis.com/stockflow-social/Batch01/Montages/V/Microscopic_Parasite_Giardia-Lamblia_V.mp4,Microscopic World,0:02,"Download premium giardia lamblia stock footage — 4K video & 8K images. Part of our Parasite collection. Royalty-free, no attribution required. Perfect for content creators, filmmakers, and designers. Instant download at stockflow.media",https://stockflow.media/?cat=Microscopic&sub=Parasite&collection=Giardia+Lamblia,2026-04-01 20:00:00,"stock footage, royalty free, 4k video, 8k images, giardia lamblia, parasite, microscopy, science, biology, microscope, cell biology"
Flatworm Larvae Stock Footage | Microscopic,https://storage.googleapis.com/stockflow-social/Batch01/Montages/V/Microscopic_Parasite_Flatworm-Larvae_V.mp4,Microscopic World,0:02,"Download premium flatworm larvae stock footage — 4K video & 8K images. Part of our Parasite collection. Royalty-free, no attribution required. Perfect for content creators, filmmakers, and designers. Instant download at stockflow.media",https://stockflow.media/?cat=Microscopic&sub=Parasite&collection=Flatworm+Larvae,2026-04-02 8:00:00,"stock footage, royalty free, 4k video, 8k images, flatworm larvae, parasite, microscopy, science, biology, microscope, cell biology"
Flatworm Larae Stock Footage | Microscopic,https://storage.googleapis.com/stockflow-social/Batch01/Montages/V/Microscopic_Parasite_Flatworm-Larae_V.mp4,Microscopic World,0:02,"Download premium flatworm larae stock footage — 4K video & 8K images. Part of our Parasite collection. Royalty-free, no attribution required. Perfect for content creators, filmmakers, and designers. Instant download at stockflow.media",https://stockflow.media/?cat=Microscopic&sub=Parasite&collection=Flatworm+Larae,2026-04-02 11:00:00,"stock footage, royalty free, 4k video, 8k images, flatworm larae, parasite, microscopy, science, biology, microscope, cell biology"
Cryptosporidium Stock Footage | Microscopic,https://storage.googleapis.com/stockflow-social/Batch01/Montages/V/Microscopic_Parasite_Cryptosporidium_V.mp4,Microscopic World,0:02,"Download premium cryptosporidium stock footage — 4K video & 8K images. Part of our Parasite collection. Royalty-free, no attribution required. Perfect for content creators, filmmakers, and designers. Instant download at stockflow.media",https://stockflow.media/?cat=Microscopic&sub=Parasite&collection=Cryptosporidium,2026-04-02 14:00:00,"stock footage, royalty free, 4k video, 8k images, cryptosporidium, parasite, microscopy, science, biology, microscope, cell biology"
Nucleus Montage Stock Footage | Microscopic,https://storage.googleapis.com/stockflow-social/Batch01/Montages/V/Microscopic_Nucleus_Nucleus-Montage_V.mp4,Microscopic World,0:02,"Download premium nucleus montage stock footage — 4K video & 8K images. Part of our Nucleus collection. Royalty-free, no attribution required. Perfect for content creators, filmmakers, and designers. Instant download at stockflow.media",https://stockflow.media/?cat=Microscopic&sub=Nucleus&collection=Nucleus+Montage,2026-04-02 17:00:00,"stock footage, royalty free, 4k video, 8k images, nucleus montage, nucleus, microscopy, science, biology, microscope, cell biology"
Spinalcord Stock Footage | Microscopic,https://storage.googleapis.com/stockflow-social/Batch01/Montages/V/Microscopic_Neuropathology_Spinalcord_V.mp4,Microscopic World,0:02,"Download premium spinalcord stock footage — 4K video & 8K images. Part of our Neuropathology collection. Royalty-free, no attribution required. Perfect for content creators, filmmakers, and designers. Instant download at stockflow.media",https://stockflow.media/?cat=Microscopic&sub=Neuropathology&collection=Spinalcord,2026-04-02 20:00:00,"stock footage, royalty free, 4k video, 8k images, spinalcord, neuropathology, microscopy, science, biology, microscope, cell biology"
Coronavirus Stock Footage | Microscopic,https://storage.googleapis.com/stockflow-social/Batch01/Montages/V/Microscopic_Nucleus_Coronavirus_V.mp4,Microscopic World,0:02,"Download premium coronavirus stock footage — 4K video & 8K images. Part of our Nucleus collection. Royalty-free, no attribution required. Perfect for content creators, filmmakers, and designers. Instant download at stockflow.media",https://stockflow.media/?cat=Microscopic&sub=Nucleus&collection=Coronavirus,2026-04-03 8:00:00,"stock footage, royalty free, 4k video, 8k images, coronavirus, nucleus, microscopy, science, biology, microscope, cell biology"
Parkinson Stock Footage | Microscopic,https://storage.googleapis.com/stockflow-social/Batch01/Montages/V/Microscopic_Neuropathology_Parkinson_V.mp4,Microscopic World,0:02,"Download premium parkinson stock footage — 4K video & 8K images. Part of our Neuropathology collection. Royalty-free, no attribution required. Perfect for content creators, filmmakers, and designers. Instant download at stockflow.media",https://stockflow.media/?cat=Microscopic&sub=Neuropathology&collection=Parkinson,2026-04-03 11:00:00,"stock footage, royalty free, 4k video, 8k images, parkinson, neuropathology, microscopy, science, biology, microscope, cell biology"
Neuropathology Montage Stock Footage | Microscopic,https://storage.googleapis.com/stockflow-social/Batch01/Montages/V/Microscopic_Neuropathology_Neuropathology-Montage_V.mp4,Microscopic World,0:02,"Download premium neuropathology montage stock footage — 4K video & 8K images. Part of our Neuropathology collection. Royalty-free, no attribution required. Perfect for content creators, filmmakers, and designers. Instant download at stockflow.media",https://stockflow.media/?cat=Microscopic&sub=Neuropathology&collection=Neuropathology+Montage,2026-04-03 14:00:00,"stock footage, royalty free, 4k video, 8k images, neuropathology montage, neuropathology, microscopy, science, biology, microscope, cell biology"
Multiplesclerosis Stock Footage | Microscopic,https://storage.googleapis.com/stockflow-social/Batch01/Montages/V/Microscopic_Neuropathology_Multiplesclerosis_V.mp4,Microscopic World,0:02,"Download premium multiplesclerosis stock footage — 4K video & 8K images. Part of our Neuropathology collection. Royalty-free, no attribution required. Perfect for content creators, filmmakers, and designers. Instant download at stockflow.media",https://stockflow.media/?cat=Microscopic&sub=Neuropathology&collection=Multiplesclerosis,2026-04-03 17:00:00,"stock footage, royalty free, 4k video, 8k images, multiplesclerosis, neuropathology, microscopy, science, biology, microscope, cell biology"
Neuroblastoma Stock Footage | Microscopic,https://storage.googleapis.com/stockflow-social/Batch01/Montages/V/Microscopic_Neuropathology_Neuroblastoma_V.mp4,Microscopic World,0:02,"Download premium neuroblastoma stock footage — 4K video & 8K images. Part of our Neuropathology collection. Royalty-free, no attribution required. Perfect for content creators, filmmakers, and designers. Instant download at stockflow.media",https://stockflow.media/?cat=Microscopic&sub=Neuropathology&collection=Neuroblastoma,2026-04-03 20:00:00,"stock footage, royalty free, 4k video, 8k images, neuroblastoma, neuropathology, microscopy, science, biology, microscope, cell biology"
Alzheimer Stock Footage | Microscopic,https://storage.googleapis.com/stockflow-social/Batch01/Montages/V/Microscopic_Neuropathology_Alzheimer_V.mp4,Microscopic World,0:02,"Download premium alzheimer stock footage — 4K video & 8K images. Part of our Neuropathology collection. Royalty-free, no attribution required. Perfect for content creators, filmmakers, and designers. Instant download at stockflow.media",https://stockflow.media/?cat=Microscopic&sub=Neuropathology&collection=Alzheimer,2026-04-04 8:00:00,"stock footage, royalty free, 4k video, 8k images, alzheimer, neuropathology, microscopy, science, biology, microscope, cell biology"
Tuberculosis Stock Footage | Microscopic,https://storage.googleapis.com/stockflow-social/Batch01/Montages/V/Microscopic_Infectious_Tuberculosis_V.mp4,Microscopic World,0:02,"Download premium tuberculosis stock footage — 4K video & 8K images. Part of our Infectious collection. Royalty-free, no attribution required. Perfect for content creators, filmmakers, and designers. Instant download at stockflow.media",https://stockflow.media/?cat=Microscopic&sub=Infectious&collection=Tuberculosis,2026-04-04 11:00:00,"stock footage, royalty free, 4k video, 8k images, tuberculosis, infectious, microscopy, science, biology, microscope, cell biology"
Toxoplasma Stock Footage | Microscopic,https://storage.googleapis.com/stockflow-social/Batch01/Montages/V/Microscopic_Infectious_Toxoplasma_V.mp4,Microscopic World,0:02,"Download premium toxoplasma stock footage — 4K video & 8K images. Part of our Infectious collection. Royalty-free, no attribution required. Perfect for content creators, filmmakers, and designers. Instant download at stockflow.media",https://stockflow.media/?cat=Microscopic&sub=Infectious&collection=Toxoplasma,2026-04-04 14:00:00,"stock footage, royalty free, 4k video, 8k images, toxoplasma, infectious, microscopy, science, biology, microscope, cell biology"
Schistosoma Stock Footage | Microscopic,https://storage.googleapis.com/stockflow-social/Batch01/Montages/V/Microscopic_Infectious_Schistosoma_V.mp4,Microscopic World,0:02,"Download premium schistosoma stock footage — 4K video & 8K images. Part of our Infectious collection. Royalty-free, no attribution required. Perfect for content creators, filmmakers, and designers. Instant download at stockflow.media",https://stockflow.media/?cat=Microscopic&sub=Infectious&collection=Schistosoma,2026-04-04 17:00:00,"stock footage, royalty free, 4k video, 8k images, schistosoma, infectious, microscopy, science, biology, microscope, cell biology"
Infectious Montage Stock Footage | Microscopic,https://storage.googleapis.com/stockflow-social/Batch01/Montages/V/Microscopic_Infectious_Infectious-Montage_V.mp4,Microscopic World,0:02,"Download premium infectious montage stock footage — 4K video & 8K images. Part of our Infectious collection. Royalty-free, no attribution required. Perfect for content creators, filmmakers, and designers. Instant download at stockflow.media",https://stockflow.media/?cat=Microscopic&sub=Infectious&collection=Infectious+Montage,2026-04-04 20:00:00,"stock footage, royalty free, 4k video, 8k images, infectious montage, infectious, microscopy, science, biology, microscope, cell biology"
Fungal Stock Footage | Microscopic,https://storage.googleapis.com/stockflow-social/Batch01/Montages/V/Microscopic_Infectious_Fungal_V.mp4,Microscopic World,0:02,"Download premium fungal stock footage — 4K video & 8K images. Part of our Infectious collection. Royalty-free, no attribution required. Perfect for content creators, filmmakers, and designers. Instant download at stockflow.media",https://stockflow.media/?cat=Microscopic&sub=Infectious&collection=Fungal,2026-04-05 8:00:00,"stock footage, royalty free, 4k video, 8k images, fungal, infectious, microscopy, science, biology, microscope, cell biology"
Hepatitis Stock Footage | Microscopic,https://storage.googleapis.com/stockflow-social/Batch01/Montages/V/Microscopic_Infectious_Hepatitis_V.mp4,Microscopic World,0:02,"Download premium hepatitis stock footage — 4K video & 8K images. Part of our Infectious collection. Royalty-free, no attribution required. Perfect for content creators, filmmakers, and designers. Instant download at stockflow.media",https://stockflow.media/?cat=Microscopic&sub=Infectious&collection=Hepatitis,2026-04-05 11:00:00,"stock footage, royalty free, 4k video, 8k images, hepatitis, infectious, microscopy, science, biology, microscope, cell biology"
Hyphae Montage Stock Footage | Microscopic,https://storage.googleapis.com/stockflow-social/Batch01/Montages/V/Microscopic_Hyphae_Hyphae-Montage_V.mp4,Microscopic World,0:02,"Download premium hyphae montage stock footage — 4K video & 8K images. Part of our Hyphae collection. Royalty-free, no attribution required. Perfect for content creators, filmmakers, and designers. Instant download at stockflow.media",https://stockflow.media/?cat=Microscopic&sub=Hyphae&collection=Hyphae+Montage,2026-04-05 14:00:00,"stock footage, royalty free, 4k video, 8k images, hyphae montage, hyphae, microscopy, science, biology, microscope, cell biology"
Hyphae Stock Footage | Microscopic,https://storage.googleapis.com/stockflow-social/Batch01/Montages/V/Microscopic_Hyphae_Hyphae_V.mp4,Microscopic World,0:02,"Download premium hyphae stock footage — 4K video & 8K images. Part of our Hyphae collection. Royalty-free, no attribution required. Perfect for content creators, filmmakers, and designers. Instant download at stockflow.media",https://stockflow.media/?cat=Microscopic&sub=Hyphae&collection=Hyphae,2026-04-05 17:00:00,"stock footage, royalty free, 4k video, 8k images, hyphae, microscopy, science, biology, microscope, cell biology"
Prostate Stock Footage | Microscopic,https://storage.googleapis.com/stockflow-social/Batch01/Montages/V/Microscopic_Histopathology_Prostate_V.mp4,Microscopic World,0:02,"Download premium prostate stock footage — 4K video & 8K images. Part of our Histopathology collection. Royalty-free, no attribution required. Perfect for content creators, filmmakers, and designers. Instant download at stockflow.media",https://stockflow.media/?cat=Microscopic&sub=Histopathology&collection=Prostate,2026-04-05 20:00:00,"stock footage, royalty free, 4k video, 8k images, prostate, histopathology, microscopy, science, biology, microscope, cell biology"
Psoriatic Stock Footage | Microscopic,https://storage.googleapis.com/stockflow-social/Batch01/Montages/V/Microscopic_Histopathology_Psoriatic_V.mp4,Microscopic World,0:02,"Download premium psoriatic stock footage — 4K video & 8K images. Part of our Histopathology collection. Royalty-free, no attribution required. Perfect for content creators, filmmakers, and designers. Instant download at stockflow.media",https://stockflow.media/?cat=Microscopic&sub=Histopathology&collection=Psoriatic,2026-04-06 8:00:00,"stock footage, royalty free, 4k video, 8k images, psoriatic, histopathology, microscopy, science, biology, microscope, cell biology"
Lung Tissue Stock Footage | Microscopic,https://storage.googleapis.com/stockflow-social/Batch01/Montages/V/Microscopic_Histopathology_Lung-Tissue_V.mp4,Microscopic World,0:02,"Download premium lung tissue stock footage — 4K video & 8K images. Part of our Histopathology collection. Royalty-free, no attribution required. Perfect for content creators, filmmakers, and designers. Instant download at stockflow.media",https://stockflow.media/?cat=Microscopic&sub=Histopathology&collection=Lung+Tissue,2026-04-06 11:00:00,"stock footage, royalty free, 4k video, 8k images, lung tissue, histopathology, microscopy, science, biology, microscope, cell biology"
Liver Cirrhosis Stock Footage | Microscopic,https://storage.googleapis.com/stockflow-social/Batch01/Montages/V/Microscopic_Histopathology_Liver-Cirrhosis_V.mp4,Microscopic World,0:02,"Download premium liver cirrhosis stock footage — 4K video & 8K images. Part of our Histopathology collection. Royalty-free, no attribution required. Perfect for content creators, filmmakers, and designers. Instant download at stockflow.media",https://stockflow.media/?cat=Microscopic&sub=Histopathology&collection=Liver+Cirrhosis,2026-04-06 14:00:00,"stock footage, royalty free, 4k video, 8k images, liver cirrhosis, histopathology, microscopy, science, biology, microscope, cell biology"
Histopathology Montage Stock Footage | Microscopic,https://storage.googleapis.com/stockflow-social/Batch01/Montages/V/Microscopic_Histopathology_Histopathology-Montage_V.mp4,Microscopic World,0:02,"Download premium histopathology montage stock footage — 4K video & 8K images. Part of our Histopathology collection. Royalty-free, no attribution required. Perfect for content creators, filmmakers, and designers. Instant download at stockflow.media",https://stockflow.media/?cat=Microscopic&sub=Histopathology&collection=Histopathology+Montage,2026-04-06 17:00:00,"stock footage, royalty free, 4k video, 8k images, histopathology montage, histopathology, microscopy, science, biology, microscope, cell biology"
Kidney Stock Footage | Microscopic,https://storage.googleapis.com/stockflow-social/Batch01/Montages/V/Microscopic_Histopathology_Kidney_V.mp4,Microscopic World,0:02,"Download premium kidney stock footage — 4K video & 8K images. Part of our Histopathology collection. Royalty-free, no attribution required. Perfect for content creators, filmmakers, and designers. Instant download at stockflow.media",https://stockflow.media/?cat=Microscopic&sub=Histopathology&collection=Kidney,2026-04-06 20:00:00,"stock footage, royalty free, 4k video, 8k images, kidney, histopathology, microscopy, science, biology, microscope, cell biology"
Glioblastoma Stock Footage | Microscopic,https://storage.googleapis.com/stockflow-social/Batch01/Montages/V/Microscopic_Histopathology_Glioblastoma_V.mp4,Microscopic World,0:02,"Download premium glioblastoma stock footage — 4K video & 8K images. Part of our Histopathology collection. Royalty-free, no attribution required. Perfect for content creators, filmmakers, and designers. Instant download at stockflow.media",https://stockflow.media/?cat=Microscopic&sub=Histopathology&collection=Glioblastoma,2026-04-07 8:00:00,"stock footage, royalty free, 4k video, 8k images, glioblastoma, histopathology, microscopy, science, biology, microscope, cell biology"
Colon Polyp Stock Footage | Microscopic,https://storage.googleapis.com/stockflow-social/Batch01/Montages/V/Microscopic_Histopathology_Colon-Polyp_V.mp4,Microscopic World,0:02,"Download premium colon polyp stock footage — 4K video & 8K images. Part of our Histopathology collection. Royalty-free, no attribution required. Perfect for content creators, filmmakers, and designers. Instant download at stockflow.media",https://stockflow.media/?cat=Microscopic&sub=Histopathology&collection=Colon+Polyp,2026-04-07 11:00:00,"stock footage, royalty free, 4k video, 8k images, colon polyp, histopathology, microscopy, science, biology, microscope, cell biology"
Breast Cancer Stock Footage | Microscopic,https://storage.googleapis.com/stockflow-social/Batch01/Montages/V/Microscopic_Histopathology_Breast-Cancer_V.mp4,Microscopic World,0:02,"Download premium breast cancer stock footage — 4K video & 8K images. Part of our Histopathology collection. Royalty-free, no attribution required. Perfect for content creators, filmmakers, and designers. Instant download at stockflow.media",https://stockflow.media/?cat=Microscopic&sub=Histopathology&collection=Breast+Cancer,2026-04-07 14:00:00,"stock footage, royalty free, 4k video, 8k images, breast cancer, histopathology, microscopy, science, biology, microscope, cell biology"
Cervical Cells Stock Footage | Microscopic,https://storage.googleapis.com/stockflow-social/Batch01/Montages/V/Microscopic_Histopathology_Cervical-Cells_V.mp4,Microscopic World,0:02,"Download premium cervical cells stock footage — 4K video & 8K images. Part of our Histopathology collection. Royalty-free, no attribution required. Perfect for content creators, filmmakers, and designers. Instant download at stockflow.media",https://stockflow.media/?cat=Microscopic&sub=Histopathology&collection=Cervical+Cells,2026-04-07 17:00:00,"stock footage, royalty free, 4k video, 8k images, cervical cells, histopathology, microscopy, science, biology, microscope, cell biology"
Sickle Cell Stock Footage | Microscopic,https://storage.googleapis.com/stockflow-social/Batch01/Montages/V/Microscopic_Hematology_Sickle-Cell_V.mp4,Microscopic World,0:02,"Download premium sickle cell stock footage — 4K video & 8K images. Part of our Hematology collection. Royalty-free, no attribution required. Perfect for content creators, filmmakers, and designers. Instant download at stockflow.media",https://stockflow.media/?cat=Microscopic&sub=Hematology&collection=Sickle+Cell,2026-04-07 20:00:00,"stock footage, royalty free, 4k video, 8k images, sickle cell, hematology, microscopy, science, biology, microscope, cell biology"
Zygomycete Stock Footage | Microscopic,https://storage.googleapis.com/stockflow-social/Batch01/Montages/V/Microscopic_Fungi_Zygomycete_V.mp4,Microscopic World,0:02,"Download premium zygomycete stock footage — 4K video & 8K images. Part of our Fungi collection. Royalty-free, no attribution required. Perfect for content creators, filmmakers, and designers. Instant download at stockflow.media",https://stockflow.media/?cat=Microscopic&sub=Fungi&collection=Zygomycete,2026-04-08 8:00:00,"stock footage, royalty free, 4k video, 8k images, zygomycete, fungi, microscopy, science, biology, microscope, cell biology"
Hematology Montage Stock Footage | Microscopic,https://storage.googleapis.com/stockflow-social/Batch01/Montages/V/Microscopic_Hematology_Hematology-Montage_V.mp4,Microscopic World,0:02,"Download premium hematology montage stock footage — 4K video & 8K images. Part of our Hematology collection. Royalty-free, no attribution required. Perfect for content creators, filmmakers, and designers. Instant download at stockflow.media",https://stockflow.media/?cat=Microscopic&sub=Hematology&collection=Hematology+Montage,2026-04-08 11:00:00,"stock footage, royalty free, 4k video, 8k images, hematology montage, hematology, microscopy, science, biology, microscope, cell biology"
Yeast Cells Stock Footage | Microscopic,https://storage.googleapis.com/stockflow-social/Batch01/Montages/V/Microscopic_Fungi_Yeast-Cells_V.mp4,Microscopic World,0:02,"Download premium yeast cells stock footage — 4K video & 8K images. Part of our Fungi collection. Royalty-free, no attribution required. Perfect for content creators, filmmakers, and designers. Instant download at stockflow.media",https://stockflow.media/?cat=Microscopic&sub=Fungi&collection=Yeast+Cells,2026-04-08 14:00:00,"stock footage, royalty free, 4k video, 8k images, yeast cells, fungi, microscopy, science, biology, microscope, cell biology"
Sporangia Stock Footage | Microscopic,https://storage.googleapis.com/stockflow-social/Batch01/Montages/V/Microscopic_Fungi_Sporangia_V.mp4,Microscopic World,0:02,"Download premium sporangia stock footage — 4K video & 8K images. Part of our Fungi collection. Royalty-free, no attribution required. Perfect for content creators, filmmakers, and designers. Instant download at stockflow.media",https://stockflow.media/?cat=Microscopic&sub=Fungi&collection=Sporangia,2026-04-08 17:00:00,"stock footage, royalty free, 4k video, 8k images, sporangia, fungi, microscopy, science, biology, microscope, cell biology"
Pathogenic Stock Footage | Microscopic,https://storage.googleapis.com/stockflow-social/Batch01/Montages/V/Microscopic_Fungi_Pathogenic_V.mp4,Microscopic World,0:02,"Download premium pathogenic stock footage — 4K video & 8K images. Part of our Fungi collection. Royalty-free, no attribution required. Perfect for content creators, filmmakers, and designers. Instant download at stockflow.media",https://stockflow.media/?cat=Microscopic&sub=Fungi&collection=Pathogenic,2026-04-08 20:00:00,"stock footage, royalty free, 4k video, 8k images, pathogenic, fungi, microscopy, science, biology, microscope, cell biology"
Mycelium Stock Footage | Microscopic,https://storage.googleapis.com/stockflow-social/Batch01/Montages/V/Microscopic_Fungi_Mycelium_V.mp4,Microscopic World,0:02,"Download premium mycelium stock footage — 4K video & 8K images. Part of our Fungi collection. Royalty-free, no attribution required. Perfect for content creators, filmmakers, and designers. Instant download at stockflow.media",https://stockflow.media/?cat=Microscopic&sub=Fungi&collection=Mycelium,2026-04-09 8:00:00,"stock footage, royalty free, 4k video, 8k images, mycelium, fungi, microscopy, science, biology, microscope, cell biology"
Lichen Stock Footage | Microscopic,https://storage.googleapis.com/stockflow-social/Batch01/Montages/V/Microscopic_Fungi_Lichen_V.mp4,Microscopic World,0:02,"Download premium lichen stock footage — 4K video & 8K images. Part of our Fungi collection. Royalty-free, no attribution required. Perfect for content creators, filmmakers, and designers. Instant download at stockflow.media",https://stockflow.media/?cat=Microscopic&sub=Fungi&collection=Lichen,2026-04-09 11:00:00,"stock footage, royalty free, 4k video, 8k images, lichen, fungi, microscopy, science, biology, microscope, cell biology"
Fungi Montage Stock Footage | Microscopic,https://storage.googleapis.com/stockflow-social/Batch01/Montages/V/Microscopic_Fungi_Fungi-Montage_V.mp4,Microscopic World,0:02,"Download premium fungi montage stock footage — 4K video & 8K images. Part of our Fungi collection. Royalty-free, no attribution required. Perfect for content creators, filmmakers, and designers. Instant download at stockflow.media",https://stockflow.media/?cat=Microscopic&sub=Fungi&collection=Fungi+Montage,2026-04-09 14:00:00,"stock footage, royalty free, 4k video, 8k images, fungi montage, fungi, microscopy, science, biology, microscope, cell biology"
Fungi Stock Footage | Microscopic,https://storage.googleapis.com/stockflow-social/Batch01/Montages/V/Microscopic_Fungi_Fungi_V.mp4,Microscopic World,0:02,"Download premium fungi stock footage — 4K video & 8K images. Part of our Fungi collection. Royalty-free, no attribution required. Perfect for content creators, filmmakers, and designers. Instant download at stockflow.media",https://stockflow.media/?cat=Microscopic&sub=Fungi&collection=Fungi,2026-04-09 17:00:00,"stock footage, royalty free, 4k video, 8k images, fungi, microscopy, science, biology, microscope, cell biology"
Decay Stock Footage | Microscopic,https://storage.googleapis.com/stockflow-social/Batch01/Montages/V/Microscopic_Fungi_Decay_V.mp4,Microscopic World,0:02,"Download premium decay stock footage — 4K video & 8K images. Part of our Fungi collection. Royalty-free, no attribution required. Perfect for content creators, filmmakers, and designers. Instant download at stockflow.media",https://stockflow.media/?cat=Microscopic&sub=Fungi&collection=Decay,2026-04-09 20:00:00,"stock footage, royalty free, 4k video, 8k images, decay, fungi, microscopy, science, biology, microscope, cell biology"
Basidiospores Stock Footage | Microscopic,https://storage.googleapis.com/stockflow-social/Batch01/Montages/V/Microscopic_Fungi_Basidiospores_V.mp4,Microscopic World,0:02,"Download premium basidiospores stock footage — 4K video & 8K images. Part of our Fungi collection. Royalty-free, no attribution required. Perfect for content creators, filmmakers, and designers. Instant download at stockflow.media",https://stockflow.media/?cat=Microscopic&sub=Fungi&collection=Basidiospores,2026-04-10 8:00:00,"stock footage, royalty free, 4k video, 8k images, basidiospores, fungi, microscopy, science, biology, microscope, cell biology"
Algal Cells Stock Footage | Microscopic,https://storage.googleapis.com/stockflow-social/Batch01/Montages/V/Microscopic_Fungi_Algal-Cells_V.mp4,Microscopic World,0:02,"Download premium algal cells stock footage — 4K video & 8K images. Part of our Fungi collection. Royalty-free, no attribution required. Perfect for content creators, filmmakers, and designers. Instant download at stockflow.media",https://stockflow.media/?cat=Microscopic&sub=Fungi&collection=Algal+Cells,2026-04-10 11:00:00,"stock footage, royalty free, 4k video, 8k images, algal cells, fungi, microscopy, science, biology, microscope, cell biology"
Yeast And Mold Stock Footage | Microscopic,https://storage.googleapis.com/stockflow-social/Batch01/Montages/V/Microscopic_Food-Fungi_Yeast-And-Mold_V.mp4,Microscopic World,0:02,"Download premium yeast and mold stock footage — 4K video & 8K images. Part of our Food Fungi collection. Royalty-free, no attribution required. Perfect for content creators, filmmakers, and designers. Instant download at stockflow.media",https://stockflow.media/?cat=Microscopic&sub=Food+Fungi&collection=Yeast+And+Mold,2026-04-10 14:00:00,"stock footage, royalty free, 4k video, 8k images, yeast and mold, food fungi, microscopy, science, biology, microscope, cell biology"
Rhizopus Stock Footage | Microscopic,https://storage.googleapis.com/stockflow-social/Batch01/Montages/V/Microscopic_Food-Fungi_Rhizopus_V.mp4,Microscopic World,0:02,"Download premium rhizopus stock footage — 4K video & 8K images. Part of our Food Fungi collection. Royalty-free, no attribution required. Perfect for content creators, filmmakers, and designers. Instant download at stockflow.media",https://stockflow.media/?cat=Microscopic&sub=Food+Fungi&collection=Rhizopus,2026-04-10 17:00:00,"stock footage, royalty free, 4k video, 8k images, rhizopus, food fungi, microscopy, science, biology, microscope, cell biology"
Penicillium Stock Footage | Microscopic,https://storage.googleapis.com/stockflow-social/Batch01/Montages/V/Microscopic_Food-Fungi_Penicillium_V.mp4,Microscopic World,0:02,"Download premium penicillium stock footage — 4K video & 8K images. Part of our Food Fungi collection. Royalty-free, no attribution required. Perfect for content creators, filmmakers, and designers. Instant download at stockflow.media",https://stockflow.media/?cat=Microscopic&sub=Food+Fungi&collection=Penicillium,2026-04-10 20:00:00,"stock footage, royalty free, 4k video, 8k images, penicillium, food fungi, microscopy, science, biology, microscope, cell biology"
Mold Growth Stock Footage | Microscopic,https://storage.googleapis.com/stockflow-social/Batch01/Montages/V/Microscopic_Food-Fungi_Mold-Growth_V.mp4,Microscopic World,0:02,"Download premium mold growth stock footage — 4K video & 8K images. Part of our Food Fungi collection. Royalty-free, no attribution required. Perfect for content creators, filmmakers, and designers. Instant download at stockflow.media",https://stockflow.media/?cat=Microscopic&sub=Food+Fungi&collection=Mold+Growth,2026-04-11 8:00:00,"stock footage, royalty free, 4k video, 8k images, mold growth, food fungi, microscopy, science, biology, microscope, cell biology"
Fungal Penetration Stock Footage | Microscopic,https://storage.googleapis.com/stockflow-social/Batch01/Montages/V/Microscopic_Food-Fungi_Fungal-Penetration_V.mp4,Microscopic World,0:02,"Download premium fungal penetration stock footage — 4K video & 8K images. Part of our Food Fungi collection. Royalty-free, no attribution required. Perfect for content creators, filmmakers, and designers. Instant download at stockflow.media",https://stockflow.media/?cat=Microscopic&sub=Food+Fungi&collection=Fungal+Penetration,2026-04-11 11:00:00,"stock footage, royalty free, 4k video, 8k images, fungal penetration, food fungi, microscopy, science, biology, microscope, cell biology"
Fungal Ecosystem Stock Footage | Microscopic,https://storage.googleapis.com/stockflow-social/Batch01/Montages/V/Microscopic_Food-Fungi_Fungal-Ecosystem_V.mp4,Microscopic World,0:02,"Download premium fungal ecosystem stock footage — 4K video & 8K images. Part of our Food Fungi collection. Royalty-free, no attribution required. Perfect for content creators, filmmakers, and designers. Instant download at stockflow.media",https://stockflow.media/?cat=Microscopic&sub=Food+Fungi&collection=Fungal+Ecosystem,2026-04-11 14:00:00,"stock footage, royalty free, 4k video, 8k images, fungal ecosystem, food fungi, microscopy, science, biology, microscope, cell biology"
Food Fungi Montage Stock Footage | Microscopic,https://storage.googleapis.com/stockflow-social/Batch01/Montages/V/Microscopic_Food-Fungi_Food-Fungi-Montage_V.mp4,Microscopic World,0:02,"Download premium food fungi montage stock footage — 4K video & 8K images. Part of our Food Fungi collection. Royalty-free, no attribution required. Perfect for content creators, filmmakers, and designers. Instant download at stockflow.media",https://stockflow.media/?cat=Microscopic&sub=Food+Fungi&collection=Food+Fungi+Montage,2026-04-11 17:00:00,"stock footage, royalty free, 4k video, 8k images, food fungi montage, food fungi, microscopy, science, biology, microscope, cell biology"
Aspergillus Stock Footage | Microscopic,https://storage.googleapis.com/stockflow-social/Batch01/Montages/V/Microscopic_Food-Fungi_Aspergillus_V.mp4,Microscopic World,0:02,"Download premium aspergillus stock footage — 4K video & 8K images. Part of our Food Fungi collection. Royalty-free, no attribution required. Perfect for content creators, filmmakers, and designers. Instant download at stockflow.media",https://stockflow.media/?cat=Microscopic&sub=Food+Fungi&collection=Aspergillus,2026-04-11 20:00:00,"stock footage, royalty free, 4k video, 8k images, aspergillus, food fungi, microscopy, science, biology, microscope, cell biology"
Helix Stock Footage | Microscopic,https://storage.googleapis.com/stockflow-social/Batch01/Montages/V/Microscopic_Dna_Helix_V.mp4,Microscopic World,0:02,"Download premium helix stock footage — 4K video & 8K images. Part of our Dna collection. Royalty-free, no attribution required. Perfect for content creators, filmmakers, and designers. Instant download at stockflow.media",https://stockflow.media/?cat=Microscopic&sub=Dna&collection=Helix,2026-04-12 8:00:00,"stock footage, royalty free, 4k video, 8k images, helix, dna, microscopy, science, biology, microscope, cell biology"
Dna Montage Stock Footage | Microscopic,https://storage.googleapis.com/stockflow-social/Batch01/Montages/V/Microscopic_Dna_Dna-Montage_V.mp4,Microscopic World,0:02,"Download premium dna montage stock footage — 4K video & 8K images. Part of our Dna collection. Royalty-free, no attribution required. Perfect for content creators, filmmakers, and designers. Instant download at stockflow.media",https://stockflow.media/?cat=Microscopic&sub=Dna&collection=Dna+Montage,2026-04-12 11:00:00,"stock footage, royalty free, 4k video, 8k images, dna montage, dna, microscopy, science, biology, microscope, cell biology"
Squamous Stock Footage | Microscopic,https://storage.googleapis.com/stockflow-social/Batch01/Montages/V/Microscopic_Dermatopathology_Squamous_V.mp4,Microscopic World,0:02,"Download premium squamous stock footage — 4K video & 8K images. Part of our Dermatopathology collection. Royalty-free, no attribution required. Perfect for content creators, filmmakers, and designers. Instant download at stockflow.media",https://stockflow.media/?cat=Microscopic&sub=Dermatopathology&collection=Squamous,2026-04-12 14:00:00,"stock footage, royalty free, 4k video, 8k images, squamous, dermatopathology, microscopy, science, biology, microscope, cell biology"
Vitiligo Stock Footage | Microscopic,https://storage.googleapis.com/stockflow-social/Batch01/Montages/V/Microscopic_Dermatopathology_Vitiligo_V.mp4,Microscopic World,0:02,"Download premium vitiligo stock footage — 4K video & 8K images. Part of our Dermatopathology collection. Royalty-free, no attribution required. Perfect for content creators, filmmakers, and designers. Instant download at stockflow.media",https://stockflow.media/?cat=Microscopic&sub=Dermatopathology&collection=Vitiligo,2026-04-12 17:00:00,"stock footage, royalty free, 4k video, 8k images, vitiligo, dermatopathology, microscopy, science, biology, microscope, cell biology"
Eczema Stock Footage | Microscopic,https://storage.googleapis.com/stockflow-social/Batch01/Montages/V/Microscopic_Dermatopathology_Eczema_V.mp4,Microscopic World,0:02,"Download premium eczema stock footage — 4K video & 8K images. Part of our Dermatopathology collection. Royalty-free, no attribution required. Perfect for content creators, filmmakers, and designers. Instant download at stockflow.media",https://stockflow.media/?cat=Microscopic&sub=Dermatopathology&collection=Eczema,2026-04-12 20:00:00,"stock footage, royalty free, 4k video, 8k images, eczema, dermatopathology, microscopy, science, biology, microscope, cell biology"
Dermatopathology Montage Stock Footage | Microscopic,https://storage.googleapis.com/stockflow-social/Batch01/Montages/V/Microscopic_Dermatopathology_Dermatopathology-Montage_V.mp4,Microscopic World,0:02,"Download premium dermatopathology montage stock footage — 4K video & 8K images. Part of our Dermatopathology collection. Royalty-free, no attribution required. Perfect for content creators, filmmakers, and designers. Instant download at stockflow.media",https://stockflow.media/?cat=Microscopic&sub=Dermatopathology&collection=Dermatopathology+Montage,2026-04-13 8:00:00,"stock footage, royalty free, 4k video, 8k images, dermatopathology montage, dermatopathology, microscopy, science, biology, microscope, cell biology"
Basal Stock Footage | Microscopic,https://storage.googleapis.com/stockflow-social/Batch01/Montages/V/Microscopic_Dermatopathology_Basal_V.mp4,Microscopic World,0:02,"Download premium basal stock footage — 4K video & 8K images. Part of our Dermatopathology collection. Royalty-free, no attribution required. Perfect for content creators, filmmakers, and designers. Instant download at stockflow.media",https://stockflow.media/?cat=Microscopic&sub=Dermatopathology&collection=Basal,2026-04-13 11:00:00,"stock footage, royalty free, 4k video, 8k images, basal, dermatopathology, microscopy, science, biology, microscope, cell biology"
Ribosomes Stock Footage | Microscopic,https://storage.googleapis.com/stockflow-social/Batch01/Montages/V/Microscopic_Cellular_Ribosomes_V.mp4,Microscopic World,0:02,"Download premium ribosomes stock footage — 4K video & 8K images. Part of our Cellular collection. Royalty-free, no attribution required. Perfect for content creators, filmmakers, and designers. Instant download at stockflow.media",https://stockflow.media/?cat=Microscopic&sub=Cellular&collection=Ribosomes,2026-04-13 14:00:00,"stock footage, royalty free, 4k video, 8k images, ribosomes, cellular, microscopy, science, biology, microscope, cell biology"
Planktonic Stock Footage | Microscopic,https://storage.googleapis.com/stockflow-social/Batch01/Montages/V/Microscopic_Cellular_Planktonic_V.mp4,Microscopic World,0:02,"Download premium planktonic stock footage — 4K video & 8K images. Part of our Cellular collection. Royalty-free, no attribution required. Perfect for content creators, filmmakers, and designers. Instant download at stockflow.media",https://stockflow.media/?cat=Microscopic&sub=Cellular&collection=Planktonic,2026-04-13 17:00:00,"stock footage, royalty free, 4k video, 8k images, planktonic, cellular, microscopy, science, biology, microscope, cell biology"
Mitochondria Stock Footage | Microscopic,https://storage.googleapis.com/stockflow-social/Batch01/Montages/V/Microscopic_Cellular_Mitochondria_V.mp4,Microscopic World,0:02,"Download premium mitochondria stock footage — 4K video & 8K images. Part of our Cellular collection. Royalty-free, no attribution required. Perfect for content creators, filmmakers, and designers. Instant download at stockflow.media",https://stockflow.media/?cat=Microscopic&sub=Cellular&collection=Mitochondria,2026-04-13 20:00:00,"stock footage, royalty free, 4k video, 8k images, mitochondria, cellular, microscopy, science, biology, microscope, cell biology"
Lysosomes Stock Footage | Microscopic,https://storage.googleapis.com/stockflow-social/Batch01/Montages/V/Microscopic_Cellular_Lysosomes_V.mp4,Microscopic World,0:02,"Download premium lysosomes stock footage — 4K video & 8K images. Part of our Cellular collection. Royalty-free, no attribution required. Perfect for content creators, filmmakers, and designers. Instant download at stockflow.media",https://stockflow.media/?cat=Microscopic&sub=Cellular&collection=Lysosomes,2026-04-14 8:00:00,"stock footage, royalty free, 4k video, 8k images, lysosomes, cellular, microscopy, science, biology, microscope, cell biology"
Intracellular Stock Footage | Microscopic,https://storage.googleapis.com/stockflow-social/Batch01/Montages/V/Microscopic_Cellular_Intracellular_V.mp4,Microscopic World,0:02,"Download premium intracellular stock footage — 4K video & 8K images. Part of our Cellular collection. Royalty-free, no attribution required. Perfect for content creators, filmmakers, and designers. Instant download at stockflow.media",https://stockflow.media/?cat=Microscopic&sub=Cellular&collection=Intracellular,2026-04-14 11:00:00,"stock footage, royalty free, 4k video, 8k images, intracellular, cellular, microscopy, science, biology, microscope, cell biology"
Ciliated Stock Footage | Microscopic,https://storage.googleapis.com/stockflow-social/Batch01/Montages/V/Microscopic_Cellular_Ciliated_V.mp4,Microscopic World,0:02,"Download premium ciliated stock footage — 4K video & 8K images. Part of our Cellular collection. Royalty-free, no attribution required. Perfect for content creators, filmmakers, and designers. Instant download at stockflow.media",https://stockflow.media/?cat=Microscopic&sub=Cellular&collection=Ciliated,2026-04-14 14:00:00,"stock footage, royalty free, 4k video, 8k images, ciliated, cellular, microscopy, science, biology, microscope, cell biology"
Cellular Montage Stock Footage | Microscopic,https://storage.googleapis.com/stockflow-social/Batch01/Montages/V/Microscopic_Cellular_Cellular-Montage_V.mp4,Microscopic World,0:02,"Download premium cellular montage stock footage — 4K video & 8K images. Part of our Cellular collection. Royalty-free, no attribution required. Perfect for content creators, filmmakers, and designers. Instant download at stockflow.media",https://stockflow.media/?cat=Microscopic&sub=Cellular&collection=Cellular+Montage,2026-04-14 17:00:00,"stock footage, royalty free, 4k video, 8k images, cellular montage, cellular, microscopy, science, biology, microscope, cell biology"
Cellular Stock Footage | Microscopic,https://storage.googleapis.com/stockflow-social/Batch01/Montages/V/Microscopic_Cellular_Cellular_V.mp4,Microscopic World,0:02,"Download premium cellular stock footage — 4K video & 8K images. Part of our Cellular collection. Royalty-free, no attribution required. Perfect for content creators, filmmakers, and designers. Instant download at stockflow.media",https://stockflow.media/?cat=Microscopic&sub=Cellular&collection=Cellular,2026-04-14 20:00:00,"stock footage, royalty free, 4k video, 8k images, cellular, microscopy, science, biology, microscope, cell biology"
Vs Healthy Cells Stock Footage | Microscopic,https://storage.googleapis.com/stockflow-social/Batch01/Montages/V/Microscopic_Cancer-Cell_Vs-Healthy-Cells_V.mp4,Microscopic World,0:02,"Download premium vs healthy cells stock footage — 4K video & 8K images. Part of our Cancer Cell collection. Royalty-free, no attribution required. Perfect for content creators, filmmakers, and designers. Instant download at stockflow.media",https://stockflow.media/?cat=Microscopic&sub=Cancer+Cell&collection=Vs+Healthy+Cells,2026-04-15 8:00:00,"stock footage, royalty free, 4k video, 8k images, vs healthy cells, cancer cell, microscopy, science, biology, microscope, cell biology"
Brain Tissue Stock Footage | Microscopic,https://storage.googleapis.com/stockflow-social/Batch01/Montages/V/Microscopic_Cellular_Brain-Tissue_V.mp4,Microscopic World,0:02,"Download premium brain tissue stock footage — 4K video & 8K images. Part of our Cellular collection. Royalty-free, no attribution required. Perfect for content creators, filmmakers, and designers. Instant download at stockflow.media",https://stockflow.media/?cat=Microscopic&sub=Cellular&collection=Brain+Tissue,2026-04-15 11:00:00,"stock footage, royalty free, 4k video, 8k images, brain tissue, cellular, microscopy, science, biology, microscope, cell biology"
Tumor Stock Footage | Microscopic,https://storage.googleapis.com/stockflow-social/Batch01/Montages/V/Microscopic_Cancer-Cell_Tumor_V.mp4,Microscopic World,0:02,"Download premium tumor stock footage — 4K video & 8K images. Part of our Cancer Cell collection. Royalty-free, no attribution required. Perfect for content creators, filmmakers, and designers. Instant download at stockflow.media",https://stockflow.media/?cat=Microscopic&sub=Cancer+Cell&collection=Tumor,2026-04-15 14:00:00,"stock footage, royalty free, 4k video, 8k images, tumor, cancer cell, microscopy, science, biology, microscope, cell biology"
Mutations Stock Footage | Microscopic,https://storage.googleapis.com/stockflow-social/Batch01/Montages/V/Microscopic_Cancer-Cell_Mutations_V.mp4,Microscopic World,0:02,"Download premium mutations stock footage — 4K video & 8K images. Part of our Cancer Cell collection. Royalty-free, no attribution required. Perfect for content creators, filmmakers, and designers. Instant download at stockflow.media",https://stockflow.media/?cat=Microscopic&sub=Cancer+Cell&collection=Mutations,2026-04-15 17:00:00,"stock footage, royalty free, 4k video, 8k images, mutations, cancer cell, microscopy, science, biology, microscope, cell biology"
Tem Virus Stock Footage | Microscopic,https://storage.googleapis.com/stockflow-social/Batch01/Montages/V/Microscopic_Cancer-Cell_Tem-Virus_V.mp4,Microscopic World,0:02,"Download premium tem virus stock footage — 4K video & 8K images. Part of our Cancer Cell collection. Royalty-free, no attribution required. Perfect for content creators, filmmakers, and designers. Instant download at stockflow.media",https://stockflow.media/?cat=Microscopic&sub=Cancer+Cell&collection=Tem+Virus,2026-04-15 20:00:00,"stock footage, royalty free, 4k video, 8k images, tem virus, cancer cell, microscopy, science, biology, microscope, cell biology"
Metastatic Stock Footage | Microscopic,https://storage.googleapis.com/stockflow-social/Batch01/Montages/V/Microscopic_Cancer-Cell_Metastatic_V.mp4,Microscopic World,0:02,"Download premium metastatic stock footage — 4K video & 8K images. Part of our Cancer Cell collection. Royalty-free, no attribution required. Perfect for content creators, filmmakers, and designers. Instant download at stockflow.media",https://stockflow.media/?cat=Microscopic&sub=Cancer+Cell&collection=Metastatic,2026-04-16 8:00:00,"stock footage, royalty free, 4k video, 8k images, metastatic, cancer cell, microscopy, science, biology, microscope, cell biology"
Melanoma Stock Footage | Microscopic,https://storage.googleapis.com/stockflow-social/Batch01/Montages/V/Microscopic_Cancer-Cell_Melanoma_V.mp4,Microscopic World,0:02,"Download premium melanoma stock footage — 4K video & 8K images. Part of our Cancer Cell collection. Royalty-free, no attribution required. Perfect for content creators, filmmakers, and designers. Instant download at stockflow.media",https://stockflow.media/?cat=Microscopic&sub=Cancer+Cell&collection=Melanoma,2026-04-16 11:00:00,"stock footage, royalty free, 4k video, 8k images, melanoma, cancer cell, microscopy, science, biology, microscope, cell biology"
Leukemia Stock Footage | Microscopic,https://storage.googleapis.com/stockflow-social/Batch01/Montages/V/Microscopic_Cancer-Cell_Leukemia_V.mp4,Microscopic World,0:02,"Download premium leukemia stock footage — 4K video & 8K images. Part of our Cancer Cell collection. Royalty-free, no attribution required. Perfect for content creators, filmmakers, and designers. Instant download at stockflow.media",https://stockflow.media/?cat=Microscopic&sub=Cancer+Cell&collection=Leukemia,2026-04-16 14:00:00,"stock footage, royalty free, 4k video, 8k images, leukemia, cancer cell, microscopy, science, biology, microscope, cell biology"
Immune Stock Footage | Microscopic,https://storage.googleapis.com/stockflow-social/Batch01/Montages/V/Microscopic_Cancer-Cell_Immune_V.mp4,Microscopic World,0:02,"Download premium immune stock footage — 4K video & 8K images. Part of our Cancer Cell collection. Royalty-free, no attribution required. Perfect for content creators, filmmakers, and designers. Instant download at stockflow.media",https://stockflow.media/?cat=Microscopic&sub=Cancer+Cell&collection=Immune,2026-04-16 17:00:00,"stock footage, royalty free, 4k video, 8k images, immune, cancer cell, microscopy, science, biology, microscope, cell biology"
Healthy Cells Stock Footage | Microscopic,https://storage.googleapis.com/stockflow-social/Batch01/Montages/V/Microscopic_Cancer-Cell_Healthy-Cells_V.mp4,Microscopic World,0:02,"Download premium healthy cells stock footage — 4K video & 8K images. Part of our Cancer Cell collection. Royalty-free, no attribution required. Perfect for content creators, filmmakers, and designers. Instant download at stockflow.media",https://stockflow.media/?cat=Microscopic&sub=Cancer+Cell&collection=Healthy+Cells,2026-04-16 20:00:00,"stock footage, royalty free, 4k video, 8k images, healthy cells, cancer cell, microscopy, science, biology, microscope, cell biology"
Fluorescence Stock Footage | Microscopic,https://storage.googleapis.com/stockflow-social/Batch01/Montages/V/Microscopic_Cancer-Cell_Fluorescence_V.mp4,Microscopic World,0:02,"Download premium fluorescence stock footage — 4K video & 8K images. Part of our Cancer Cell collection. Royalty-free, no attribution required. Perfect for content creators, filmmakers, and designers. Instant download at stockflow.media",https://stockflow.media/?cat=Microscopic&sub=Cancer+Cell&collection=Fluorescence,2026-04-17 8:00:00,"stock footage, royalty free, 4k video, 8k images, fluorescence, cancer cell, microscopy, science, biology, microscope, cell biology"
Chemotherapy Stock Footage | Microscopic,https://storage.googleapis.com/stockflow-social/Batch01/Montages/V/Microscopic_Cancer-Cell_Chemotherapy_V.mp4,Microscopic World,0:02,"Download premium chemotherapy stock footage — 4K video & 8K images. Part of our Cancer Cell collection. Royalty-free, no attribution required. Perfect for content creators, filmmakers, and designers. Instant download at stockflow.media",https://stockflow.media/?cat=Microscopic&sub=Cancer+Cell&collection=Chemotherapy,2026-04-17 11:00:00,"stock footage, royalty free, 4k video, 8k images, chemotherapy, cancer cell, microscopy, science, biology, microscope, cell biology"
Cancer Cell Montage Stock Footage | Microscopic,https://storage.googleapis.com/stockflow-social/Batch01/Montages/V/Microscopic_Cancer-Cell_Cancer-Cell-Montage_V.mp4,Microscopic World,0:02,"Download premium cancer cell montage stock footage — 4K video & 8K images. Part of our Cancer Cell collection. Royalty-free, no attribution required. Perfect for content creators, filmmakers, and designers. Instant download at stockflow.media",https://stockflow.media/?cat=Microscopic&sub=Cancer+Cell&collection=Cancer+Cell+Montage,2026-04-17 14:00:00,"stock footage, royalty free, 4k video, 8k images, cancer cell montage, cancer cell, microscopy, science, biology, microscope, cell biology"
Breast Stock Footage | Microscopic,https://storage.googleapis.com/stockflow-social/Batch01/Montages/V/Microscopic_Cancer-Cell_Breast_V.mp4,Microscopic World,0:02,"Download premium breast stock footage — 4K video & 8K images. Part of our Cancer Cell collection. Royalty-free, no attribution required. Perfect for content creators, filmmakers, and designers. Instant download at stockflow.media",https://stockflow.media/?cat=Microscopic&sub=Cancer+Cell&collection=Breast,2026-04-17 17:00:00,"stock footage, royalty free, 4k video, 8k images, breast, cancer cell, microscopy, science, biology, microscope, cell biology"
Aggressive Stock Footage | Microscopic,https://storage.googleapis.com/stockflow-social/Batch01/Montages/V/Microscopic_Cancer-Cell_Aggressive_V.mp4,Microscopic World,0:02,"Download premium aggressive stock footage — 4K video & 8K images. Part of our Cancer Cell collection. Royalty-free, no attribution required. Perfect for content creators, filmmakers, and designers. Instant download at stockflow.media",https://stockflow.media/?cat=Microscopic&sub=Cancer+Cell&collection=Aggressive,2026-04-17 20:00:00,"stock footage, royalty free, 4k video, 8k images, aggressive, cancer cell, microscopy, science, biology, microscope, cell biology"
Thrombocytopenia Stock Footage | Microscopic,https://storage.googleapis.com/stockflow-social/Batch01/Montages/V/Microscopic_Blood-Hematology_Thrombocytopenia_V.mp4,Microscopic World,0:02,"Download premium thrombocytopenia stock footage — 4K video & 8K images. Part of our Blood Hematology collection. Royalty-free, no attribution required. Perfect for content creators, filmmakers, and designers. Instant download at stockflow.media",https://stockflow.media/?cat=Microscopic&sub=Blood+Hematology&collection=Thrombocytopenia,2026-04-18 8:00:00,"stock footage, royalty free, 4k video, 8k images, thrombocytopenia, blood hematology, microscopy, science, biology, microscope, cell biology"
Blood Hematology Montage Stock Footage | Microscopic,https://storage.googleapis.com/stockflow-social/Batch01/Montages/V/Microscopic_Blood-Hematology_Blood-Hematology-Montage_V.mp4,Microscopic World,0:02,"Download premium blood hematology montage stock footage — 4K video & 8K images. Part of our Blood Hematology collection. Royalty-free, no attribution required. Perfect for content creators, filmmakers, and designers. Instant download at stockflow.media",https://stockflow.media/?cat=Microscopic&sub=Blood+Hematology&collection=Blood+Hematology+Montage,2026-04-18 11:00:00,"stock footage, royalty free, 4k video, 8k images, blood hematology montage, blood hematology, microscopy, science, biology, microscope, cell biology"
Anemia Stock Footage | Microscopic,https://storage.googleapis.com/stockflow-social/Batch01/Montages/V/Microscopic_Blood-Hematology_Anemia_V.mp4,Microscopic World,0:02,"Download premium anemia stock footage — 4K video & 8K images. Part of our Blood Hematology collection. Royalty-free, no attribution required. Perfect for content creators, filmmakers, and designers. Instant download at stockflow.media",https://stockflow.media/?cat=Microscopic&sub=Blood+Hematology&collection=Anemia,2026-04-18 14:00:00,"stock footage, royalty free, 4k video, 8k images, anemia, blood hematology, microscopy, science, biology, microscope, cell biology"
Paramecium Stock Footage | Microscopic,https://storage.googleapis.com/stockflow-social/Batch01/Montages/V/Microscopic_Biological-Creatures_Paramecium_V.mp4,Microscopic World,0:02,"Download premium paramecium stock footage — 4K video & 8K images. Part of our Biological Creatures collection. Royalty-free, no attribution required. Perfect for content creators, filmmakers, and designers. Instant download at stockflow.media",https://stockflow.media/?cat=Microscopic&sub=Biological+Creatures&collection=Paramecium,2026-04-18 17:00:00,"stock footage, royalty free, 4k video, 8k images, paramecium, biological creatures, microscopy, science, biology, microscope, cell biology"
Mosquito Larva Stock Footage | Microscopic,https://storage.googleapis.com/stockflow-social/Batch01/Montages/V/Microscopic_Biological-Creatures_Mosquito-Larva_V.mp4,Microscopic World,0:02,"Download premium mosquito larva stock footage — 4K video & 8K images. Part of our Biological Creatures collection. Royalty-free, no attribution required. Perfect for content creators, filmmakers, and designers. Instant download at stockflow.media",https://stockflow.media/?cat=Microscopic&sub=Biological+Creatures&collection=Mosquito+Larva,2026-04-18 20:00:00,"stock footage, royalty free, 4k video, 8k images, mosquito larva, biological creatures, microscopy, science, biology, microscope, cell biology"
Eukaryotic Cell Stock Footage | Microscopic,https://storage.googleapis.com/stockflow-social/Batch01/Montages/V/Microscopic_Biological-Creatures_Eukaryotic-Cell_V.mp4,Microscopic World,0:02,"Download premium eukaryotic cell stock footage — 4K video & 8K images. Part of our Biological Creatures collection. Royalty-free, no attribution required. Perfect for content creators, filmmakers, and designers. Instant download at stockflow.media",https://stockflow.media/?cat=Microscopic&sub=Biological+Creatures&collection=Eukaryotic+Cell,2026-04-19 8:00:00,"stock footage, royalty free, 4k video, 8k images, eukaryotic cell, biological creatures, microscopy, science, biology, microscope, cell biology"
Cross Section Stock Footage | Microscopic,https://storage.googleapis.com/stockflow-social/Batch01/Montages/V/Microscopic_Biological-Creatures_Cross-Section_V.mp4,Microscopic World,0:02,"Download premium cross section stock footage — 4K video & 8K images. Part of our Biological Creatures collection. Royalty-free, no attribution required. Perfect for content creators, filmmakers, and designers. Instant download at stockflow.media",https://stockflow.media/?cat=Microscopic&sub=Biological+Creatures&collection=Cross+Section,2026-04-19 11:00:00,"stock footage, royalty free, 4k video, 8k images, cross section, biological creatures, microscopy, science, biology, microscope, cell biology"
Biological Creatures Montage Stock Footage | Microscopic,https://storage.googleapis.com/stockflow-social/Batch01/Montages/V/Microscopic_Biological-Creatures_Biological-Creatures-Montage_V.mp4,Microscopic World,0:02,"Download premium biological creatures montage stock footage — 4K video & 8K images. Part of our Biological Creatures collection. Royalty-free, no attribution required. Perfect for content creators, filmmakers, and designers. Instant download at stockflow.media",https://stockflow.media/?cat=Microscopic&sub=Biological+Creatures&collection=Biological+Creatures+Montage,2026-04-19 14:00:00,"stock footage, royalty free, 4k video, 8k images, biological creatures montage, biological creatures, microscopy, science, biology, microscope, cell biology"
Bacteria Stock Footage | Microscopic,https://storage.googleapis.com/stockflow-social/Batch01/Montages/V/Microscopic_Biological-Creatures_Bacteria_V.mp4,Microscopic World,0:02,"Download premium bacteria stock footage — 4K video & 8K images. Part of our Biological Creatures collection. Royalty-free, no attribution required. Perfect for content creators, filmmakers, and designers. Instant download at stockflow.media",https://stockflow.media/?cat=Microscopic&sub=Biological+Creatures&collection=Bacteria,2026-04-19 17:00:00,"stock footage, royalty free, 4k video, 8k images, bacteria, biological creatures, microscopy, science, biology, microscope, cell biology"
Alien Stock Footage | Microscopic,https://storage.googleapis.com/stockflow-social/Batch01/Montages/V/Microscopic_Biological-Creatures_Alien_V.mp4,Microscopic World,0:02,"Download premium alien stock footage — 4K video & 8K images. Part of our Biological Creatures collection. Royalty-free, no attribution required. Perfect for content creators, filmmakers, and designers. Instant download at stockflow.media",https://stockflow.media/?cat=Microscopic&sub=Biological+Creatures&collection=Alien,2026-04-19 20:00:00,"stock footage, royalty free, 4k video, 8k images, alien, biological creatures, microscopy, science, biology, microscope, cell biology"
Tetani Stock Footage | Microscopic,https://storage.googleapis.com/stockflow-social/Batch01/Montages/V/Microscopic_Bacteria_Tetani_V.mp4,Microscopic World,0:02,"Download premium tetani stock footage — 4K video & 8K images. Part of our Bacteria collection. Royalty-free, no attribution required. Perfect for content creators, filmmakers, and designers. Instant download at stockflow.media",https://stockflow.media/?cat=Microscopic&sub=Bacteria&collection=Tetani,2026-04-20 8:00:00,"stock footage, royalty free, 4k video, 8k images, tetani, bacteria, microscopy, science, biology, microscope, cell biology"
Spirochete Stock Footage | Microscopic,https://storage.googleapis.com/stockflow-social/Batch01/Montages/V/Microscopic_Bacteria_Spirochete_V.mp4,Microscopic World,0:02,"Download premium spirochete stock footage — 4K video & 8K images. Part of our Bacteria collection. Royalty-free, no attribution required. Perfect for content creators, filmmakers, and designers. Instant download at stockflow.media",https://stockflow.media/?cat=Microscopic&sub=Bacteria&collection=Spirochete,2026-04-20 11:00:00,"stock footage, royalty free, 4k video, 8k images, spirochete, bacteria, microscopy, science, biology, microscope, cell biology"
Resistant Stock Footage | Microscopic,https://storage.googleapis.com/stockflow-social/Batch01/Montages/V/Microscopic_Bacteria_Resistant_V.mp4,Microscopic World,0:02,"Download premium resistant stock footage — 4K video & 8K images. Part of our Bacteria collection. Royalty-free, no attribution required. Perfect for content creators, filmmakers, and designers. Instant download at stockflow.media",https://stockflow.media/?cat=Microscopic&sub=Bacteria&collection=Resistant,2026-04-20 14:00:00,"stock footage, royalty free, 4k video, 8k images, resistant, bacteria, microscopy, science, biology, microscope, cell biology"
Resistant Bacteria Stock Footage | Microscopic,https://storage.googleapis.com/stockflow-social/Batch01/Montages/V/Microscopic_Bacteria_Resistant-Bacteria_V.mp4,Microscopic World,0:02,"Download premium resistant bacteria stock footage — 4K video & 8K images. Part of our Bacteria collection. Royalty-free, no attribution required. Perfect for content creators, filmmakers, and designers. Instant download at stockflow.media",https://stockflow.media/?cat=Microscopic&sub=Bacteria&collection=Resistant+Bacteria,2026-04-20 17:00:00,"stock footage, royalty free, 4k video, 8k images, resistant bacteria, bacteria, microscopy, science, biology, microscope, cell biology"
E Coli Stock Footage | Microscopic,https://storage.googleapis.com/stockflow-social/Batch01/Montages/V/Microscopic_Bacteria_E-Coli_V.mp4,Microscopic World,0:02,"Download premium e coli stock footage — 4K video & 8K images. Part of our Bacteria collection. Royalty-free, no attribution required. Perfect for content creators, filmmakers, and designers. Instant download at stockflow.media",https://stockflow.media/?cat=Microscopic&sub=Bacteria&collection=E+Coli,2026-04-20 20:00:00,"stock footage, royalty free, 4k video, 8k images, e coli, bacteria, microscopy, science, biology, microscope, cell biology"
Cocci Stock Footage | Microscopic,https://storage.googleapis.com/stockflow-social/Batch01/Montages/V/Microscopic_Bacteria_Cocci_V.mp4,Microscopic World,0:02,"Download premium cocci stock footage — 4K video & 8K images. Part of our Bacteria collection. Royalty-free, no attribution required. Perfect for content creators, filmmakers, and designers. Instant download at stockflow.media",https://stockflow.media/?cat=Microscopic&sub=Bacteria&collection=Cocci,2026-04-21 8:00:00,"stock footage, royalty free, 4k video, 8k images, cocci, bacteria, microscopy, science, biology, microscope, cell biology"
Biofilm Stock Footage | Microscopic,https://storage.googleapis.com/stockflow-social/Batch01/Montages/V/Microscopic_Bacteria_Biofilm_V.mp4,Microscopic World,0:02,"Download premium biofilm stock footage — 4K video & 8K images. Part of our Bacteria collection. Royalty-free, no attribution required. Perfect for content creators, filmmakers, and designers. Instant download at stockflow.media",https://stockflow.media/?cat=Microscopic&sub=Bacteria&collection=Biofilm,2026-04-21 11:00:00,"stock footage, royalty free, 4k video, 8k images, biofilm, bacteria, microscopy, science, biology, microscope, cell biology"
Bacteria Montage Stock Footage | Microscopic,https://storage.googleapis.com/stockflow-social/Batch01/Montages/V/Microscopic_Bacteria_Bacteria-Montage_V.mp4,Microscopic World,0:02,"Download premium bacteria montage stock footage — 4K video & 8K images. Part of our Bacteria collection. Royalty-free, no attribution required. Perfect for content creators, filmmakers, and designers. Instant download at stockflow.media",https://stockflow.media/?cat=Microscopic&sub=Bacteria&collection=Bacteria+Montage,2026-04-21 14:00:00,"stock footage, royalty free, 4k video, 8k images, bacteria montage, bacteria, microscopy, science, biology, microscope, cell biology"
Bacillus Stock Footage | Microscopic,https://storage.googleapis.com/stockflow-social/Batch01/Montages/V/Microscopic_Bacteria_Bacillus_V.mp4,Microscopic World,0:02,"Download premium bacillus stock footage — 4K video & 8K images. Part of our Bacteria collection. Royalty-free, no attribution required. Perfect for content creators, filmmakers, and designers. Instant download at stockflow.media",https://stockflow.media/?cat=Microscopic&sub=Bacteria&collection=Bacillus,2026-04-21 17:00:00,"stock footage, royalty free, 4k video, 8k images, bacillus, bacteria, microscopy, science, biology, microscope, cell biology"
Agar Plate Stock Footage | Microscopic,https://storage.googleapis.com/stockflow-social/Batch01/Montages/V/Microscopic_Bacteria_Agar-Plate_V.mp4,Microscopic World,0:02,"Download premium agar plate stock footage — 4K video & 8K images. Part of our Bacteria collection. Royalty-free, no attribution required. Perfect for content creators, filmmakers, and designers. Instant download at stockflow.media",https://stockflow.media/?cat=Microscopic&sub=Bacteria&collection=Agar+Plate,2026-04-21 20:00:00,"stock footage, royalty free, 4k video, 8k images, agar plate, bacteria, microscopy, science, biology, microscope, cell biology"
Spirogyra Stock Footage | Microscopic,https://storage.googleapis.com/stockflow-social/Batch01/Montages/V/Microscopic_Algae_Spirogyra_V.mp4,Microscopic World,0:02,"Download premium spirogyra stock footage — 4K video & 8K images. Part of our Algae collection. Royalty-free, no attribution required. Perfect for content creators, filmmakers, and designers. Instant download at stockflow.media",https://stockflow.media/?cat=Microscopic&sub=Algae&collection=Spirogyra,2026-04-22 8:00:00,"stock footage, royalty free, 4k video, 8k images, spirogyra, algae, microscopy, science, biology, microscope, cell biology"
Red Stock Footage | Microscopic,https://storage.googleapis.com/stockflow-social/Batch01/Montages/V/Microscopic_Algae_Red_V.mp4,Microscopic World,0:02,"Download premium red stock footage — 4K video & 8K images. Part of our Algae collection. Royalty-free, no attribution required. Perfect for content creators, filmmakers, and designers. Instant download at stockflow.media",https://stockflow.media/?cat=Microscopic&sub=Algae&collection=Red,2026-04-22 11:00:00,"stock footage, royalty free, 4k video, 8k images, red, algae, microscopy, science, biology, microscope, cell biology"
Red Algae Stock Footage | Microscopic,https://storage.googleapis.com/stockflow-social/Batch01/Montages/V/Microscopic_Algae_Red-Algae_V.mp4,Microscopic World,0:02,"Download premium red algae stock footage — 4K video & 8K images. Part of our Algae collection. Royalty-free, no attribution required. Perfect for content creators, filmmakers, and designers. Instant download at stockflow.media",https://stockflow.media/?cat=Microscopic&sub=Algae&collection=Red+Algae,2026-04-22 14:00:00,"stock footage, royalty free, 4k video, 8k images, red algae, algae, microscopy, science, biology, microscope, cell biology"
Green Algae Stock Footage | Microscopic,https://storage.googleapis.com/stockflow-social/Batch01/Montages/V/Microscopic_Algae_Green-Algae_V.mp4,Microscopic World,0:02,"Download premium green algae stock footage — 4K video & 8K images. Part of our Algae collection. Royalty-free, no attribution required. Perfect for content creators, filmmakers, and designers. Instant download at stockflow.media",https://stockflow.media/?cat=Microscopic&sub=Algae&collection=Green+Algae,2026-04-22 17:00:00,"stock footage, royalty free, 4k video, 8k images, green algae, algae, microscopy, science, biology, microscope, cell biology"
Green Stock Footage | Microscopic,https://storage.googleapis.com/stockflow-social/Batch01/Montages/V/Microscopic_Algae_Green_V.mp4,Microscopic World,0:02,"Download premium green stock footage — 4K video & 8K images. Part of our Algae collection. Royalty-free, no attribution required. Perfect for content creators, filmmakers, and designers. Instant download at stockflow.media",https://stockflow.media/?cat=Microscopic&sub=Algae&collection=Green,2026-04-22 20:00:00,"stock footage, royalty free, 4k video, 8k images, green, algae, microscopy, science, biology, microscope, cell biology"
Diatoms Stock Footage | Microscopic,https://storage.googleapis.com/stockflow-social/Batch01/Montages/V/Microscopic_Algae_Diatoms_V.mp4,Microscopic World,0:02,"Download premium diatoms stock footage — 4K video & 8K images. Part of our Algae collection. Royalty-free, no attribution required. Perfect for content creators, filmmakers, and designers. Instant download at stockflow.media",https://stockflow.media/?cat=Microscopic&sub=Algae&collection=Diatoms,2026-04-23 8:00:00,"stock footage, royalty free, 4k video, 8k images, diatoms, algae, microscopy, science, biology, microscope, cell biology"
Desmids Stock Footage | Microscopic,https://storage.googleapis.com/stockflow-social/Batch01/Montages/V/Microscopic_Algae_Desmids_V.mp4,Microscopic World,0:02,"Download premium desmids stock footage — 4K video & 8K images. Part of our Algae collection. Royalty-free, no attribution required. Perfect for content creators, filmmakers, and designers. Instant download at stockflow.media",https://stockflow.media/?cat=Microscopic&sub=Algae&collection=Desmids,2026-04-23 11:00:00,"stock footage, royalty free, 4k video, 8k images, desmids, algae, microscopy, science, biology, microscope, cell biology"
Cyanobacteria Stock Footage | Microscopic,https://storage.googleapis.com/stockflow-social/Batch01/Montages/V/Microscopic_Algae_Cyanobacteria_V.mp4,Microscopic World,0:02,"Download premium cyanobacteria stock footage — 4K video & 8K images. Part of our Algae collection. Royalty-free, no attribution required. Perfect for content creators, filmmakers, and designers. Instant download at stockflow.media",https://stockflow.media/?cat=Microscopic&sub=Algae&collection=Cyanobacteria,2026-04-23 14:00:00,"stock footage, royalty free, 4k video, 8k images, cyanobacteria, algae, microscopy, science, biology, microscope, cell biology"
Colonial Stock Footage | Microscopic,https://storage.googleapis.com/stockflow-social/Batch01/Montages/V/Microscopic_Algae_Colonial_V.mp4,Microscopic World,0:02,"Download premium colonial stock footage — 4K video & 8K images. Part of our Algae collection. Royalty-free, no attribution required. Perfect for content creators, filmmakers, and designers. Instant download at stockflow.media",https://stockflow.media/?cat=Microscopic&sub=Algae&collection=Colonial,2026-04-23 17:00:00,"stock footage, royalty free, 4k video, 8k images, colonial, algae, microscopy, science, biology, microscope, cell biology"
Colonial Algae Stock Footage | Microscopic,https://storage.googleapis.com/stockflow-social/Batch01/Montages/V/Microscopic_Algae_Colonial-Algae_V.mp4,Microscopic World,0:02,"Download premium colonial algae stock footage — 4K video & 8K images. Part of our Algae collection. Royalty-free, no attribution required. Perfect for content creators, filmmakers, and designers. Instant download at stockflow.media",https://stockflow.media/?cat=Microscopic&sub=Algae&collection=Colonial+Algae,2026-04-23 20:00:00,"stock footage, royalty free, 4k video, 8k images, colonial algae, algae, microscopy, science, biology, microscope, cell biology"
Brown Stock Footage | Microscopic,https://storage.googleapis.com/stockflow-social/Batch01/Montages/V/Microscopic_Algae_Brown_V.mp4,Microscopic World,0:02,"Download premium brown stock footage — 4K video & 8K images. Part of our Algae collection. Royalty-free, no attribution required. Perfect for content creators, filmmakers, and designers. Instant download at stockflow.media",https://stockflow.media/?cat=Microscopic&sub=Algae&collection=Brown,2026-04-24 8:00:00,"stock footage, royalty free, 4k video, 8k images, brown, algae, microscopy, science, biology, microscope, cell biology"
Brown Algae Stock Footage | Microscopic,https://storage.googleapis.com/stockflow-social/Batch01/Montages/V/Microscopic_Algae_Brown-Algae_V.mp4,Microscopic World,0:02,"Download premium brown algae stock footage — 4K video & 8K images. Part of our Algae collection. Royalty-free, no attribution required. Perfect for content creators, filmmakers, and designers. Instant download at stockflow.media",https://stockflow.media/?cat=Microscopic&sub=Algae&collection=Brown+Algae,2026-04-24 11:00:00,"stock footage, royalty free, 4k video, 8k images, brown algae, algae, microscopy, science, biology, microscope, cell biology"
Blue Green Algae Stock Footage | Microscopic,https://storage.googleapis.com/stockflow-social/Batch01/Montages/V/Microscopic_Algae_Blue-Green-Algae_V.mp4,Microscopic World,0:02,"Download premium blue green algae stock footage — 4K video & 8K images. Part of our Algae collection. Royalty-free, no attribution required. Perfect for content creators, filmmakers, and designers. Instant download at stockflow.media",https://stockflow.media/?cat=Microscopic&sub=Algae&collection=Blue+Green+Algae,2026-04-24 14:00:00,"stock footage, royalty free, 4k video, 8k images, blue green algae, algae, microscopy, science, biology, microscope, cell biology"
Bloom Stock Footage | Microscopic,https://storage.googleapis.com/stockflow-social/Batch01/Montages/V/Microscopic_Algae_Bloom_V.mp4,Microscopic World,0:02,"Download premium bloom stock footage — 4K video & 8K images. Part of our Algae collection. Royalty-free, no attribution required. Perfect for content creators, filmmakers, and designers. Instant download at stockflow.media",https://stockflow.media/?cat=Microscopic&sub=Algae&collection=Bloom,2026-04-24 17:00:00,"stock footage, royalty free, 4k video, 8k images, bloom, algae, microscopy, science, biology, microscope, cell biology"
Algal Biofilm Stock Footage | Microscopic,https://storage.googleapis.com/stockflow-social/Batch01/Montages/V/Microscopic_Algae_Algal-Biofilm_V.mp4,Microscopic World,0:02,"Download premium algal biofilm stock footage — 4K video & 8K images. Part of our Algae collection. Royalty-free, no attribution required. Perfect for content creators, filmmakers, and designers. Instant download at stockflow.media",https://stockflow.media/?cat=Microscopic&sub=Algae&collection=Algal+Biofilm,2026-04-24 20:00:00,"stock footage, royalty free, 4k video, 8k images, algal biofilm, algae, microscopy, science, biology, microscope, cell biology"
Algae Montage Stock Footage | Microscopic,https://storage.googleapis.com/stockflow-social/Batch01/Montages/V/Microscopic_Algae_Algae-Montage_V.mp4,Microscopic World,0:02,"Download premium algae montage stock footage — 4K video & 8K images. Part of our Algae collection. Royalty-free, no attribution required. Perfect for content creators, filmmakers, and designers. Instant download at stockflow.media",https://stockflow.media/?cat=Microscopic&sub=Algae&collection=Algae+Montage,2026-04-25 8:00:00,"stock footage, royalty free, 4k video, 8k images, algae montage, algae, microscopy, science, biology, microscope, cell biology"
Algae Bloom Stock Footage | Microscopic,https://storage.googleapis.com/stockflow-social/Batch01/Montages/V/Microscopic_Algae_Algae-Bloom_V.mp4,Microscopic World,0:02,"Download premium algae bloom stock footage — 4K video & 8K images. Part of our Algae collection. Royalty-free, no attribution required. Perfect for content creators, filmmakers, and designers. Instant download at stockflow.media",https://stockflow.media/?cat=Microscopic&sub=Algae&collection=Algae+Bloom,2026-04-25 11:00:00,"stock footage, royalty free, 4k video, 8k images, algae bloom, algae, microscopy, science, biology, microscope, cell biology"
Filaments Stock Footage | Microscopic,https://storage.googleapis.com/stockflow-social/Batch01/Montages/V/Microscopic_Actin_Filaments_V.mp4,Microscopic World,0:02,"Download premium filaments stock footage — 4K video & 8K images. Part of our Actin collection. Royalty-free, no attribution required. Perfect for content creators, filmmakers, and designers. Instant download at stockflow.media",https://stockflow.media/?cat=Microscopic&sub=Actin&collection=Filaments,2026-04-25 14:00:00,"stock footage, royalty free, 4k video, 8k images, filaments, actin, microscopy, science, biology, microscope, cell biology"
Actin Montage Stock Footage | Microscopic,https://storage.googleapis.com/stockflow-social/Batch01/Montages/V/Microscopic_Actin_Actin-Montage_V.mp4,Microscopic World,0:02,"Download premium actin montage stock footage — 4K video & 8K images. Part of our Actin collection. Royalty-free, no attribution required. Perfect for content creators, filmmakers, and designers. Instant download at stockflow.media",https://stockflow.media/?cat=Microscopic&sub=Actin&collection=Actin+Montage,2026-04-25 17:00:00,"stock footage, royalty free, 4k video, 8k images, actin montage, actin, microscopy, science, biology, microscope, cell biology"
Microscopic Stock Footage | Microscopic,https://storage.googleapis.com/stockflow-social/Batch01/Montages/V/Microscopic_Microscopic-Category_V.mp4,Microscopic World,0:02,"Download premium microscopic stock footage — 4K video & 8K images. Part of our Microscopic Category collection. Royalty-free, no attribution required. Perfect for content creators, filmmakers, and designers. Instant download at stockflow.media",https://stockflow.media/?cat=Microscopic&sub=Microscopic+Category&collection=Microscopic,2026-04-25 20:00:00,"stock footage, royalty free, 4k video, 8k images, microscopic, microscopic category, microscopy, science, biology, microscope, cell biology"
Tikka Masala Stock Footage | Food Beverage,https://storage.googleapis.com/stockflow-social/Batch01/Montages/V/Food-Beverage_Food-Menu_Tikka-Masala_V.mp4,Food & Beverage,0:02,"Download premium tikka masala stock footage — 4K video & 8K images. Part of our Food Menu collection. Royalty-free, no attribution required. Perfect for content creators, filmmakers, and designers. Instant download at stockflow.media",https://stockflow.media/?cat=Food+Beverage&sub=Food+Menu&collection=Tikka+Masala,2026-04-26 8:00:00,"stock footage, royalty free, 4k video, 8k images, tikka masala, food menu, food photography, culinary, restaurant, food video, recipe"
Thai Noodle Soup Stock Footage | Food Beverage,https://storage.googleapis.com/stockflow-social/Batch01/Montages/V/Food-Beverage_Food-Menu_Thai-Noodle-Soup_V.mp4,Food & Beverage,0:02,"Download premium thai noodle soup stock footage — 4K video & 8K images. Part of our Food Menu collection. Royalty-free, no attribution required. Perfect for content creators, filmmakers, and designers. Instant download at stockflow.media",https://stockflow.media/?cat=Food+Beverage&sub=Food+Menu&collection=Thai+Noodle+Soup,2026-04-26 11:00:00,"stock footage, royalty free, 4k video, 8k images, thai noodle soup, food menu, food photography, culinary, restaurant, food video, recipe"
Thai Curry Stock Footage | Food Beverage,https://storage.googleapis.com/stockflow-social/Batch01/Montages/V/Food-Beverage_Food-Menu_Thai-Curry_V.mp4,Food & Beverage,0:02,"Download premium thai curry stock footage — 4K video & 8K images. Part of our Food Menu collection. Royalty-free, no attribution required. Perfect for content creators, filmmakers, and designers. Instant download at stockflow.media",https://stockflow.media/?cat=Food+Beverage&sub=Food+Menu&collection=Thai+Curry,2026-04-26 14:00:00,"stock footage, royalty free, 4k video, 8k images, thai curry, food menu, food photography, culinary, restaurant, food video, recipe"
Suzhi Stock Footage | Food Beverage,https://storage.googleapis.com/stockflow-social/Batch01/Montages/V/Food-Beverage_Food-Menu_Suzhi_V.mp4,Food & Beverage,0:02,"Download premium suzhi stock footage — 4K video & 8K images. Part of our Food Menu collection. Royalty-free, no attribution required. Perfect for content creators, filmmakers, and designers. Instant download at stockflow.media",https://stockflow.media/?cat=Food+Beverage&sub=Food+Menu&collection=Suzhi,2026-04-26 17:00:00,"stock footage, royalty free, 4k video, 8k images, suzhi, food menu, food photography, culinary, restaurant, food video, recipe"
Stake Stock Footage | Food Beverage,https://storage.googleapis.com/stockflow-social/Batch01/Montages/V/Food-Beverage_Food-Menu_Stake_V.mp4,Food & Beverage,0:02,"Download premium stake stock footage — 4K video & 8K images. Part of our Food Menu collection. Royalty-free, no attribution required. Perfect for content creators, filmmakers, and designers. Instant download at stockflow.media",https://stockflow.media/?cat=Food+Beverage&sub=Food+Menu&collection=Stake,2026-04-26 20:00:00,"stock footage, royalty free, 4k video, 8k images, stake, food menu, food photography, culinary, restaurant, food video, recipe"
Sandwich Stock Footage | Food Beverage,https://storage.googleapis.com/stockflow-social/Batch01/Montages/V/Food-Beverage_Food-Menu_Sandwich_V.mp4,Food & Beverage,0:02,"Download premium sandwich stock footage — 4K video & 8K images. Part of our Food Menu collection. Royalty-free, no attribution required. Perfect for content creators, filmmakers, and designers. Instant download at stockflow.media",https://stockflow.media/?cat=Food+Beverage&sub=Food+Menu&collection=Sandwich,2026-04-27 8:00:00,"stock footage, royalty free, 4k video, 8k images, sandwich, food menu, food photography, culinary, restaurant, food video, recipe"
Remen Stock Footage | Food Beverage,https://storage.googleapis.com/stockflow-social/Batch01/Montages/V/Food-Beverage_Food-Menu_Remen_V.mp4,Food & Beverage,0:02,"Download premium remen stock footage — 4K video & 8K images. Part of our Food Menu collection. Royalty-free, no attribution required. Perfect for content creators, filmmakers, and designers. Instant download at stockflow.media",https://stockflow.media/?cat=Food+Beverage&sub=Food+Menu&collection=Remen,2026-04-27 11:00:00,"stock footage, royalty free, 4k video, 8k images, remen, food menu, food photography, culinary, restaurant, food video, recipe"
Pizza Stock Footage | Food Beverage,https://storage.googleapis.com/stockflow-social/Batch01/Montages/V/Food-Beverage_Food-Menu_Pizza_V.mp4,Food & Beverage,0:02,"Download premium pizza stock footage — 4K video & 8K images. Part of our Food Menu collection. Royalty-free, no attribution required. Perfect for content creators, filmmakers, and designers. Instant download at stockflow.media",https://stockflow.media/?cat=Food+Beverage&sub=Food+Menu&collection=Pizza,2026-04-27 14:00:00,"stock footage, royalty free, 4k video, 8k images, pizza, food menu, food photography, culinary, restaurant, food video, recipe"
Noodles Stock Footage | Food Beverage,https://storage.googleapis.com/stockflow-social/Batch01/Montages/V/Food-Beverage_Food-Menu_Noodles_V.mp4,Food & Beverage,0:02,"Download premium noodles stock footage — 4K video & 8K images. Part of our Food Menu collection. Royalty-free, no attribution required. Perfect for content creators, filmmakers, and designers. Instant download at stockflow.media",https://stockflow.media/?cat=Food+Beverage&sub=Food+Menu&collection=Noodles,2026-04-27 17:00:00,"stock footage, royalty free, 4k video, 8k images, noodles, food menu, food photography, culinary, restaurant, food video, recipe"
Idly Vada Stock Footage | Food Beverage,https://storage.googleapis.com/stockflow-social/Batch01/Montages/V/Food-Beverage_Food-Menu_Idly-Vada_V.mp4,Food & Beverage,0:02,"Download premium idly vada stock footage — 4K video & 8K images. Part of our Food Menu collection. Royalty-free, no attribution required. Perfect for content creators, filmmakers, and designers. Instant download at stockflow.media",https://stockflow.media/?cat=Food+Beverage&sub=Food+Menu&collection=Idly+Vada,2026-04-27 20:00:00,"stock footage, royalty free, 4k video, 8k images, idly vada, food menu, food photography, culinary, restaurant, food video, recipe"
Food Menu Montage Stock Footage | Food Beverage,https://storage.googleapis.com/stockflow-social/Batch01/Montages/V/Food-Beverage_Food-Menu_Food-Menu-Montage_V.mp4,Food & Beverage,0:02,"Download premium food menu montage stock footage — 4K video & 8K images. Part of our Food Menu collection. Royalty-free, no attribution required. Perfect for content creators, filmmakers, and designers. Instant download at stockflow.media",https://stockflow.media/?cat=Food+Beverage&sub=Food+Menu&collection=Food+Menu+Montage,2026-04-28 8:00:00,"stock footage, royalty free, 4k video, 8k images, food menu montage, food menu, food photography, culinary, restaurant, food video, recipe"
Fish Dinner Stock Footage | Food Beverage,https://storage.googleapis.com/stockflow-social/Batch01/Montages/V/Food-Beverage_Food-Menu_Fish-Dinner_V.mp4,Food & Beverage,0:02,"Download premium fish dinner stock footage — 4K video & 8K images. Part of our Food Menu collection. Royalty-free, no attribution required. Perfect for content creators, filmmakers, and designers. Instant download at stockflow.media",https://stockflow.media/?cat=Food+Beverage&sub=Food+Menu&collection=Fish+Dinner,2026-04-28 11:00:00,"stock footage, royalty free, 4k video, 8k images, fish dinner, food menu, food photography, culinary, restaurant, food video, recipe"
Dosa Stock Footage | Food Beverage,https://storage.googleapis.com/stockflow-social/Batch01/Montages/V/Food-Beverage_Food-Menu_Dosa_V.mp4,Food & Beverage,0:02,"Download premium dosa stock footage — 4K video & 8K images. Part of our Food Menu collection. Royalty-free, no attribution required. Perfect for content creators, filmmakers, and designers. Instant download at stockflow.media",https://stockflow.media/?cat=Food+Beverage&sub=Food+Menu&collection=Dosa,2026-04-28 14:00:00,"stock footage, royalty free, 4k video, 8k images, dosa, food menu, food photography, culinary, restaurant, food video, recipe"
Chicken Fry Stock Footage | Food Beverage,https://storage.googleapis.com/stockflow-social/Batch01/Montages/V/Food-Beverage_Food-Menu_Chicken-Fry_V.mp4,Food & Beverage,0:02,"Download premium chicken fry stock footage — 4K video & 8K images. Part of our Food Menu collection. Royalty-free, no attribution required. Perfect for content creators, filmmakers, and designers. Instant download at stockflow.media",https://stockflow.media/?cat=Food+Beverage&sub=Food+Menu&collection=Chicken+Fry,2026-04-28 17:00:00,"stock footage, royalty free, 4k video, 8k images, chicken fry, food menu, food photography, culinary, restaurant, food video, recipe"
Chicken Dinner Stock Footage | Food Beverage,https://storage.googleapis.com/stockflow-social/Batch01/Montages/V/Food-Beverage_Food-Menu_Chicken-Dinner_V.mp4,Food & Beverage,0:02,"Download premium chicken dinner stock footage — 4K video & 8K images. Part of our Food Menu collection. Royalty-free, no attribution required. Perfect for content creators, filmmakers, and designers. Instant download at stockflow.media",https://stockflow.media/?cat=Food+Beverage&sub=Food+Menu&collection=Chicken+Dinner,2026-04-28 20:00:00,"stock footage, royalty free, 4k video, 8k images, chicken dinner, food menu, food photography, culinary, restaurant, food video, recipe"
Butter Chiken Stock Footage | Food Beverage,https://storage.googleapis.com/stockflow-social/Batch01/Montages/V/Food-Beverage_Food-Menu_Butter-Chiken_V.mp4,Food & Beverage,0:02,"Download premium butter chiken stock footage — 4K video & 8K images. Part of our Food Menu collection. Royalty-free, no attribution required. Perfect for content creators, filmmakers, and designers. Instant download at stockflow.media",https://stockflow.media/?cat=Food+Beverage&sub=Food+Menu&collection=Butter+Chiken,2026-04-29 8:00:00,"stock footage, royalty free, 4k video, 8k images, butter chiken, food menu, food photography, culinary, restaurant, food video, recipe"
Buritos Stock Footage | Food Beverage,https://storage.googleapis.com/stockflow-social/Batch01/Montages/V/Food-Beverage_Food-Menu_Buritos_V.mp4,Food & Beverage,0:02,"Download premium buritos stock footage — 4K video & 8K images. Part of our Food Menu collection. Royalty-free, no attribution required. Perfect for content creators, filmmakers, and designers. Instant download at stockflow.media",https://stockflow.media/?cat=Food+Beverage&sub=Food+Menu&collection=Buritos,2026-04-29 11:00:00,"stock footage, royalty free, 4k video, 8k images, buritos, food menu, food photography, culinary, restaurant, food video, recipe"
Burgers Stock Footage | Food Beverage,https://storage.googleapis.com/stockflow-social/Batch01/Montages/V/Food-Beverage_Food-Menu_Burgers_V.mp4,Food & Beverage,0:02,"Download premium burgers stock footage — 4K video & 8K images. Part of our Food Menu collection. Royalty-free, no attribution required. Perfect for content creators, filmmakers, and designers. Instant download at stockflow.media",https://stockflow.media/?cat=Food+Beverage&sub=Food+Menu&collection=Burgers,2026-04-29 14:00:00,"stock footage, royalty free, 4k video, 8k images, burgers, food menu, food photography, culinary, restaurant, food video, recipe"
Biriyani Stock Footage | Food Beverage,https://storage.googleapis.com/stockflow-social/Batch01/Montages/V/Food-Beverage_Food-Menu_Biriyani_V.mp4,Food & Beverage,0:02,"Download premium biriyani stock footage — 4K video & 8K images. Part of our Food Menu collection. Royalty-free, no attribution required. Perfect for content creators, filmmakers, and designers. Instant download at stockflow.media",https://stockflow.media/?cat=Food+Beverage&sub=Food+Menu&collection=Biriyani,2026-04-29 17:00:00,"stock footage, royalty free, 4k video, 8k images, biriyani, food menu, food photography, culinary, restaurant, food video, recipe"
Food Beverage Stock Footage | Food Beverage,https://storage.googleapis.com/stockflow-social/Batch01/Montages/V/Food-Beverage_Food-Beverage-Category_V.mp4,Food & Beverage,0:02,"Download premium food beverage stock footage — 4K video & 8K images. Part of our Food Beverage Category collection. Royalty-free, no attribution required. Perfect for content creators, filmmakers, and designers. Instant download at stockflow.media",https://stockflow.media/?cat=Food+Beverage&sub=Food+Beverage+Category&collection=Food+Beverage,2026-04-29 20:00:00,"stock footage, royalty free, 4k video, 8k images, food beverage, food beverage category, food photography, culinary, restaurant, food video, recipe"