Title,Media URL,Pinterest board,Thumbnail,Description,Link,Publish date,Keywords
Coronavirus | Microscopic Stock Video,https://storage.googleapis.com/stockflow-social/Batch01/Clips/V/Microscopic_Nucleus_Coronavirus_20260314_1127_V.mp4,Microscopic World,0:02,"Download premium coronavirus stock footage — 4K video & 8K images. Part of our Nucleus collection. Royalty-free, no attribution required. Perfect for content creators, filmmakers, and designers. Instant download at stockflow.media",https://stockflow.media/?cat=Microscopic&sub=Nucleus&collection=Coronavirus,2026-05-01 8:00:00,"virus, viral particle, spherical virus, spike proteins, cell membrane, lipid bilayer, membrane dynam, stock footage, royalty free, 4k video, 8k images, coronavirus, nucleus, microscopy, science, biology, microscope, cell biology"
Neuroblastoma | Microscopic Stock Video,https://storage.googleapis.com/stockflow-social/Batch01/Clips/V/Microscopic_Neuropathology_Neuroblastoma_20260314_1094_V.mp4,Microscopic World,0:02,"Download premium neuroblastoma stock footage — 4K video & 8K images. Part of our Neuropathology collection. Royalty-free, no attribution required. Perfect for content creators, filmmakers, and designers. Instant download at stockflow.media",https://stockflow.media/?cat=Microscopic&sub=Neuropathology&collection=Neuroblastoma,2026-05-01 11:00:00,"neuroblastoma, histology, immunostaining, brown stain, blue nuclei, cellular morphology, tumor micro, stock footage, royalty free, 4k video, 8k images, neuropathology, microscopy, science, biology, microscope, cell biology"
SpinalCord | Microscopic Stock Video,https://storage.googleapis.com/stockflow-social/Batch01/Clips/V/Microscopic_Neuropathology_SpinalCord_20260314_1091_V.mp4,Microscopic World,0:02,"Download premium spinalcord stock footage — 4K video & 8K images. Part of our Neuropathology collection. Royalty-free, no attribution required. Perfect for content creators, filmmakers, and designers. Instant download at stockflow.media",https://stockflow.media/?cat=Microscopic&sub=Neuropathology&collection=SpinalCord,2026-05-01 14:00:00,"high-magnification, micrograph, spinal-cord, neural-tissue, histology, tissue, vascular-structures, stock footage, royalty free, 4k video, 8k images, spinalcord, neuropathology, microscopy, science, biology, microscope, cell biology"
MultipleSclerosis | Microscopic Stock Video,https://storage.googleapis.com/stockflow-social/Batch01/Clips/V/Microscopic_Neuropathology_MultipleSclerosis_20260314_1088_V.mp4,Microscopic World,0:02,"Download premium multiplesclerosis stock footage — 4K video & 8K images. Part of our Neuropathology collection. Royalty-free, no attribution required. Perfect for content creators, filmmakers, and designers. Instant download at stockflow.media",https://stockflow.media/?cat=Microscopic&sub=Neuropathology&collection=MultipleSclerosis,2026-05-01 17:00:00,"histology, high magnification, glandular epithelium, epithelial cells, nuclei, fibrous stroma, infla, stock footage, royalty free, 4k video, 8k images, multiplesclerosis, neuropathology, microscopy, science, biology, microscope, cell biology"
Parkinson | Microscopic Stock Video,https://storage.googleapis.com/stockflow-social/Batch01/Clips/V/Microscopic_Neuropathology_Parkinson_20260314_1085_V.mp4,Microscopic World,0:02,"Download premium parkinson stock footage — 4K video & 8K images. Part of our Neuropathology collection. Royalty-free, no attribution required. Perfect for content creators, filmmakers, and designers. Instant download at stockflow.media",https://stockflow.media/?cat=Microscopic&sub=Neuropathology&collection=Parkinson,2026-05-01 20:00:00,"brain tissue, high magnification, micrograph, neural processes, neurons, neural networks, purple-sta, stock footage, royalty free, 4k video, 8k images, parkinson, neuropathology, microscopy, science, biology, microscope, cell biology"
Alzheimer | Microscopic Stock Video,https://storage.googleapis.com/stockflow-social/Batch01/Clips/V/Microscopic_Neuropathology_Alzheimer_20260314_1082_V.mp4,Microscopic World,0:02,"Download premium alzheimer stock footage — 4K video & 8K images. Part of our Neuropathology collection. Royalty-free, no attribution required. Perfect for content creators, filmmakers, and designers. Instant download at stockflow.media",https://stockflow.media/?cat=Microscopic&sub=Neuropathology&collection=Alzheimer,2026-05-02 8:00:00,"neuropathology, brain, microscopic, histology, amyloid, amyloid plaques, alzheimer's, alzheimer's pa, stock footage, royalty free, 4k video, 8k images, alzheimer, microscopy, science, biology, microscope, cell biology"
Toxoplasma | Microscopic Stock Video,https://storage.googleapis.com/stockflow-social/Batch01/Clips/V/Microscopic_Infectious_Toxoplasma_20260314_1079_V.mp4,Microscopic World,0:02,"Download premium toxoplasma stock footage — 4K video & 8K images. Part of our Infectious collection. Royalty-free, no attribution required. Perfect for content creators, filmmakers, and designers. Instant download at stockflow.media",https://stockflow.media/?cat=Microscopic&sub=Infectious&collection=Toxoplasma,2026-05-02 11:00:00,"toxoplasma, toxoplasmosis, micrograph, tissue sample, intracellular parasites, host cells, inflammat, stock footage, royalty free, 4k video, 8k images, infectious, microscopy, science, biology, microscope, cell biology"
Schistosoma | Microscopic Stock Video,https://storage.googleapis.com/stockflow-social/Batch01/Clips/V/Microscopic_Infectious_Schistosoma_20260314_1076_V.mp4,Microscopic World,0:02,"Download premium schistosoma stock footage — 4K video & 8K images. Part of our Infectious collection. Royalty-free, no attribution required. Perfect for content creators, filmmakers, and designers. Instant download at stockflow.media",https://stockflow.media/?cat=Microscopic&sub=Infectious&collection=Schistosoma,2026-05-02 14:00:00,"histology, schistosoma, schistosomiasis, intestinal mucosa, granulomatous reaction, granuloma, paras, stock footage, royalty free, 4k video, 8k images, infectious, microscopy, science, biology, microscope, cell biology"
Fungal | Microscopic Stock Video,https://storage.googleapis.com/stockflow-social/Batch01/Clips/V/Microscopic_Infectious_Fungal_20260314_1073_V.mp4,Microscopic World,0:02,"Download premium fungal stock footage — 4K video & 8K images. Part of our Infectious collection. Royalty-free, no attribution required. Perfect for content creators, filmmakers, and designers. Instant download at stockflow.media",https://stockflow.media/?cat=Microscopic&sub=Infectious&collection=Fungal,2026-05-02 17:00:00,"fungal infection, microscopy, fungal spores, hyphae, host cells, cellular invasion, infection proces, stock footage, royalty free, 4k video, 8k images, fungal, infectious, science, biology, microscope, cell biology"
Hepatitis | Microscopic Stock Video,https://storage.googleapis.com/stockflow-social/Batch01/Clips/V/Microscopic_Infectious_Hepatitis_20260314_1070_V.mp4,Microscopic World,0:02,"Download premium hepatitis stock footage — 4K video & 8K images. Part of our Infectious collection. Royalty-free, no attribution required. Perfect for content creators, filmmakers, and designers. Instant download at stockflow.media",https://stockflow.media/?cat=Microscopic&sub=Infectious&collection=Hepatitis,2026-05-02 20:00:00,"microscopic, liver tissue, hepatocytes, vacuolated cytoplasm, inflammatory infiltrates, portal areas, stock footage, royalty free, 4k video, 8k images, hepatitis, infectious, microscopy, science, biology, microscope, cell biology"
Tuberculosis | Microscopic Stock Video,https://storage.googleapis.com/stockflow-social/Batch01/Clips/V/Microscopic_Infectious_Tuberculosis_20260314_1067_V.mp4,Microscopic World,0:02,"Download premium tuberculosis stock footage — 4K video & 8K images. Part of our Infectious collection. Royalty-free, no attribution required. Perfect for content creators, filmmakers, and designers. Instant download at stockflow.media",https://stockflow.media/?cat=Microscopic&sub=Infectious&collection=Tuberculosis,2026-05-03 8:00:00,"tb, tuberculosis, tuberculosis granuloma, granuloma, caseation, caseating granuloma, lipid-rich macr, stock footage, royalty free, 4k video, 8k images, infectious, microscopy, science, biology, microscope, cell biology"
Kidney | Microscopic Stock Video,https://storage.googleapis.com/stockflow-social/Batch01/Clips/V/Microscopic_Histopathology_Kidney_20260314_1063_V.mp4,Microscopic World,0:02,"Download premium kidney stock footage — 4K video & 8K images. Part of our Histopathology collection. Royalty-free, no attribution required. Perfect for content creators, filmmakers, and designers. Instant download at stockflow.media",https://stockflow.media/?cat=Microscopic&sub=Histopathology&collection=Kidney,2026-05-03 11:00:00,"kidney, histopathology, acute tubular injury, acute kidney injury, tubular damage, dilated tubules, stock footage, royalty free, 4k video, 8k images, microscopy, science, biology, microscope, cell biology"
Prostate | Microscopic Stock Video,https://storage.googleapis.com/stockflow-social/Batch01/Clips/V/Microscopic_Histopathology_Prostate_20260314_1060_V.mp4,Microscopic World,0:02,"Download premium prostate stock footage — 4K video & 8K images. Part of our Histopathology collection. Royalty-free, no attribution required. Perfect for content creators, filmmakers, and designers. Instant download at stockflow.media",https://stockflow.media/?cat=Microscopic&sub=Histopathology&collection=Prostate,2026-05-03 14:00:00,"histopathology, prostate gland, prostate acini, glandular epithelium, surrounding stroma, hematoxyli, stock footage, royalty free, 4k video, 8k images, prostate, microscopy, science, biology, microscope, cell biology"
Glioblastoma | Microscopic Stock Video,https://storage.googleapis.com/stockflow-social/Batch01/Clips/V/Microscopic_Histopathology_Glioblastoma_20260314_1057_V.mp4,Microscopic World,0:02,"Download premium glioblastoma stock footage — 4K video & 8K images. Part of our Histopathology collection. Royalty-free, no attribution required. Perfect for content creators, filmmakers, and designers. Instant download at stockflow.media",https://stockflow.media/?cat=Microscopic&sub=Histopathology&collection=Glioblastoma,2026-05-03 17:00:00,"glioblastoma, histopathology, pathology, brain tumor, astrocytoma, malignant astrocytes, hyperchroma, stock footage, royalty free, 4k video, 8k images, microscopy, science, biology, microscope, cell biology"
Psoriatic | Microscopic Stock Video,https://storage.googleapis.com/stockflow-social/Batch01/Clips/V/Microscopic_Histopathology_Psoriatic_20260314_1054_V.mp4,Microscopic World,0:02,"Download premium psoriatic stock footage — 4K video & 8K images. Part of our Histopathology collection. Royalty-free, no attribution required. Perfect for content creators, filmmakers, and designers. Instant download at stockflow.media",https://stockflow.media/?cat=Microscopic&sub=Histopathology&collection=Psoriatic,2026-05-03 20:00:00,"histopathology, psoriasis, psoriatic skin, skin histology, epidermal hyperplasia, acanthosis, parake, stock footage, royalty free, 4k video, 8k images, psoriatic, microscopy, science, biology, microscope, cell biology"
Liver Cirrhosis | Microscopic Stock Video,https://storage.googleapis.com/stockflow-social/Batch01/Clips/V/Microscopic_Histopathology_Liver-Cirrhosis_20260314_1051_V.mp4,Microscopic World,0:02,"Download premium liver cirrhosis stock footage — 4K video & 8K images. Part of our Histopathology collection. Royalty-free, no attribution required. Perfect for content creators, filmmakers, and designers. Instant download at stockflow.media",https://stockflow.media/?cat=Microscopic&sub=Histopathology&collection=Liver+Cirrhosis,2026-05-04 8:00:00,"high magnification, tissue section, densely packed cells, prominent nuclei, tubular structures, inte, stock footage, royalty free, 4k video, 8k images, liver cirrhosis, histopathology, microscopy, science, biology, microscope, cell biology"
Cervical Cells | Microscopic Stock Video,https://storage.googleapis.com/stockflow-social/Batch01/Clips/V/Microscopic_Histopathology_Cervical-Cells_20260314_1048_V.mp4,Microscopic World,0:02,"Download premium cervical cells stock footage — 4K video & 8K images. Part of our Histopathology collection. Royalty-free, no attribution required. Perfect for content creators, filmmakers, and designers. Instant download at stockflow.media",https://stockflow.media/?cat=Microscopic&sub=Histopathology&collection=Cervical+Cells,2026-05-04 11:00:00,"histopathology, histology, cervical cells, cervical cytology, pap smear, epithelium, epithelial cell, stock footage, royalty free, 4k video, 8k images, microscopy, science, biology, microscope, cell biology"
Cellular | Microscopic Stock Video,https://storage.googleapis.com/stockflow-social/Batch01/Clips/V/Microscopic_Cellular_Cellular_20260314_1044_V.mp4,Microscopic World,0:02,"Download premium cellular stock footage — 4K video & 8K images. Part of our Cellular collection. Royalty-free, no attribution required. Perfect for content creators, filmmakers, and designers. Instant download at stockflow.media",https://stockflow.media/?cat=Microscopic&sub=Cellular&collection=Cellular,2026-05-04 14:00:00,"blood vessel, blood flow, red blood cells, white blood cells, plasma, circulatory system, microscopi, stock footage, royalty free, 4k video, 8k images, cellular, microscopy, science, biology, microscope, cell biology"
Cellular | Microscopic Stock Video,https://storage.googleapis.com/stockflow-social/Batch01/Clips/V/Microscopic_Cellular_Cellular_20260314_1043_V.mp4,Microscopic World,0:02,"Download premium cellular stock footage — 4K video & 8K images. Part of our Cellular collection. Royalty-free, no attribution required. Perfect for content creators, filmmakers, and designers. Instant download at stockflow.media",https://stockflow.media/?cat=Microscopic&sub=Cellular&collection=Cellular,2026-05-04 17:00:00,"blood vessel, bloodstream, red blood cells, erythrocytes, immune cells, white blood cells, platelets, stock footage, royalty free, 4k video, 8k images, cellular, microscopy, science, biology, microscope, cell biology"
Lysosomes | Microscopic Stock Video,https://storage.googleapis.com/stockflow-social/Batch01/Clips/V/Microscopic_Cellular_Lysosomes_20260314_1037_V.mp4,Microscopic World,0:02,"Download premium lysosomes stock footage — 4K video & 8K images. Part of our Cellular collection. Royalty-free, no attribution required. Perfect for content creators, filmmakers, and designers. Instant download at stockflow.media",https://stockflow.media/?cat=Microscopic&sub=Cellular&collection=Lysosomes,2026-05-04 20:00:00,"cell interior, lysosome, organelles, micro view, cell biology, live cell, intracellular, cytoplasm, stock footage, royalty free, 4k video, 8k images, lysosomes, cellular, microscopy, science, biology, microscope"
Ribosomes | Microscopic Stock Video,https://storage.googleapis.com/stockflow-social/Batch01/Clips/V/Microscopic_Cellular_Ribosomes_20260314_1035_V.mp4,Microscopic World,0:02,"Download premium ribosomes stock footage — 4K video & 8K images. Part of our Cellular collection. Royalty-free, no attribution required. Perfect for content creators, filmmakers, and designers. Instant download at stockflow.media",https://stockflow.media/?cat=Microscopic&sub=Cellular&collection=Ribosomes,2026-05-05 8:00:00,"cell membrane, lipid bilayer, protein complexes, ribosomes, molecular machinery, intracellular prote, stock footage, royalty free, 4k video, 8k images, cellular, microscopy, science, biology, microscope, cell biology"
Ciliated | Microscopic Stock Video,https://storage.googleapis.com/stockflow-social/Batch01/Clips/V/Microscopic_Cellular_Ciliated_20260314_1031_V.mp4,Microscopic World,0:02,"Download premium ciliated stock footage — 4K video & 8K images. Part of our Cellular collection. Royalty-free, no attribution required. Perfect for content creators, filmmakers, and designers. Instant download at stockflow.media",https://stockflow.media/?cat=Microscopic&sub=Cellular&collection=Ciliated,2026-05-05 11:00:00,"ciliated epithelium, cilia, epithelial tissue, histology, microscopy, high magnification, micrograph, stock footage, royalty free, 4k video, 8k images, ciliated, cellular, science, biology, microscope, cell biology"
Brain Tissue | Microscopic Stock Video,https://storage.googleapis.com/stockflow-social/Batch01/Clips/V/Microscopic_Cellular_Brain-Tissue_20260314_1029_V.mp4,Microscopic World,0:02,"Download premium brain tissue stock footage — 4K video & 8K images. Part of our Cellular collection. Royalty-free, no attribution required. Perfect for content creators, filmmakers, and designers. Instant download at stockflow.media",https://stockflow.media/?cat=Microscopic&sub=Cellular&collection=Brain+Tissue,2026-05-05 14:00:00,"brain tissue, neural networks, cellular structure, colorized microscopy, glowing neurons, orange neu, stock footage, royalty free, 4k video, 8k images, cellular, microscopy, science, biology, microscope, cell biology"
Cellular | Microscopic Stock Video,https://storage.googleapis.com/stockflow-social/Batch01/Clips/V/Microscopic_Cellular_Cellular_20260314_1026_V.mp4,Microscopic World,0:02,"Download premium cellular stock footage — 4K video & 8K images. Part of our Cellular collection. Royalty-free, no attribution required. Perfect for content creators, filmmakers, and designers. Instant download at stockflow.media",https://stockflow.media/?cat=Microscopic&sub=Cellular&collection=Cellular,2026-05-05 17:00:00,"neuron, neurons, brain, neural, nervous system, myelinated axons, axon, synapses, synapse, neural tr, stock footage, royalty free, 4k video, 8k images, cellular, microscopy, science, biology, microscope, cell biology"
Cellular | Microscopic Stock Video,https://storage.googleapis.com/stockflow-social/Batch01/Clips/V/Microscopic_Cellular_Cellular_20260314_1025_V.mp4,Microscopic World,0:02,"Download premium cellular stock footage — 4K video & 8K images. Part of our Cellular collection. Royalty-free, no attribution required. Perfect for content creators, filmmakers, and designers. Instant download at stockflow.media",https://stockflow.media/?cat=Microscopic&sub=Cellular&collection=Cellular,2026-05-05 20:00:00,"blood vessel, bloodstream, blood flow, red blood cells, immune cells, white blood cells, leukocytes, stock footage, royalty free, 4k video, 8k images, cellular, microscopy, science, biology, microscope, cell biology"
Cellular | Microscopic Stock Video,https://storage.googleapis.com/stockflow-social/Batch01/Clips/V/Microscopic_Cellular_Cellular_20260314_1024_V.mp4,Microscopic World,0:02,"Download premium cellular stock footage — 4K video & 8K images. Part of our Cellular collection. Royalty-free, no attribution required. Perfect for content creators, filmmakers, and designers. Instant download at stockflow.media",https://stockflow.media/?cat=Microscopic&sub=Cellular&collection=Cellular,2026-05-06 8:00:00,"neuron, glowing neuron, axon, neural network, nervous system, neuroscience, brain, neural connectivi, stock footage, royalty free, 4k video, 8k images, cellular, microscopy, science, biology, microscope, cell biology"
Cellular | Microscopic Stock Video,https://storage.googleapis.com/stockflow-social/Batch01/Clips/V/Microscopic_Cellular_Cellular_20260314_1023_V.mp4,Microscopic World,0:02,"Download premium cellular stock footage — 4K video & 8K images. Part of our Cellular collection. Royalty-free, no attribution required. Perfect for content creators, filmmakers, and designers. Instant download at stockflow.media",https://stockflow.media/?cat=Microscopic&sub=Cellular&collection=Cellular,2026-05-06 11:00:00,"blood vessel, circulatory system, micrographic, micrograph, red blood cells, white blood cells, rbc, stock footage, royalty free, 4k video, 8k images, cellular, microscopy, science, biology, microscope, cell biology"
Cellular | Microscopic Stock Video,https://storage.googleapis.com/stockflow-social/Batch01/Clips/V/Microscopic_Cellular_Cellular_20260314_1022_V.mp4,Microscopic World,0:02,"Download premium cellular stock footage — 4K video & 8K images. Part of our Cellular collection. Royalty-free, no attribution required. Perfect for content creators, filmmakers, and designers. Instant download at stockflow.media",https://stockflow.media/?cat=Microscopic&sub=Cellular&collection=Cellular,2026-05-06 14:00:00,"neuron, neuron illustration, glowing cell body, myelinated axon, axon, neural pathway, electrical si, stock footage, royalty free, 4k video, 8k images, cellular, microscopy, science, biology, microscope, cell biology"
Cellular | Microscopic Stock Video,https://storage.googleapis.com/stockflow-social/Batch01/Clips/V/Microscopic_Cellular_Cellular_20260314_1021_V.mp4,Microscopic World,0:02,"Download premium cellular stock footage — 4K video & 8K images. Part of our Cellular collection. Royalty-free, no attribution required. Perfect for content creators, filmmakers, and designers. Instant download at stockflow.media",https://stockflow.media/?cat=Microscopic&sub=Cellular&collection=Cellular,2026-05-06 17:00:00,"neuron, neurons, neural network, myelin, axons, synapses, neurobiology, neuroscience, brain, nervous, stock footage, royalty free, 4k video, 8k images, cellular, microscopy, science, biology, microscope, cell biology"
Colon Polyp | Microscopic Stock Video,https://storage.googleapis.com/stockflow-social/Batch01/Clips/V/Microscopic_Histopathology_Colon-Polyp_20260314_1019_V.mp4,Microscopic World,0:02,"Download premium colon polyp stock footage — 4K video & 8K images. Part of our Histopathology collection. Royalty-free, no attribution required. Perfect for content creators, filmmakers, and designers. Instant download at stockflow.media",https://stockflow.media/?cat=Microscopic&sub=Histopathology&collection=Colon+Polyp,2026-05-06 20:00:00,"histopathology, colon, colonic polyp, colon polyp, colorectal, pathology, histology, tissue, microsc, stock footage, royalty free, 4k video, 8k images, microscopy, science, biology, microscope, cell biology"
Lung Tissue | Microscopic Stock Video,https://storage.googleapis.com/stockflow-social/Batch01/Clips/V/Microscopic_Histopathology_Lung-Tissue_20260314_1011_V.mp4,Microscopic World,0:02,"Download premium lung tissue stock footage — 4K video & 8K images. Part of our Histopathology collection. Royalty-free, no attribution required. Perfect for content creators, filmmakers, and designers. Instant download at stockflow.media",https://stockflow.media/?cat=Microscopic&sub=Histopathology&collection=Lung+Tissue,2026-05-07 8:00:00,"histopathology, lung tissue, epithelial cells, enlarged nuclei, prominent nucleoli, irregular gland-, stock footage, royalty free, 4k video, 8k images, microscopy, science, biology, microscope, cell biology"
Lavender Dreamy Coating | Microscopic Stock Video,https://storage.googleapis.com/stockflow-social/Batch01/Clips/V/Microscopic_Pollen_Lavender-Dreamy-Coating_20260314_1004_V.mp4,Microscopic World,0:02,"Download premium lavender dreamy coating stock footage — 4K video & 8K images. Part of our Pollen collection. Royalty-free, no attribution required. Perfect for content creators, filmmakers, and designers. Instant download at stockflow.media",https://stockflow.media/?cat=Microscopic&sub=Pollen&collection=Lavender+Dreamy+Coating,2026-05-07 11:00:00,"macro, close-up, lavender, buds, dew droplets, shimmering, pollen, texture, micro details, soft purp, stock footage, royalty free, 4k video, 8k images, lavender dreamy coating, microscopy, science, biology, microscope, cell biology"
Lavender Dreamy Coating | Microscopic Stock Video,https://storage.googleapis.com/stockflow-social/Batch01/Clips/V/Microscopic_Pollen_Lavender-Dreamy-Coating_20260314_1003_V.mp4,Microscopic World,0:02,"Download premium lavender dreamy coating stock footage — 4K video & 8K images. Part of our Pollen collection. Royalty-free, no attribution required. Perfect for content creators, filmmakers, and designers. Instant download at stockflow.media",https://stockflow.media/?cat=Microscopic&sub=Pollen&collection=Lavender+Dreamy+Coating,2026-05-07 14:00:00,"lavender, lavender buds, macro, close-up, dew, droplets, pollen, silky coating, purple, purple laven, stock footage, royalty free, 4k video, 8k images, lavender dreamy coating, microscopy, science, biology, microscope, cell biology"
Lavender Dreamy Coating | Microscopic Stock Video,https://storage.googleapis.com/stockflow-social/Batch01/Clips/V/Microscopic_Pollen_Lavender-Dreamy-Coating_20260314_1002_V.mp4,Microscopic World,0:02,"Download premium lavender dreamy coating stock footage — 4K video & 8K images. Part of our Pollen collection. Royalty-free, no attribution required. Perfect for content creators, filmmakers, and designers. Instant download at stockflow.media",https://stockflow.media/?cat=Microscopic&sub=Pollen&collection=Lavender+Dreamy+Coating,2026-05-07 17:00:00,"lavender, macro, close-up, pollen, buds, dew drops, sparkling, tiny florets, purple, lavender hues, stock footage, royalty free, 4k video, 8k images, lavender dreamy coating, microscopy, science, biology, microscope, cell biology"
Lotus Fluorescent Starburst | Microscopic Stock Video,https://storage.googleapis.com/stockflow-social/Batch01/Clips/V/Microscopic_Pollen_Lotus-Fluorescent-Starburst_20260314_1000_V.mp4,Microscopic World,0:02,"Download premium lotus fluorescent starburst stock footage — 4K video & 8K images. Part of our Pollen collection. Royalty-free, no attribution required. Perfect for content creators, filmmakers, and designers. Instant download at stockflow.media",https://stockflow.media/?cat=Microscopic&sub=Pollen&collection=Lotus+Fluorescent+Starburst,2026-05-07 20:00:00,"macro, macro photography, close-up, pollen bloom, lotus-like pollen, lotus pollen, fluorescent yello, stock footage, royalty free, 4k video, 8k images, lotus fluorescent starburst, pollen, microscopy, science, biology, microscope, cell biology"
Lotus Fluorescent Starburst | Microscopic Stock Video,https://storage.googleapis.com/stockflow-social/Batch01/Clips/V/Microscopic_Pollen_Lotus-Fluorescent-Starburst_20260314_0999_V.mp4,Microscopic World,0:02,"Download premium lotus fluorescent starburst stock footage — 4K video & 8K images. Part of our Pollen collection. Royalty-free, no attribution required. Perfect for content creators, filmmakers, and designers. Instant download at stockflow.media",https://stockflow.media/?cat=Microscopic&sub=Pollen&collection=Lotus+Fluorescent+Starburst,2026-05-08 8:00:00,"macro, close-up, pollen, pollen grains, purple, vibrant, ribbed, circular surfaces, central pores, g, stock footage, royalty free, 4k video, 8k images, lotus fluorescent starburst, microscopy, science, biology, microscope, cell biology"
Orchid Pollinium Smooth Shine | Microscopic Stock Video,https://storage.googleapis.com/stockflow-social/Batch01/Clips/V/Microscopic_Pollen_Orchid-Pollinium-Smooth-Shine_20260314_0996_V.mp4,Microscopic World,0:02,"Download premium orchid pollinium smooth shine stock footage — 4K video & 8K images. Part of our Pollen collection. Royalty-free, no attribution required. Perfect for content creators, filmmakers, and designers. Instant download at stockflow.media",https://stockflow.media/?cat=Microscopic&sub=Pollen&collection=Orchid+Pollinium+Smooth+Shine,2026-05-08 11:00:00,"orchid macro, macro shot orchid, orchid bloom, macro photography, close-up flower, close-up orchid, stock footage, royalty free, 4k video, 8k images, orchid pollinium smooth shine, pollen, microscopy, science, biology, microscope, cell biology"
Orchid Pollinium Smooth Shine | Microscopic Stock Video,https://storage.googleapis.com/stockflow-social/Batch01/Clips/V/Microscopic_Pollen_Orchid-Pollinium-Smooth-Shine_20260314_0995_V.mp4,Microscopic World,0:02,"Download premium orchid pollinium smooth shine stock footage — 4K video & 8K images. Part of our Pollen collection. Royalty-free, no attribution required. Perfect for content creators, filmmakers, and designers. Instant download at stockflow.media",https://stockflow.media/?cat=Microscopic&sub=Pollen&collection=Orchid+Pollinium+Smooth+Shine,2026-05-08 14:00:00,"macro, macro photography, close-up, orchid, purple orchid, flowers, pollinia, pollen, orange pollen, stock footage, royalty free, 4k video, 8k images, orchid pollinium smooth shine, microscopy, science, biology, microscope, cell biology"
Orchid Pollinium Smooth Shine | Microscopic Stock Video,https://storage.googleapis.com/stockflow-social/Batch01/Clips/V/Microscopic_Pollen_Orchid-Pollinium-Smooth-Shine_20260314_0994_V.mp4,Microscopic World,0:02,"Download premium orchid pollinium smooth shine stock footage — 4K video & 8K images. Part of our Pollen collection. Royalty-free, no attribution required. Perfect for content creators, filmmakers, and designers. Instant download at stockflow.media",https://stockflow.media/?cat=Microscopic&sub=Pollen&collection=Orchid+Pollinium+Smooth+Shine,2026-05-08 17:00:00,"orchid, macro shot, vibrant, yellow-edged petals, purple hues, ornate orange pollen-filled column, c, stock footage, royalty free, 4k video, 8k images, orchid pollinium smooth shine, pollen, microscopy, science, biology, microscope, cell biology"
Ragweed Spiky Details | Microscopic Stock Video,https://storage.googleapis.com/stockflow-social/Batch01/Clips/V/Microscopic_Pollen_Ragweed-Spiky-Details_20260314_0991_V.mp4,Microscopic World,0:02,"Download premium ragweed spiky details stock footage — 4K video & 8K images. Part of our Pollen collection. Royalty-free, no attribution required. Perfect for content creators, filmmakers, and designers. Instant download at stockflow.media",https://stockflow.media/?cat=Microscopic&sub=Pollen&collection=Ragweed+Spiky+Details,2026-05-08 20:00:00,"ragweed pollen, macro view, pollen grain, micro scale, high detail, spiky surface, textured surface, stock footage, royalty free, 4k video, 8k images, ragweed spiky details, pollen, microscopy, science, biology, microscope, cell biology"
Ragweed Spiky Details | Microscopic Stock Video,https://storage.googleapis.com/stockflow-social/Batch01/Clips/V/Microscopic_Pollen_Ragweed-Spiky-Details_20260314_0990_V.mp4,Microscopic World,0:02,"Download premium ragweed spiky details stock footage — 4K video & 8K images. Part of our Pollen collection. Royalty-free, no attribution required. Perfect for content creators, filmmakers, and designers. Instant download at stockflow.media",https://stockflow.media/?cat=Microscopic&sub=Pollen&collection=Ragweed+Spiky+Details,2026-05-09 8:00:00,"close-up, macro, pollen grain, pollen, spiky, spiky pollen, textured sphere, conical projections, sh, stock footage, royalty free, 4k video, 8k images, ragweed spiky details, microscopy, science, biology, microscope, cell biology"
Ragweed Spiky Details | Microscopic Stock Video,https://storage.googleapis.com/stockflow-social/Batch01/Clips/V/Microscopic_Pollen_Ragweed-Spiky-Details_20260314_0989_V.mp4,Microscopic World,0:02,"Download premium ragweed spiky details stock footage — 4K video & 8K images. Part of our Pollen collection. Royalty-free, no attribution required. Perfect for content creators, filmmakers, and designers. Instant download at stockflow.media",https://stockflow.media/?cat=Microscopic&sub=Pollen&collection=Ragweed+Spiky+Details,2026-05-09 11:00:00,"ragweed pollen, pollen grain, pollen grain magnified, highly magnified pollen, extreme magnification, stock footage, royalty free, 4k video, 8k images, ragweed spiky details, pollen, microscopy, science, biology, microscope, cell biology"
Ragweed Spiky Details | Microscopic Stock Video,https://storage.googleapis.com/stockflow-social/Batch01/Clips/V/Microscopic_Pollen_Ragweed-Spiky-Details_20260314_0988_V.mp4,Microscopic World,0:02,"Download premium ragweed spiky details stock footage — 4K video & 8K images. Part of our Pollen collection. Royalty-free, no attribution required. Perfect for content creators, filmmakers, and designers. Instant download at stockflow.media",https://stockflow.media/?cat=Microscopic&sub=Pollen&collection=Ragweed+Spiky+Details,2026-05-09 14:00:00,"pollen grain, extreme close-up, close-up, macro, macro photography, yellow pollen, spiky projections, stock footage, royalty free, 4k video, 8k images, ragweed spiky details, pollen, microscopy, science, biology, microscope, cell biology"
Pine Winged Form | Microscopic Stock Video,https://storage.googleapis.com/stockflow-social/Batch01/Clips/V/Microscopic_Pollen_Pine-Winged-Form_20260314_0985_V.mp4,Microscopic World,0:02,"Download premium pine winged form stock footage — 4K video & 8K images. Part of our Pollen collection. Royalty-free, no attribution required. Perfect for content creators, filmmakers, and designers. Instant download at stockflow.media",https://stockflow.media/?cat=Microscopic&sub=Pollen&collection=Pine+Winged+Form,2026-05-09 17:00:00,"pine pollen, pollen grain, close-up, macro, microstructure, high detail, extreme magnification, pine, stock footage, royalty free, 4k video, 8k images, pine winged form, pollen, microscopy, science, biology, microscope, cell biology"
Grass Mesh Structure | Microscopic Stock Video,https://storage.googleapis.com/stockflow-social/Batch01/Clips/V/Microscopic_Pollen_Grass-Mesh-Structure_20260314_0982_V.mp4,Microscopic World,0:02,"Download premium grass mesh structure stock footage — 4K video & 8K images. Part of our Pollen collection. Royalty-free, no attribution required. Perfect for content creators, filmmakers, and designers. Instant download at stockflow.media",https://stockflow.media/?cat=Microscopic&sub=Pollen&collection=Grass+Mesh+Structure,2026-05-09 20:00:00,"pollen, pollen grain, macro shot, macro photography, close-up, closeup, spiky pollen, spherical poll, stock footage, royalty free, 4k video, 8k images, grass mesh structure, microscopy, science, biology, microscope, cell biology"
Sunflower | Microscopic Stock Video,https://storage.googleapis.com/stockflow-social/Batch01/Clips/V/Microscopic_Pollen_Sunflower_20260314_0979_V.mp4,Microscopic World,0:02,"Download premium sunflower stock footage — 4K video & 8K images. Part of our Pollen collection. Royalty-free, no attribution required. Perfect for content creators, filmmakers, and designers. Instant download at stockflow.media",https://stockflow.media/?cat=Microscopic&sub=Pollen&collection=Sunflower,2026-05-10 8:00:00,"sunflower, pollen, macro, close-up, florets, stigma, textured, oil-glossed, petals, petal-like, yell, stock footage, royalty free, 4k video, 8k images, microscopy, science, biology, microscope, cell biology"
Sunflower | Microscopic Stock Video,https://storage.googleapis.com/stockflow-social/Batch01/Clips/V/Microscopic_Pollen_Sunflower_20260314_0978_V.mp4,Microscopic World,0:02,"Download premium sunflower stock footage — 4K video & 8K images. Part of our Pollen collection. Royalty-free, no attribution required. Perfect for content creators, filmmakers, and designers. Instant download at stockflow.media",https://stockflow.media/?cat=Microscopic&sub=Pollen&collection=Sunflower,2026-05-10 11:00:00,"close-up, macro, pollen, flower, blossoms, yellow, vibrant, spring, florets, star-shaped, reproducti, stock footage, royalty free, 4k video, 8k images, sunflower, microscopy, science, biology, microscope, cell biology"
Breast Cancer | Microscopic Stock Video,https://storage.googleapis.com/stockflow-social/Batch01/Clips/V/Microscopic_Histopathology_Breast-Cancer_20260314_0974_V.mp4,Microscopic World,0:02,"Download premium breast cancer stock footage — 4K video & 8K images. Part of our Histopathology collection. Royalty-free, no attribution required. Perfect for content creators, filmmakers, and designers. Instant download at stockflow.media",https://stockflow.media/?cat=Microscopic&sub=Histopathology&collection=Breast+Cancer,2026-05-10 14:00:00,"histopathology, breast cancer, ductal carcinoma, pathology slide, malignant epithelial cells, high n, stock footage, royalty free, 4k video, 8k images, microscopy, science, biology, microscope, cell biology"
Eczema | Microscopic Stock Video,https://storage.googleapis.com/stockflow-social/Batch01/Clips/V/Microscopic_Dermatopathology_Eczema_20260314_0971_V.mp4,Microscopic World,0:02,"Download premium eczema stock footage — 4K video & 8K images. Part of our Dermatopathology collection. Royalty-free, no attribution required. Perfect for content creators, filmmakers, and designers. Instant download at stockflow.media",https://stockflow.media/?cat=Microscopic&sub=Dermatopathology&collection=Eczema,2026-05-10 17:00:00,"eczema, dermatitis, dermatopathology, skin biopsy, histology, micrograph, eosinophils, inflammatory, stock footage, royalty free, 4k video, 8k images, microscopy, science, biology, microscope, cell biology"
Melanoma | Microscopic Stock Video,https://storage.googleapis.com/stockflow-social/Batch01/Clips/V/Microscopic_Cancer-Cell_Melanoma_20260314_0967_V.mp4,Microscopic World,0:02,"Download premium melanoma stock footage — 4K video & 8K images. Part of our Cancer Cell collection. Royalty-free, no attribution required. Perfect for content creators, filmmakers, and designers. Instant download at stockflow.media",https://stockflow.media/?cat=Microscopic&sub=Cancer+Cell&collection=Melanoma,2026-05-10 20:00:00,"melanoma, skin cancer, cancerous tumor, malignant melanoma, skin cancer animation, dermatology, pigm, stock footage, royalty free, 4k video, 8k images, cancer cell, microscopy, science, biology, microscope, cell biology"
Melanoma | Microscopic Stock Video,https://storage.googleapis.com/stockflow-social/Batch01/Clips/V/Microscopic_Cancer-Cell_Melanoma_20260314_0966_V.mp4,Microscopic World,0:02,"Download premium melanoma stock footage — 4K video & 8K images. Part of our Cancer Cell collection. Royalty-free, no attribution required. Perfect for content creators, filmmakers, and designers. Instant download at stockflow.media",https://stockflow.media/?cat=Microscopic&sub=Cancer+Cell&collection=Melanoma,2026-05-11 8:00:00,"melanoma, skin cancer, melanoma pathology, skin cross-section, histology, microscopic, tumor, malign, stock footage, royalty free, 4k video, 8k images, cancer cell, microscopy, science, biology, microscope, cell biology"
Chemotherapy | Microscopic Stock Video,https://storage.googleapis.com/stockflow-social/Batch01/Clips/V/Microscopic_Cancer-Cell_Chemotherapy_20260314_0959_V.mp4,Microscopic World,0:02,"Download premium chemotherapy stock footage — 4K video & 8K images. Part of our Cancer Cell collection. Royalty-free, no attribution required. Perfect for content creators, filmmakers, and designers. Instant download at stockflow.media",https://stockflow.media/?cat=Microscopic&sub=Cancer+Cell&collection=Chemotherapy,2026-05-11 11:00:00,"orange, spiky, biological-form, cellular, interactions, molecular, therapy, concepts, microscopic, b, stock footage, royalty free, 4k video, 8k images, chemotherapy, cancer cell, microscopy, science, biology, microscope, cell biology"
Chemotherapy | Microscopic Stock Video,https://storage.googleapis.com/stockflow-social/Batch01/Clips/V/Microscopic_Cancer-Cell_Chemotherapy_20260314_0958_V.mp4,Microscopic World,0:02,"Download premium chemotherapy stock footage — 4K video & 8K images. Part of our Cancer Cell collection. Royalty-free, no attribution required. Perfect for content creators, filmmakers, and designers. Instant download at stockflow.media",https://stockflow.media/?cat=Microscopic&sub=Cancer+Cell&collection=Chemotherapy,2026-05-11 14:00:00,"cancer cell, microscopic scene, cell membrane, molecular chains, nanoparticles, targeted chemotherap, stock footage, royalty free, 4k video, 8k images, chemotherapy, microscopy, science, biology, microscope, cell biology"
Leukemia | Microscopic Stock Video,https://storage.googleapis.com/stockflow-social/Batch01/Clips/V/Microscopic_Cancer-Cell_Leukemia_20260314_0953_V.mp4,Microscopic World,0:02,"Download premium leukemia stock footage — 4K video & 8K images. Part of our Cancer Cell collection. Royalty-free, no attribution required. Perfect for content creators, filmmakers, and designers. Instant download at stockflow.media",https://stockflow.media/?cat=Microscopic&sub=Cancer+Cell&collection=Leukemia,2026-05-11 17:00:00,"blood vessel, red blood cells, white blood cells, immune cell, immune response, bloodstream, cellula, stock footage, royalty free, 4k video, 8k images, leukemia, cancer cell, microscopy, science, biology, microscope, cell biology"
Leukemia | Microscopic Stock Video,https://storage.googleapis.com/stockflow-social/Batch01/Clips/V/Microscopic_Cancer-Cell_Leukemia_20260314_0952_V.mp4,Microscopic World,0:02,"Download premium leukemia stock footage — 4K video & 8K images. Part of our Cancer Cell collection. Royalty-free, no attribution required. Perfect for content creators, filmmakers, and designers. Instant download at stockflow.media",https://stockflow.media/?cat=Microscopic&sub=Cancer+Cell&collection=Leukemia,2026-05-11 20:00:00,"blood cells, white blood cells, red blood cells, immune system, cellular interactions, bloodstream, stock footage, royalty free, 4k video, 8k images, leukemia, cancer cell, microscopy, science, biology, microscope, cell biology"
Leukemia | Microscopic Stock Video,https://storage.googleapis.com/stockflow-social/Batch01/Clips/V/Microscopic_Cancer-Cell_Leukemia_20260314_0947_V.mp4,Microscopic World,0:02,"Download premium leukemia stock footage — 4K video & 8K images. Part of our Cancer Cell collection. Royalty-free, no attribution required. Perfect for content creators, filmmakers, and designers. Instant download at stockflow.media",https://stockflow.media/?cat=Microscopic&sub=Cancer+Cell&collection=Leukemia,2026-05-12 8:00:00,"close-up, blood vessel, red blood cells, white blood cells, immune cells, immune activity, circulati, stock footage, royalty free, 4k video, 8k images, leukemia, cancer cell, microscopy, science, biology, microscope, cell biology"
Mutations | Microscopic Stock Video,https://storage.googleapis.com/stockflow-social/Batch01/Clips/V/Microscopic_Cancer-Cell_Mutations_20260314_0946_V.mp4,Microscopic World,0:02,"Download premium mutations stock footage — 4K video & 8K images. Part of our Cancer Cell collection. Royalty-free, no attribution required. Perfect for content creators, filmmakers, and designers. Instant download at stockflow.media",https://stockflow.media/?cat=Microscopic&sub=Cancer+Cell&collection=Mutations,2026-05-12 11:00:00,"dna, double helix, dna strand, dna animation, cancer mutations, cancer research, cellular processes, stock footage, royalty free, 4k video, 8k images, mutations, cancer cell, microscopy, science, biology, microscope, cell biology"
Mutations | Microscopic Stock Video,https://storage.googleapis.com/stockflow-social/Batch01/Clips/V/Microscopic_Cancer-Cell_Mutations_20260314_0945_V.mp4,Microscopic World,0:02,"Download premium mutations stock footage — 4K video & 8K images. Part of our Cancer Cell collection. Royalty-free, no attribution required. Perfect for content creators, filmmakers, and designers. Instant download at stockflow.media",https://stockflow.media/?cat=Microscopic&sub=Cancer+Cell&collection=Mutations,2026-05-12 14:00:00,"dna, dna strands, dna visualization, genetic material, cellular architecture, cell biology, molecula, stock footage, royalty free, 4k video, 8k images, mutations, cancer cell, microscopy, science, biology, microscope"
Fluorescence | Microscopic Stock Video,https://storage.googleapis.com/stockflow-social/Batch01/Clips/V/Microscopic_Cancer-Cell_Fluorescence_20260314_0940_V.mp4,Microscopic World,0:02,"Download premium fluorescence stock footage — 4K video & 8K images. Part of our Cancer Cell collection. Royalty-free, no attribution required. Perfect for content creators, filmmakers, and designers. Instant download at stockflow.media",https://stockflow.media/?cat=Microscopic&sub=Cancer+Cell&collection=Fluorescence,2026-05-12 17:00:00,"fluorescence microscopy, cellular biology, cytoskeleton, nuclei, blue nuclei, orange cytoskeleton, g, stock footage, royalty free, 4k video, 8k images, fluorescence, cancer cell, microscopy, science, biology, microscope, cell biology"
Fluorescence | Microscopic Stock Video,https://storage.googleapis.com/stockflow-social/Batch01/Clips/V/Microscopic_Cancer-Cell_Fluorescence_20260314_0939_V.mp4,Microscopic World,0:02,"Download premium fluorescence stock footage — 4K video & 8K images. Part of our Cancer Cell collection. Royalty-free, no attribution required. Perfect for content creators, filmmakers, and designers. Instant download at stockflow.media",https://stockflow.media/?cat=Microscopic&sub=Cancer+Cell&collection=Fluorescence,2026-05-12 20:00:00,"fluorescence, fluorescence microscopy, cell, single cell, cytoskeleton, nucleus, organelles, intrace, stock footage, royalty free, 4k video, 8k images, cancer cell, microscopy, science, biology, microscope, cell biology"
Immune | Microscopic Stock Video,https://storage.googleapis.com/stockflow-social/Batch01/Clips/V/Microscopic_Cancer-Cell_Immune_20260314_0934_V.mp4,Microscopic World,0:02,"Download premium immune stock footage — 4K video & 8K images. Part of our Cancer Cell collection. Royalty-free, no attribution required. Perfect for content creators, filmmakers, and designers. Instant download at stockflow.media",https://stockflow.media/?cat=Microscopic&sub=Cancer+Cell&collection=Immune,2026-05-13 8:00:00,"immune cells, cancer cell, cellular defense, tissue boundary, microscopic scene, blue structures, gr, stock footage, royalty free, 4k video, 8k images, immune, microscopy, science, biology, microscope, cell biology"
Immune | Microscopic Stock Video,https://storage.googleapis.com/stockflow-social/Batch01/Clips/V/Microscopic_Cancer-Cell_Immune_20260314_0933_V.mp4,Microscopic World,0:02,"Download premium immune stock footage — 4K video & 8K images. Part of our Cancer Cell collection. Royalty-free, no attribution required. Perfect for content creators, filmmakers, and designers. Instant download at stockflow.media",https://stockflow.media/?cat=Microscopic&sub=Cancer+Cell&collection=Immune,2026-05-13 11:00:00,"immune cells, cancer cells, cytotoxic t cells, natural killer cells, cytotoxicity, immune surveillan, stock footage, royalty free, 4k video, 8k images, immune, cancer cell, microscopy, science, biology, microscope, cell biology"
Immune | Microscopic Stock Video,https://storage.googleapis.com/stockflow-social/Batch01/Clips/V/Microscopic_Cancer-Cell_Immune_20260314_0932_V.mp4,Microscopic World,0:02,"Download premium immune stock footage — 4K video & 8K images. Part of our Cancer Cell collection. Royalty-free, no attribution required. Perfect for content creators, filmmakers, and designers. Instant download at stockflow.media",https://stockflow.media/?cat=Microscopic&sub=Cancer+Cell&collection=Immune,2026-05-13 14:00:00,"cancer cells, immune cells, immune response, tumor microenvironment, cellular interactions, microsco, stock footage, royalty free, 4k video, 8k images, immune, cancer cell, microscopy, science, biology, microscope, cell biology"
Breast | Microscopic Stock Video,https://storage.googleapis.com/stockflow-social/Batch01/Clips/V/Microscopic_Cancer-Cell_Breast_20260314_0927_V.mp4,Microscopic World,0:02,"Download premium breast stock footage — 4K video & 8K images. Part of our Cancer Cell collection. Royalty-free, no attribution required. Perfect for content creators, filmmakers, and designers. Instant download at stockflow.media",https://stockflow.media/?cat=Microscopic&sub=Cancer+Cell&collection=Breast,2026-05-13 17:00:00,"cancer, cancer cells, tumor, histology, micrograph, microscopy, pathology, mitosis, mitotic figures, stock footage, royalty free, 4k video, 8k images, breast, cancer cell, science, biology, microscope, cell biology"
Metastatic | Microscopic Stock Video,https://storage.googleapis.com/stockflow-social/Batch01/Clips/V/Microscopic_Cancer-Cell_Metastatic_20260314_0924_V.mp4,Microscopic World,0:02,"Download premium metastatic stock footage — 4K video & 8K images. Part of our Cancer Cell collection. Royalty-free, no attribution required. Perfect for content creators, filmmakers, and designers. Instant download at stockflow.media",https://stockflow.media/?cat=Microscopic&sub=Cancer+Cell&collection=Metastatic,2026-05-13 20:00:00,"cancer cell, metastasis, metastatic cancer, micrograph, yellow extensions, tissue invasion, cellular, stock footage, royalty free, 4k video, 8k images, metastatic, microscopy, science, biology, microscope, cell biology"
Tumor | Microscopic Stock Video,https://storage.googleapis.com/stockflow-social/Batch01/Clips/V/Microscopic_Cancer-Cell_Tumor_20260314_0921_V.mp4,Microscopic World,0:02,"Download premium tumor stock footage — 4K video & 8K images. Part of our Cancer Cell collection. Royalty-free, no attribution required. Perfect for content creators, filmmakers, and designers. Instant download at stockflow.media",https://stockflow.media/?cat=Microscopic&sub=Cancer+Cell&collection=Tumor,2026-05-14 8:00:00,"medical animation, tumor, cancer, malignant growth, malignant tumor, cancerous lesion, skin tumor, l, stock footage, royalty free, 4k video, 8k images, cancer cell, microscopy, science, biology, microscope, cell biology"
Tumor | Microscopic Stock Video,https://storage.googleapis.com/stockflow-social/Batch01/Clips/V/Microscopic_Cancer-Cell_Tumor_20260314_0920_V.mp4,Microscopic World,0:02,"Download premium tumor stock footage — 4K video & 8K images. Part of our Cancer Cell collection. Royalty-free, no attribution required. Perfect for content creators, filmmakers, and designers. Instant download at stockflow.media",https://stockflow.media/?cat=Microscopic&sub=Cancer+Cell&collection=Tumor,2026-05-14 11:00:00,"cancer, tumor, oncology, histology, pathology, medical imaging, magnified, tissue, vascularization, stock footage, royalty free, 4k video, 8k images, cancer cell, microscopy, science, biology, microscope, cell biology"
TEM Virus | Microscopic Stock Video,https://storage.googleapis.com/stockflow-social/Batch01/Clips/V/Microscopic_Cancer-Cell_TEM-Virus_20260314_0917_V.mp4,Microscopic World,0:02,"Download premium tem virus stock footage — 4K video & 8K images. Part of our Cancer Cell collection. Royalty-free, no attribution required. Perfect for content creators, filmmakers, and designers. Instant download at stockflow.media",https://stockflow.media/?cat=Microscopic&sub=Cancer+Cell&collection=TEM+Virus,2026-05-14 14:00:00,"colorized, micrograph, cells, microbes, diverse cells, virus-like particles, rod-shaped bacteria, sp, stock footage, royalty free, 4k video, 8k images, tem virus, cancer cell, microscopy, science, biology, microscope, cell biology"
Aggressive | Microscopic Stock Video,https://storage.googleapis.com/stockflow-social/Batch01/Clips/V/Microscopic_Cancer-Cell_Aggressive_20260314_0914_V.mp4,Microscopic World,0:02,"Download premium aggressive stock footage — 4K video & 8K images. Part of our Cancer Cell collection. Royalty-free, no attribution required. Perfect for content creators, filmmakers, and designers. Instant download at stockflow.media",https://stockflow.media/?cat=Microscopic&sub=Cancer+Cell&collection=Aggressive,2026-05-14 17:00:00,"cancer cells, tumor microenvironment, blood vessel, invasion, microvasculature, histology, high fide, stock footage, royalty free, 4k video, 8k images, aggressive, cancer cell, microscopy, science, biology, microscope, cell biology"
Vs Healthy Cells | Microscopic Stock Video,https://storage.googleapis.com/stockflow-social/Batch01/Clips/V/Microscopic_Cancer-Cell_Vs-Healthy-Cells_20260314_0911_V.mp4,Microscopic World,0:02,"Download premium vs healthy cells stock footage — 4K video & 8K images. Part of our Cancer Cell collection. Royalty-free, no attribution required. Perfect for content creators, filmmakers, and designers. Instant download at stockflow.media",https://stockflow.media/?cat=Microscopic&sub=Cancer+Cell&collection=Vs+Healthy+Cells,2026-05-14 20:00:00,"cancer cells, healthy cells, micrographic, microscopy, cellular structure, cell division, tumor prog, stock footage, royalty free, 4k video, 8k images, vs healthy cells, cancer cell, science, biology, microscope, cell biology"
Trypanosoma Brucei | Microscopic Stock Video,https://storage.googleapis.com/stockflow-social/Batch01/Clips/V/Microscopic_Parasite_Trypanosoma-Brucei_20260314_0906_V.mp4,Microscopic World,0:02,"Download premium trypanosoma brucei stock footage — 4K video & 8K images. Part of our Parasite collection. Royalty-free, no attribution required. Perfect for content creators, filmmakers, and designers. Instant download at stockflow.media",https://stockflow.media/?cat=Microscopic&sub=Parasite&collection=Trypanosoma+Brucei,2026-05-15 8:00:00,"close-up, microscopic, green parasite, parasite, blood vessel, red blood cells, blue nuclei, coiled, stock footage, royalty free, 4k video, 8k images, trypanosoma brucei, microscopy, science, biology, microscope, cell biology"
Parasitic Worm | Microscopic Stock Video,https://storage.googleapis.com/stockflow-social/Batch01/Clips/V/Microscopic_Parasite_Parasitic-Worm_20260314_0897_V.mp4,Microscopic World,0:02,"Download premium parasitic worm stock footage — 4K video & 8K images. Part of our Parasite collection. Royalty-free, no attribution required. Perfect for content creators, filmmakers, and designers. Instant download at stockflow.media",https://stockflow.media/?cat=Microscopic&sub=Parasite&collection=Parasitic+Worm,2026-05-15 11:00:00,"microscopy, electron_microscopy, sem, scanning_electron_microscope, micro, microscopic, organism, pa, stock footage, royalty free, 4k video, 8k images, parasitic worm, parasite, science, biology, microscope, cell biology"
Trypanosoma | Microscopic Stock Video,https://storage.googleapis.com/stockflow-social/Batch01/Clips/V/Microscopic_Parasite_Trypanosoma_20260314_0893_V.mp4,Microscopic World,0:02,"Download premium trypanosoma stock footage — 4K video & 8K images. Part of our Parasite collection. Royalty-free, no attribution required. Perfect for content creators, filmmakers, and designers. Instant download at stockflow.media",https://stockflow.media/?cat=Microscopic&sub=Parasite&collection=Trypanosoma,2026-05-15 14:00:00,"trypanosoma, trypanosome, parasite, protozoan, flagellate, micrograph, microscopy, parasitology, blo, stock footage, royalty free, 4k video, 8k images, science, biology, microscope, cell biology"
Trypanosoma | Microscopic Stock Video,https://storage.googleapis.com/stockflow-social/Batch01/Clips/V/Microscopic_Parasite_Trypanosoma_20260314_0892_V.mp4,Microscopic World,0:02,"Download premium trypanosoma stock footage — 4K video & 8K images. Part of our Parasite collection. Royalty-free, no attribution required. Perfect for content creators, filmmakers, and designers. Instant download at stockflow.media",https://stockflow.media/?cat=Microscopic&sub=Parasite&collection=Trypanosoma,2026-05-15 17:00:00,"red blood cell, bloodstream, parasite, trypanosoma, flagellum, microorganism, microscopy, cross-sect, stock footage, royalty free, 4k video, 8k images, science, biology, microscope, cell biology"
Leishmania | Microscopic Stock Video,https://storage.googleapis.com/stockflow-social/Batch01/Clips/V/Microscopic_Parasite_Leishmania_20260314_0889_V.mp4,Microscopic World,0:02,"Download premium leishmania stock footage — 4K video & 8K images. Part of our Parasite collection. Royalty-free, no attribution required. Perfect for content creators, filmmakers, and designers. Instant download at stockflow.media",https://stockflow.media/?cat=Microscopic&sub=Parasite&collection=Leishmania,2026-05-15 20:00:00,"fluorescent, stained, two-cell, organism, divided cells, vivid green membranes, purple nuclei, red c, stock footage, royalty free, 4k video, 8k images, leishmania, parasite, microscopy, science, biology, microscope, cell biology"
Leishmania | Microscopic Stock Video,https://storage.googleapis.com/stockflow-social/Batch01/Clips/V/Microscopic_Parasite_Leishmania_20260314_0888_V.mp4,Microscopic World,0:02,"Download premium leishmania stock footage — 4K video & 8K images. Part of our Parasite collection. Royalty-free, no attribution required. Perfect for content creators, filmmakers, and designers. Instant download at stockflow.media",https://stockflow.media/?cat=Microscopic&sub=Parasite&collection=Leishmania,2026-05-16 8:00:00,"leishmania, parasites, intracellular, macrophages, host cells, fluorescence microscopy, green-staine, stock footage, royalty free, 4k video, 8k images, parasite, microscopy, science, biology, microscope, cell biology"
Leishmania | Microscopic Stock Video,https://storage.googleapis.com/stockflow-social/Batch01/Clips/V/Microscopic_Parasite_Leishmania_20260314_0887_V.mp4,Microscopic World,0:02,"Download premium leishmania stock footage — 4K video & 8K images. Part of our Parasite collection. Royalty-free, no attribution required. Perfect for content creators, filmmakers, and designers. Instant download at stockflow.media",https://stockflow.media/?cat=Microscopic&sub=Parasite&collection=Leishmania,2026-05-16 11:00:00,"fluorescent microscopy, leishmania parasites, host cells, green markers, red intracellular signals, intra, stock footage, royalty free, 4k video, 8k images, leishmania, parasite, microscopy, science, biology, microscope, cell biology"
Cryptosporidium | Microscopic Stock Video,https://storage.googleapis.com/stockflow-social/Batch01/Clips/V/Microscopic_Parasite_Cryptosporidium_20260314_0882_V.mp4,Microscopic World,0:02,"Download premium cryptosporidium stock footage — 4K video & 8K images. Part of our Parasite collection. Royalty-free, no attribution required. Perfect for content creators, filmmakers, and designers. Instant download at stockflow.media",https://stockflow.media/?cat=Microscopic&sub=Parasite&collection=Cryptosporidium,2026-05-16 14:00:00,"cryptosporidium, micrograph, microscopy, parasite, parasites, cellular, extracellular matrix, textur, stock footage, royalty free, 4k video, 8k images, science, biology, microscope, cell biology"
Flatworm Larae | Microscopic Stock Video,https://storage.googleapis.com/stockflow-social/Batch01/Clips/V/Microscopic_Parasite_Flatworm-Larae_20260314_0877_V.mp4,Microscopic World,0:02,"Download premium flatworm larae stock footage — 4K video & 8K images. Part of our Parasite collection. Royalty-free, no attribution required. Perfect for content creators, filmmakers, and designers. Instant download at stockflow.media",https://stockflow.media/?cat=Microscopic&sub=Parasite&collection=Flatworm+Larae,2026-05-16 17:00:00,"parasitic larvae, flatworm, flatworm larvae, helminth, parasitology, high magnification, electron mi, stock footage, royalty free, 4k video, 8k images, flatworm larae, parasite, microscopy, science, biology, microscope, cell biology"
Toxoplasma Gondii | Microscopic Stock Video,https://storage.googleapis.com/stockflow-social/Batch01/Clips/V/Microscopic_Parasite_Toxoplasma-Gondii_20260314_0876_V.mp4,Microscopic World,0:02,"Download premium toxoplasma gondii stock footage — 4K video & 8K images. Part of our Parasite collection. Royalty-free, no attribution required. Perfect for content creators, filmmakers, and designers. Instant download at stockflow.media",https://stockflow.media/?cat=Microscopic&sub=Parasite&collection=Toxoplasma+Gondii,2026-05-16 20:00:00,"toxoplasma gondii, tachyzoites, micrograph, microscopy, parasite, protozoan, intracellular infection, stock footage, royalty free, 4k video, 8k images, science, biology, microscope, cell biology"
Giardia Lamblia | Microscopic Stock Video,https://storage.googleapis.com/stockflow-social/Batch01/Clips/V/Microscopic_Parasite_Giardia-Lamblia_20260314_0873_V.mp4,Microscopic World,0:02,"Download premium giardia lamblia stock footage — 4K video & 8K images. Part of our Parasite collection. Royalty-free, no attribution required. Perfect for content creators, filmmakers, and designers. Instant download at stockflow.media",https://stockflow.media/?cat=Microscopic&sub=Parasite&collection=Giardia+Lamblia,2026-05-17 8:00:00,"giardia lamblia, giardia, protozoan parasite, micrograph, microscopy, bright field, pear-shaped, fla, stock footage, royalty free, 4k video, 8k images, parasite, science, biology, microscope, cell biology"
Giardia Lamblia | Microscopic Stock Video,https://storage.googleapis.com/stockflow-social/Batch01/Clips/V/Microscopic_Parasite_Giardia-Lamblia_20260314_0872_V.mp4,Microscopic World,0:02,"Download premium giardia lamblia stock footage — 4K video & 8K images. Part of our Parasite collection. Royalty-free, no attribution required. Perfect for content creators, filmmakers, and designers. Instant download at stockflow.media",https://stockflow.media/?cat=Microscopic&sub=Parasite&collection=Giardia+Lamblia,2026-05-17 11:00:00,"protozoan, aquatic, under-microscope, translucent, elongated, tail-like appendages, radiating from c, stock footage, royalty free, 4k video, 8k images, giardia lamblia, parasite, microscopy, science, biology, microscope, cell biology"
Giardia Lamblia | Microscopic Stock Video,https://storage.googleapis.com/stockflow-social/Batch01/Clips/V/Microscopic_Parasite_Giardia-Lamblia_20260314_0871_V.mp4,Microscopic World,0:02,"Download premium giardia lamblia stock footage — 4K video & 8K images. Part of our Parasite collection. Royalty-free, no attribution required. Perfect for content creators, filmmakers, and designers. Instant download at stockflow.media",https://stockflow.media/?cat=Microscopic&sub=Parasite&collection=Giardia+Lamblia,2026-05-17 14:00:00,"giardia lamblia, giardia, flagellated parasite, microscopic image, pear-shaped, two nuclei, multiple, stock footage, royalty free, 4k video, 8k images, parasite, microscopy, science, biology, microscope, cell biology"
Giardia Lamblia | Microscopic Stock Video,https://storage.googleapis.com/stockflow-social/Batch01/Clips/V/Microscopic_Parasite_Giardia-Lamblia_20260314_0870_V.mp4,Microscopic World,0:02,"Download premium giardia lamblia stock footage — 4K video & 8K images. Part of our Parasite collection. Royalty-free, no attribution required. Perfect for content creators, filmmakers, and designers. Instant download at stockflow.media",https://stockflow.media/?cat=Microscopic&sub=Parasite&collection=Giardia+Lamblia,2026-05-17 17:00:00,"giardia lamblia, giardia, microscopic view, microscopy, parasite, flagellated, protozoa, protozoan, stock footage, royalty free, 4k video, 8k images, science, biology, microscope, cell biology"
Plasmodium | Microscopic Stock Video,https://storage.googleapis.com/stockflow-social/Batch01/Clips/V/Microscopic_Parasite_Plasmodium_20260314_0861_V.mp4,Microscopic World,0:02,"Download premium plasmodium stock footage — 4K video & 8K images. Part of our Parasite collection. Royalty-free, no attribution required. Perfect for content creators, filmmakers, and designers. Instant download at stockflow.media",https://stockflow.media/?cat=Microscopic&sub=Parasite&collection=Plasmodium,2026-05-17 20:00:00,"microscopic, blood smear, blood smear microscopy, hematology, cellular abnormalities, intracellular, stock footage, royalty free, 4k video, 8k images, plasmodium, parasite, microscopy, science, biology, microscope, cell biology"
Vitiligo | Microscopic Stock Video,https://storage.googleapis.com/stockflow-social/Batch01/Clips/V/Microscopic_Dermatopathology_Vitiligo_20260314_0858_V.mp4,Microscopic World,0:02,"Download premium vitiligo stock footage — 4K video & 8K images. Part of our Dermatopathology collection. Royalty-free, no attribution required. Perfect for content creators, filmmakers, and designers. Instant download at stockflow.media",https://stockflow.media/?cat=Microscopic&sub=Dermatopathology&collection=Vitiligo,2026-05-18 8:00:00,"vitiligo, skin, dermatology, microscopy, microscopic, melanocytes, pigment loss, epidermis, dermis, stock footage, royalty free, 4k video, 8k images, dermatopathology, science, biology, microscope, cell biology"
Fungi | Microscopic Stock Video,https://storage.googleapis.com/stockflow-social/Batch01/Clips/V/Microscopic_Fungi_Fungi_20260314_0854_V.mp4,Microscopic World,0:02,"Download premium fungi stock footage — 4K video & 8K images. Part of our Fungi collection. Royalty-free, no attribution required. Perfect for content creators, filmmakers, and designers. Instant download at stockflow.media",https://stockflow.media/?cat=Microscopic&sub=Fungi&collection=Fungi,2026-05-18 11:00:00,"wood, cross-section, wood anatomy, fungal networks, fungal mycelium, spores, cellular patterns, micr, stock footage, royalty free, 4k video, 8k images, fungi, microscopy, science, biology, microscope, cell biology"
Decay | Microscopic Stock Video,https://storage.googleapis.com/stockflow-social/Batch01/Clips/V/Microscopic_Fungi_Decay_20260314_0851_V.mp4,Microscopic World,0:02,"Download premium decay stock footage — 4K video & 8K images. Part of our Fungi collection. Royalty-free, no attribution required. Perfect for content creators, filmmakers, and designers. Instant download at stockflow.media",https://stockflow.media/?cat=Microscopic&sub=Fungi&collection=Decay,2026-05-18 14:00:00,"micro view, decaying tree bark, fungal networks, multicolored fungi, shelf fungi, crevices, decay pr, stock footage, royalty free, 4k video, 8k images, decay, fungi, microscopy, science, biology, microscope, cell biology"
Zygomycete | Microscopic Stock Video,https://storage.googleapis.com/stockflow-social/Batch01/Clips/V/Microscopic_Fungi_Zygomycete_20260314_0848_V.mp4,Microscopic World,0:02,"Download premium zygomycete stock footage — 4K video & 8K images. Part of our Fungi collection. Royalty-free, no attribution required. Perfect for content creators, filmmakers, and designers. Instant download at stockflow.media",https://stockflow.media/?cat=Microscopic&sub=Fungi&collection=Zygomycete,2026-05-18 17:00:00,"mold, fungus, fungal, petri dish, microbiology, microbiology lab, culture, growth, sporangia, stalks, stock footage, royalty free, 4k video, 8k images, zygomycete, fungi, microscopy, science, biology, microscope, cell biology"
Zygomycete | Microscopic Stock Video,https://storage.googleapis.com/stockflow-social/Batch01/Clips/V/Microscopic_Fungi_Zygomycete_20260314_0847_V.mp4,Microscopic World,0:02,"Download premium zygomycete stock footage — 4K video & 8K images. Part of our Fungi collection. Royalty-free, no attribution required. Perfect for content creators, filmmakers, and designers. Instant download at stockflow.media",https://stockflow.media/?cat=Microscopic&sub=Fungi&collection=Zygomycete,2026-05-18 20:00:00,"fungus, fungi, mycology, hyphae, hyphae network, spore-bearing structures, spores, spore clusters, m, stock footage, royalty free, 4k video, 8k images, zygomycete, microscopy, science, biology, microscope, cell biology"
Zygomycete | Microscopic Stock Video,https://storage.googleapis.com/stockflow-social/Batch01/Clips/V/Microscopic_Fungi_Zygomycete_20260314_0846_V.mp4,Microscopic World,0:02,"Download premium zygomycete stock footage — 4K video & 8K images. Part of our Fungi collection. Royalty-free, no attribution required. Perfect for content creators, filmmakers, and designers. Instant download at stockflow.media",https://stockflow.media/?cat=Microscopic&sub=Fungi&collection=Zygomycete,2026-05-19 8:00:00,"macro shot, zygomycete mold, white slender stalks, black spherical sporangia, fungal fruiting bodies, stock footage, royalty free, 4k video, 8k images, zygomycete, fungi, microscopy, science, biology, microscope, cell biology"
Algae | Microscopic Stock Video,https://storage.googleapis.com/stockflow-social/Batch01/Clips/V/Microscopic_Fungi_Algae_20260314_0843_V.mp4,Microscopic World,0:02,"Download premium algae stock footage — 4K video & 8K images. Part of our Fungi collection. Royalty-free, no attribution required. Perfect for content creators, filmmakers, and designers. Instant download at stockflow.media",https://stockflow.media/?cat=Microscopic&sub=Fungi&collection=Algae,2026-05-19 11:00:00,"close-up, macro, microhabitat, intertwined, brown hyphae, fungal hyphae, algae, green algae, algal c, stock footage, royalty free, 4k video, 8k images, fungi, microscopy, science, biology, microscope, cell biology"
Algae | Microscopic Stock Video,https://storage.googleapis.com/stockflow-social/Batch01/Clips/V/Microscopic_Fungi_Algae_20260314_0842_V.mp4,Microscopic World,0:02,"Download premium algae stock footage — 4K video & 8K images. Part of our Fungi collection. Royalty-free, no attribution required. Perfect for content creators, filmmakers, and designers. Instant download at stockflow.media",https://stockflow.media/?cat=Microscopic&sub=Fungi&collection=Algae,2026-05-19 14:00:00,"lichen, bark, close-up, micrograph, fungal, algal, symbiosis, mycobiont, photobiont, lichenology, mi, stock footage, royalty free, 4k video, 8k images, algae, fungi, microscopy, science, biology, microscope, cell biology"
Lichen | Microscopic Stock Video,https://storage.googleapis.com/stockflow-social/Batch01/Clips/V/Microscopic_Fungi_Lichen_20260314_0839_V.mp4,Microscopic World,0:02,"Download premium lichen stock footage — 4K video & 8K images. Part of our Fungi collection. Royalty-free, no attribution required. Perfect for content creators, filmmakers, and designers. Instant download at stockflow.media",https://stockflow.media/?cat=Microscopic&sub=Fungi&collection=Lichen,2026-05-19 17:00:00,"mushrooms, close-up, honeycomb-textured, decaying log, pale spheres, slender stalks, forest lanterns, stock footage, royalty free, 4k video, 8k images, lichen, fungi, microscopy, science, biology, microscope, cell biology"
Pathogenic | Microscopic Stock Video,https://storage.googleapis.com/stockflow-social/Batch01/Clips/V/Microscopic_Fungi_Pathogenic_20260314_0836_V.mp4,Microscopic World,0:02,"Download premium pathogenic stock footage — 4K video & 8K images. Part of our Fungi collection. Royalty-free, no attribution required. Perfect for content creators, filmmakers, and designers. Instant download at stockflow.media",https://stockflow.media/?cat=Microscopic&sub=Fungi&collection=Pathogenic,2026-05-19 20:00:00,"fungi, hyphae, pathogenic fungi, fungal infection, micrograph, blood vessel, host cells, spores, cir, stock footage, royalty free, 4k video, 8k images, pathogenic, microscopy, science, biology, microscope, cell biology"
Pathogenic | Microscopic Stock Video,https://storage.googleapis.com/stockflow-social/Batch01/Clips/V/Microscopic_Fungi_Pathogenic_20260314_0835_V.mp4,Microscopic World,0:02,"Download premium pathogenic stock footage — 4K video & 8K images. Part of our Fungi collection. Royalty-free, no attribution required. Perfect for content creators, filmmakers, and designers. Instant download at stockflow.media",https://stockflow.media/?cat=Microscopic&sub=Fungi&collection=Pathogenic,2026-05-20 8:00:00,"pathogenic fungi, micrograph, tissue interface, blue spores, yellow hyphae, fungal invasion, cellula, stock footage, royalty free, 4k video, 8k images, pathogenic, fungi, microscopy, science, biology, microscope, cell biology"
Yeast Cells | Microscopic Stock Video,https://storage.googleapis.com/stockflow-social/Batch01/Clips/V/Microscopic_Fungi_Yeast-Cells_20260314_0832_V.mp4,Microscopic World,0:02,"Download premium yeast cells stock footage — 4K video & 8K images. Part of our Fungi collection. Royalty-free, no attribution required. Perfect for content creators, filmmakers, and designers. Instant download at stockflow.media",https://stockflow.media/?cat=Microscopic&sub=Fungi&collection=Yeast+Cells,2026-05-20 11:00:00,"purple, rod-shaped, fungal-like, yeast cells, cells, micro-scale, close-up, surface, clustering, tex, stock footage, royalty free, 4k video, 8k images, fungi, microscopy, science, biology, microscope, cell biology"
Mycelium | Microscopic Stock Video,https://storage.googleapis.com/stockflow-social/Batch01/Clips/V/Microscopic_Fungi_Mycelium_20260314_0829_V.mp4,Microscopic World,0:02,"Download premium mycelium stock footage — 4K video & 8K images. Part of our Fungi collection. Royalty-free, no attribution required. Perfect for content creators, filmmakers, and designers. Instant download at stockflow.media",https://stockflow.media/?cat=Microscopic&sub=Fungi&collection=Mycelium,2026-05-20 14:00:00,"mycelium, fungal filaments, white fungus, spider silk, delicate, decaying bark, bark substrate, micr, stock footage, royalty free, 4k video, 8k images, fungi, microscopy, science, biology, microscope, cell biology"
Mycelium | Microscopic Stock Video,https://storage.googleapis.com/stockflow-social/Batch01/Clips/V/Microscopic_Fungi_Mycelium_20260314_0828_V.mp4,Microscopic World,0:02,"Download premium mycelium stock footage — 4K video & 8K images. Part of our Fungi collection. Royalty-free, no attribution required. Perfect for content creators, filmmakers, and designers. Instant download at stockflow.media",https://stockflow.media/?cat=Microscopic&sub=Fungi&collection=Mycelium,2026-05-20 17:00:00,"mycelium, fungi, fungus, lace-like filaments, mycelial networks, decaying wood, weathered bark, wood, stock footage, royalty free, 4k video, 8k images, microscopy, science, biology, microscope, cell biology"
Basidiospores | Microscopic Stock Video,https://storage.googleapis.com/stockflow-social/Batch01/Clips/V/Microscopic_Fungi_Basidiospores_20260314_0825_V.mp4,Microscopic World,0:02,"Download premium basidiospores stock footage — 4K video & 8K images. Part of our Fungi collection. Royalty-free, no attribution required. Perfect for content creators, filmmakers, and designers. Instant download at stockflow.media",https://stockflow.media/?cat=Microscopic&sub=Fungi&collection=Basidiospores,2026-05-20 20:00:00,"fungal surface, macro view, slender stalks, basidiospores, orange spores, spore production, microstr, stock footage, royalty free, 4k video, 8k images, fungi, microscopy, science, biology, microscope, cell biology"
Basidiospores | Microscopic Stock Video,https://storage.googleapis.com/stockflow-social/Batch01/Clips/V/Microscopic_Fungi_Basidiospores_20260314_0824_V.mp4,Microscopic World,0:02,"Download premium basidiospores stock footage — 4K video & 8K images. Part of our Fungi collection. Royalty-free, no attribution required. Perfect for content creators, filmmakers, and designers. Instant download at stockflow.media",https://stockflow.media/?cat=Microscopic&sub=Fungi&collection=Basidiospores,2026-05-21 8:00:00,"leather, shoes, brown, footwear, macro, macro photography, closeup, close up, detail, water droplets, stock footage, royalty free, 4k video, 8k images, basidiospores, fungi, microscopy, science, biology, microscope, cell biology"
Sporangia | Microscopic Stock Video,https://storage.googleapis.com/stockflow-social/Batch01/Clips/V/Microscopic_Fungi_Sporangia_20260314_0821_V.mp4,Microscopic World,0:02,"Download premium sporangia stock footage — 4K video & 8K images. Part of our Fungi collection. Royalty-free, no attribution required. Perfect for content creators, filmmakers, and designers. Instant download at stockflow.media",https://stockflow.media/?cat=Microscopic&sub=Fungi&collection=Sporangia,2026-05-21 11:00:00,"fungus, microscopic, sporangia, hyphae, spores, mycology, microbiology, cellular, biology, microscop, stock footage, royalty free, 4k video, 8k images, fungi, microscopy, science, microscope, cell biology"
Sporangia | Microscopic Stock Video,https://storage.googleapis.com/stockflow-social/Batch01/Clips/V/Microscopic_Fungi_Sporangia_20260314_0820_V.mp4,Microscopic World,0:02,"Download premium sporangia stock footage — 4K video & 8K images. Part of our Fungi collection. Royalty-free, no attribution required. Perfect for content creators, filmmakers, and designers. Instant download at stockflow.media",https://stockflow.media/?cat=Microscopic&sub=Fungi&collection=Sporangia,2026-05-21 14:00:00,"fungal hyphae, hyphae, spores, sporangia, segmented sporangia, hexagonal cells, cellular structure, stock footage, royalty free, 4k video, 8k images, fungi, microscopy, science, biology, microscope, cell biology"
Sporangia | Microscopic Stock Video,https://storage.googleapis.com/stockflow-social/Batch01/Clips/V/Microscopic_Fungi_Sporangia_20260314_0819_V.mp4,Microscopic World,0:02,"Download premium sporangia stock footage — 4K video & 8K images. Part of our Fungi collection. Royalty-free, no attribution required. Perfect for content creators, filmmakers, and designers. Instant download at stockflow.media",https://stockflow.media/?cat=Microscopic&sub=Fungi&collection=Sporangia,2026-05-21 17:00:00,"fungal, fungus, sporangia, hyphae, spores, spore_release, microscopic, microscopy, micrograph, biofi, stock footage, royalty free, 4k video, 8k images, fungi, science, biology, microscope, cell biology"
Sporangia | Microscopic Stock Video,https://storage.googleapis.com/stockflow-social/Batch01/Clips/V/Microscopic_Fungi_Sporangia_20260314_0818_V.mp4,Microscopic World,0:02,"Download premium sporangia stock footage — 4K video & 8K images. Part of our Fungi collection. Royalty-free, no attribution required. Perfect for content creators, filmmakers, and designers. Instant download at stockflow.media",https://stockflow.media/?cat=Microscopic&sub=Fungi&collection=Sporangia,2026-05-21 20:00:00,"macro, macro shot, macro photography, fungal, fungi, sporangia, sporangia on surface, spores, spore, stock footage, royalty free, 4k video, 8k images, microscopy, science, biology, microscope, cell biology"
Sporangia | Microscopic Stock Video,https://storage.googleapis.com/stockflow-social/Batch01/Clips/V/Microscopic_Fungi_Sporangia_20260314_0817_V.mp4,Microscopic World,0:02,"Download premium sporangia stock footage — 4K video & 8K images. Part of our Fungi collection. Royalty-free, no attribution required. Perfect for content creators, filmmakers, and designers. Instant download at stockflow.media",https://stockflow.media/?cat=Microscopic&sub=Fungi&collection=Sporangia,2026-05-22 8:00:00,"fungal, hyphae, sporangia, spores, microscopic, mycology, biology, cellular-structures, green-backgr, stock footage, royalty free, 4k video, 8k images, fungi, microscopy, science, microscope, cell biology"
Lichen | Microscopic Stock Video,https://storage.googleapis.com/stockflow-social/Batch01/Clips/V/Microscopic_Dermatopathology_Lichen_20260314_0809_V.mp4,Microscopic World,0:02,"Download premium lichen stock footage — 4K video & 8K images. Part of our Dermatopathology collection. Royalty-free, no attribution required. Perfect for content creators, filmmakers, and designers. Instant download at stockflow.media",https://stockflow.media/?cat=Microscopic&sub=Dermatopathology&collection=Lichen,2026-05-22 11:00:00,"dermatopathology, skin, micrograph, histology, lichen planus, interface dermatitis, sawtooth rete ri, stock footage, royalty free, 4k video, 8k images, lichen, microscopy, science, biology, microscope, cell biology"
Squamous | Microscopic Stock Video,https://storage.googleapis.com/stockflow-social/Batch01/Clips/V/Microscopic_Dermatopathology_Squamous_20260314_0806_V.mp4,Microscopic World,0:02,"Download premium squamous stock footage — 4K video & 8K images. Part of our Dermatopathology collection. Royalty-free, no attribution required. Perfect for content creators, filmmakers, and designers. Instant download at stockflow.media",https://stockflow.media/?cat=Microscopic&sub=Dermatopathology&collection=Squamous,2026-05-22 14:00:00,"dermatopathology, micrograph, squamous, squamous cell, epidermis, dermis, skin tissue, cutaneous les, stock footage, royalty free, 4k video, 8k images, microscopy, science, biology, microscope, cell biology"
Agar Plate | Microscopic Stock Video,https://storage.googleapis.com/stockflow-social/Batch01/Clips/V/Microscopic_Bacteria_Agar-Plate_20260314_0799_V.mp4,Microscopic World,0:02,"Download premium agar plate stock footage — 4K video & 8K images. Part of our Bacteria collection. Royalty-free, no attribution required. Perfect for content creators, filmmakers, and designers. Instant download at stockflow.media",https://stockflow.media/?cat=Microscopic&sub=Bacteria&collection=Agar+Plate,2026-05-22 17:00:00,"microbial, colony, agar plate, rainbow, circular, rings, cells, shimmering dots, microbe portrait, m, stock footage, royalty free, 4k video, 8k images, bacteria, microscopy, science, biology, microscope, cell biology"
Agar Plate | Microscopic Stock Video,https://storage.googleapis.com/stockflow-social/Batch01/Clips/V/Microscopic_Bacteria_Agar-Plate_20260314_0798_V.mp4,Microscopic World,0:02,"Download premium agar plate stock footage — 4K video & 8K images. Part of our Bacteria collection. Royalty-free, no attribution required. Perfect for content creators, filmmakers, and designers. Instant download at stockflow.media",https://stockflow.media/?cat=Microscopic&sub=Bacteria&collection=Agar+Plate,2026-05-22 20:00:00,"yellow starburst, droplets, mist, spray, explosion, dynamic, filaments, beads, spherical beads, bead, stock footage, royalty free, 4k video, 8k images, agar plate, bacteria, microscopy, science, biology, microscope, cell biology"
Tetani | Microscopic Stock Video,https://storage.googleapis.com/stockflow-social/Batch01/Clips/V/Microscopic_Bacteria_Tetani_20260314_0793_V.mp4,Microscopic World,0:02,"Download premium tetani stock footage — 4K video & 8K images. Part of our Bacteria collection. Royalty-free, no attribution required. Perfect for content creators, filmmakers, and designers. Instant download at stockflow.media",https://stockflow.media/?cat=Microscopic&sub=Bacteria&collection=Tetani,2026-05-23 8:00:00,"blue fluorescence, rod-shaped bacteria, bacterial chain, bacterial cells, micrograph, fluorescence m, stock footage, royalty free, 4k video, 8k images, tetani, bacteria, microscopy, science, biology, microscope, cell biology"
Resistant | Microscopic Stock Video,https://storage.googleapis.com/stockflow-social/Batch01/Clips/V/Microscopic_Bacteria_Resistant_20260314_0790_V.mp4,Microscopic World,0:02,"Download premium resistant stock footage — 4K video & 8K images. Part of our Bacteria collection. Royalty-free, no attribution required. Perfect for content creators, filmmakers, and designers. Instant download at stockflow.media",https://stockflow.media/?cat=Microscopic&sub=Bacteria&collection=Resistant,2026-05-23 11:00:00,"micrograph, bacteria, rod-shaped, bacteria clusters, resistant bacteria, surface particles, microbia, stock footage, royalty free, 4k video, 8k images, resistant, microscopy, science, biology, microscope, cell biology"
Resistant | Microscopic Stock Video,https://storage.googleapis.com/stockflow-social/Batch01/Clips/V/Microscopic_Bacteria_Resistant_20260314_0789_V.mp4,Microscopic World,0:02,"Download premium resistant stock footage — 4K video & 8K images. Part of our Bacteria collection. Royalty-free, no attribution required. Perfect for content creators, filmmakers, and designers. Instant download at stockflow.media",https://stockflow.media/?cat=Microscopic&sub=Bacteria&collection=Resistant,2026-05-23 14:00:00,"close-up, bacteria, rod-shaped, biofilm, microbial, surface-attached, dense-community, microstructur, stock footage, royalty free, 4k video, 8k images, resistant, microscopy, science, biology, microscope, cell biology"
Pathogenic | Microscopic Stock Video,https://storage.googleapis.com/stockflow-social/Batch01/Clips/V/Microscopic_Bacteria_Pathogenic_20260314_0786_V.mp4,Microscopic World,0:02,"Download premium pathogenic stock footage — 4K video & 8K images. Part of our Bacteria collection. Royalty-free, no attribution required. Perfect for content creators, filmmakers, and designers. Instant download at stockflow.media",https://stockflow.media/?cat=Microscopic&sub=Bacteria&collection=Pathogenic,2026-05-23 17:00:00,"blood vessel, color-enhanced, micrograph, bacteria, rod-shaped bacteria, pink bacteria, lumen, vascu, stock footage, royalty free, 4k video, 8k images, pathogenic, microscopy, science, biology, microscope, cell biology"
Pathogenic | Microscopic Stock Video,https://storage.googleapis.com/stockflow-social/Batch01/Clips/V/Microscopic_Bacteria_Pathogenic_20260314_0785_V.mp4,Microscopic World,0:02,"Download premium pathogenic stock footage — 4K video & 8K images. Part of our Bacteria collection. Royalty-free, no attribution required. Perfect for content creators, filmmakers, and designers. Instant download at stockflow.media",https://stockflow.media/?cat=Microscopic&sub=Bacteria&collection=Pathogenic,2026-05-23 20:00:00,"pathogenic bacteria, intracellular bacteria, host cell, cellular environment, blue rods, micrograph, stock footage, royalty free, 4k video, 8k images, pathogenic, bacteria, microscopy, science, biology, microscope, cell biology"
Biofilm | Microscopic Stock Video,https://storage.googleapis.com/stockflow-social/Batch01/Clips/V/Microscopic_Bacteria_Biofilm_20260314_0782_V.mp4,Microscopic World,0:02,"Download premium biofilm stock footage — 4K video & 8K images. Part of our Bacteria collection. Royalty-free, no attribution required. Perfect for content creators, filmmakers, and designers. Instant download at stockflow.media",https://stockflow.media/?cat=Microscopic&sub=Bacteria&collection=Biofilm,2026-05-24 8:00:00,"biofilm, bacteria, biofilmstructure, extracellularmatrix, microbialcommunity, microbialbiofilm, micr, stock footage, royalty free, 4k video, 8k images, microscopy, science, biology, microscope, cell biology"
Biofilm | Microscopic Stock Video,https://storage.googleapis.com/stockflow-social/Batch01/Clips/V/Microscopic_Bacteria_Biofilm_20260314_0781_V.mp4,Microscopic World,0:02,"Download premium biofilm stock footage — 4K video & 8K images. Part of our Bacteria collection. Royalty-free, no attribution required. Perfect for content creators, filmmakers, and designers. Instant download at stockflow.media",https://stockflow.media/?cat=Microscopic&sub=Bacteria&collection=Biofilm,2026-05-24 11:00:00,"biofilm, bacteria, rod-shaped bacteria, microbial community, extracellular matrix, microenvironments, stock footage, royalty free, 4k video, 8k images, microscopy, science, biology, microscope, cell biology"
Biofilm | Microscopic Stock Video,https://storage.googleapis.com/stockflow-social/Batch01/Clips/V/Microscopic_Bacteria_Biofilm_20260314_0780_V.mp4,Microscopic World,0:02,"Download premium biofilm stock footage — 4K video & 8K images. Part of our Bacteria collection. Royalty-free, no attribution required. Perfect for content creators, filmmakers, and designers. Instant download at stockflow.media",https://stockflow.media/?cat=Microscopic&sub=Bacteria&collection=Biofilm,2026-05-24 14:00:00,"rod-shaped bacteria, bacteria, biofilm, biofilm on surface, slime matrix, color-enhanced micrograph, stock footage, royalty free, 4k video, 8k images, microscopy, science, biology, microscope, cell biology"
E Coli | Microscopic Stock Video,https://storage.googleapis.com/stockflow-social/Batch01/Clips/V/Microscopic_Bacteria_E-Coli_20260314_0777_V.mp4,Microscopic World,0:02,"Download premium e coli stock footage — 4K video & 8K images. Part of our Bacteria collection. Royalty-free, no attribution required. Perfect for content creators, filmmakers, and designers. Instant download at stockflow.media",https://stockflow.media/?cat=Microscopic&sub=Bacteria&collection=E+Coli,2026-05-24 17:00:00,"escherichia coli, e. coli, bacteria, rod-shaped bacteria, gram-negative, flagella, flagellated bacte, stock footage, royalty free, 4k video, 8k images, e coli, microscopy, science, biology, microscope, cell biology"
Spirochete | Microscopic Stock Video,https://storage.googleapis.com/stockflow-social/Batch01/Clips/V/Microscopic_Bacteria_Spirochete_20260314_0774_V.mp4,Microscopic World,0:02,"Download premium spirochete stock footage — 4K video & 8K images. Part of our Bacteria collection. Royalty-free, no attribution required. Perfect for content creators, filmmakers, and designers. Instant download at stockflow.media",https://stockflow.media/?cat=Microscopic&sub=Bacteria&collection=Spirochete,2026-05-24 20:00:00,"micro-scale, slender, segmented, worm-like, organism, microorganisms, spirochete, spirochete-style, stock footage, royalty free, 4k video, 8k images, bacteria, microscopy, science, biology, microscope, cell biology"
Cocci | Microscopic Stock Video,https://storage.googleapis.com/stockflow-social/Batch01/Clips/V/Microscopic_Bacteria_Cocci_20260314_0771_V.mp4,Microscopic World,0:02,"Download premium cocci stock footage — 4K video & 8K images. Part of our Bacteria collection. Royalty-free, no attribution required. Perfect for content creators, filmmakers, and designers. Instant download at stockflow.media",https://stockflow.media/?cat=Microscopic&sub=Bacteria&collection=Cocci,2026-05-25 8:00:00,"bacteria, cocci, chain-forming bacteria, filament-forming bacteria, bead-like chains, microbial morp, stock footage, royalty free, 4k video, 8k images, microscopy, science, biology, microscope, cell biology"
Basal | Microscopic Stock Video,https://storage.googleapis.com/stockflow-social/Batch01/Clips/V/Microscopic_Dermatopathology_Basal_20260314_0768_V.mp4,Microscopic World,0:02,"Download premium basal stock footage — 4K video & 8K images. Part of our Dermatopathology collection. Royalty-free, no attribution required. Perfect for content creators, filmmakers, and designers. Instant download at stockflow.media",https://stockflow.media/?cat=Microscopic&sub=Dermatopathology&collection=Basal,2026-05-25 11:00:00,"dermatopathology, basal cell carcinoma, basaloid cells, duct-like structures, fibrous stroma, mitoti, stock footage, royalty free, 4k video, 8k images, basal, microscopy, science, biology, microscope, cell biology"
Bloom | Microscopic Stock Video,https://storage.googleapis.com/stockflow-social/Batch01/Clips/V/Microscopic_Algae_Bloom_20260314_0758_V.mp4,Microscopic World,0:02,"Download premium bloom stock footage — 4K video & 8K images. Part of our Algae collection. Royalty-free, no attribution required. Perfect for content creators, filmmakers, and designers. Instant download at stockflow.media",https://stockflow.media/?cat=Microscopic&sub=Algae&collection=Bloom,2026-05-25 14:00:00,"underwater, algae, green-algae, algae-covered-rocks, rock-formations, mossy-columns, bubbles, clear-, stock footage, royalty free, 4k video, 8k images, bloom, microscopy, science, biology, microscope, cell biology"
Bloom | Microscopic Stock Video,https://storage.googleapis.com/stockflow-social/Batch01/Clips/V/Microscopic_Algae_Bloom_20260314_0757_V.mp4,Microscopic World,0:02,"Download premium bloom stock footage — 4K video & 8K images. Part of our Algae collection. Royalty-free, no attribution required. Perfect for content creators, filmmakers, and designers. Instant download at stockflow.media",https://stockflow.media/?cat=Microscopic&sub=Algae&collection=Bloom,2026-05-25 17:00:00,"macro, algal bloom, algae, green, filamentous, spherical cells, bubbles, microalgae, cellular networ, stock footage, royalty free, 4k video, 8k images, bloom, microscopy, science, biology, microscope, cell biology"
Desmids | Microscopic Stock Video,https://storage.googleapis.com/stockflow-social/Batch01/Clips/V/Microscopic_Algae_Desmids_20260314_0754_V.mp4,Microscopic World,0:02,"Download premium desmids stock footage — 4K video & 8K images. Part of our Algae collection. Royalty-free, no attribution required. Perfect for content creators, filmmakers, and designers. Instant download at stockflow.media",https://stockflow.media/?cat=Microscopic&sub=Algae&collection=Desmids,2026-05-25 20:00:00,"desmid algae, desmids, freshwater algae, green algae, microscope footage, microscopic view, cellular, stock footage, royalty free, 4k video, 8k images, algae, microscopy, science, biology, microscope, cell biology"
Brown | Microscopic Stock Video,https://storage.googleapis.com/stockflow-social/Batch01/Clips/V/Microscopic_Algae_Brown_20260314_0751_V.mp4,Microscopic World,0:02,"Download premium brown stock footage — 4K video & 8K images. Part of our Algae collection. Royalty-free, no attribution required. Perfect for content creators, filmmakers, and designers. Instant download at stockflow.media",https://stockflow.media/?cat=Microscopic&sub=Algae&collection=Brown,2026-05-26 8:00:00,"underwater, seascape, kelp, kelp forest, swaying kelp, sunlit, golden kelp, brown kelp, turquoise water, clea, stock footage, royalty free, 4k video, 8k images, brown, algae, microscopy, science, biology, microscope, cell biology"
Brown | Microscopic Stock Video,https://storage.googleapis.com/stockflow-social/Batch01/Clips/V/Microscopic_Algae_Brown_20260314_0750_V.mp4,Microscopic World,0:02,"Download premium brown stock footage — 4K video & 8K images. Part of our Algae collection. Royalty-free, no attribution required. Perfect for content creators, filmmakers, and designers. Instant download at stockflow.media",https://stockflow.media/?cat=Microscopic&sub=Algae&collection=Brown,2026-05-26 11:00:00,"underwater, golden brown algae, seaweed, kelp, turquoise water, sunlight, light filtering, rocky out, stock footage, royalty free, 4k video, 8k images, brown, algae, microscopy, science, biology, microscope, cell biology"
Algae | Microscopic Stock Video,https://storage.googleapis.com/stockflow-social/Batch01/Clips/V/Microscopic_Algae_Algae_20260314_0747_V.mp4,Microscopic World,0:02,"Download premium algae stock footage — 4K video & 8K images. Part of our Algae collection. Royalty-free, no attribution required. Perfect for content creators, filmmakers, and designers. Instant download at stockflow.media",https://stockflow.media/?cat=Microscopic&sub=Algae&collection=Algae,2026-05-26 14:00:00,"algae, biofilm, green algae, microview, microscopic, coastal ecosystem, wet rock, slimy textures, fr, stock footage, royalty free, 4k video, 8k images, microscopy, science, biology, microscope, cell biology"
Colonial | Microscopic Stock Video,https://storage.googleapis.com/stockflow-social/Batch01/Clips/V/Microscopic_Algae_Colonial_20260314_0744_V.mp4,Microscopic World,0:02,"Download premium colonial stock footage — 4K video & 8K images. Part of our Algae collection. Royalty-free, no attribution required. Perfect for content creators, filmmakers, and designers. Instant download at stockflow.media",https://stockflow.media/?cat=Microscopic&sub=Algae&collection=Colonial,2026-05-26 17:00:00,"volvox, green algae, colonial algae, microalgae, phytoplankton, microscopy, microscope, close-up, ma, stock footage, royalty free, 4k video, 8k images, colonial, algae, science, biology, cell biology"
Red | Microscopic Stock Video,https://storage.googleapis.com/stockflow-social/Batch01/Clips/V/Microscopic_Algae_Red_20260314_0741_V.mp4,Microscopic World,0:02,"Download premium red stock footage — 4K video & 8K images. Part of our Algae collection. Royalty-free, no attribution required. Perfect for content creators, filmmakers, and designers. Instant download at stockflow.media",https://stockflow.media/?cat=Microscopic&sub=Algae&collection=Red,2026-05-26 20:00:00,"algae, red algae, microscope, close-up, cellular network, translucent filaments, round cells, glowin, stock footage, royalty free, 4k video, 8k images, red, microscopy, science, biology, cell biology"
Red | Microscopic Stock Video,https://storage.googleapis.com/stockflow-social/Batch01/Clips/V/Microscopic_Algae_Red_20260314_0740_V.mp4,Microscopic World,0:02,"Download premium red stock footage — 4K video & 8K images. Part of our Algae collection. Royalty-free, no attribution required. Perfect for content creators, filmmakers, and designers. Instant download at stockflow.media",https://stockflow.media/?cat=Microscopic&sub=Algae&collection=Red,2026-05-27 8:00:00,"red algae, micrograph, vibrant red, algae filaments, entangled lattice, translucent tubes, spherical, stock footage, royalty free, 4k video, 8k images, red, algae, microscopy, science, biology, microscope, cell biology"
Cyanobacteria | Microscopic Stock Video,https://storage.googleapis.com/stockflow-social/Batch01/Clips/V/Microscopic_Algae_Cyanobacteria_20260314_0737_V.mp4,Microscopic World,0:02,"Download premium cyanobacteria stock footage — 4K video & 8K images. Part of our Algae collection. Royalty-free, no attribution required. Perfect for content creators, filmmakers, and designers. Instant download at stockflow.media",https://stockflow.media/?cat=Microscopic&sub=Algae&collection=Cyanobacteria,2026-05-27 11:00:00,"algae, blue-green algae, cyanobacteria, microalgae, close-up, macro shot, aquatic life, cellular, mi, stock footage, royalty free, 4k video, 8k images, microscopy, science, biology, microscope, cell biology"
Cyanobacteria | Microscopic Stock Video,https://storage.googleapis.com/stockflow-social/Batch01/Clips/V/Microscopic_Algae_Cyanobacteria_20260314_0736_V.mp4,Microscopic World,0:02,"Download premium cyanobacteria stock footage — 4K video & 8K images. Part of our Algae collection. Royalty-free, no attribution required. Perfect for content creators, filmmakers, and designers. Instant download at stockflow.media",https://stockflow.media/?cat=Microscopic&sub=Algae&collection=Cyanobacteria,2026-05-27 14:00:00,"algae, blue-green algae, cyanobacteria, close-up, macro, micro, microscopic, bubbles, filaments, tex, stock footage, royalty free, 4k video, 8k images, microscopy, science, biology, microscope, cell biology"
Diatoms | Microscopic Stock Video,https://storage.googleapis.com/stockflow-social/Batch01/Clips/V/Microscopic_Algae_Diatoms_20260314_0733_V.mp4,Microscopic World,0:02,"Download premium diatoms stock footage — 4K video & 8K images. Part of our Algae collection. Royalty-free, no attribution required. Perfect for content creators, filmmakers, and designers. Instant download at stockflow.media",https://stockflow.media/?cat=Microscopic&sub=Algae&collection=Diatoms,2026-05-27 17:00:00,"diatoms, diatom spores, diatom frustules, silica shells, micrograph, microscopy, micrography, micros, stock footage, royalty free, 4k video, 8k images, algae, science, biology, microscope, cell biology"
Spirogyra | Microscopic Stock Video,https://storage.googleapis.com/stockflow-social/Batch01/Clips/V/Microscopic_Algae_Spirogyra_20260314_0730_V.mp4,Microscopic World,0:02,"Download premium spirogyra stock footage — 4K video & 8K images. Part of our Algae collection. Royalty-free, no attribution required. Perfect for content creators, filmmakers, and designers. Instant download at stockflow.media",https://stockflow.media/?cat=Microscopic&sub=Algae&collection=Spirogyra,2026-05-27 20:00:00,"close-up, spirogyra, algae, filaments, chloroplasts, freshwater, green-alga, microscopic, cells, bea, stock footage, royalty free, 4k video, 8k images, microscopy, science, biology, microscope, cell biology"
Green | Microscopic Stock Video,https://storage.googleapis.com/stockflow-social/Batch01/Clips/V/Microscopic_Algae_Green_20260314_0727_V.mp4,Microscopic World,0:02,"Download premium green stock footage — 4K video & 8K images. Part of our Algae collection. Royalty-free, no attribution required. Perfect for content creators, filmmakers, and designers. Instant download at stockflow.media",https://stockflow.media/?cat=Microscopic&sub=Algae&collection=Green,2026-05-28 8:00:00,"close-up, macro, algae, green algae, droplets, suspended in liquid, inner bubbles, clustered spheres, stock footage, royalty free, 4k video, 8k images, green, microscopy, science, biology, microscope, cell biology"
Algae | Microscopic Stock Video,https://storage.googleapis.com/stockflow-social/Batch01/Clips/V/Microscopic_Worms_Algae_20260314_0720_V.mp4,Microscopic World,0:02,"Download premium algae stock footage — 4K video & 8K images. Part of our Worms collection. Royalty-free, no attribution required. Perfect for content creators, filmmakers, and designers. Instant download at stockflow.media",https://stockflow.media/?cat=Microscopic&sub=Worms&collection=Algae,2026-05-28 11:00:00,"close-up, larva, orange larva, insect larva, orange insect, black antennae, multiple legs, crawls, m, stock footage, royalty free, 4k video, 8k images, algae, worms, microscopy, science, biology, microscope, cell biology"
Algae | Microscopic Stock Video,https://storage.googleapis.com/stockflow-social/Batch01/Clips/V/Microscopic_Worms_Algae_20260314_0719_V.mp4,Microscopic World,0:02,"Download premium algae stock footage — 4K video & 8K images. Part of our Worms collection. Royalty-free, no attribution required. Perfect for content creators, filmmakers, and designers. Instant download at stockflow.media",https://stockflow.media/?cat=Microscopic&sub=Worms&collection=Algae,2026-05-28 14:00:00,"tiny, translucent, worm, bristles, segmented, crawls, mossy, algae-covered, surface, clear water, aq, stock footage, royalty free, 4k video, 8k images, algae, worms, microscopy, science, biology, microscope, cell biology"
Compost | Microscopic Stock Video,https://storage.googleapis.com/stockflow-social/Batch01/Clips/V/Microscopic_Worms_Compost_20260314_0714_V.mp4,Microscopic World,0:02,"Download premium compost stock footage — 4K video & 8K images. Part of our Worms collection. Royalty-free, no attribution required. Perfect for content creators, filmmakers, and designers. Instant download at stockflow.media",https://stockflow.media/?cat=Microscopic&sub=Worms&collection=Compost,2026-05-28 17:00:00,"close-up, pink earthworms, wriggling, dark damp compost, segmented bodies, weaving, organic matter, stock footage, royalty free, 4k video, 8k images, compost, worms, microscopy, science, biology, microscope, cell biology"
Compost | Microscopic Stock Video,https://storage.googleapis.com/stockflow-social/Batch01/Clips/V/Microscopic_Worms_Compost_20260314_0713_V.mp4,Microscopic World,0:02,"Download premium compost stock footage — 4K video & 8K images. Part of our Worms collection. Royalty-free, no attribution required. Perfect for content creators, filmmakers, and designers. Instant download at stockflow.media",https://stockflow.media/?cat=Microscopic&sub=Worms&collection=Compost,2026-05-28 20:00:00,"pink earthworms, earthworms, compost, microbial activity, nutrient cycling, soil health, organic sub, stock footage, royalty free, 4k video, 8k images, worms, microscopy, science, biology, microscope, cell biology"
Flatworms | Microscopic Stock Video,https://storage.googleapis.com/stockflow-social/Batch01/Clips/V/Microscopic_Worms_Flatworms_20260314_0710_V.mp4,Microscopic World,0:02,"Download premium flatworms stock footage — 4K video & 8K images. Part of our Worms collection. Royalty-free, no attribution required. Perfect for content creators, filmmakers, and designers. Instant download at stockflow.media",https://stockflow.media/?cat=Microscopic&sub=Worms&collection=Flatworms,2026-05-29 8:00:00,"flatworms, microscopic, macro, close-up, underwater, aquatic, freshwater, marine-life, translucent, stock footage, royalty free, 4k video, 8k images, worms, microscopy, science, biology, microscope, cell biology"
Flatworms | Microscopic Stock Video,https://storage.googleapis.com/stockflow-social/Batch01/Clips/V/Microscopic_Worms_Flatworms_20260314_0709_V.mp4,Microscopic World,0:02,"Download premium flatworms stock footage — 4K video & 8K images. Part of our Worms collection. Royalty-free, no attribution required. Perfect for content creators, filmmakers, and designers. Instant download at stockflow.media",https://stockflow.media/?cat=Microscopic&sub=Worms&collection=Flatworms,2026-05-29 11:00:00,"flatworms, aquatic, underwater, macro, micro-world, translucent, transparent, flatworms moving, gree, stock footage, royalty free, 4k video, 8k images, worms, microscopy, science, biology, microscope, cell biology"
Parasitic Worms | Microscopic Stock Video,https://storage.googleapis.com/stockflow-social/Batch01/Clips/V/Microscopic_Worms_Parasitic-Worms_20260314_0707_V.mp4,Microscopic World,0:02,"Download premium parasitic worms stock footage — 4K video & 8K images. Part of our Worms collection. Royalty-free, no attribution required. Perfect for content creators, filmmakers, and designers. Instant download at stockflow.media",https://stockflow.media/?cat=Microscopic&sub=Worms&collection=Parasitic+Worms,2026-05-29 14:00:00,"nematodes, plant roots, parasitic worms, root invasion, fibrous network, tissue damage, parasite-hos, stock footage, royalty free, 4k video, 8k images, worms, microscopy, science, biology, microscope, cell biology"
Parasitic Worms | Microscopic Stock Video,https://storage.googleapis.com/stockflow-social/Batch01/Clips/V/Microscopic_Worms_Parasitic-Worms_20260314_0706_V.mp4,Microscopic World,0:02,"Download premium parasitic worms stock footage — 4K video & 8K images. Part of our Worms collection. Royalty-free, no attribution required. Perfect for content creators, filmmakers, and designers. Instant download at stockflow.media",https://stockflow.media/?cat=Microscopic&sub=Worms&collection=Parasitic+Worms,2026-05-29 17:00:00,"parasitic worms, cross-section, tissue invasion, host interactions, cellular level, microfilaments, stock footage, royalty free, 4k video, 8k images, worms, microscopy, science, biology, microscope, cell biology"
Protozoa | Microscopic Stock Video,https://storage.googleapis.com/stockflow-social/Batch01/Clips/V/Microscopic_Worms_Protozoa_20260314_0701_V.mp4,Microscopic World,0:02,"Download premium protozoa stock footage — 4K video & 8K images. Part of our Worms collection. Royalty-free, no attribution required. Perfect for content creators, filmmakers, and designers. Instant download at stockflow.media",https://stockflow.media/?cat=Microscopic&sub=Worms&collection=Protozoa,2026-05-29 20:00:00,"protozoa, microscopic, micrographics, cellular, cells, worm, wormlike, pink worm, curved worm, proto, stock footage, royalty free, 4k video, 8k images, worms, microscopy, science, biology, microscope, cell biology"
C Elegans | Microscopic Stock Video,https://storage.googleapis.com/stockflow-social/Batch01/Clips/V/Microscopic_Worms_C-Elegans_20260314_0700_V.mp4,Microscopic World,0:02,"Download premium c elegans stock footage — 4K video & 8K images. Part of our Worms collection. Royalty-free, no attribution required. Perfect for content creators, filmmakers, and designers. Instant download at stockflow.media",https://stockflow.media/?cat=Microscopic&sub=Worms&collection=C+Elegans,2026-05-30 8:00:00,"caenorhabditis elegans, c. elegans, nematode, worm, nematode model, fluorescence microscopy, fluores, stock footage, royalty free, 4k video, 8k images, c elegans, worms, microscopy, science, biology, microscope, cell biology"
C Elegans | Microscopic Stock Video,https://storage.googleapis.com/stockflow-social/Batch01/Clips/V/Microscopic_Worms_C-Elegans_20260314_0699_V.mp4,Microscopic World,0:02,"Download premium c elegans stock footage — 4K video & 8K images. Part of our Worms collection. Royalty-free, no attribution required. Perfect for content creators, filmmakers, and designers. Instant download at stockflow.media",https://stockflow.media/?cat=Microscopic&sub=Worms&collection=C+Elegans,2026-05-30 11:00:00,"fluorescent, stained, organism, curved, segmented, tube, cellular, anatomy, green, blue, glowing, fl, stock footage, royalty free, 4k video, 8k images, c elegans, worms, microscopy, science, biology, microscope, cell biology"
Turbellarians | Microscopic Stock Video,https://storage.googleapis.com/stockflow-social/Batch01/Clips/V/Microscopic_Worms_Turbellarians_20260314_0696_V.mp4,Microscopic World,0:02,"Download premium turbellarians stock footage — 4K video & 8K images. Part of our Worms collection. Royalty-free, no attribution required. Perfect for content creators, filmmakers, and designers. Instant download at stockflow.media",https://stockflow.media/?cat=Microscopic&sub=Worms&collection=Turbellarians,2026-05-30 14:00:00,"turbellarian, planarian, flatworm, aquatic flatworm, aquatic worm, freshwater flatworm, micrograph, stock footage, royalty free, 4k video, 8k images, turbellarians, worms, microscopy, science, biology, microscope, cell biology"
Turbellarians | Microscopic Stock Video,https://storage.googleapis.com/stockflow-social/Batch01/Clips/V/Microscopic_Worms_Turbellarians_20260314_0695_V.mp4,Microscopic World,0:02,"Download premium turbellarians stock footage — 4K video & 8K images. Part of our Worms collection. Royalty-free, no attribution required. Perfect for content creators, filmmakers, and designers. Instant download at stockflow.media",https://stockflow.media/?cat=Microscopic&sub=Worms&collection=Turbellarians,2026-05-30 17:00:00,"turbellarian, flatworm, planarian, aquatic, microscopic, high magnification, close-up, biology, anat, stock footage, royalty free, 4k video, 8k images, turbellarians, worms, microscopy, science, microscope, cell biology"
Parasitic Micro Worm | Microscopic Stock Video,https://storage.googleapis.com/stockflow-social/Batch01/Clips/V/Microscopic_Worms_Parasitic-Micro-Worm_20260314_0693_V.mp4,Microscopic World,0:02,"Download premium parasitic micro worm stock footage — 4K video & 8K images. Part of our Worms collection. Royalty-free, no attribution required. Perfect for content creators, filmmakers, and designers. Instant download at stockflow.media",https://stockflow.media/?cat=Microscopic&sub=Worms&collection=Parasitic+Micro+Worm,2026-05-30 20:00:00,"parasitic worm, parasite, helminth, microscopy, tissue, histology, microlevel, infection, coiled wor, stock footage, royalty free, 4k video, 8k images, parasitic micro worm, worms, science, biology, microscope, cell biology"
Parasitic Micro Worm | Microscopic Stock Video,https://storage.googleapis.com/stockflow-social/Batch01/Clips/V/Microscopic_Worms_Parasitic-Micro-Worm_20260314_0692_V.mp4,Microscopic World,0:02,"Download premium parasitic micro worm stock footage — 4K video & 8K images. Part of our Worms collection. Royalty-free, no attribution required. Perfect for content creators, filmmakers, and designers. Instant download at stockflow.media",https://stockflow.media/?cat=Microscopic&sub=Worms&collection=Parasitic+Micro+Worm,2026-05-31 8:00:00,"histology, histological, parasitic worm, coiled parasite, parasite, host tissue, connective tissue, stock footage, royalty free, 4k video, 8k images, parasitic micro worm, worms, microscopy, science, biology, microscope, cell biology"
Nematode Worms | Microscopic Stock Video,https://storage.googleapis.com/stockflow-social/Batch01/Clips/V/Microscopic_Worms_Nematode-Worms_20260314_0689_V.mp4,Microscopic World,0:02,"Download premium nematode worms stock footage — 4K video & 8K images. Part of our Worms collection. Royalty-free, no attribution required. Perfect for content creators, filmmakers, and designers. Instant download at stockflow.media",https://stockflow.media/?cat=Microscopic&sub=Worms&collection=Nematode+Worms,2026-05-31 11:00:00,"worms, nematodes, soil, soil-dwelling, earth, dirt, damp, translucent, wriggle, movement, segmented, stock footage, royalty free, 4k video, 8k images, nematode worms, microscopy, science, biology, microscope, cell biology"
Nematode Worms | Microscopic Stock Video,https://storage.googleapis.com/stockflow-social/Batch01/Clips/V/Microscopic_Worms_Nematode-Worms_20260314_0688_V.mp4,Microscopic World,0:02,"Download premium nematode worms stock footage — 4K video & 8K images. Part of our Worms collection. Royalty-free, no attribution required. Perfect for content creators, filmmakers, and designers. Instant download at stockflow.media",https://stockflow.media/?cat=Microscopic&sub=Worms&collection=Nematode+Worms,2026-05-31 14:00:00,"nematodes, soil, soil biology, soil fauna, microfauna, microscopic, close-up, wriggling, translucent, stock footage, royalty free, 4k video, 8k images, nematode worms, worms, microscopy, science, biology, microscope, cell biology"
Nematode Worms | Microscopic Stock Video,https://storage.googleapis.com/stockflow-social/Batch01/Clips/V/Microscopic_Worms_Nematode-Worms_20260314_0685_V.mp4,Microscopic World,0:02,"Download premium nematode worms stock footage — 4K video & 8K images. Part of our Worms collection. Royalty-free, no attribution required. Perfect for content creators, filmmakers, and designers. Instant download at stockflow.media",https://stockflow.media/?cat=Microscopic&sub=Worms&collection=Nematode+Worms,2026-05-31 17:00:00,"nematodes, soil nematodes, close-up, macro, microhabitat, soil biology, soil organisms, gritty earth, stock footage, royalty free, 4k video, 8k images, nematode worms, worms, microscopy, science, biology, microscope, cell biology"
Parasite | Microscopic Stock Video,https://storage.googleapis.com/stockflow-social/Batch01/Clips/V/Microscopic_Blood-Hematology_Parasite_20260314_0684_V.mp4,Microscopic World,0:02,"Download premium parasite stock footage — 4K video & 8K images. Part of our Blood Hematology collection. Royalty-free, no attribution required. Perfect for content creators, filmmakers, and designers. Instant download at stockflow.media",https://stockflow.media/?cat=Microscopic&sub=Blood+Hematology&collection=Parasite,2026-05-31 20:00:00,"red blood cell, red blood cells, blood cell, immune cell, immune system, parasite, parasite infectio, stock footage, royalty free, 4k video, 8k images, blood hematology, microscopy, science, biology, microscope, cell biology"
Fungal Ecosystem | Microscopic Stock Video,https://storage.googleapis.com/stockflow-social/Batch01/Clips/V/Microscopic_Food-Fungi_Fungal-Ecosystem_20260314_0681_V.mp4,Microscopic World,0:02,"Download premium fungal ecosystem stock footage — 4K video & 8K images. Part of our Food Fungi collection. Royalty-free, no attribution required. Perfect for content creators, filmmakers, and designers. Instant download at stockflow.media",https://stockflow.media/?cat=Microscopic&sub=Food+Fungi&collection=Fungal+Ecosystem,2026-06-01 8:00:00,"microfungi, decaying log, fungal hyphae, hyphal networks, fruiting bodies, mycelium, wood decay, nut, stock footage, royalty free, 4k video, 8k images, fungal ecosystem, food fungi, microscopy, science, biology, microscope, cell biology"
Fungal Ecosystem | Microscopic Stock Video,https://storage.googleapis.com/stockflow-social/Batch01/Clips/V/Microscopic_Food-Fungi_Fungal-Ecosystem_20260314_0680_V.mp4,Microscopic World,0:02,"Download premium fungal ecosystem stock footage — 4K video & 8K images. Part of our Food Fungi collection. Royalty-free, no attribution required. Perfect for content creators, filmmakers, and designers. Instant download at stockflow.media",https://stockflow.media/?cat=Microscopic&sub=Food+Fungi&collection=Fungal+Ecosystem,2026-06-01 11:00:00,"tree bark, fungal ecosystem, fungi, mycology, aerial hyphae, spores, fungal colonies, wood texture, stock footage, royalty free, 4k video, 8k images, food fungi, microscopy, science, biology, microscope, cell biology"
Fungal Ecosystem | Microscopic Stock Video,https://storage.googleapis.com/stockflow-social/Batch01/Clips/V/Microscopic_Food-Fungi_Fungal-Ecosystem_20260314_0679_V.mp4,Microscopic World,0:02,"Download premium fungal ecosystem stock footage — 4K video & 8K images. Part of our Food Fungi collection. Royalty-free, no attribution required. Perfect for content creators, filmmakers, and designers. Instant download at stockflow.media",https://stockflow.media/?cat=Microscopic&sub=Food+Fungi&collection=Fungal+Ecosystem,2026-06-01 14:00:00,"fungal network, mycelium, hyphae, wood decay, blue spores, tiny ecosystem, nutrient cycling, micro-s, stock footage, royalty free, 4k video, 8k images, fungal ecosystem, food fungi, microscopy, science, biology, microscope, cell biology"
Fungal Ecosystem | Microscopic Stock Video,https://storage.googleapis.com/stockflow-social/Batch01/Clips/V/Microscopic_Food-Fungi_Fungal-Ecosystem_20260314_0678_V.mp4,Microscopic World,0:02,"Download premium fungal ecosystem stock footage — 4K video & 8K images. Part of our Food Fungi collection. Royalty-free, no attribution required. Perfect for content creators, filmmakers, and designers. Instant download at stockflow.media",https://stockflow.media/?cat=Microscopic&sub=Food+Fungi&collection=Fungal+Ecosystem,2026-06-01 17:00:00,"fungi, mycology, micrograph, decaying wood, wood decay, fungal growth, hyphae, mycelium, spores, ora, stock footage, royalty free, 4k video, 8k images, fungal ecosystem, food fungi, microscopy, science, biology, microscope, cell biology"
Fungal Ecosystem | Microscopic Stock Video,https://storage.googleapis.com/stockflow-social/Batch01/Clips/V/Microscopic_Food-Fungi_Fungal-Ecosystem_20260314_0677_V.mp4,Microscopic World,0:02,"Download premium fungal ecosystem stock footage — 4K video & 8K images. Part of our Food Fungi collection. Royalty-free, no attribution required. Perfect for content creators, filmmakers, and designers. Instant download at stockflow.media",https://stockflow.media/?cat=Microscopic&sub=Food+Fungi&collection=Fungal+Ecosystem,2026-06-01 20:00:00,"microfungi, fungi, decay, decaying log, log, forest floor, woodland floor, damp, moisture, fungal co, stock footage, royalty free, 4k video, 8k images, fungal ecosystem, food fungi, microscopy, science, biology, microscope, cell biology"
Fungal Ecosystem | Microscopic Stock Video,https://storage.googleapis.com/stockflow-social/Batch01/Clips/V/Microscopic_Food-Fungi_Fungal-Ecosystem_20260314_0676_V.mp4,Microscopic World,0:02,"Download premium fungal ecosystem stock footage — 4K video & 8K images. Part of our Food Fungi collection. Royalty-free, no attribution required. Perfect for content creators, filmmakers, and designers. Instant download at stockflow.media",https://stockflow.media/?cat=Microscopic&sub=Food+Fungi&collection=Fungal+Ecosystem,2026-06-02 8:00:00,"blue mold, blue mold colonies, white fungal hyphae, fungal hyphae, decaying wood, decay wood, wood d, stock footage, royalty free, 4k video, 8k images, fungal ecosystem, food fungi, microscopy, science, biology, microscope, cell biology"
Mold Growth | Microscopic Stock Video,https://storage.googleapis.com/stockflow-social/Batch01/Clips/V/Microscopic_Food-Fungi_Mold-Growth_20260314_0669_V.mp4,Microscopic World,0:02,"Download premium mold growth stock footage — 4K video & 8K images. Part of our Food Fungi collection. Royalty-free, no attribution required. Perfect for content creators, filmmakers, and designers. Instant download at stockflow.media",https://stockflow.media/?cat=Microscopic&sub=Food+Fungi&collection=Mold+Growth,2026-06-02 11:00:00,"mold, green mold, fungal growth, fungi, mycology, mold colonies, spores, spore clusters, white fuzzy, stock footage, royalty free, 4k video, 8k images, mold growth, food fungi, microscopy, science, biology, microscope, cell biology"
Mold Growth | Microscopic Stock Video,https://storage.googleapis.com/stockflow-social/Batch01/Clips/V/Microscopic_Food-Fungi_Mold-Growth_20260314_0668_V.mp4,Microscopic World,0:02,"Download premium mold growth stock footage — 4K video & 8K images. Part of our Food Fungi collection. Royalty-free, no attribution required. Perfect for content creators, filmmakers, and designers. Instant download at stockflow.media",https://stockflow.media/?cat=Microscopic&sub=Food+Fungi&collection=Mold+Growth,2026-06-02 14:00:00,"plate of penne, penne pasta, pasta dish, moldy pasta, mold growth, blue-green mold, blue mold, green, stock footage, royalty free, 4k video, 8k images, food fungi, microscopy, science, biology, microscope, cell biology"
Mold Growth | Microscopic Stock Video,https://storage.googleapis.com/stockflow-social/Batch01/Clips/V/Microscopic_Food-Fungi_Mold-Growth_20260314_0667_V.mp4,Microscopic World,0:02,"Download premium mold growth stock footage — 4K video & 8K images. Part of our Food Fungi collection. Royalty-free, no attribution required. Perfect for content creators, filmmakers, and designers. Instant download at stockflow.media",https://stockflow.media/?cat=Microscopic&sub=Food+Fungi&collection=Mold+Growth,2026-06-02 17:00:00,"mold, mold growth, blue-green mold, hyphae, spores, fungal growth, food spoilage, decay, contaminati, stock footage, royalty free, 4k video, 8k images, food fungi, microscopy, science, biology, microscope, cell biology"
Mold Growth | Microscopic Stock Video,https://storage.googleapis.com/stockflow-social/Batch01/Clips/V/Microscopic_Food-Fungi_Mold-Growth_20260314_0666_V.mp4,Microscopic World,0:02,"Download premium mold growth stock footage — 4K video & 8K images. Part of our Food Fungi collection. Royalty-free, no attribution required. Perfect for content creators, filmmakers, and designers. Instant download at stockflow.media",https://stockflow.media/?cat=Microscopic&sub=Food+Fungi&collection=Mold+Growth,2026-06-02 20:00:00,"mold, blue-green mold, mold growth, fungal growth, hyphae, filamentous hyphae, spores, fungal spores, stock footage, royalty free, 4k video, 8k images, food fungi, microscopy, science, biology, microscope, cell biology"
Mold Growth | Microscopic Stock Video,https://storage.googleapis.com/stockflow-social/Batch01/Clips/V/Microscopic_Food-Fungi_Mold-Growth_20260314_0665_V.mp4,Microscopic World,0:02,"Download premium mold growth stock footage — 4K video & 8K images. Part of our Food Fungi collection. Royalty-free, no attribution required. Perfect for content creators, filmmakers, and designers. Instant download at stockflow.media",https://stockflow.media/?cat=Microscopic&sub=Food+Fungi&collection=Mold+Growth,2026-06-03 8:00:00,"macro shot, blue-green mold, mold colony, fungal growth, hyphae, conidiophores, conidia, filamentous, stock footage, royalty free, 4k video, 8k images, mold growth, food fungi, microscopy, science, biology, microscope, cell biology"
Mold Growth | Microscopic Stock Video,https://storage.googleapis.com/stockflow-social/Batch01/Clips/V/Microscopic_Food-Fungi_Mold-Growth_20260314_0658_V.mp4,Microscopic World,0:02,"Download premium mold growth stock footage — 4K video & 8K images. Part of our Food Fungi collection. Royalty-free, no attribution required. Perfect for content creators, filmmakers, and designers. Instant download at stockflow.media",https://stockflow.media/?cat=Microscopic&sub=Food+Fungi&collection=Mold+Growth,2026-06-03 11:00:00,"mold, mold growth, blue-green mold, fungal growth, macro shot, close-up, food spoilage, yellow food, stock footage, royalty free, 4k video, 8k images, food fungi, microscopy, science, biology, microscope, cell biology"
Yeast And Mold | Microscopic Stock Video,https://storage.googleapis.com/stockflow-social/Batch01/Clips/V/Microscopic_Food-Fungi_Yeast-And-Mold_20260314_0657_V.mp4,Microscopic World,0:02,"Download premium yeast and mold stock footage — 4K video & 8K images. Part of our Food Fungi collection. Royalty-free, no attribution required. Perfect for content creators, filmmakers, and designers. Instant download at stockflow.media",https://stockflow.media/?cat=Microscopic&sub=Food+Fungi&collection=Yeast+And+Mold,2026-06-03 14:00:00,"macro, macro photography, macro shot, macro image, fungal, fungi, fungi colonies, green fungi, funga, stock footage, royalty free, 4k video, 8k images, yeast and mold, food fungi, microscopy, science, biology, microscope, cell biology"
Yeast And Mold | Microscopic Stock Video,https://storage.googleapis.com/stockflow-social/Batch01/Clips/V/Microscopic_Food-Fungi_Yeast-And-Mold_20260314_0656_V.mp4,Microscopic World,0:02,"Download premium yeast and mold stock footage — 4K video & 8K images. Part of our Food Fungi collection. Royalty-free, no attribution required. Perfect for content creators, filmmakers, and designers. Instant download at stockflow.media",https://stockflow.media/?cat=Microscopic&sub=Food+Fungi&collection=Yeast+And+Mold,2026-06-03 17:00:00,"macro shot, fungi, orange fungi, mold, mold growth, spores, mint green spores, textured surfaces, de, stock footage, royalty free, 4k video, 8k images, yeast and mold, food fungi, microscopy, science, biology, microscope, cell biology"
Fungal Penetration | Microscopic Stock Video,https://storage.googleapis.com/stockflow-social/Batch01/Clips/V/Microscopic_Food-Fungi_Fungal-Penetration_20260314_0651_V.mp4,Microscopic World,0:02,"Download premium fungal penetration stock footage — 4K video & 8K images. Part of our Food Fungi collection. Royalty-free, no attribution required. Perfect for content creators, filmmakers, and designers. Instant download at stockflow.media",https://stockflow.media/?cat=Microscopic&sub=Food+Fungi&collection=Fungal+Penetration,2026-06-03 20:00:00,"fungal invasion, hyphae, tissue invasion, cellular tissue, vascularized tissue, red environment, mic, stock footage, royalty free, 4k video, 8k images, fungal penetration, food fungi, microscopy, science, biology, microscope, cell biology"
Fungal Penetration | Microscopic Stock Video,https://storage.googleapis.com/stockflow-social/Batch01/Clips/V/Microscopic_Food-Fungi_Fungal-Penetration_20260314_0650_V.mp4,Microscopic World,0:02,"Download premium fungal penetration stock footage — 4K video & 8K images. Part of our Food Fungi collection. Royalty-free, no attribution required. Perfect for content creators, filmmakers, and designers. Instant download at stockflow.media",https://stockflow.media/?cat=Microscopic&sub=Food+Fungi&collection=Fungal+Penetration,2026-06-04 8:00:00,"microscopic, cross-section, high-detail, fungal networks, fungi, hyphae, orange hyphae, purple cells, stock footage, royalty free, 4k video, 8k images, fungal penetration, food fungi, microscopy, science, biology, microscope, cell biology"
Fungal Penetration | Microscopic Stock Video,https://storage.googleapis.com/stockflow-social/Batch01/Clips/V/Microscopic_Food-Fungi_Fungal-Penetration_20260314_0649_V.mp4,Microscopic World,0:02,"Download premium fungal penetration stock footage — 4K video & 8K images. Part of our Food Fungi collection. Royalty-free, no attribution required. Perfect for content creators, filmmakers, and designers. Instant download at stockflow.media",https://stockflow.media/?cat=Microscopic&sub=Food+Fungi&collection=Fungal+Penetration,2026-06-04 11:00:00,"microscopy, cellular networks, branching cells, orange filaments, purple cell groups, cell clusters, stock footage, royalty free, 4k video, 8k images, fungal penetration, food fungi, science, biology, microscope, cell biology"
Fungal Penetration | Microscopic Stock Video,https://storage.googleapis.com/stockflow-social/Batch01/Clips/V/Microscopic_Food-Fungi_Fungal-Penetration_20260314_0648_V.mp4,Microscopic World,0:02,"Download premium fungal penetration stock footage — 4K video & 8K images. Part of our Food Fungi collection. Royalty-free, no attribution required. Perfect for content creators, filmmakers, and designers. Instant download at stockflow.media",https://stockflow.media/?cat=Microscopic&sub=Food+Fungi&collection=Fungal+Penetration,2026-06-04 14:00:00,"plant, stem, cross-section, vascular, xylem, phloem, plant anatomy, botany, microscopy, cellular, hi, stock footage, royalty free, 4k video, 8k images, fungal penetration, food fungi, science, biology, microscope, cell biology"
Fungi | Microscopic Stock Video,https://storage.googleapis.com/stockflow-social/Batch01/Clips/V/Microscopic_Food-Fungi_Fungi_20260314_0643_V.mp4,Microscopic World,0:02,"Download premium fungi stock footage — 4K video & 8K images. Part of our Food Fungi collection. Royalty-free, no attribution required. Perfect for content creators, filmmakers, and designers. Instant download at stockflow.media",https://stockflow.media/?cat=Microscopic&sub=Food+Fungi&collection=Fungi,2026-06-04 17:00:00,"fungal hyphae, mycology, mold, close-up, glowing, network, spores, spherical spores, micro-scale, co, stock footage, royalty free, 4k video, 8k images, fungi, food fungi, microscopy, science, biology, microscope, cell biology"
Fungi | Microscopic Stock Video,https://storage.googleapis.com/stockflow-social/Batch01/Clips/V/Microscopic_Food-Fungi_Fungi_20260314_0642_V.mp4,Microscopic World,0:02,"Download premium fungi stock footage — 4K video & 8K images. Part of our Food Fungi collection. Royalty-free, no attribution required. Perfect for content creators, filmmakers, and designers. Instant download at stockflow.media",https://stockflow.media/?cat=Microscopic&sub=Food+Fungi&collection=Fungi,2026-06-04 20:00:00,"fungal hyphae, blue-green, brown surface, circular spores, micrograph, close-up, biology, mycology, stock footage, royalty free, 4k video, 8k images, fungi, food fungi, microscopy, science, microscope, cell biology"
Fungi | Microscopic Stock Video,https://storage.googleapis.com/stockflow-social/Batch01/Clips/V/Microscopic_Food-Fungi_Fungi_20260314_0641_V.mp4,Microscopic World,0:02,"Download premium fungi stock footage — 4K video & 8K images. Part of our Food Fungi collection. Royalty-free, no attribution required. Perfect for content creators, filmmakers, and designers. Instant download at stockflow.media",https://stockflow.media/?cat=Microscopic&sub=Food+Fungi&collection=Fungi,2026-06-05 8:00:00,"mold, mold growth, fungal, spores, hyphae, mycology, microscopic, microorganisms, teal, teal spores, stock footage, royalty free, 4k video, 8k images, fungi, food fungi, microscopy, science, biology, microscope, cell biology"
Fungi | Microscopic Stock Video,https://storage.googleapis.com/stockflow-social/Batch01/Clips/V/Microscopic_Food-Fungi_Fungi_20260314_0640_V.mp4,Microscopic World,0:02,"Download premium fungi stock footage — 4K video & 8K images. Part of our Food Fungi collection. Royalty-free, no attribution required. Perfect for content creators, filmmakers, and designers. Instant download at stockflow.media",https://stockflow.media/?cat=Microscopic&sub=Food+Fungi&collection=Fungi,2026-06-05 11:00:00,"fungi, fungal spores, microbiology, microscopy, close-up, textured surface, skin-like substrate, tea, stock footage, royalty free, 4k video, 8k images, food fungi, science, biology, microscope, cell biology"
Fungi | Microscopic Stock Video,https://storage.googleapis.com/stockflow-social/Batch01/Clips/V/Microscopic_Food-Fungi_Fungi_20260314_0639_V.mp4,Microscopic World,0:02,"Download premium fungi stock footage — 4K video & 8K images. Part of our Food Fungi collection. Royalty-free, no attribution required. Perfect for content creators, filmmakers, and designers. Instant download at stockflow.media",https://stockflow.media/?cat=Microscopic&sub=Food+Fungi&collection=Fungi,2026-06-05 14:00:00,"turquoise spores, fungal spores, close-up, slender stalks, delicate colony, textured brown surface, stock footage, royalty free, 4k video, 8k images, fungi, food fungi, microscopy, science, biology, microscope, cell biology"
Fungi | Microscopic Stock Video,https://storage.googleapis.com/stockflow-social/Batch01/Clips/V/Microscopic_Food-Fungi_Fungi_20260314_0638_V.mp4,Microscopic World,0:02,"Download premium fungi stock footage — 4K video & 8K images. Part of our Food Fungi collection. Royalty-free, no attribution required. Perfect for content creators, filmmakers, and designers. Instant download at stockflow.media",https://stockflow.media/?cat=Microscopic&sub=Food+Fungi&collection=Fungi,2026-06-05 17:00:00,"fungi, mycology, micrograph, fungi colonizing, golden surface, turquoise hyphae, hyphae, spherical s, stock footage, royalty free, 4k video, 8k images, food fungi, microscopy, science, biology, microscope, cell biology"
Fungi | Microscopic Stock Video,https://storage.googleapis.com/stockflow-social/Batch01/Clips/V/Microscopic_Food-Fungi_Fungi_20260314_0631_V.mp4,Microscopic World,0:02,"Download premium fungi stock footage — 4K video & 8K images. Part of our Food Fungi collection. Royalty-free, no attribution required. Perfect for content creators, filmmakers, and designers. Instant download at stockflow.media",https://stockflow.media/?cat=Microscopic&sub=Food+Fungi&collection=Fungi,2026-06-05 20:00:00,"fungal hyphae, microbiology, mycology, decomposing tissue, decay, spores, texture, rotting food, mac, stock footage, royalty free, 4k video, 8k images, fungi, food fungi, microscopy, science, biology, microscope, cell biology"
Fungi | Microscopic Stock Video,https://storage.googleapis.com/stockflow-social/Batch01/Clips/V/Microscopic_Food-Fungi_Fungi_20260314_0630_V.mp4,Microscopic World,0:02,"Download premium fungi stock footage — 4K video & 8K images. Part of our Food Fungi collection. Royalty-free, no attribution required. Perfect for content creators, filmmakers, and designers. Instant download at stockflow.media",https://stockflow.media/?cat=Microscopic&sub=Food+Fungi&collection=Fungi,2026-06-06 8:00:00,"fungal hyphae, micrograph, fungal networks, cellular debris, food-related tissue, green hyphae, blue, stock footage, royalty free, 4k video, 8k images, fungi, food fungi, microscopy, science, biology, microscope, cell biology"
Fungi | Microscopic Stock Video,https://storage.googleapis.com/stockflow-social/Batch01/Clips/V/Microscopic_Food-Fungi_Fungi_20260314_0629_V.mp4,Microscopic World,0:02,"Download premium fungi stock footage — 4K video & 8K images. Part of our Food Fungi collection. Royalty-free, no attribution required. Perfect for content creators, filmmakers, and designers. Instant download at stockflow.media",https://stockflow.media/?cat=Microscopic&sub=Food+Fungi&collection=Fungi,2026-06-06 11:00:00,"fungal, hyphae, spores, mycology, fungi, plant tissue, microscopic, microscopy, mycelium, cellular, stock footage, royalty free, 4k video, 8k images, food fungi, science, biology, microscope, cell biology"
Fungi | Microscopic Stock Video,https://storage.googleapis.com/stockflow-social/Batch01/Clips/V/Microscopic_Food-Fungi_Fungi_20260314_0624_V.mp4,Microscopic World,0:02,"Download premium fungi stock footage — 4K video & 8K images. Part of our Food Fungi collection. Royalty-free, no attribution required. Perfect for content creators, filmmakers, and designers. Instant download at stockflow.media",https://stockflow.media/?cat=Microscopic&sub=Food+Fungi&collection=Fungi,2026-06-06 14:00:00,"fungal hyphae, hyphae, micrograph, microscopy, color-enhanced, fluorescence, blue filaments, green f, stock footage, royalty free, 4k video, 8k images, fungi, food fungi, science, biology, microscope, cell biology"
Rhizopus | Microscopic Stock Video,https://storage.googleapis.com/stockflow-social/Batch01/Clips/V/Microscopic_Food-Fungi_Rhizopus_20260314_0623_V.mp4,Microscopic World,0:02,"Download premium rhizopus stock footage — 4K video & 8K images. Part of our Food Fungi collection. Royalty-free, no attribution required. Perfect for content creators, filmmakers, and designers. Instant download at stockflow.media",https://stockflow.media/?cat=Microscopic&sub=Food+Fungi&collection=Rhizopus,2026-06-06 17:00:00,"mold, fungus, rhizopus-like, rhizopus, mold growth, sporangia, spore, spores, fungal spores, macro, stock footage, royalty free, 4k video, 8k images, food fungi, microscopy, science, biology, microscope, cell biology"
Rhizopus | Microscopic Stock Video,https://storage.googleapis.com/stockflow-social/Batch01/Clips/V/Microscopic_Food-Fungi_Rhizopus_20260314_0622_V.mp4,Microscopic World,0:02,"Download premium rhizopus stock footage — 4K video & 8K images. Part of our Food Fungi collection. Royalty-free, no attribution required. Perfect for content creators, filmmakers, and designers. Instant download at stockflow.media",https://stockflow.media/?cat=Microscopic&sub=Food+Fungi&collection=Rhizopus,2026-06-06 20:00:00,"rhizopus, mold, fungi, hyphae, sporangia, rhizopus stolonifer, black mold, bread mold, food spoilage, stock footage, royalty free, 4k video, 8k images, food fungi, microscopy, science, biology, microscope, cell biology"
Rhizopus | Microscopic Stock Video,https://storage.googleapis.com/stockflow-social/Batch01/Clips/V/Microscopic_Food-Fungi_Rhizopus_20260314_0621_V.mp4,Microscopic World,0:02,"Download premium rhizopus stock footage — 4K video & 8K images. Part of our Food Fungi collection. Royalty-free, no attribution required. Perfect for content creators, filmmakers, and designers. Instant download at stockflow.media",https://stockflow.media/?cat=Microscopic&sub=Food+Fungi&collection=Rhizopus,2026-06-07 8:00:00,"macro shot, rhizopus, mold, fungus, sporangia, slender stalks, decaying matter, food spoilage, micro, stock footage, royalty free, 4k video, 8k images, food fungi, microscopy, science, biology, microscope, cell biology"
Rhizopus | Microscopic Stock Video,https://storage.googleapis.com/stockflow-social/Batch01/Clips/V/Microscopic_Food-Fungi_Rhizopus_20260314_0620_V.mp4,Microscopic World,0:02,"Download premium rhizopus stock footage — 4K video & 8K images. Part of our Food Fungi collection. Royalty-free, no attribution required. Perfect for content creators, filmmakers, and designers. Instant download at stockflow.media",https://stockflow.media/?cat=Microscopic&sub=Food+Fungi&collection=Rhizopus,2026-06-07 11:00:00,"mold, fungi, rhizopus, sporangia, hyphae, mycology, close-up, macro, micro, food spoilage, mold on f, stock footage, royalty free, 4k video, 8k images, food fungi, microscopy, science, biology, microscope, cell biology"
Yeast Cells | Microscopic Stock Video,https://storage.googleapis.com/stockflow-social/Batch01/Clips/V/Microscopic_Food-Fungi_Yeast-Cells_20260314_0611_V.mp4,Microscopic World,0:02,"Download premium yeast cells stock footage — 4K video & 8K images. Part of our Food Fungi collection. Royalty-free, no attribution required. Perfect for content creators, filmmakers, and designers. Instant download at stockflow.media",https://stockflow.media/?cat=Microscopic&sub=Food+Fungi&collection=Yeast+Cells,2026-06-07 14:00:00,"yeast, yeast cells, budding yeast, micrograph, microscopy, cell biology, microbiology, cells, cell d, stock footage, royalty free, 4k video, 8k images, food fungi, science, biology, microscope"
Yeast Cells | Microscopic Stock Video,https://storage.googleapis.com/stockflow-social/Batch01/Clips/V/Microscopic_Food-Fungi_Yeast-Cells_20260314_0610_V.mp4,Microscopic World,0:02,"Download premium yeast cells stock footage — 4K video & 8K images. Part of our Food Fungi collection. Royalty-free, no attribution required. Perfect for content creators, filmmakers, and designers. Instant download at stockflow.media",https://stockflow.media/?cat=Microscopic&sub=Food+Fungi&collection=Yeast+Cells,2026-06-07 17:00:00,"yeast cells, high magnification, budding yeast, microbial interaction, textured surface, yeast on su, stock footage, royalty free, 4k video, 8k images, food fungi, microscopy, science, biology, microscope, cell biology"
Yeast Cells | Microscopic Stock Video,https://storage.googleapis.com/stockflow-social/Batch01/Clips/V/Microscopic_Food-Fungi_Yeast-Cells_20260314_0609_V.mp4,Microscopic World,0:02,"Download premium yeast cells stock footage — 4K video & 8K images. Part of our Food Fungi collection. Royalty-free, no attribution required. Perfect for content creators, filmmakers, and designers. Instant download at stockflow.media",https://stockflow.media/?cat=Microscopic&sub=Food+Fungi&collection=Yeast+Cells,2026-06-07 20:00:00,"yeast, yeast cells, fermentation, fermentation science, fungal biology, microbiology, microscopy, bu, stock footage, royalty free, 4k video, 8k images, food fungi, science, biology, microscope, cell biology"
Aspergillus | Microscopic Stock Video,https://storage.googleapis.com/stockflow-social/Batch01/Clips/V/Microscopic_Food-Fungi_Aspergillus_20260314_0604_V.mp4,Microscopic World,0:02,"Download premium aspergillus stock footage — 4K video & 8K images. Part of our Food Fungi collection. Royalty-free, no attribution required. Perfect for content creators, filmmakers, and designers. Instant download at stockflow.media",https://stockflow.media/?cat=Microscopic&sub=Food+Fungi&collection=Aspergillus,2026-06-08 8:00:00,"aspergillus, fungus, mycology, microbiology, hyphae, conidiophores, conidia, fungalcolony, corallike, stock footage, royalty free, 4k video, 8k images, food fungi, microscopy, science, biology, microscope, cell biology"
Aspergillus | Microscopic Stock Video,https://storage.googleapis.com/stockflow-social/Batch01/Clips/V/Microscopic_Food-Fungi_Aspergillus_20260314_0603_V.mp4,Microscopic World,0:02,"Download premium aspergillus stock footage — 4K video & 8K images. Part of our Food Fungi collection. Royalty-free, no attribution required. Perfect for content creators, filmmakers, and designers. Instant download at stockflow.media",https://stockflow.media/?cat=Microscopic&sub=Food+Fungi&collection=Aspergillus,2026-06-08 11:00:00,"mold, aspergillus, fungi, hyphae, spores, spore-bearing filaments, fungal growth, micro-scale, close, stock footage, royalty free, 4k video, 8k images, food fungi, microscopy, science, biology, microscope, cell biology"
Aspergillus | Microscopic Stock Video,https://storage.googleapis.com/stockflow-social/Batch01/Clips/V/Microscopic_Food-Fungi_Aspergillus_20260314_0602_V.mp4,Microscopic World,0:02,"Download premium aspergillus stock footage — 4K video & 8K images. Part of our Food Fungi collection. Royalty-free, no attribution required. Perfect for content creators, filmmakers, and designers. Instant download at stockflow.media",https://stockflow.media/?cat=Microscopic&sub=Food+Fungi&collection=Aspergillus,2026-06-08 14:00:00,"close-up, fungal hyphae, conidia, decaying substrate, filamentous, bluish spores, aspergillus-like, stock footage, royalty free, 4k video, 8k images, aspergillus, food fungi, microscopy, science, biology, microscope, cell biology"
Aspergillus | Microscopic Stock Video,https://storage.googleapis.com/stockflow-social/Batch01/Clips/V/Microscopic_Food-Fungi_Aspergillus_20260314_0601_V.mp4,Microscopic World,0:02,"Download premium aspergillus stock footage — 4K video & 8K images. Part of our Food Fungi collection. Royalty-free, no attribution required. Perfect for content creators, filmmakers, and designers. Instant download at stockflow.media",https://stockflow.media/?cat=Microscopic&sub=Food+Fungi&collection=Aspergillus,2026-06-08 17:00:00,"mold, mycelium, blue spores, aspergillus, hyphae, conidia, decaying food, damp storage, stored foods, stock footage, royalty free, 4k video, 8k images, food fungi, microscopy, science, biology, microscope, cell biology"
Aspergillus | Microscopic Stock Video,https://storage.googleapis.com/stockflow-social/Batch01/Clips/V/Microscopic_Food-Fungi_Aspergillus_20260314_0600_V.mp4,Microscopic World,0:02,"Download premium aspergillus stock footage — 4K video & 8K images. Part of our Food Fungi collection. Royalty-free, no attribution required. Perfect for content creators, filmmakers, and designers. Instant download at stockflow.media",https://stockflow.media/?cat=Microscopic&sub=Food+Fungi&collection=Aspergillus,2026-06-08 20:00:00,"close-up, fungal, filaments, blue-green, aspergillus, mold, hyphae, hyphal, spores, growth, damp, or, stock footage, royalty free, 4k video, 8k images, food fungi, microscopy, science, biology, microscope, cell biology"
Aspergillus | Microscopic Stock Video,https://storage.googleapis.com/stockflow-social/Batch01/Clips/V/Microscopic_Food-Fungi_Aspergillus_20260314_0599_V.mp4,Microscopic World,0:02,"Download premium aspergillus stock footage — 4K video & 8K images. Part of our Food Fungi collection. Royalty-free, no attribution required. Perfect for content creators, filmmakers, and designers. Instant download at stockflow.media",https://stockflow.media/?cat=Microscopic&sub=Food+Fungi&collection=Aspergillus,2026-06-09 8:00:00,"aspergillus, fungi, filamentous fungi, hyphae, green hyphae, brown organic material, microscopic, ma, stock footage, royalty free, 4k video, 8k images, food fungi, microscopy, science, biology, microscope, cell biology"
Aspergillus | Microscopic Stock Video,https://storage.googleapis.com/stockflow-social/Batch01/Clips/V/Microscopic_Food-Fungi_Aspergillus_20260314_0598_V.mp4,Microscopic World,0:02,"Download premium aspergillus stock footage — 4K video & 8K images. Part of our Food Fungi collection. Royalty-free, no attribution required. Perfect for content creators, filmmakers, and designers. Instant download at stockflow.media",https://stockflow.media/?cat=Microscopic&sub=Food+Fungi&collection=Aspergillus,2026-06-09 11:00:00,"fungal hyphae, conidia, aspergillus, microscopic, magnified, chain-like conidia, branching filaments, stock footage, royalty free, 4k video, 8k images, food fungi, microscopy, science, biology, microscope, cell biology"
Aspergillus | Microscopic Stock Video,https://storage.googleapis.com/stockflow-social/Batch01/Clips/V/Microscopic_Food-Fungi_Aspergillus_20260314_0589_V.mp4,Microscopic World,0:02,"Download premium aspergillus stock footage — 4K video & 8K images. Part of our Food Fungi collection. Royalty-free, no attribution required. Perfect for content creators, filmmakers, and designers. Instant download at stockflow.media",https://stockflow.media/?cat=Microscopic&sub=Food+Fungi&collection=Aspergillus,2026-06-09 14:00:00,"fungus, fungi, mold, mold growth, mycelium, hyphae, hyphal networks, spores, conidiophores, conidia, stock footage, royalty free, 4k video, 8k images, aspergillus, food fungi, microscopy, science, biology, microscope, cell biology"