Title,Media URL,Pinterest board,Thumbnail,Description,Link,Publish date,Keywords
Penicillium | Microscopic Stock Video,https://storage.googleapis.com/stockflow-social/Batch01/Clips/V/Microscopic_Food-Fungi_Penicillium_20260314_0588_V.mp4,Microscopic World,0:02,"Download premium penicillium stock footage — 4K video & 8K images. Part of our Food Fungi collection. Royalty-free, no attribution required. Perfect for content creators, filmmakers, and designers. Instant download at stockflow.media",https://stockflow.media/?cat=Microscopic&sub=Food+Fungi&collection=Penicillium,2026-06-09 17:00:00,"macro, macro photography, fungi, fungal spores, blue-tinted, blue color, spores, hyphae, green hypha, stock footage, royalty free, 4k video, 8k images, penicillium, food fungi, microscopy, science, biology, microscope, cell biology"
Penicillium | Microscopic Stock Video,https://storage.googleapis.com/stockflow-social/Batch01/Clips/V/Microscopic_Food-Fungi_Penicillium_20260314_0587_V.mp4,Microscopic World,0:02,"Download premium penicillium stock footage — 4K video & 8K images. Part of our Food Fungi collection. Royalty-free, no attribution required. Perfect for content creators, filmmakers, and designers. Instant download at stockflow.media",https://stockflow.media/?cat=Microscopic&sub=Food+Fungi&collection=Penicillium,2026-06-09 20:00:00,"close-up, microscopy, spores, blue spores, blue spherical spores, fungal hyphae, green hyphae, brown, stock footage, royalty free, 4k video, 8k images, penicillium, food fungi, science, biology, microscope, cell biology"
Penicillium | Microscopic Stock Video,https://storage.googleapis.com/stockflow-social/Batch01/Clips/V/Microscopic_Food-Fungi_Penicillium_20260314_0586_V.mp4,Microscopic World,0:02,"Download premium penicillium stock footage — 4K video & 8K images. Part of our Food Fungi collection. Royalty-free, no attribution required. Perfect for content creators, filmmakers, and designers. Instant download at stockflow.media",https://stockflow.media/?cat=Microscopic&sub=Food+Fungi&collection=Penicillium,2026-06-10 8:00:00,"close-up, blue fungi, fungal structures, blue mold, microscopic, mold, mycology, fungal growth, bran, stock footage, royalty free, 4k video, 8k images, penicillium, food fungi, microscopy, science, biology, microscope, cell biology"
Penicillium | Microscopic Stock Video,https://storage.googleapis.com/stockflow-social/Batch01/Clips/V/Microscopic_Food-Fungi_Penicillium_20260314_0585_V.mp4,Microscopic World,0:02,"Download premium penicillium stock footage — 4K video & 8K images. Part of our Food Fungi collection. Royalty-free, no attribution required. Perfect for content creators, filmmakers, and designers. Instant download at stockflow.media",https://stockflow.media/?cat=Microscopic&sub=Food+Fungi&collection=Penicillium,2026-06-10 11:00:00,"penicillium, mold, mold growth, fungus, fungi, hyphae, conidia, conidial, spores, spore, microscopic, stock footage, royalty free, 4k video, 8k images, food fungi, microscopy, science, biology, microscope, cell biology"
Penicillium | Microscopic Stock Video,https://storage.googleapis.com/stockflow-social/Batch01/Clips/V/Microscopic_Food-Fungi_Penicillium_20260314_0584_V.mp4,Microscopic World,0:02,"Download premium penicillium stock footage — 4K video & 8K images. Part of our Food Fungi collection. Royalty-free, no attribution required. Perfect for content creators, filmmakers, and designers. Instant download at stockflow.media",https://stockflow.media/?cat=Microscopic&sub=Food+Fungi&collection=Penicillium,2026-06-10 14:00:00,"mold, fungi, penicillium, mold growth, hyphae, spores, microscopic, micrograph, microbiology, food s, stock footage, royalty free, 4k video, 8k images, food fungi, microscopy, science, biology, microscope, cell biology"
Penicillium | Microscopic Stock Video,https://storage.googleapis.com/stockflow-social/Batch01/Clips/V/Microscopic_Food-Fungi_Penicillium_20260314_0583_V.mp4,Microscopic World,0:02,"Download premium penicillium stock footage — 4K video & 8K images. Part of our Food Fungi collection. Royalty-free, no attribution required. Perfect for content creators, filmmakers, and designers. Instant download at stockflow.media",https://stockflow.media/?cat=Microscopic&sub=Food+Fungi&collection=Penicillium,2026-06-10 17:00:00,"mold, fungus, penicillium, spores, hyphae, close-up, macro, micrograph, green, filamentous, network, stock footage, royalty free, 4k video, 8k images, food fungi, microscopy, science, biology, microscope, cell biology"
Penicillium | Microscopic Stock Video,https://storage.googleapis.com/stockflow-social/Batch01/Clips/V/Microscopic_Food-Fungi_Penicillium_20260314_0574_V.mp4,Microscopic World,0:02,"Download premium penicillium stock footage — 4K video & 8K images. Part of our Food Fungi collection. Royalty-free, no attribution required. Perfect for content creators, filmmakers, and designers. Instant download at stockflow.media",https://stockflow.media/?cat=Microscopic&sub=Food+Fungi&collection=Penicillium,2026-06-10 20:00:00,"mold, fungus, penicillium, close-up, macro, hyphae, conidia, spores, mycelium, fuzzy, textured, food, stock footage, royalty free, 4k video, 8k images, food fungi, microscopy, science, biology, microscope, cell biology"
Thrombocytopenia | Microscopic Stock Video,https://storage.googleapis.com/stockflow-social/Batch01/Clips/V/Microscopic_Blood-Hematology_Thrombocytopenia_20260314_0569_V.mp4,Microscopic World,0:02,"Download premium thrombocytopenia stock footage — 4K video & 8K images. Part of our Blood Hematology collection. Royalty-free, no attribution required. Perfect for content creators, filmmakers, and designers. Instant download at stockflow.media",https://stockflow.media/?cat=Microscopic&sub=Blood+Hematology&collection=Thrombocytopenia,2026-06-11 8:00:00,"blood smear, hematology, platelets, thrombocytopenia, platelet disorders, platelet count, low platel, stock footage, royalty free, 4k video, 8k images, blood hematology, microscopy, science, biology, microscope, cell biology"
Seawater Droplet | Microscopic Stock Video,https://storage.googleapis.com/stockflow-social/Batch01/Clips/V/Microscopic_Underwater_Seawater-Droplet_20260314_0566_V.mp4,Microscopic World,0:02,"Download premium seawater droplet stock footage — 4K video & 8K images. Part of our Underwater collection. Royalty-free, no attribution required. Perfect for content creators, filmmakers, and designers. Instant download at stockflow.media",https://stockflow.media/?cat=Microscopic&sub=Underwater&collection=Seawater+Droplet,2026-06-11 11:00:00,"bacteria, microbiology, marinebiology, seawater, ocean, underwater, oceanography, microbes, rod-shap, stock footage, royalty free, 4k video, 8k images, seawater droplet, microscopy, science, biology, microscope, cell biology"
Seawater Droplet | Microscopic Stock Video,https://storage.googleapis.com/stockflow-social/Batch01/Clips/V/Microscopic_Underwater_Seawater-Droplet_20260314_0565_V.mp4,Microscopic World,0:02,"Download premium seawater droplet stock footage — 4K video & 8K images. Part of our Underwater collection. Royalty-free, no attribution required. Perfect for content creators, filmmakers, and designers. Instant download at stockflow.media",https://stockflow.media/?cat=Microscopic&sub=Underwater&collection=Seawater+Droplet,2026-06-11 14:00:00,"seawater microorganisms, micro-scale, biofilm, bacteria, rod-shaped bacteria, clusters, underwater m, stock footage, royalty free, 4k video, 8k images, seawater droplet, underwater, microscopy, science, biology, microscope, cell biology"
Seawater Droplet | Microscopic Stock Video,https://storage.googleapis.com/stockflow-social/Batch01/Clips/V/Microscopic_Underwater_Seawater-Droplet_20260314_0564_V.mp4,Microscopic World,0:02,"Download premium seawater droplet stock footage — 4K video & 8K images. Part of our Underwater collection. Royalty-free, no attribution required. Perfect for content creators, filmmakers, and designers. Instant download at stockflow.media",https://stockflow.media/?cat=Microscopic&sub=Underwater&collection=Seawater+Droplet,2026-06-11 17:00:00,"macro, bacteria, microorganisms, seawater, ocean, marine, underwater, microbe, rods, rod-shaped bact, stock footage, royalty free, 4k video, 8k images, seawater droplet, microscopy, science, biology, microscope, cell biology"
Seawater Droplet | Microscopic Stock Video,https://storage.googleapis.com/stockflow-social/Batch01/Clips/V/Microscopic_Underwater_Seawater-Droplet_20260314_0563_V.mp4,Microscopic World,0:02,"Download premium seawater droplet stock footage — 4K video & 8K images. Part of our Underwater collection. Royalty-free, no attribution required. Perfect for content creators, filmmakers, and designers. Instant download at stockflow.media",https://stockflow.media/?cat=Microscopic&sub=Underwater&collection=Seawater+Droplet,2026-06-11 20:00:00,"ultrastructural, micrograph, rod-shaped bacteria, bacteria, bacteria in seawater, marine bacteria, s, stock footage, royalty free, 4k video, 8k images, seawater droplet, underwater, microscopy, science, biology, microscope, cell biology"
Seawater Droplet | Microscopic Stock Video,https://storage.googleapis.com/stockflow-social/Batch01/Clips/V/Microscopic_Underwater_Seawater-Droplet_20260314_0562_V.mp4,Microscopic World,0:02,"Download premium seawater droplet stock footage — 4K video & 8K images. Part of our Underwater collection. Royalty-free, no attribution required. Perfect for content creators, filmmakers, and designers. Instant download at stockflow.media",https://stockflow.media/?cat=Microscopic&sub=Underwater&collection=Seawater+Droplet,2026-06-12 8:00:00,"microscopic, marine, life, seawater, bacteria, rod-shaped, rounded cells, biofilm, dense, texture, d, stock footage, royalty free, 4k video, 8k images, seawater droplet, underwater, microscopy, science, biology, microscope, cell biology"
Seawater Droplet | Microscopic Stock Video,https://storage.googleapis.com/stockflow-social/Batch01/Clips/V/Microscopic_Underwater_Seawater-Droplet_20260314_0561_V.mp4,Microscopic World,0:02,"Download premium seawater droplet stock footage — 4K video & 8K images. Part of our Underwater collection. Royalty-free, no attribution required. Perfect for content creators, filmmakers, and designers. Instant download at stockflow.media",https://stockflow.media/?cat=Microscopic&sub=Underwater&collection=Seawater+Droplet,2026-06-12 11:00:00,"seawater, bacteria, microscopic, micro scale, microbial life, yellow bacteria, rod-shaped bacteria, stock footage, royalty free, 4k video, 8k images, seawater droplet, underwater, microscopy, science, biology, microscope, cell biology"
Seawater Droplet | Microscopic Stock Video,https://storage.googleapis.com/stockflow-social/Batch01/Clips/V/Microscopic_Underwater_Seawater-Droplet_20260314_0560_V.mp4,Microscopic World,0:02,"Download premium seawater droplet stock footage — 4K video & 8K images. Part of our Underwater collection. Royalty-free, no attribution required. Perfect for content creators, filmmakers, and designers. Instant download at stockflow.media",https://stockflow.media/?cat=Microscopic&sub=Underwater&collection=Seawater+Droplet,2026-06-12 14:00:00,"close-up, rod-shaped bacteria, bacteria, microbiology, microbial colonies, cellular debris, rough su, stock footage, royalty free, 4k video, 8k images, seawater droplet, underwater, microscopy, science, biology, microscope, cell biology"
Seawater Droplet | Microscopic Stock Video,https://storage.googleapis.com/stockflow-social/Batch01/Clips/V/Microscopic_Underwater_Seawater-Droplet_20260314_0559_V.mp4,Microscopic World,0:02,"Download premium seawater droplet stock footage — 4K video & 8K images. Part of our Underwater collection. Royalty-free, no attribution required. Perfect for content creators, filmmakers, and designers. Instant download at stockflow.media",https://stockflow.media/?cat=Microscopic&sub=Underwater&collection=Seawater+Droplet,2026-06-12 17:00:00,"microscopic, bacteria, bacterial rods, rod-shaped bacteria, seawater, seawater droplets, microbe, mi, stock footage, royalty free, 4k video, 8k images, seawater droplet, underwater, microscopy, science, biology, microscope, cell biology"
Seawater Droplet | Microscopic Stock Video,https://storage.googleapis.com/stockflow-social/Batch01/Clips/V/Microscopic_Underwater_Seawater-Droplet_20260314_0558_V.mp4,Microscopic World,0:02,"Download premium seawater droplet stock footage — 4K video & 8K images. Part of our Underwater collection. Royalty-free, no attribution required. Perfect for content creators, filmmakers, and designers. Instant download at stockflow.media",https://stockflow.media/?cat=Microscopic&sub=Underwater&collection=Seawater+Droplet,2026-06-12 20:00:00,"cell, magnified, magnification, nucleus, purple, crystalline, crystals, membranes, subcellular, orga, stock footage, royalty free, 4k video, 8k images, seawater droplet, underwater, microscopy, science, biology, microscope, cell biology"
Seawater Droplet | Microscopic Stock Video,https://storage.googleapis.com/stockflow-social/Batch01/Clips/V/Microscopic_Underwater_Seawater-Droplet_20260314_0557_V.mp4,Microscopic World,0:02,"Download premium seawater droplet stock footage — 4K video & 8K images. Part of our Underwater collection. Royalty-free, no attribution required. Perfect for content creators, filmmakers, and designers. Instant download at stockflow.media",https://stockflow.media/?cat=Microscopic&sub=Underwater&collection=Seawater+Droplet,2026-06-13 8:00:00,"rod-shaped bacteria, bacteria, microorganisms, microbes, microbial interactions, spherical cell, cel, stock footage, royalty free, 4k video, 8k images, seawater droplet, underwater, microscopy, science, biology, microscope, cell biology"
Seawater Droplet | Microscopic Stock Video,https://storage.googleapis.com/stockflow-social/Batch01/Clips/V/Microscopic_Underwater_Seawater-Droplet_20260314_0556_V.mp4,Microscopic World,0:02,"Download premium seawater droplet stock footage — 4K video & 8K images. Part of our Underwater collection. Royalty-free, no attribution required. Perfect for content creators, filmmakers, and designers. Instant download at stockflow.media",https://stockflow.media/?cat=Microscopic&sub=Underwater&collection=Seawater+Droplet,2026-06-13 11:00:00,"close-up, microscopic, bacteria, crystalline droplets, fibrous matrix, diverse shapes, colors, intri, stock footage, royalty free, 4k video, 8k images, seawater droplet, underwater, microscopy, science, biology, microscope, cell biology"
Seawater Droplet | Microscopic Stock Video,https://storage.googleapis.com/stockflow-social/Batch01/Clips/V/Microscopic_Underwater_Seawater-Droplet_20260314_0555_V.mp4,Microscopic World,0:02,"Download premium seawater droplet stock footage — 4K video & 8K images. Part of our Underwater collection. Royalty-free, no attribution required. Perfect for content creators, filmmakers, and designers. Instant download at stockflow.media",https://stockflow.media/?cat=Microscopic&sub=Underwater&collection=Seawater+Droplet,2026-06-13 14:00:00,"microbes, bacteria, magnified, high-magnification, aquatic, seawater, droplet, microscopy, microbial, stock footage, royalty free, 4k video, 8k images, seawater droplet, underwater, science, biology, microscope, cell biology"
Seawater Droplet | Microscopic Stock Video,https://storage.googleapis.com/stockflow-social/Batch01/Clips/V/Microscopic_Underwater_Seawater-Droplet_20260314_0554_V.mp4,Microscopic World,0:02,"Download premium seawater droplet stock footage — 4K video & 8K images. Part of our Underwater collection. Royalty-free, no attribution required. Perfect for content creators, filmmakers, and designers. Instant download at stockflow.media",https://stockflow.media/?cat=Microscopic&sub=Underwater&collection=Seawater+Droplet,2026-06-13 17:00:00,"microscopic, close-up, bead-like, cells, filamentous, structures, tangled, mat, yellowish, seawater-, stock footage, royalty free, 4k video, 8k images, seawater droplet, underwater, microscopy, science, biology, microscope, cell biology"
Seawater Droplet | Microscopic Stock Video,https://storage.googleapis.com/stockflow-social/Batch01/Clips/V/Microscopic_Underwater_Seawater-Droplet_20260314_0553_V.mp4,Microscopic World,0:02,"Download premium seawater droplet stock footage — 4K video & 8K images. Part of our Underwater collection. Royalty-free, no attribution required. Perfect for content creators, filmmakers, and designers. Instant download at stockflow.media",https://stockflow.media/?cat=Microscopic&sub=Underwater&collection=Seawater+Droplet,2026-06-13 20:00:00,"marine, seawater, microbes, microorganisms, microscopic, magnified, magnified view, micro-scale, dro, stock footage, royalty free, 4k video, 8k images, seawater droplet, underwater, microscopy, science, biology, microscope, cell biology"
Seawater Droplet | Microscopic Stock Video,https://storage.googleapis.com/stockflow-social/Batch01/Clips/V/Microscopic_Underwater_Seawater-Droplet_20260314_0552_V.mp4,Microscopic World,0:02,"Download premium seawater droplet stock footage — 4K video & 8K images. Part of our Underwater collection. Royalty-free, no attribution required. Perfect for content creators, filmmakers, and designers. Instant download at stockflow.media",https://stockflow.media/?cat=Microscopic&sub=Underwater&collection=Seawater+Droplet,2026-06-14 8:00:00,"micrograph, mineral-organic, micro-scale, crystalline shards, rounded beads, filamentous strands, in, stock footage, royalty free, 4k video, 8k images, seawater droplet, underwater, microscopy, science, biology, microscope, cell biology"
Seawater Droplet | Microscopic Stock Video,https://storage.googleapis.com/stockflow-social/Batch01/Clips/V/Microscopic_Underwater_Seawater-Droplet_20260314_0535_V.mp4,Microscopic World,0:02,"Download premium seawater droplet stock footage — 4K video & 8K images. Part of our Underwater collection. Royalty-free, no attribution required. Perfect for content creators, filmmakers, and designers. Instant download at stockflow.media",https://stockflow.media/?cat=Microscopic&sub=Underwater&collection=Seawater+Droplet,2026-06-14 11:00:00,"microbial, seawater, biofilm, bacteria, microorganism, magnified, central droplet, clusters, spheric, stock footage, royalty free, 4k video, 8k images, seawater droplet, underwater, microscopy, science, biology, microscope, cell biology"
Juvenile Plankton | Microscopic Stock Video,https://storage.googleapis.com/stockflow-social/Batch01/Clips/V/Microscopic_Underwater_Juvenile-Plankton_20260314_0534_V.mp4,Microscopic World,0:02,"Download premium juvenile plankton stock footage — 4K video & 8K images. Part of our Underwater collection. Royalty-free, no attribution required. Perfect for content creators, filmmakers, and designers. Instant download at stockflow.media",https://stockflow.media/?cat=Microscopic&sub=Underwater&collection=Juvenile+Plankton,2026-06-14 14:00:00,"underwater, marine life, shrimp, neon green shrimp, red-striped shrimp, pink coral, coral reef, reef, stock footage, royalty free, 4k video, 8k images, juvenile plankton, microscopy, science, biology, microscope, cell biology"
Juvenile Plankton | Microscopic Stock Video,https://storage.googleapis.com/stockflow-social/Batch01/Clips/V/Microscopic_Underwater_Juvenile-Plankton_20260314_0533_V.mp4,Microscopic World,0:02,"Download premium juvenile plankton stock footage — 4K video & 8K images. Part of our Underwater collection. Royalty-free, no attribution required. Perfect for content creators, filmmakers, and designers. Instant download at stockflow.media",https://stockflow.media/?cat=Microscopic&sub=Underwater&collection=Juvenile+Plankton,2026-06-14 17:00:00,"underwater, coral reef, neon green shrimp, red juvenile shrimp, pink coral, plankton, tropical water, stock footage, royalty free, 4k video, 8k images, juvenile plankton, microscopy, science, biology, microscope, cell biology"
Juvenile Plankton | Microscopic Stock Video,https://storage.googleapis.com/stockflow-social/Batch01/Clips/V/Microscopic_Underwater_Juvenile-Plankton_20260314_0532_V.mp4,Microscopic World,0:02,"Download premium juvenile plankton stock footage — 4K video & 8K images. Part of our Underwater collection. Royalty-free, no attribution required. Perfect for content creators, filmmakers, and designers. Instant download at stockflow.media",https://stockflow.media/?cat=Microscopic&sub=Underwater&collection=Juvenile+Plankton,2026-06-14 20:00:00,"coral, polyps, reef, underwater, ocean, marine, sea, blue organisms, plankton, juvenile life, ecosys, stock footage, royalty free, 4k video, 8k images, juvenile plankton, microscopy, science, biology, microscope, cell biology"
Juvenile Plankton | Microscopic Stock Video,https://storage.googleapis.com/stockflow-social/Batch01/Clips/V/Microscopic_Underwater_Juvenile-Plankton_20260314_0531_V.mp4,Microscopic World,0:02,"Download premium juvenile plankton stock footage — 4K video & 8K images. Part of our Underwater collection. Royalty-free, no attribution required. Perfect for content creators, filmmakers, and designers. Instant download at stockflow.media",https://stockflow.media/?cat=Microscopic&sub=Underwater&collection=Juvenile+Plankton,2026-06-15 8:00:00,"underwater, coral reef, colorful, pink branches, polyps, blue organisms, orange organisms, aquatic l, stock footage, royalty free, 4k video, 8k images, juvenile plankton, microscopy, science, biology, microscope, cell biology"
Juvenile Plankton | Microscopic Stock Video,https://storage.googleapis.com/stockflow-social/Batch01/Clips/V/Microscopic_Underwater_Juvenile-Plankton_20260314_0530_V.mp4,Microscopic World,0:02,"Download premium juvenile plankton stock footage — 4K video & 8K images. Part of our Underwater collection. Royalty-free, no attribution required. Perfect for content creators, filmmakers, and designers. Instant download at stockflow.media",https://stockflow.media/?cat=Microscopic&sub=Underwater&collection=Juvenile+Plankton,2026-06-15 11:00:00,"juvenile crustaceans, colorful crustaceans, coral reef, pink coral polyps, neon green, magenta hues, stock footage, royalty free, 4k video, 8k images, juvenile plankton, underwater, microscopy, science, biology, microscope, cell biology"
Juvenile Plankton | Microscopic Stock Video,https://storage.googleapis.com/stockflow-social/Batch01/Clips/V/Microscopic_Underwater_Juvenile-Plankton_20260314_0529_V.mp4,Microscopic World,0:02,"Download premium juvenile plankton stock footage — 4K video & 8K images. Part of our Underwater collection. Royalty-free, no attribution required. Perfect for content creators, filmmakers, and designers. Instant download at stockflow.media",https://stockflow.media/?cat=Microscopic&sub=Underwater&collection=Juvenile+Plankton,2026-06-15 14:00:00,"macro, underwater, reef, coral, polyps, plankton, juveniles, neon-green, pink, creatures, weaving, b, stock footage, royalty free, 4k video, 8k images, juvenile plankton, microscopy, science, biology, microscope, cell biology"
Juvenile Plankton | Microscopic Stock Video,https://storage.googleapis.com/stockflow-social/Batch01/Clips/V/Microscopic_Underwater_Juvenile-Plankton_20260314_0528_V.mp4,Microscopic World,0:02,"Download premium juvenile plankton stock footage — 4K video & 8K images. Part of our Underwater collection. Royalty-free, no attribution required. Perfect for content creators, filmmakers, and designers. Instant download at stockflow.media",https://stockflow.media/?cat=Microscopic&sub=Underwater&collection=Juvenile+Plankton,2026-06-15 17:00:00,"micro underwater, macro coral, coral reef textures, juvenile sea creatures, plankton, translucence, stock footage, royalty free, 4k video, 8k images, juvenile plankton, underwater, microscopy, science, biology, microscope, cell biology"
Juvenile Plankton | Microscopic Stock Video,https://storage.googleapis.com/stockflow-social/Batch01/Clips/V/Microscopic_Underwater_Juvenile-Plankton_20260314_0527_V.mp4,Microscopic World,0:02,"Download premium juvenile plankton stock footage — 4K video & 8K images. Part of our Underwater collection. Royalty-free, no attribution required. Perfect for content creators, filmmakers, and designers. Instant download at stockflow.media",https://stockflow.media/?cat=Microscopic&sub=Underwater&collection=Juvenile+Plankton,2026-06-15 20:00:00,"underwater, coral reef, coral polyps, reef textures, vibrant coral, plankton, juvenile plankton, tin, stock footage, royalty free, 4k video, 8k images, microscopy, science, biology, microscope, cell biology"
Juvenile Plankton | Microscopic Stock Video,https://storage.googleapis.com/stockflow-social/Batch01/Clips/V/Microscopic_Underwater_Juvenile-Plankton_20260314_0526_V.mp4,Microscopic World,0:02,"Download premium juvenile plankton stock footage — 4K video & 8K images. Part of our Underwater collection. Royalty-free, no attribution required. Perfect for content creators, filmmakers, and designers. Instant download at stockflow.media",https://stockflow.media/?cat=Microscopic&sub=Underwater&collection=Juvenile+Plankton,2026-06-16 8:00:00,"tiny transparent shrimp, translucent shrimp, glides over coral, vibrant coral, juvenile reef life, m, stock footage, royalty free, 4k video, 8k images, juvenile plankton, underwater, microscopy, science, biology, microscope, cell biology"
Juvenile Plankton | Microscopic Stock Video,https://storage.googleapis.com/stockflow-social/Batch01/Clips/V/Microscopic_Underwater_Juvenile-Plankton_20260314_0525_V.mp4,Microscopic World,0:02,"Download premium juvenile plankton stock footage — 4K video & 8K images. Part of our Underwater collection. Royalty-free, no attribution required. Perfect for content creators, filmmakers, and designers. Instant download at stockflow.media",https://stockflow.media/?cat=Microscopic&sub=Underwater&collection=Juvenile+Plankton,2026-06-16 11:00:00,"macro, underwater, transparent shrimp, glass shrimp, shrimp, macro shot, close-up, underwater macro, stock footage, royalty free, 4k video, 8k images, juvenile plankton, microscopy, science, biology, microscope, cell biology"
Juvenile Plankton | Microscopic Stock Video,https://storage.googleapis.com/stockflow-social/Batch01/Clips/V/Microscopic_Underwater_Juvenile-Plankton_20260314_0524_V.mp4,Microscopic World,0:02,"Download premium juvenile plankton stock footage — 4K video & 8K images. Part of our Underwater collection. Royalty-free, no attribution required. Perfect for content creators, filmmakers, and designers. Instant download at stockflow.media",https://stockflow.media/?cat=Microscopic&sub=Underwater&collection=Juvenile+Plankton,2026-06-16 14:00:00,"underwater, reef, coral, plankton, juvenile, delicate, translucent, creatures, drift, vibrant, color, stock footage, royalty free, 4k video, 8k images, juvenile plankton, microscopy, science, biology, microscope, cell biology"
Juvenile Plankton | Microscopic Stock Video,https://storage.googleapis.com/stockflow-social/Batch01/Clips/V/Microscopic_Underwater_Juvenile-Plankton_20260314_0523_V.mp4,Microscopic World,0:02,"Download premium juvenile plankton stock footage — 4K video & 8K images. Part of our Underwater collection. Royalty-free, no attribution required. Perfect for content creators, filmmakers, and designers. Instant download at stockflow.media",https://stockflow.media/?cat=Microscopic&sub=Underwater&collection=Juvenile+Plankton,2026-06-16 17:00:00,"coral reef, close-up, vibrant coral, pink ridges, yellow polyps, green tissue, juvenile plankton, pl, stock footage, royalty free, 4k video, 8k images, underwater, microscopy, science, biology, microscope, cell biology"
Juvenile Plankton | Microscopic Stock Video,https://storage.googleapis.com/stockflow-social/Batch01/Clips/V/Microscopic_Underwater_Juvenile-Plankton_20260314_0522_V.mp4,Microscopic World,0:02,"Download premium juvenile plankton stock footage — 4K video & 8K images. Part of our Underwater collection. Royalty-free, no attribution required. Perfect for content creators, filmmakers, and designers. Instant download at stockflow.media",https://stockflow.media/?cat=Microscopic&sub=Underwater&collection=Juvenile+Plankton,2026-06-16 20:00:00,"underwater, coral reef, close-up, juvenile organisms, polyps, plankton, translucent mucus, micro-lif, stock footage, royalty free, 4k video, 8k images, juvenile plankton, microscopy, science, biology, microscope, cell biology"
Juvenile Plankton | Microscopic Stock Video,https://storage.googleapis.com/stockflow-social/Batch01/Clips/V/Microscopic_Underwater_Juvenile-Plankton_20260314_0521_V.mp4,Microscopic World,0:02,"Download premium juvenile plankton stock footage — 4K video & 8K images. Part of our Underwater collection. Royalty-free, no attribution required. Perfect for content creators, filmmakers, and designers. Instant download at stockflow.media",https://stockflow.media/?cat=Microscopic&sub=Underwater&collection=Juvenile+Plankton,2026-06-17 8:00:00,"underwater, coral reef, reef scene, marine life, ocean, sea life, tropical, vibrant colors, vivid, c, stock footage, royalty free, 4k video, 8k images, juvenile plankton, microscopy, science, biology, microscope, cell biology"
Juvenile Plankton | Microscopic Stock Video,https://storage.googleapis.com/stockflow-social/Batch01/Clips/V/Microscopic_Underwater_Juvenile-Plankton_20260314_0520_V.mp4,Microscopic World,0:02,"Download premium juvenile plankton stock footage — 4K video & 8K images. Part of our Underwater collection. Royalty-free, no attribution required. Perfect for content creators, filmmakers, and designers. Instant download at stockflow.media",https://stockflow.media/?cat=Microscopic&sub=Underwater&collection=Juvenile+Plankton,2026-06-17 11:00:00,"underwater, coral reef, pink coral, vibrant coral, close-up, polyps, plankton, juvenile marine life, stock footage, royalty free, 4k video, 8k images, juvenile plankton, microscopy, science, biology, microscope, cell biology"
Juvenile Plankton | Microscopic Stock Video,https://storage.googleapis.com/stockflow-social/Batch01/Clips/V/Microscopic_Underwater_Juvenile-Plankton_20260314_0519_V.mp4,Microscopic World,0:02,"Download premium juvenile plankton stock footage — 4K video & 8K images. Part of our Underwater collection. Royalty-free, no attribution required. Perfect for content creators, filmmakers, and designers. Instant download at stockflow.media",https://stockflow.media/?cat=Microscopic&sub=Underwater&collection=Juvenile+Plankton,2026-06-17 14:00:00,"pink coral, coral reef, pink coral reef, close-up, macro, polyps, delicate textures, tiny sea creatu, stock footage, royalty free, 4k video, 8k images, juvenile plankton, underwater, microscopy, science, biology, microscope, cell biology"
Juvenile Plankton | Microscopic Stock Video,https://storage.googleapis.com/stockflow-social/Batch01/Clips/V/Microscopic_Underwater_Juvenile-Plankton_20260314_0518_V.mp4,Microscopic World,0:02,"Download premium juvenile plankton stock footage — 4K video & 8K images. Part of our Underwater collection. Royalty-free, no attribution required. Perfect for content creators, filmmakers, and designers. Instant download at stockflow.media",https://stockflow.media/?cat=Microscopic&sub=Underwater&collection=Juvenile+Plankton,2026-06-17 17:00:00,"underwater, ocean, reef, coral, corals, pink corals, tubular corals, blue reef, plankton, crustacean, stock footage, royalty free, 4k video, 8k images, juvenile plankton, microscopy, science, biology, microscope, cell biology"
Juvenile Plankton | Microscopic Stock Video,https://storage.googleapis.com/stockflow-social/Batch01/Clips/V/Microscopic_Underwater_Juvenile-Plankton_20260314_0517_V.mp4,Microscopic World,0:02,"Download premium juvenile plankton stock footage — 4K video & 8K images. Part of our Underwater collection. Royalty-free, no attribution required. Perfect for content creators, filmmakers, and designers. Instant download at stockflow.media",https://stockflow.media/?cat=Microscopic&sub=Underwater&collection=Juvenile+Plankton,2026-06-17 20:00:00,"coral reef, close-up, polyps, planktonic creatures, spongy coral, marine life, reef microcosm, color, stock footage, royalty free, 4k video, 8k images, juvenile plankton, underwater, microscopy, science, biology, microscope, cell biology"
Juvenile Plankton | Microscopic Stock Video,https://storage.googleapis.com/stockflow-social/Batch01/Clips/V/Microscopic_Underwater_Juvenile-Plankton_20260314_0516_V.mp4,Microscopic World,0:02,"Download premium juvenile plankton stock footage — 4K video & 8K images. Part of our Underwater collection. Royalty-free, no attribution required. Perfect for content creators, filmmakers, and designers. Instant download at stockflow.media",https://stockflow.media/?cat=Microscopic&sub=Underwater&collection=Juvenile+Plankton,2026-06-18 8:00:00,"colorful, microscopic, plankton, coral, reef, underwater, marine, biodiversity, organisms, swarm, ma, stock footage, royalty free, 4k video, 8k images, juvenile plankton, microscopy, science, biology, microscope, cell biology"
Juvenile Plankton | Microscopic Stock Video,https://storage.googleapis.com/stockflow-social/Batch01/Clips/V/Microscopic_Underwater_Juvenile-Plankton_20260314_0515_V.mp4,Microscopic World,0:02,"Download premium juvenile plankton stock footage — 4K video & 8K images. Part of our Underwater collection. Royalty-free, no attribution required. Perfect for content creators, filmmakers, and designers. Instant download at stockflow.media",https://stockflow.media/?cat=Microscopic&sub=Underwater&collection=Juvenile+Plankton,2026-06-18 11:00:00,"close-up, coral reef, plankton, jellylike, brown cup corals, cup corals, polyps, marine life, underw, stock footage, royalty free, 4k video, 8k images, juvenile plankton, underwater, microscopy, science, biology, microscope, cell biology"
Juvenile Plankton | Microscopic Stock Video,https://storage.googleapis.com/stockflow-social/Batch01/Clips/V/Microscopic_Underwater_Juvenile-Plankton_20260314_0514_V.mp4,Microscopic World,0:02,"Download premium juvenile plankton stock footage — 4K video & 8K images. Part of our Underwater collection. Royalty-free, no attribution required. Perfect for content creators, filmmakers, and designers. Instant download at stockflow.media",https://stockflow.media/?cat=Microscopic&sub=Underwater&collection=Juvenile+Plankton,2026-06-18 14:00:00,"colorful, microscopic, swarms, pinkish, coral, reef, planktonic, creatures, bright green, orange bod, stock footage, royalty free, 4k video, 8k images, juvenile plankton, underwater, microscopy, science, biology, microscope, cell biology"
Juvenile Plankton | Microscopic Stock Video,https://storage.googleapis.com/stockflow-social/Batch01/Clips/V/Microscopic_Underwater_Juvenile-Plankton_20260314_0513_V.mp4,Microscopic World,0:02,"Download premium juvenile plankton stock footage — 4K video & 8K images. Part of our Underwater collection. Royalty-free, no attribution required. Perfect for content creators, filmmakers, and designers. Instant download at stockflow.media",https://stockflow.media/?cat=Microscopic&sub=Underwater&collection=Juvenile+Plankton,2026-06-18 17:00:00,"underwater, macro, pink coral, coral reef, reef, marine life, plankton, polyps, juvenile creatures, stock footage, royalty free, 4k video, 8k images, juvenile plankton, microscopy, science, biology, microscope, cell biology"
Euglena | Microscopic Stock Video,https://storage.googleapis.com/stockflow-social/Batch01/Clips/V/Microscopic_Underwater_Euglena_20260314_0486_V.mp4,Microscopic World,0:02,"Download premium euglena stock footage — 4K video & 8K images. Part of our Underwater collection. Royalty-free, no attribution required. Perfect for content creators, filmmakers, and designers. Instant download at stockflow.media",https://stockflow.media/?cat=Microscopic&sub=Underwater&collection=Euglena,2026-06-18 20:00:00,"aquatic, underwater, ocean, sea, marine, water, plankton, algae, kelp, seaweed, ribbon-like, slender, stock footage, royalty free, 4k video, 8k images, euglena, microscopy, science, biology, microscope, cell biology"
Euglena | Microscopic Stock Video,https://storage.googleapis.com/stockflow-social/Batch01/Clips/V/Microscopic_Underwater_Euglena_20260314_0485_V.mp4,Microscopic World,0:02,"Download premium euglena stock footage — 4K video & 8K images. Part of our Underwater collection. Royalty-free, no attribution required. Perfect for content creators, filmmakers, and designers. Instant download at stockflow.media",https://stockflow.media/?cat=Microscopic&sub=Underwater&collection=Euglena,2026-06-19 8:00:00,"underwater, algae, green algae, microorganisms, euglena-like, flagellated, bacteria, rod-shaped bact, stock footage, royalty free, 4k video, 8k images, euglena, microscopy, science, biology, microscope, cell biology"
Bioluminescent | Microscopic Stock Video,https://storage.googleapis.com/stockflow-social/Batch01/Clips/V/Microscopic_Underwater_Bioluminescent_20260314_0480_V.mp4,Microscopic World,0:02,"Download premium bioluminescent stock footage — 4K video & 8K images. Part of our Underwater collection. Royalty-free, no attribution required. Perfect for content creators, filmmakers, and designers. Instant download at stockflow.media",https://stockflow.media/?cat=Microscopic&sub=Underwater&collection=Bioluminescent,2026-06-19 11:00:00,"bioluminescent, underwater, creatures, glow, electric blue, green, dark water, translucent, jelly-li, stock footage, royalty free, 4k video, 8k images, microscopy, science, biology, microscope, cell biology"
Bioluminescent | Microscopic Stock Video,https://storage.googleapis.com/stockflow-social/Batch01/Clips/V/Microscopic_Underwater_Bioluminescent_20260314_0479_V.mp4,Microscopic World,0:02,"Download premium bioluminescent stock footage — 4K video & 8K images. Part of our Underwater collection. Royalty-free, no attribution required. Perfect for content creators, filmmakers, and designers. Instant download at stockflow.media",https://stockflow.media/?cat=Microscopic&sub=Underwater&collection=Bioluminescent,2026-06-19 14:00:00,"bioluminescent shrimp, underwater scene, bioluminescence, deep sea, electric blue glow, tiny shrimp, stock footage, royalty free, 4k video, 8k images, bioluminescent, underwater, microscopy, science, biology, microscope, cell biology"
Bioluminescent | Microscopic Stock Video,https://storage.googleapis.com/stockflow-social/Batch01/Clips/V/Microscopic_Underwater_Bioluminescent_20260314_0478_V.mp4,Microscopic World,0:02,"Download premium bioluminescent stock footage — 4K video & 8K images. Part of our Underwater collection. Royalty-free, no attribution required. Perfect for content creators, filmmakers, and designers. Instant download at stockflow.media",https://stockflow.media/?cat=Microscopic&sub=Underwater&collection=Bioluminescent,2026-06-19 17:00:00,"glowing, underwater, bioluminescent, microcreatures, bioluminescence, abyss, deepsea, darksea, ocean, stock footage, royalty free, 4k video, 8k images, microscopy, science, biology, microscope, cell biology"
Bioluminescent | Microscopic Stock Video,https://storage.googleapis.com/stockflow-social/Batch01/Clips/V/Microscopic_Underwater_Bioluminescent_20260314_0477_V.mp4,Microscopic World,0:02,"Download premium bioluminescent stock footage — 4K video & 8K images. Part of our Underwater collection. Royalty-free, no attribution required. Perfect for content creators, filmmakers, and designers. Instant download at stockflow.media",https://stockflow.media/?cat=Microscopic&sub=Underwater&collection=Bioluminescent,2026-06-19 20:00:00,"bioluminescent, shrimp-like, creatures, underwater, ocean, deep-sea, glow, glowing, green, luminesce, stock footage, royalty free, 4k video, 8k images, microscopy, science, biology, microscope, cell biology"
Bioluminescent | Microscopic Stock Video,https://storage.googleapis.com/stockflow-social/Batch01/Clips/V/Microscopic_Underwater_Bioluminescent_20260314_0476_V.mp4,Microscopic World,0:02,"Download premium bioluminescent stock footage — 4K video & 8K images. Part of our Underwater collection. Royalty-free, no attribution required. Perfect for content creators, filmmakers, and designers. Instant download at stockflow.media",https://stockflow.media/?cat=Microscopic&sub=Underwater&collection=Bioluminescent,2026-06-20 8:00:00,"bioluminescent, underwater, micro life, glow, glowing, shrimp-like swimmers, blue halos, ethereal pa, stock footage, royalty free, 4k video, 8k images, microscopy, science, biology, microscope, cell biology"
Bioluminescent | Microscopic Stock Video,https://storage.googleapis.com/stockflow-social/Batch01/Clips/V/Microscopic_Underwater_Bioluminescent_20260314_0475_V.mp4,Microscopic World,0:02,"Download premium bioluminescent stock footage — 4K video & 8K images. Part of our Underwater collection. Royalty-free, no attribution required. Perfect for content creators, filmmakers, and designers. Instant download at stockflow.media",https://stockflow.media/?cat=Microscopic&sub=Underwater&collection=Bioluminescent,2026-06-20 11:00:00,"bioluminescent shrimp, shrimp, bioluminescence, underwater, deep sea, neon blue, glowing shrimp, bio, stock footage, royalty free, 4k video, 8k images, bioluminescent, microscopy, science, biology, microscope, cell biology"
Rotifers | Microscopic Stock Video,https://storage.googleapis.com/stockflow-social/Batch01/Clips/V/Microscopic_Underwater_Rotifers_20260314_0466_V.mp4,Microscopic World,0:02,"Download premium rotifers stock footage — 4K video & 8K images. Part of our Underwater collection. Royalty-free, no attribution required. Perfect for content creators, filmmakers, and designers. Instant download at stockflow.media",https://stockflow.media/?cat=Microscopic&sub=Underwater&collection=Rotifers,2026-06-20 14:00:00,"rotifers, microscopic, freshwater, zooplankton, transparent, rotifer, microfauna, aquatic, biology, stock footage, royalty free, 4k video, 8k images, underwater, microscopy, science, microscope, cell biology"
Rotifers | Microscopic Stock Video,https://storage.googleapis.com/stockflow-social/Batch01/Clips/V/Microscopic_Underwater_Rotifers_20260314_0465_V.mp4,Microscopic World,0:02,"Download premium rotifers stock footage — 4K video & 8K images. Part of our Underwater collection. Royalty-free, no attribution required. Perfect for content creators, filmmakers, and designers. Instant download at stockflow.media",https://stockflow.media/?cat=Microscopic&sub=Underwater&collection=Rotifers,2026-06-20 17:00:00,"close-up, macro, microenvironment, freshwater, algae, algae-filaments, filamentous-algae, iridescent, stock footage, royalty free, 4k video, 8k images, rotifers, underwater, microscopy, science, biology, microscope, cell biology"
Rotifers | Microscopic Stock Video,https://storage.googleapis.com/stockflow-social/Batch01/Clips/V/Microscopic_Underwater_Rotifers_20260314_0464_V.mp4,Microscopic World,0:02,"Download premium rotifers stock footage — 4K video & 8K images. Part of our Underwater collection. Royalty-free, no attribution required. Perfect for content creators, filmmakers, and designers. Instant download at stockflow.media",https://stockflow.media/?cat=Microscopic&sub=Underwater&collection=Rotifers,2026-06-20 20:00:00,"underwater, micro-scene, rotifers, translucent, algae, green filaments, bubbles, aquatic, tiny world, stock footage, royalty free, 4k video, 8k images, microscopy, science, biology, microscope, cell biology"
Rotifers | Microscopic Stock Video,https://storage.googleapis.com/stockflow-social/Batch01/Clips/V/Microscopic_Underwater_Rotifers_20260314_0463_V.mp4,Microscopic World,0:02,"Download premium rotifers stock footage — 4K video & 8K images. Part of our Underwater collection. Royalty-free, no attribution required. Perfect for content creators, filmmakers, and designers. Instant download at stockflow.media",https://stockflow.media/?cat=Microscopic&sub=Underwater&collection=Rotifers,2026-06-21 8:00:00,"rotifers, micro underwater scene, microscopic, aquatic biology, pond life, green filaments, transpar, stock footage, royalty free, 4k video, 8k images, underwater, microscopy, science, biology, microscope, cell biology"
Rotifers | Microscopic Stock Video,https://storage.googleapis.com/stockflow-social/Batch01/Clips/V/Microscopic_Underwater_Rotifers_20260314_0462_V.mp4,Microscopic World,0:02,"Download premium rotifers stock footage — 4K video & 8K images. Part of our Underwater collection. Royalty-free, no attribution required. Perfect for content creators, filmmakers, and designers. Instant download at stockflow.media",https://stockflow.media/?cat=Microscopic&sub=Underwater&collection=Rotifers,2026-06-21 11:00:00,"underwater, micrograph, rotifers, algae, green algae, chloroplasts, cells, suspended particles, aqua, stock footage, royalty free, 4k video, 8k images, microscopy, science, biology, microscope, cell biology"
Rotifers | Microscopic Stock Video,https://storage.googleapis.com/stockflow-social/Batch01/Clips/V/Microscopic_Underwater_Rotifers_20260314_0461_V.mp4,Microscopic World,0:02,"Download premium rotifers stock footage — 4K video & 8K images. Part of our Underwater collection. Royalty-free, no attribution required. Perfect for content creators, filmmakers, and designers. Instant download at stockflow.media",https://stockflow.media/?cat=Microscopic&sub=Underwater&collection=Rotifers,2026-06-21 14:00:00,"micro underwater scene, rotifers, aquatic algae, succulent droplets, green filaments, transparent or, stock footage, royalty free, 4k video, 8k images, underwater, microscopy, science, biology, microscope, cell biology"
Rotifers | Microscopic Stock Video,https://storage.googleapis.com/stockflow-social/Batch01/Clips/V/Microscopic_Underwater_Rotifers_20260314_0460_V.mp4,Microscopic World,0:02,"Download premium rotifers stock footage — 4K video & 8K images. Part of our Underwater collection. Royalty-free, no attribution required. Perfect for content creators, filmmakers, and designers. Instant download at stockflow.media",https://stockflow.media/?cat=Microscopic&sub=Underwater&collection=Rotifers,2026-06-21 17:00:00,"rotifers, rotifer, micro underwater scene, underwater micro world, microcosm, aquatic microflora, fr, stock footage, royalty free, 4k video, 8k images, underwater, microscopy, science, biology, microscope, cell biology"
Rotifers | Microscopic Stock Video,https://storage.googleapis.com/stockflow-social/Batch01/Clips/V/Microscopic_Underwater_Rotifers_20260314_0451_V.mp4,Microscopic World,0:02,"Download premium rotifers stock footage — 4K video & 8K images. Part of our Underwater collection. Royalty-free, no attribution required. Perfect for content creators, filmmakers, and designers. Instant download at stockflow.media",https://stockflow.media/?cat=Microscopic&sub=Underwater&collection=Rotifers,2026-06-21 20:00:00,"microscopic, algae, filamentous algae, green algae, aquatic, microorganisms, protists, single-celled, stock footage, royalty free, 4k video, 8k images, rotifers, underwater, microscopy, science, biology, microscope, cell biology"
Plankton | Microscopic Stock Video,https://storage.googleapis.com/stockflow-social/Batch01/Clips/V/Microscopic_Underwater_Plankton_20260314_0450_V.mp4,Microscopic World,0:02,"Download premium plankton stock footage — 4K video & 8K images. Part of our Underwater collection. Royalty-free, no attribution required. Perfect for content creators, filmmakers, and designers. Instant download at stockflow.media",https://stockflow.media/?cat=Microscopic&sub=Underwater&collection=Plankton,2026-06-22 8:00:00,"microscopic, marine plankton, cell structures, pale blue-green water, diatoms, coccoliths, branching, stock footage, royalty free, 4k video, 8k images, plankton, underwater, microscopy, science, biology, microscope, cell biology"
Plankton | Microscopic Stock Video,https://storage.googleapis.com/stockflow-social/Batch01/Clips/V/Microscopic_Underwater_Plankton_20260314_0449_V.mp4,Microscopic World,0:02,"Download premium plankton stock footage — 4K video & 8K images. Part of our Underwater collection. Royalty-free, no attribution required. Perfect for content creators, filmmakers, and designers. Instant download at stockflow.media",https://stockflow.media/?cat=Microscopic&sub=Underwater&collection=Plankton,2026-06-22 11:00:00,"plankton, phytoplankton, diatoms, protozoa, microscopic, marine, ocean, seawater, pale-green, green-, stock footage, royalty free, 4k video, 8k images, underwater, microscopy, science, biology, microscope, cell biology"
Plankton | Microscopic Stock Video,https://storage.googleapis.com/stockflow-social/Batch01/Clips/V/Microscopic_Underwater_Plankton_20260314_0448_V.mp4,Microscopic World,0:02,"Download premium plankton stock footage — 4K video & 8K images. Part of our Underwater collection. Royalty-free, no attribution required. Perfect for content creators, filmmakers, and designers. Instant download at stockflow.media",https://stockflow.media/?cat=Microscopic&sub=Underwater&collection=Plankton,2026-06-22 14:00:00,"aquatic life, diatoms, chloroplasts, plankton, biofluorescence, underwater, microscopic, macro, cell, stock footage, royalty free, 4k video, 8k images, microscopy, science, biology, microscope, cell biology"
Plankton | Microscopic Stock Video,https://storage.googleapis.com/stockflow-social/Batch01/Clips/V/Microscopic_Underwater_Plankton_20260314_0447_V.mp4,Microscopic World,0:02,"Download premium plankton stock footage — 4K video & 8K images. Part of our Underwater collection. Royalty-free, no attribution required. Perfect for content creators, filmmakers, and designers. Instant download at stockflow.media",https://stockflow.media/?cat=Microscopic&sub=Underwater&collection=Plankton,2026-06-22 17:00:00,"micro plankton, marine plankton, plankton footage, microscopic life, underwater world, deep sea, dar, stock footage, royalty free, 4k video, 8k images, plankton, underwater, microscopy, science, biology, microscope, cell biology"
Plankton | Microscopic Stock Video,https://storage.googleapis.com/stockflow-social/Batch01/Clips/V/Microscopic_Underwater_Plankton_20260314_0446_V.mp4,Microscopic World,0:02,"Download premium plankton stock footage — 4K video & 8K images. Part of our Underwater collection. Royalty-free, no attribution required. Perfect for content creators, filmmakers, and designers. Instant download at stockflow.media",https://stockflow.media/?cat=Microscopic&sub=Underwater&collection=Plankton,2026-06-22 20:00:00,"glowing green, marine plankton, plankton, dark ocean, ocean waters, internal structures, tiny bodies, stock footage, royalty free, 4k video, 8k images, underwater, microscopy, science, biology, microscope, cell biology"
Plankton | Microscopic Stock Video,https://storage.googleapis.com/stockflow-social/Batch01/Clips/V/Microscopic_Underwater_Plankton_20260314_0445_V.mp4,Microscopic World,0:02,"Download premium plankton stock footage — 4K video & 8K images. Part of our Underwater collection. Royalty-free, no attribution required. Perfect for content creators, filmmakers, and designers. Instant download at stockflow.media",https://stockflow.media/?cat=Microscopic&sub=Underwater&collection=Plankton,2026-06-23 8:00:00,"underwater, microscopic, plankton, marine, sea life, glowing, bioluminescent, green, emerald, deep s, stock footage, royalty free, 4k video, 8k images, microscopy, science, biology, microscope, cell biology"
Plankton | Microscopic Stock Video,https://storage.googleapis.com/stockflow-social/Batch01/Clips/V/Microscopic_Underwater_Plankton_20260314_0444_V.mp4,Microscopic World,0:02,"Download premium plankton stock footage — 4K video & 8K images. Part of our Underwater collection. Royalty-free, no attribution required. Perfect for content creators, filmmakers, and designers. Instant download at stockflow.media",https://stockflow.media/?cat=Microscopic&sub=Underwater&collection=Plankton,2026-06-23 11:00:00,"plankton, marine, ocean, underwater, dark water, glowing, bioluminescent, luminescent, microscopic, stock footage, royalty free, 4k video, 8k images, microscopy, science, biology, microscope, cell biology"
Plankton | Microscopic Stock Video,https://storage.googleapis.com/stockflow-social/Batch01/Clips/V/Microscopic_Underwater_Plankton_20260314_0435_V.mp4,Microscopic World,0:02,"Download premium plankton stock footage — 4K video & 8K images. Part of our Underwater collection. Royalty-free, no attribution required. Perfect for content creators, filmmakers, and designers. Instant download at stockflow.media",https://stockflow.media/?cat=Microscopic&sub=Underwater&collection=Plankton,2026-06-23 14:00:00,"plankton, zooplankton, micro-scale, glowing plankton, underwater scene, dark ocean, marine biology, stock footage, royalty free, 4k video, 8k images, underwater, microscopy, science, biology, microscope, cell biology"
Protozoa | Microscopic Stock Video,https://storage.googleapis.com/stockflow-social/Batch01/Clips/V/Microscopic_Underwater_Protozoa_20260314_0434_V.mp4,Microscopic World,0:02,"Download premium protozoa stock footage — 4K video & 8K images. Part of our Underwater collection. Royalty-free, no attribution required. Perfect for content creators, filmmakers, and designers. Instant download at stockflow.media",https://stockflow.media/?cat=Microscopic&sub=Underwater&collection=Protozoa,2026-06-23 17:00:00,"algae, green algae, close-up, macro, micro, aquatic, underwater, water, pond, freshwater, ecosystem, stock footage, royalty free, 4k video, 8k images, protozoa, microscopy, science, biology, microscope, cell biology"
Protozoa | Microscopic Stock Video,https://storage.googleapis.com/stockflow-social/Batch01/Clips/V/Microscopic_Underwater_Protozoa_20260314_0433_V.mp4,Microscopic World,0:02,"Download premium protozoa stock footage — 4K video & 8K images. Part of our Underwater collection. Royalty-free, no attribution required. Perfect for content creators, filmmakers, and designers. Instant download at stockflow.media",https://stockflow.media/?cat=Microscopic&sub=Underwater&collection=Protozoa,2026-06-23 20:00:00,"close-up, green filaments, tiny circular cells, drifting plankton, silvery bubbles, aquatic life, ta, stock footage, royalty free, 4k video, 8k images, protozoa, underwater, microscopy, science, biology, microscope, cell biology"
Protozoa | Microscopic Stock Video,https://storage.googleapis.com/stockflow-social/Batch01/Clips/V/Microscopic_Underwater_Protozoa_20260314_0432_V.mp4,Microscopic World,0:02,"Download premium protozoa stock footage — 4K video & 8K images. Part of our Underwater collection. Royalty-free, no attribution required. Perfect for content creators, filmmakers, and designers. Instant download at stockflow.media",https://stockflow.media/?cat=Microscopic&sub=Underwater&collection=Protozoa,2026-06-24 8:00:00,"underwater, micro world, algae, protozoa, spherical clusters, transparent capsules, drifting, debris, stock footage, royalty free, 4k video, 8k images, microscopy, science, biology, microscope, cell biology"
Protozoa | Microscopic Stock Video,https://storage.googleapis.com/stockflow-social/Batch01/Clips/V/Microscopic_Underwater_Protozoa_20260314_0431_V.mp4,Microscopic World,0:02,"Download premium protozoa stock footage — 4K video & 8K images. Part of our Underwater collection. Royalty-free, no attribution required. Perfect for content creators, filmmakers, and designers. Instant download at stockflow.media",https://stockflow.media/?cat=Microscopic&sub=Underwater&collection=Protozoa,2026-06-24 11:00:00,"macro, underwater, algae, algae strands, tiny organisms, bubbles, glistening bubbles, water, submerg, stock footage, royalty free, 4k video, 8k images, protozoa, microscopy, science, biology, microscope, cell biology"
Protozoa | Microscopic Stock Video,https://storage.googleapis.com/stockflow-social/Batch01/Clips/V/Microscopic_Underwater_Protozoa_20260314_0430_V.mp4,Microscopic World,0:02,"Download premium protozoa stock footage — 4K video & 8K images. Part of our Underwater collection. Royalty-free, no attribution required. Perfect for content creators, filmmakers, and designers. Instant download at stockflow.media",https://stockflow.media/?cat=Microscopic&sub=Underwater&collection=Protozoa,2026-06-24 14:00:00,"aquatic, microscopic, microalgae, phytoplankton, chain, leaflike, cells, green, filaments, threadlik, stock footage, royalty free, 4k video, 8k images, protozoa, underwater, microscopy, science, biology, microscope, cell biology"
Protozoa | Microscopic Stock Video,https://storage.googleapis.com/stockflow-social/Batch01/Clips/V/Microscopic_Underwater_Protozoa_20260314_0429_V.mp4,Microscopic World,0:02,"Download premium protozoa stock footage — 4K video & 8K images. Part of our Underwater collection. Royalty-free, no attribution required. Perfect for content creators, filmmakers, and designers. Instant download at stockflow.media",https://stockflow.media/?cat=Microscopic&sub=Underwater&collection=Protozoa,2026-06-24 17:00:00,"macro, network, filaments, cells, drifted, amber, aquatic, habitat, micro-structures, bubbles, suspe, stock footage, royalty free, 4k video, 8k images, protozoa, underwater, microscopy, science, biology, microscope, cell biology"
Protozoa | Microscopic Stock Video,https://storage.googleapis.com/stockflow-social/Batch01/Clips/V/Microscopic_Underwater_Protozoa_20260314_0428_V.mp4,Microscopic World,0:02,"Download premium protozoa stock footage — 4K video & 8K images. Part of our Underwater collection. Royalty-free, no attribution required. Perfect for content creators, filmmakers, and designers. Instant download at stockflow.media",https://stockflow.media/?cat=Microscopic&sub=Underwater&collection=Protozoa,2026-06-24 20:00:00,"underwater, close-up, tangled filaments, translucent filaments, tiny circular organisms, circular or, stock footage, royalty free, 4k video, 8k images, protozoa, microscopy, science, biology, microscope, cell biology"
Protozoa | Microscopic Stock Video,https://storage.googleapis.com/stockflow-social/Batch01/Clips/V/Microscopic_Underwater_Protozoa_20260314_0419_V.mp4,Microscopic World,0:02,"Download premium protozoa stock footage — 4K video & 8K images. Part of our Underwater collection. Royalty-free, no attribution required. Perfect for content creators, filmmakers, and designers. Instant download at stockflow.media",https://stockflow.media/?cat=Microscopic&sub=Underwater&collection=Protozoa,2026-06-25 8:00:00,"microbial, ocean, algae, protozoa, drifting, water, flagella, chloroplasts, suspended particles, und, stock footage, royalty free, 4k video, 8k images, underwater, microscopy, science, biology, microscope, cell biology"
Single Celled | Microscopic Stock Video,https://storage.googleapis.com/stockflow-social/Batch01/Clips/V/Microscopic_Underwater_Single-Celled_20260314_0418_V.mp4,Microscopic World,0:02,"Download premium single celled stock footage — 4K video & 8K images. Part of our Underwater collection. Royalty-free, no attribution required. Perfect for content creators, filmmakers, and designers. Instant download at stockflow.media",https://stockflow.media/?cat=Microscopic&sub=Underwater&collection=Single+Celled,2026-06-25 11:00:00,"microorganism, single-celled, microbe, protozoan, flagellate, flagellum, aquatic, underwater, marine, stock footage, royalty free, 4k video, 8k images, single celled, microscopy, science, biology, microscope, cell biology"
Single Celled | Microscopic Stock Video,https://storage.googleapis.com/stockflow-social/Batch01/Clips/V/Microscopic_Underwater_Single-Celled_20260314_0417_V.mp4,Microscopic World,0:02,"Download premium single celled stock footage — 4K video & 8K images. Part of our Underwater collection. Royalty-free, no attribution required. Perfect for content creators, filmmakers, and designers. Instant download at stockflow.media",https://stockflow.media/?cat=Microscopic&sub=Underwater&collection=Single+Celled,2026-06-25 14:00:00,"microscopic, underwater, single-celled, microorganisms, cells, plankton, blue water, aquatic, micro-, stock footage, royalty free, 4k video, 8k images, single celled, microscopy, science, biology, microscope, cell biology"
Single Celled | Microscopic Stock Video,https://storage.googleapis.com/stockflow-social/Batch01/Clips/V/Microscopic_Underwater_Single-Celled_20260314_0416_V.mp4,Microscopic World,0:02,"Download premium single celled stock footage — 4K video & 8K images. Part of our Underwater collection. Royalty-free, no attribution required. Perfect for content creators, filmmakers, and designers. Instant download at stockflow.media",https://stockflow.media/?cat=Microscopic&sub=Underwater&collection=Single+Celled,2026-06-25 17:00:00,"underwater, close-up, single-celled organism, cell, organism, orange organelles, transparent oval, b, stock footage, royalty free, 4k video, 8k images, single celled, microscopy, science, biology, microscope, cell biology"
Single Celled | Microscopic Stock Video,https://storage.googleapis.com/stockflow-social/Batch01/Clips/V/Microscopic_Underwater_Single-Celled_20260314_0415_V.mp4,Microscopic World,0:02,"Download premium single celled stock footage — 4K video & 8K images. Part of our Underwater collection. Royalty-free, no attribution required. Perfect for content creators, filmmakers, and designers. Instant download at stockflow.media",https://stockflow.media/?cat=Microscopic&sub=Underwater&collection=Single+Celled,2026-06-25 20:00:00,"underwater, microfauna, single-celled, microorganisms, ciliates, protozoa, aquaticlife, bubbles, vib, stock footage, royalty free, 4k video, 8k images, single celled, microscopy, science, biology, microscope, cell biology"
Single Celled | Microscopic Stock Video,https://storage.googleapis.com/stockflow-social/Batch01/Clips/V/Microscopic_Underwater_Single-Celled_20260314_0414_V.mp4,Microscopic World,0:02,"Download premium single celled stock footage — 4K video & 8K images. Part of our Underwater collection. Royalty-free, no attribution required. Perfect for content creators, filmmakers, and designers. Instant download at stockflow.media",https://stockflow.media/?cat=Microscopic&sub=Underwater&collection=Single+Celled,2026-06-26 8:00:00,"microbe, microorganism, single-celled, algae, phytoplankton, protist, colony, cellular, biology, oce, stock footage, royalty free, 4k video, 8k images, single celled, underwater, microscopy, science, microscope, cell biology"
Single Celled | Microscopic Stock Video,https://storage.googleapis.com/stockflow-social/Batch01/Clips/V/Microscopic_Underwater_Single-Celled_20260314_0413_V.mp4,Microscopic World,0:02,"Download premium single celled stock footage — 4K video & 8K images. Part of our Underwater collection. Royalty-free, no attribution required. Perfect for content creators, filmmakers, and designers. Instant download at stockflow.media",https://stockflow.media/?cat=Microscopic&sub=Underwater&collection=Single+Celled,2026-06-26 11:00:00,"underwater, microcosm, single-celled, organisms, tiny swimmers, vividly colored, blue medium, dynami, stock footage, royalty free, 4k video, 8k images, single celled, microscopy, science, biology, microscope, cell biology"
Single Celled | Microscopic Stock Video,https://storage.googleapis.com/stockflow-social/Batch01/Clips/V/Microscopic_Underwater_Single-Celled_20260314_0412_V.mp4,Microscopic World,0:02,"Download premium single celled stock footage — 4K video & 8K images. Part of our Underwater collection. Royalty-free, no attribution required. Perfect for content creators, filmmakers, and designers. Instant download at stockflow.media",https://stockflow.media/?cat=Microscopic&sub=Underwater&collection=Single+Celled,2026-06-26 14:00:00,"underwater, microorganisms, single-celled, microbes, bacteria, colorful, vibrant, blue-water, glowin, stock footage, royalty free, 4k video, 8k images, single celled, microscopy, science, biology, microscope, cell biology"
Single Celled | Microscopic Stock Video,https://storage.googleapis.com/stockflow-social/Batch01/Clips/V/Microscopic_Underwater_Single-Celled_20260314_0403_V.mp4,Microscopic World,0:02,"Download premium single celled stock footage — 4K video & 8K images. Part of our Underwater collection. Royalty-free, no attribution required. Perfect for content creators, filmmakers, and designers. Instant download at stockflow.media",https://stockflow.media/?cat=Microscopic&sub=Underwater&collection=Single+Celled,2026-06-26 17:00:00,"underwater, microscopic, single-celled, organisms, clustering, living-team, bright-green, interiors, stock footage, royalty free, 4k video, 8k images, single celled, microscopy, science, biology, microscope, cell biology"
Sickle Cell | Microscopic Stock Video,https://storage.googleapis.com/stockflow-social/Batch01/Clips/V/Microscopic_Blood-Hematology_Sickle-Cell_20260314_0402_V.mp4,Microscopic World,0:02,"Download premium sickle cell stock footage — 4K video & 8K images. Part of our Blood Hematology collection. Royalty-free, no attribution required. Perfect for content creators, filmmakers, and designers. Instant download at stockflow.media",https://stockflow.media/?cat=Microscopic&sub=Blood+Hematology&collection=Sickle+Cell,2026-06-26 20:00:00,"hematology, blood components, sickle cells, red blood cells, white blood cells, immune interactions, stock footage, royalty free, 4k video, 8k images, sickle cell, blood hematology, microscopy, science, biology, microscope, cell biology"
Protozoa | Microscopic Stock Video,https://storage.googleapis.com/stockflow-social/Batch01/Clips/V/Microscopic_Waterborne_Protozoa_20260314_0385_V.mp4,Microscopic World,0:02,"Download premium protozoa stock footage — 4K video & 8K images. Part of our Waterborne collection. Royalty-free, no attribution required. Perfect for content creators, filmmakers, and designers. Instant download at stockflow.media",https://stockflow.media/?cat=Microscopic&sub=Waterborne&collection=Protozoa,2026-06-27 8:00:00,"micro, waterborne, protozoa, aquatic, green, underwater, microscopic, cells, cellular, life, biology, stock footage, royalty free, 4k video, 8k images, microscopy, science, microscope, cell biology"
Protozoa | Microscopic Stock Video,https://storage.googleapis.com/stockflow-social/Batch01/Clips/V/Microscopic_Waterborne_Protozoa_20260314_0384_V.mp4,Microscopic World,0:02,"Download premium protozoa stock footage — 4K video & 8K images. Part of our Waterborne collection. Royalty-free, no attribution required. Perfect for content creators, filmmakers, and designers. Instant download at stockflow.media",https://stockflow.media/?cat=Microscopic&sub=Waterborne&collection=Protozoa,2026-06-27 11:00:00,"protozoa, microscopic, aquatic, waterborne, single-celled, protist, eukaryote, flagellate, flagella, stock footage, royalty free, 4k video, 8k images, microscopy, science, biology, microscope, cell biology"
Protozoa | Microscopic Stock Video,https://storage.googleapis.com/stockflow-social/Batch01/Clips/V/Microscopic_Waterborne_Protozoa_20260314_0377_V.mp4,Microscopic World,0:02,"Download premium protozoa stock footage — 4K video & 8K images. Part of our Waterborne collection. Royalty-free, no attribution required. Perfect for content creators, filmmakers, and designers. Instant download at stockflow.media",https://stockflow.media/?cat=Microscopic&sub=Waterborne&collection=Protozoa,2026-06-27 14:00:00,"protozoan, flagella, microscale, microscopy, cellbiology, organelles, microorganisms, aquatic, green, stock footage, royalty free, 4k video, 8k images, protozoa, waterborne, science, biology, microscope, cell biology"
Protozoa | Microscopic Stock Video,https://storage.googleapis.com/stockflow-social/Batch01/Clips/V/Microscopic_Waterborne_Protozoa_20260314_0376_V.mp4,Microscopic World,0:02,"Download premium protozoa stock footage — 4K video & 8K images. Part of our Waterborne collection. Royalty-free, no attribution required. Perfect for content creators, filmmakers, and designers. Instant download at stockflow.media",https://stockflow.media/?cat=Microscopic&sub=Waterborne&collection=Protozoa,2026-06-27 17:00:00,"micro, waterborne, protozoa, single-celled, microorganisms, microscopic, green, aquatic, life, motio, stock footage, royalty free, 4k video, 8k images, microscopy, science, biology, microscope, cell biology"
Protozoa | Microscopic Stock Video,https://storage.googleapis.com/stockflow-social/Batch01/Clips/V/Microscopic_Waterborne_Protozoa_20260314_0375_V.mp4,Microscopic World,0:02,"Download premium protozoa stock footage — 4K video & 8K images. Part of our Waterborne collection. Royalty-free, no attribution required. Perfect for content creators, filmmakers, and designers. Instant download at stockflow.media",https://stockflow.media/?cat=Microscopic&sub=Waterborne&collection=Protozoa,2026-06-27 20:00:00,"micro waterborne protozoan, swimming protozoan, aquatic microorganism, green aquatic medium, colorfu, stock footage, royalty free, 4k video, 8k images, protozoa, waterborne, microscopy, science, biology, microscope, cell biology"
Aquatic | Microscopic Stock Video,https://storage.googleapis.com/stockflow-social/Batch01/Clips/V/Microscopic_Waterborne_Aquatic_20260314_0366_V.mp4,Microscopic World,0:02,"Download premium aquatic stock footage — 4K video & 8K images. Part of our Waterborne collection. Royalty-free, no attribution required. Perfect for content creators, filmmakers, and designers. Instant download at stockflow.media",https://stockflow.media/?cat=Microscopic&sub=Waterborne&collection=Aquatic,2026-06-28 8:00:00,"micro aquatic organisms, clear blue water, cellular beauty, magnification, flagella, organelles, tin, stock footage, royalty free, 4k video, 8k images, aquatic, waterborne, microscopy, science, biology, microscope, cell biology"
Aquatic | Microscopic Stock Video,https://storage.googleapis.com/stockflow-social/Batch01/Clips/V/Microscopic_Waterborne_Aquatic_20260314_0365_V.mp4,Microscopic World,0:02,"Download premium aquatic stock footage — 4K video & 8K images. Part of our Waterborne collection. Royalty-free, no attribution required. Perfect for content creators, filmmakers, and designers. Instant download at stockflow.media",https://stockflow.media/?cat=Microscopic&sub=Waterborne&collection=Aquatic,2026-06-28 11:00:00,"micro, macro, close-up, bubble, aquatic, water, transparent, clear water, microscopic life, plankton, stock footage, royalty free, 4k video, 8k images, waterborne, microscopy, science, biology, microscope, cell biology"
Aquatic | Microscopic Stock Video,https://storage.googleapis.com/stockflow-social/Batch01/Clips/V/Microscopic_Waterborne_Aquatic_20260314_0364_V.mp4,Microscopic World,0:02,"Download premium aquatic stock footage — 4K video & 8K images. Part of our Waterborne collection. Royalty-free, no attribution required. Perfect for content creators, filmmakers, and designers. Instant download at stockflow.media",https://stockflow.media/?cat=Microscopic&sub=Waterborne&collection=Aquatic,2026-06-28 14:00:00,"microorganisms, microscopy, aquatic, cells, elongated cells, granules, bubbles, droplets, vibrant co, stock footage, royalty free, 4k video, 8k images, waterborne, science, biology, microscope, cell biology"
Aquatic | Microscopic Stock Video,https://storage.googleapis.com/stockflow-social/Batch01/Clips/V/Microscopic_Waterborne_Aquatic_20260314_0359_V.mp4,Microscopic World,0:02,"Download premium aquatic stock footage — 4K video & 8K images. Part of our Waterborne collection. Royalty-free, no attribution required. Perfect for content creators, filmmakers, and designers. Instant download at stockflow.media",https://stockflow.media/?cat=Microscopic&sub=Waterborne&collection=Aquatic,2026-06-28 17:00:00,"microscopic, microorganisms, aquatic, aquatic microorganisms, microbe, protozoa, algae, plankton, wa, stock footage, royalty free, 4k video, 8k images, waterborne, microscopy, science, biology, microscope, cell biology"
Plankton | Microscopic Stock Video,https://storage.googleapis.com/stockflow-social/Batch01/Clips/V/Microscopic_Waterborne_Plankton_20260314_0358_V.mp4,Microscopic World,0:02,"Download premium plankton stock footage — 4K video & 8K images. Part of our Waterborne collection. Royalty-free, no attribution required. Perfect for content creators, filmmakers, and designers. Instant download at stockflow.media",https://stockflow.media/?cat=Microscopic&sub=Waterborne&collection=Plankton,2026-06-28 20:00:00,"plankton, crustacean, aquatic, microvideo, close-up, translucent, appendages, eye, waterborne, micro, stock footage, royalty free, 4k video, 8k images, microscopy, science, biology, microscope, cell biology"
Plankton | Microscopic Stock Video,https://storage.googleapis.com/stockflow-social/Batch01/Clips/V/Microscopic_Waterborne_Plankton_20260314_0357_V.mp4,Microscopic World,0:02,"Download premium plankton stock footage — 4K video & 8K images. Part of our Waterborne collection. Royalty-free, no attribution required. Perfect for content creators, filmmakers, and designers. Instant download at stockflow.media",https://stockflow.media/?cat=Microscopic&sub=Waterborne&collection=Plankton,2026-06-29 8:00:00,"copepod, plankton, planktonic, crustacean, aquatic, microscopic, close-up, macro, microphotography, stock footage, royalty free, 4k video, 8k images, waterborne, microscopy, science, biology, microscope, cell biology"
Plankton | Microscopic Stock Video,https://storage.googleapis.com/stockflow-social/Batch01/Clips/V/Microscopic_Waterborne_Plankton_20260314_0356_V.mp4,Microscopic World,0:02,"Download premium plankton stock footage — 4K video & 8K images. Part of our Waterborne collection. Royalty-free, no attribution required. Perfect for content creators, filmmakers, and designers. Instant download at stockflow.media",https://stockflow.media/?cat=Microscopic&sub=Waterborne&collection=Plankton,2026-06-29 11:00:00,"marine, crustacean, translucent, close-up, macro, anatomy, organs, pigments, compound eyes, feeding, stock footage, royalty free, 4k video, 8k images, plankton, waterborne, microscopy, science, biology, microscope, cell biology"
Plankton | Microscopic Stock Video,https://storage.googleapis.com/stockflow-social/Batch01/Clips/V/Microscopic_Waterborne_Plankton_20260314_0355_V.mp4,Microscopic World,0:02,"Download premium plankton stock footage — 4K video & 8K images. Part of our Waterborne collection. Royalty-free, no attribution required. Perfect for content creators, filmmakers, and designers. Instant download at stockflow.media",https://stockflow.media/?cat=Microscopic&sub=Waterborne&collection=Plankton,2026-06-29 14:00:00,"close-up, translucent, planktonic, crustacean, microcosm, waterborne, aquatic, marine, ocean, plankt, stock footage, royalty free, 4k video, 8k images, plankton, microscopy, science, biology, microscope, cell biology"
Plankton | Microscopic Stock Video,https://storage.googleapis.com/stockflow-social/Batch01/Clips/V/Microscopic_Waterborne_Plankton_20260314_0354_V.mp4,Microscopic World,0:02,"Download premium plankton stock footage — 4K video & 8K images. Part of our Waterborne collection. Royalty-free, no attribution required. Perfect for content creators, filmmakers, and designers. Instant download at stockflow.media",https://stockflow.media/?cat=Microscopic&sub=Waterborne&collection=Plankton,2026-06-29 17:00:00,"macro shot, macro photography, transparent planktonic crustacean, freshwater shrimp, tiny creature, stock footage, royalty free, 4k video, 8k images, plankton, waterborne, microscopy, science, biology, microscope, cell biology"
Plankton | Microscopic Stock Video,https://storage.googleapis.com/stockflow-social/Batch01/Clips/V/Microscopic_Waterborne_Plankton_20260314_0353_V.mp4,Microscopic World,0:02,"Download premium plankton stock footage — 4K video & 8K images. Part of our Waterborne collection. Royalty-free, no attribution required. Perfect for content creators, filmmakers, and designers. Instant download at stockflow.media",https://stockflow.media/?cat=Microscopic&sub=Waterborne&collection=Plankton,2026-06-29 20:00:00,"tiny transparent crustacean, micro water, blue water, plankton, suspended particles, delicate append, stock footage, royalty free, 4k video, 8k images, waterborne, microscopy, science, biology, microscope, cell biology"
Plankton | Microscopic Stock Video,https://storage.googleapis.com/stockflow-social/Batch01/Clips/V/Microscopic_Waterborne_Plankton_20260314_0352_V.mp4,Microscopic World,0:02,"Download premium plankton stock footage — 4K video & 8K images. Part of our Waterborne collection. Royalty-free, no attribution required. Perfect for content creators, filmmakers, and designers. Instant download at stockflow.media",https://stockflow.media/?cat=Microscopic&sub=Waterborne&collection=Plankton,2026-06-30 8:00:00,"zooplankton, close-up, transparent creature, marine life, aquatic, water, underwater, blue-green, mo, stock footage, royalty free, 4k video, 8k images, plankton, waterborne, microscopy, science, biology, microscope, cell biology"
Plankton | Microscopic Stock Video,https://storage.googleapis.com/stockflow-social/Batch01/Clips/V/Microscopic_Waterborne_Plankton_20260314_0343_V.mp4,Microscopic World,0:02,"Download premium plankton stock footage — 4K video & 8K images. Part of our Waterborne collection. Royalty-free, no attribution required. Perfect for content creators, filmmakers, and designers. Instant download at stockflow.media",https://stockflow.media/?cat=Microscopic&sub=Waterborne&collection=Plankton,2026-06-30 11:00:00,"zooplankton, crustacean, translucent, transparent, microscopic, marine, ocean, underwater, blue wate, stock footage, royalty free, 4k video, 8k images, plankton, waterborne, microscopy, science, biology, microscope, cell biology"
Diatom | Microscopic Stock Video,https://storage.googleapis.com/stockflow-social/Batch01/Clips/V/Microscopic_Waterborne_Diatom_20260314_0342_V.mp4,Microscopic World,0:02,"Download premium diatom stock footage — 4K video & 8K images. Part of our Waterborne collection. Royalty-free, no attribution required. Perfect for content creators, filmmakers, and designers. Instant download at stockflow.media",https://stockflow.media/?cat=Microscopic&sub=Waterborne&collection=Diatom,2026-06-30 14:00:00,"diatom, diatoms, microalgae, algae, marine microorganism, plankton, microscopic, microscopy, magnifi, stock footage, royalty free, 4k video, 8k images, waterborne, science, biology, microscope, cell biology"
Diatom | Microscopic Stock Video,https://storage.googleapis.com/stockflow-social/Batch01/Clips/V/Microscopic_Waterborne_Diatom_20260314_0341_V.mp4,Microscopic World,0:02,"Download premium diatom stock footage — 4K video & 8K images. Part of our Waterborne collection. Royalty-free, no attribution required. Perfect for content creators, filmmakers, and designers. Instant download at stockflow.media",https://stockflow.media/?cat=Microscopic&sub=Waterborne&collection=Diatom,2026-06-30 17:00:00,"macro, diatom, green, intricate, patterned, gliding, blue microcosm, smaller diatoms, ridged silica, stock footage, royalty free, 4k video, 8k images, waterborne, microscopy, science, biology, microscope, cell biology"
Diatom | Microscopic Stock Video,https://storage.googleapis.com/stockflow-social/Batch01/Clips/V/Microscopic_Waterborne_Diatom_20260314_0340_V.mp4,Microscopic World,0:02,"Download premium diatom stock footage — 4K video & 8K images. Part of our Waterborne collection. Royalty-free, no attribution required. Perfect for content creators, filmmakers, and designers. Instant download at stockflow.media",https://stockflow.media/?cat=Microscopic&sub=Waterborne&collection=Diatom,2026-06-30 20:00:00,"diatoms, diatom, micro waterborne diatoms, silica shells, honeycomb diatoms, orange diatoms, segment, stock footage, royalty free, 4k video, 8k images, waterborne, microscopy, science, biology, microscope, cell biology"
Diatom | Microscopic Stock Video,https://storage.googleapis.com/stockflow-social/Batch01/Clips/V/Microscopic_Waterborne_Diatom_20260314_0339_V.mp4,Microscopic World,0:02,"Download premium diatom stock footage — 4K video & 8K images. Part of our Waterborne collection. Royalty-free, no attribution required. Perfect for content creators, filmmakers, and designers. Instant download at stockflow.media",https://stockflow.media/?cat=Microscopic&sub=Waterborne&collection=Diatom,2026-07-01 8:00:00,"diatom, diatoms, micrograph, microscopy, microscopic, silica, silica shell, lattice, lattice pattern, stock footage, royalty free, 4k video, 8k images, waterborne, science, biology, microscope, cell biology"
Diatom | Microscopic Stock Video,https://storage.googleapis.com/stockflow-social/Batch01/Clips/V/Microscopic_Waterborne_Diatom_20260314_0338_V.mp4,Microscopic World,0:02,"Download premium diatom stock footage — 4K video & 8K images. Part of our Waterborne collection. Royalty-free, no attribution required. Perfect for content creators, filmmakers, and designers. Instant download at stockflow.media",https://stockflow.media/?cat=Microscopic&sub=Waterborne&collection=Diatom,2026-07-01 11:00:00,"diatom, close-up, silica shells, lattice-like, micro ridges, water, algae, microphotography, microsc, stock footage, royalty free, 4k video, 8k images, waterborne, microscopy, science, biology, microscope, cell biology"
Diatom | Microscopic Stock Video,https://storage.googleapis.com/stockflow-social/Batch01/Clips/V/Microscopic_Waterborne_Diatom_20260314_0337_V.mp4,Microscopic World,0:02,"Download premium diatom stock footage — 4K video & 8K images. Part of our Waterborne collection. Royalty-free, no attribution required. Perfect for content creators, filmmakers, and designers. Instant download at stockflow.media",https://stockflow.media/?cat=Microscopic&sub=Waterborne&collection=Diatom,2026-07-01 14:00:00,"diatom, diatoms, magnification, microscopic, algae, golden diatom, silica shell, textured shell, red, stock footage, royalty free, 4k video, 8k images, waterborne, microscopy, science, biology, microscope, cell biology"
Diatom | Microscopic Stock Video,https://storage.googleapis.com/stockflow-social/Batch01/Clips/V/Microscopic_Waterborne_Diatom_20260314_0328_V.mp4,Microscopic World,0:02,"Download premium diatom stock footage — 4K video & 8K images. Part of our Waterborne collection. Royalty-free, no attribution required. Perfect for content creators, filmmakers, and designers. Instant download at stockflow.media",https://stockflow.media/?cat=Microscopic&sub=Waterborne&collection=Diatom,2026-07-01 17:00:00,"diatom, magnified, microalga, silica-shelled, microbiology, plankton, algae, diatoms, microscopic, r, stock footage, royalty free, 4k video, 8k images, waterborne, microscopy, science, biology, microscope, cell biology"
Amoebas | Microscopic Stock Video,https://storage.googleapis.com/stockflow-social/Batch01/Clips/V/Microscopic_Waterborne_Amoebas_20260314_0327_V.mp4,Microscopic World,0:02,"Download premium amoebas stock footage — 4K video & 8K images. Part of our Waterborne collection. Royalty-free, no attribution required. Perfect for content creators, filmmakers, and designers. Instant download at stockflow.media",https://stockflow.media/?cat=Microscopic&sub=Waterborne&collection=Amoebas,2026-07-01 20:00:00,"micro, waterborne, deep blue, jellyfish-like, jellyfish, tiny creatures, drifting, bioluminescent, b, stock footage, royalty free, 4k video, 8k images, amoebas, microscopy, science, biology, microscope, cell biology"
Amoebas | Microscopic Stock Video,https://storage.googleapis.com/stockflow-social/Batch01/Clips/V/Microscopic_Waterborne_Amoebas_20260314_0326_V.mp4,Microscopic World,0:02,"Download premium amoebas stock footage — 4K video & 8K images. Part of our Waterborne collection. Royalty-free, no attribution required. Perfect for content creators, filmmakers, and designers. Instant download at stockflow.media",https://stockflow.media/?cat=Microscopic&sub=Waterborne&collection=Amoebas,2026-07-02 8:00:00,"amoebas, microscopic life, aquatic life, microorganisms, shimmering, threadlike appendages, gliding, stock footage, royalty free, 4k video, 8k images, waterborne, microscopy, science, biology, microscope, cell biology"
Amoebas | Microscopic Stock Video,https://storage.googleapis.com/stockflow-social/Batch01/Clips/V/Microscopic_Waterborne_Amoebas_20260314_0325_V.mp4,Microscopic World,0:02,"Download premium amoebas stock footage — 4K video & 8K images. Part of our Waterborne collection. Royalty-free, no attribution required. Perfect for content creators, filmmakers, and designers. Instant download at stockflow.media",https://stockflow.media/?cat=Microscopic&sub=Waterborne&collection=Amoebas,2026-07-02 11:00:00,"underwater, jellyfish, translucent, micro, bioluminescent, glow, particles, sparkle, blue, water, oc, stock footage, royalty free, 4k video, 8k images, amoebas, waterborne, microscopy, science, biology, microscope, cell biology"
Euglena | Microscopic Stock Video,https://storage.googleapis.com/stockflow-social/Batch01/Clips/V/Microscopic_Waterborne_Euglena_20260314_0317_V.mp4,Microscopic World,0:02,"Download premium euglena stock footage — 4K video & 8K images. Part of our Waterborne collection. Royalty-free, no attribution required. Perfect for content creators, filmmakers, and designers. Instant download at stockflow.media",https://stockflow.media/?cat=Microscopic&sub=Waterborne&collection=Euglena,2026-07-02 14:00:00,"euglena, single-celled, microorganism, protist, algae, green, glowing, flagellum, cell, microscopic, stock footage, royalty free, 4k video, 8k images, waterborne, microscopy, science, biology, microscope, cell biology"
Euglena | Microscopic Stock Video,https://storage.googleapis.com/stockflow-social/Batch01/Clips/V/Microscopic_Waterborne_Euglena_20260314_0316_V.mp4,Microscopic World,0:02,"Download premium euglena stock footage — 4K video & 8K images. Part of our Waterborne collection. Royalty-free, no attribution required. Perfect for content creators, filmmakers, and designers. Instant download at stockflow.media",https://stockflow.media/?cat=Microscopic&sub=Waterborne&collection=Euglena,2026-07-02 17:00:00,"euglena, microalgae, algae, single-celled, organism, flagellum, neon-green, aquatic, pond, water, mi, stock footage, royalty free, 4k video, 8k images, waterborne, microscopy, science, biology, microscope, cell biology"
Euglena | Microscopic Stock Video,https://storage.googleapis.com/stockflow-social/Batch01/Clips/V/Microscopic_Waterborne_Euglena_20260314_0315_V.mp4,Microscopic World,0:02,"Download premium euglena stock footage — 4K video & 8K images. Part of our Waterborne collection. Royalty-free, no attribution required. Perfect for content creators, filmmakers, and designers. Instant download at stockflow.media",https://stockflow.media/?cat=Microscopic&sub=Waterborne&collection=Euglena,2026-07-02 20:00:00,"euglena, algae, single-celled, microorganism, chloroplasts, flagellum, aquatic, microscopic, microsc, stock footage, royalty free, 4k video, 8k images, waterborne, microscopy, science, biology, microscope, cell biology"
Euglena | Microscopic Stock Video,https://storage.googleapis.com/stockflow-social/Batch01/Clips/V/Microscopic_Waterborne_Euglena_20260314_0314_V.mp4,Microscopic World,0:02,"Download premium euglena stock footage — 4K video & 8K images. Part of our Waterborne collection. Royalty-free, no attribution required. Perfect for content creators, filmmakers, and designers. Instant download at stockflow.media",https://stockflow.media/?cat=Microscopic&sub=Waterborne&collection=Euglena,2026-07-03 8:00:00,"euglena, green algae, single-celled organism, flagellated, motile, microscopic, aquatic, pond water, stock footage, royalty free, 4k video, 8k images, waterborne, microscopy, science, biology, microscope, cell biology"
Euglena | Microscopic Stock Video,https://storage.googleapis.com/stockflow-social/Batch01/Clips/V/Microscopic_Waterborne_Euglena_20260314_0303_V.mp4,Microscopic World,0:02,"Download premium euglena stock footage — 4K video & 8K images. Part of our Waterborne collection. Royalty-free, no attribution required. Perfect for content creators, filmmakers, and designers. Instant download at stockflow.media",https://stockflow.media/?cat=Microscopic&sub=Waterborne&collection=Euglena,2026-07-03 11:00:00,"micrograph, single-celled, waterborne organism, flagellum, flagella, chloroplasts, green chloroplast, stock footage, royalty free, 4k video, 8k images, euglena, waterborne, microscopy, science, biology, microscope, cell biology"
Plankton | Microscopic Stock Video,https://storage.googleapis.com/stockflow-social/Batch01/Clips/V/Microscopic_Waterborne_Plankton_20260314_0302_V.mp4,Microscopic World,0:02,"Download premium plankton stock footage — 4K video & 8K images. Part of our Waterborne collection. Royalty-free, no attribution required. Perfect for content creators, filmmakers, and designers. Instant download at stockflow.media",https://stockflow.media/?cat=Microscopic&sub=Waterborne&collection=Plankton,2026-07-03 14:00:00,"microplankton, transparent organism, plankton, microscopic creature, high magnification, aquatic lif, stock footage, royalty free, 4k video, 8k images, waterborne, microscopy, science, biology, microscope, cell biology"
Plankton | Microscopic Stock Video,https://storage.googleapis.com/stockflow-social/Batch01/Clips/V/Microscopic_Waterborne_Plankton_20260314_0301_V.mp4,Microscopic World,0:02,"Download premium plankton stock footage — 4K video & 8K images. Part of our Waterborne collection. Royalty-free, no attribution required. Perfect for content creators, filmmakers, and designers. Instant download at stockflow.media",https://stockflow.media/?cat=Microscopic&sub=Waterborne&collection=Plankton,2026-07-03 17:00:00,"plankton, micro, waterborne, aquatic-creature, crustacean, translucent, close-up, macro, biology, ma, stock footage, royalty free, 4k video, 8k images, microscopy, science, microscope, cell biology"
Plankton | Microscopic Stock Video,https://storage.googleapis.com/stockflow-social/Batch01/Clips/V/Microscopic_Waterborne_Plankton_20260314_0300_V.mp4,Microscopic World,0:02,"Download premium plankton stock footage — 4K video & 8K images. Part of our Waterborne collection. Royalty-free, no attribution required. Perfect for content creators, filmmakers, and designers. Instant download at stockflow.media",https://stockflow.media/?cat=Microscopic&sub=Waterborne&collection=Plankton,2026-07-03 20:00:00,"micro waterborne plankton, plankton, zooplankton, microzooplankton, microscopic, extreme close-up, t, stock footage, royalty free, 4k video, 8k images, waterborne, microscopy, science, biology, microscope, cell biology"
Plankton | Microscopic Stock Video,https://storage.googleapis.com/stockflow-social/Batch01/Clips/V/Microscopic_Waterborne_Plankton_20260314_0299_V.mp4,Microscopic World,0:02,"Download premium plankton stock footage — 4K video & 8K images. Part of our Waterborne collection. Royalty-free, no attribution required. Perfect for content creators, filmmakers, and designers. Instant download at stockflow.media",https://stockflow.media/?cat=Microscopic&sub=Waterborne&collection=Plankton,2026-07-04 8:00:00,"macro shot, transparent planktonic creature, spiky appendages, curled body, internal organs, driftin, stock footage, royalty free, 4k video, 8k images, plankton, waterborne, microscopy, science, biology, microscope, cell biology"
Plankton | Microscopic Stock Video,https://storage.googleapis.com/stockflow-social/Batch01/Clips/V/Microscopic_Waterborne_Plankton_20260314_0298_V.mp4,Microscopic World,0:02,"Download premium plankton stock footage — 4K video & 8K images. Part of our Waterborne collection. Royalty-free, no attribution required. Perfect for content creators, filmmakers, and designers. Instant download at stockflow.media",https://stockflow.media/?cat=Microscopic&sub=Waterborne&collection=Plankton,2026-07-04 11:00:00,"micro shrimp, transparent crustacean, plankton, zooplankton, aquatic life, underwater macro, macro s, stock footage, royalty free, 4k video, 8k images, waterborne, microscopy, science, biology, microscope, cell biology"
Plankton | Microscopic Stock Video,https://storage.googleapis.com/stockflow-social/Batch01/Clips/V/Microscopic_Waterborne_Plankton_20260314_0297_V.mp4,Microscopic World,0:02,"Download premium plankton stock footage — 4K video & 8K images. Part of our Waterborne collection. Royalty-free, no attribution required. Perfect for content creators, filmmakers, and designers. Instant download at stockflow.media",https://stockflow.media/?cat=Microscopic&sub=Waterborne&collection=Plankton,2026-07-04 14:00:00,"close-up, zooplankton, shrimp-like, transparent, aquatic, underwater, macro, micro, plankton, marine, stock footage, royalty free, 4k video, 8k images, waterborne, microscopy, science, biology, microscope, cell biology"
Plankton | Microscopic Stock Video,https://storage.googleapis.com/stockflow-social/Batch01/Clips/V/Microscopic_Waterborne_Plankton_20260314_0296_V.mp4,Microscopic World,0:02,"Download premium plankton stock footage — 4K video & 8K images. Part of our Waterborne collection. Royalty-free, no attribution required. Perfect for content creators, filmmakers, and designers. Instant download at stockflow.media",https://stockflow.media/?cat=Microscopic&sub=Waterborne&collection=Plankton,2026-07-04 17:00:00,"macro, macro shot, close-up, translucent crustacean, aquatic creature, crustacean, underwater, under, stock footage, royalty free, 4k video, 8k images, plankton, waterborne, microscopy, science, biology, microscope, cell biology"
Plankton | Microscopic Stock Video,https://storage.googleapis.com/stockflow-social/Batch01/Clips/V/Microscopic_Waterborne_Plankton_20260314_0287_V.mp4,Microscopic World,0:02,"Download premium plankton stock footage — 4K video & 8K images. Part of our Waterborne collection. Royalty-free, no attribution required. Perfect for content creators, filmmakers, and designers. Instant download at stockflow.media",https://stockflow.media/?cat=Microscopic&sub=Waterborne&collection=Plankton,2026-07-04 20:00:00,"shrimp, crustacean, translucent, underwater, aquatic, marine, sea, ocean, greenwater, bubbles, swimm, stock footage, royalty free, 4k video, 8k images, plankton, waterborne, microscopy, science, biology, microscope, cell biology"
Diatom Shell | Microscopic Stock Video,https://storage.googleapis.com/stockflow-social/Batch01/Clips/V/Microscopic_Waterborne_Diatom-Shell_20260314_0286_V.mp4,Microscopic World,0:02,"Download premium diatom shell stock footage — 4K video & 8K images. Part of our Waterborne collection. Royalty-free, no attribution required. Perfect for content creators, filmmakers, and designers. Instant download at stockflow.media",https://stockflow.media/?cat=Microscopic&sub=Waterborne&collection=Diatom+Shell,2026-07-05 8:00:00,"diatoms, diatom shells, microscopic, microscopy, marine, ocean, algae, silica, silica lattices, nano, stock footage, royalty free, 4k video, 8k images, diatom shell, waterborne, science, biology, microscope, cell biology"
Diatom Shell | Microscopic Stock Video,https://storage.googleapis.com/stockflow-social/Batch01/Clips/V/Microscopic_Waterborne_Diatom-Shell_20260314_0285_V.mp4,Microscopic World,0:02,"Download premium diatom shell stock footage — 4K video & 8K images. Part of our Waterborne collection. Royalty-free, no attribution required. Perfect for content creators, filmmakers, and designers. Instant download at stockflow.media",https://stockflow.media/?cat=Microscopic&sub=Waterborne&collection=Diatom+Shell,2026-07-05 11:00:00,"diatom, diatoms, micro, waterborne, diatom shell, silica frustule, frustule, patterns, blue, greens, stock footage, royalty free, 4k video, 8k images, microscopy, science, biology, microscope, cell biology"
Diatom Shell | Microscopic Stock Video,https://storage.googleapis.com/stockflow-social/Batch01/Clips/V/Microscopic_Waterborne_Diatom-Shell_20260314_0284_V.mp4,Microscopic World,0:02,"Download premium diatom shell stock footage — 4K video & 8K images. Part of our Waterborne collection. Royalty-free, no attribution required. Perfect for content creators, filmmakers, and designers. Instant download at stockflow.media",https://stockflow.media/?cat=Microscopic&sub=Waterborne&collection=Diatom+Shell,2026-07-05 14:00:00,"diatoms, microscopic, shells, microstructure, silica, translucent, tubular, honeycomb, network, aqua, stock footage, royalty free, 4k video, 8k images, diatom shell, waterborne, microscopy, science, biology, microscope, cell biology"
Diatom Shell | Microscopic Stock Video,https://storage.googleapis.com/stockflow-social/Batch01/Clips/V/Microscopic_Waterborne_Diatom-Shell_20260314_0279_V.mp4,Microscopic World,0:02,"Download premium diatom shell stock footage — 4K video & 8K images. Part of our Waterborne collection. Royalty-free, no attribution required. Perfect for content creators, filmmakers, and designers. Instant download at stockflow.media",https://stockflow.media/?cat=Microscopic&sub=Waterborne&collection=Diatom+Shell,2026-07-05 17:00:00,"diatom, diatoms, microscopic, microstructure, honeycomb, perforated cells, cellular architecture, aq, stock footage, royalty free, 4k video, 8k images, diatom shell, waterborne, microscopy, science, biology, microscope, cell biology"
Algae | Microscopic Stock Video,https://storage.googleapis.com/stockflow-social/Batch01/Clips/V/Microscopic_Waterborne_Algae_20260314_0278_V.mp4,Microscopic World,0:02,"Download premium algae stock footage — 4K video & 8K images. Part of our Waterborne collection. Royalty-free, no attribution required. Perfect for content creators, filmmakers, and designers. Instant download at stockflow.media",https://stockflow.media/?cat=Microscopic&sub=Waterborne&collection=Algae,2026-07-05 20:00:00,"microscopic, algae, green algae, cells, aquatic, water, turquoise, glow, bright, macro, micrograph, stock footage, royalty free, 4k video, 8k images, waterborne, microscopy, science, biology, microscope, cell biology"
Algae | Microscopic Stock Video,https://storage.googleapis.com/stockflow-social/Batch01/Clips/V/Microscopic_Waterborne_Algae_20260314_0277_V.mp4,Microscopic World,0:02,"Download premium algae stock footage — 4K video & 8K images. Part of our Waterborne collection. Royalty-free, no attribution required. Perfect for content creators, filmmakers, and designers. Instant download at stockflow.media",https://stockflow.media/?cat=Microscopic&sub=Waterborne&collection=Algae,2026-07-06 8:00:00,"microalgae, algae, green algae, aquatic biology, microscopic biology, microorganisms, water column, stock footage, royalty free, 4k video, 8k images, waterborne, microscopy, science, biology, microscope, cell biology"
Algae | Microscopic Stock Video,https://storage.googleapis.com/stockflow-social/Batch01/Clips/V/Microscopic_Waterborne_Algae_20260314_0276_V.mp4,Microscopic World,0:02,"Download premium algae stock footage — 4K video & 8K images. Part of our Waterborne collection. Royalty-free, no attribution required. Perfect for content creators, filmmakers, and designers. Instant download at stockflow.media",https://stockflow.media/?cat=Microscopic&sub=Waterborne&collection=Algae,2026-07-06 11:00:00,"close-up, microalgae, algae, green algae, microalgae cells, vibrant green, water, bubbles, textures, stock footage, royalty free, 4k video, 8k images, waterborne, microscopy, science, biology, microscope, cell biology"
Algae | Microscopic Stock Video,https://storage.googleapis.com/stockflow-social/Batch01/Clips/V/Microscopic_Waterborne_Algae_20260314_0275_V.mp4,Microscopic World,0:02,"Download premium algae stock footage — 4K video & 8K images. Part of our Waterborne collection. Royalty-free, no attribution required. Perfect for content creators, filmmakers, and designers. Instant download at stockflow.media",https://stockflow.media/?cat=Microscopic&sub=Waterborne&collection=Algae,2026-07-06 14:00:00,"algae, microalgae, green algae, aquatic, waterborne suspension, cells, spherical colony, vesicles, t, stock footage, royalty free, 4k video, 8k images, waterborne, microscopy, science, biology, microscope, cell biology"
Algae | Microscopic Stock Video,https://storage.googleapis.com/stockflow-social/Batch01/Clips/V/Microscopic_Waterborne_Algae_20260314_0274_V.mp4,Microscopic World,0:02,"Download premium algae stock footage — 4K video & 8K images. Part of our Waterborne collection. Royalty-free, no attribution required. Perfect for content creators, filmmakers, and designers. Instant download at stockflow.media",https://stockflow.media/?cat=Microscopic&sub=Waterborne&collection=Algae,2026-07-06 17:00:00,"microscopy, algae, green algae, chloroplasts, cells, aquatic, water sample, phytoplankton, microorga, stock footage, royalty free, 4k video, 8k images, waterborne, science, biology, microscope, cell biology"
Algae | Microscopic Stock Video,https://storage.googleapis.com/stockflow-social/Batch01/Clips/V/Microscopic_Waterborne_Algae_20260314_0267_V.mp4,Microscopic World,0:02,"Download premium algae stock footage — 4K video & 8K images. Part of our Waterborne collection. Royalty-free, no attribution required. Perfect for content creators, filmmakers, and designers. Instant download at stockflow.media",https://stockflow.media/?cat=Microscopic&sub=Waterborne&collection=Algae,2026-07-06 20:00:00,"emerald algae, green algae, algae cell, microscopic cell, micrograph, microscope, biology, cellular, stock footage, royalty free, 4k video, 8k images, algae, waterborne, microscopy, science, cell biology"
Rotifers | Microscopic Stock Video,https://storage.googleapis.com/stockflow-social/Batch01/Clips/V/Microscopic_Waterborne_Rotifers_20260314_0266_V.mp4,Microscopic World,0:02,"Download premium rotifers stock footage — 4K video & 8K images. Part of our Waterborne collection. Royalty-free, no attribution required. Perfect for content creators, filmmakers, and designers. Instant download at stockflow.media",https://stockflow.media/?cat=Microscopic&sub=Waterborne&collection=Rotifers,2026-07-07 8:00:00,"rotifer, rotifers, microscopic, waterborne, transparent, elongated, granules, internal granules, cil, stock footage, royalty free, 4k video, 8k images, microscopy, science, biology, microscope, cell biology"
Rotifers | Microscopic Stock Video,https://storage.googleapis.com/stockflow-social/Batch01/Clips/V/Microscopic_Waterborne_Rotifers_20260314_0265_V.mp4,Microscopic World,0:02,"Download premium rotifers stock footage — 4K video & 8K images. Part of our Waterborne collection. Royalty-free, no attribution required. Perfect for content creators, filmmakers, and designers. Instant download at stockflow.media",https://stockflow.media/?cat=Microscopic&sub=Waterborne&collection=Rotifers,2026-07-07 11:00:00,"rotifer, rotifers, micro waterborne, micro water, waterborne micro, droplet, droplet scene, cilia, g, stock footage, royalty free, 4k video, 8k images, waterborne, microscopy, science, biology, microscope, cell biology"
Rotifers | Microscopic Stock Video,https://storage.googleapis.com/stockflow-social/Batch01/Clips/V/Microscopic_Waterborne_Rotifers_20260314_0264_V.mp4,Microscopic World,0:02,"Download premium rotifers stock footage — 4K video & 8K images. Part of our Waterborne collection. Royalty-free, no attribution required. Perfect for content creators, filmmakers, and designers. Instant download at stockflow.media",https://stockflow.media/?cat=Microscopic&sub=Waterborne&collection=Rotifers,2026-07-07 14:00:00,"rotifers, micrograph, microcosm, aquatic, microscopic, high magnification, ciliated corona, algae, p, stock footage, royalty free, 4k video, 8k images, waterborne, microscopy, science, biology, microscope, cell biology"
Rotifers | Microscopic Stock Video,https://storage.googleapis.com/stockflow-social/Batch01/Clips/V/Microscopic_Waterborne_Rotifers_20260314_0263_V.mp4,Microscopic World,0:02,"Download premium rotifers stock footage — 4K video & 8K images. Part of our Waterborne collection. Royalty-free, no attribution required. Perfect for content creators, filmmakers, and designers. Instant download at stockflow.media",https://stockflow.media/?cat=Microscopic&sub=Waterborne&collection=Rotifers,2026-07-07 17:00:00,"rotifers, microvideo, rotifer, microscopic, microbiology, plankton, zooplankton, aquatic, freshwater, stock footage, royalty free, 4k video, 8k images, waterborne, microscopy, science, biology, microscope, cell biology"
Rotifers | Microscopic Stock Video,https://storage.googleapis.com/stockflow-social/Batch01/Clips/V/Microscopic_Waterborne_Rotifers_20260314_0262_V.mp4,Microscopic World,0:02,"Download premium rotifers stock footage — 4K video & 8K images. Part of our Waterborne collection. Royalty-free, no attribution required. Perfect for content creators, filmmakers, and designers. Instant download at stockflow.media",https://stockflow.media/?cat=Microscopic&sub=Waterborne&collection=Rotifers,2026-07-07 20:00:00,"waterborne, rotifers, rotifer, micro-rotifers, magnification, algae, green algae, transparent, cilia, stock footage, royalty free, 4k video, 8k images, microscopy, science, biology, microscope, cell biology"
Rotifers | Microscopic Stock Video,https://storage.googleapis.com/stockflow-social/Batch01/Clips/V/Microscopic_Waterborne_Rotifers_20260314_0261_V.mp4,Microscopic World,0:02,"Download premium rotifers stock footage — 4K video & 8K images. Part of our Waterborne collection. Royalty-free, no attribution required. Perfect for content creators, filmmakers, and designers. Instant download at stockflow.media",https://stockflow.media/?cat=Microscopic&sub=Waterborne&collection=Rotifers,2026-07-08 8:00:00,"rotifer, rotifers, microscopic, microfauna, plankton, zooplankton, aquatic, waterborne, micrograph, stock footage, royalty free, 4k video, 8k images, microscopy, science, biology, microscope, cell biology"
Rotifers | Microscopic Stock Video,https://storage.googleapis.com/stockflow-social/Batch01/Clips/V/Microscopic_Waterborne_Rotifers_20260314_0260_V.mp4,Microscopic World,0:02,"Download premium rotifers stock footage — 4K video & 8K images. Part of our Waterborne collection. Royalty-free, no attribution required. Perfect for content creators, filmmakers, and designers. Instant download at stockflow.media",https://stockflow.media/?cat=Microscopic&sub=Waterborne&collection=Rotifers,2026-07-08 11:00:00,"rotifers, rotifer, microscopic, microscopy, aquatic, freshwater, pond, water, algae, green algae, ch, stock footage, royalty free, 4k video, 8k images, waterborne, science, biology, microscope, cell biology"
Rotifers | Microscopic Stock Video,https://storage.googleapis.com/stockflow-social/Batch01/Clips/V/Microscopic_Waterborne_Rotifers_20260314_0259_V.mp4,Microscopic World,0:02,"Download premium rotifers stock footage — 4K video & 8K images. Part of our Waterborne collection. Royalty-free, no attribution required. Perfect for content creators, filmmakers, and designers. Instant download at stockflow.media",https://stockflow.media/?cat=Microscopic&sub=Waterborne&collection=Rotifers,2026-07-08 14:00:00,"rotifers, rotifer, micrograph, microscopy, bright-field, waterborne, aquatic, freshwater, microscopi, stock footage, royalty free, 4k video, 8k images, science, biology, microscope, cell biology"
Anemia | Microscopic Stock Video,https://storage.googleapis.com/stockflow-social/Batch01/Clips/V/Microscopic_Blood-Hematology_Anemia_20260314_0258_V.mp4,Microscopic World,0:02,"Download premium anemia stock footage — 4K video & 8K images. Part of our Blood Hematology collection. Royalty-free, no attribution required. Perfect for content creators, filmmakers, and designers. Instant download at stockflow.media",https://stockflow.media/?cat=Microscopic&sub=Blood+Hematology&collection=Anemia,2026-07-08 17:00:00,"blood smear, neutrophils, segmented neutrophils, leukocytes, granulocytes, multilobed nuclei, normal, stock footage, royalty free, 4k video, 8k images, anemia, blood hematology, microscopy, science, biology, microscope, cell biology"
Anemia | Microscopic Stock Video,https://storage.googleapis.com/stockflow-social/Batch01/Clips/V/Microscopic_Blood-Hematology_Anemia_20260314_0257_V.mp4,Microscopic World,0:02,"Download premium anemia stock footage — 4K video & 8K images. Part of our Blood Hematology collection. Royalty-free, no attribution required. Perfect for content creators, filmmakers, and designers. Instant download at stockflow.media",https://stockflow.media/?cat=Microscopic&sub=Blood+Hematology&collection=Anemia,2026-07-08 20:00:00,"peripheral blood smear, blood smear, hematology, red blood cells, erythrocytes, rbc, neutrophils, wh, stock footage, royalty free, 4k video, 8k images, anemia, blood hematology, microscopy, science, biology, microscope, cell biology"
Hyphae | Microscopic Stock Video,https://storage.googleapis.com/stockflow-social/Batch01/Clips/V/Microscopic_Hyphae_Hyphae_20260314_0254_V.mp4,Microscopic World,0:02,"Download premium hyphae stock footage — 4K video & 8K images. Part of our Hyphae collection. Royalty-free, no attribution required. Perfect for content creators, filmmakers, and designers. Instant download at stockflow.media",https://stockflow.media/?cat=Microscopic&sub=Hyphae&collection=Hyphae,2026-07-09 8:00:00,"microscopic, microscopy, fungal, fungi, mycelium, hyphae, threadlike, filaments, spores, decaying su, stock footage, royalty free, 4k video, 8k images, science, biology, microscope, cell biology"
Hyphae | Microscopic Stock Video,https://storage.googleapis.com/stockflow-social/Batch01/Clips/V/Microscopic_Hyphae_Hyphae_20260314_0253_V.mp4,Microscopic World,0:02,"Download premium hyphae stock footage — 4K video & 8K images. Part of our Hyphae collection. Royalty-free, no attribution required. Perfect for content creators, filmmakers, and designers. Instant download at stockflow.media",https://stockflow.media/?cat=Microscopic&sub=Hyphae&collection=Hyphae,2026-07-09 11:00:00,"microscopic, fungi, fungal, hyphae, spores, budding, magnified, microscopy, mycology, filamentous, f, stock footage, royalty free, 4k video, 8k images, science, biology, microscope, cell biology"
Helix | Microscopic Stock Video,https://storage.googleapis.com/stockflow-social/Batch01/Clips/V/Microscopic_Dna_Helix_20260314_0246_V.mp4,Microscopic World,0:02,"Download premium helix stock footage — 4K video & 8K images. Part of our Dna collection. Royalty-free, no attribution required. Perfect for content creators, filmmakers, and designers. Instant download at stockflow.media",https://stockflow.media/?cat=Microscopic&sub=Dna&collection=Helix,2026-07-09 14:00:00,"dna, dna helix, double helix, genetics, genetic code, molecular biology, life sciences, blue lightin, stock footage, royalty free, 4k video, 8k images, helix, microscopy, science, biology, microscope, cell biology"
Helix | Microscopic Stock Video,https://storage.googleapis.com/stockflow-social/Batch01/Clips/V/Microscopic_Dna_Helix_20260314_0245_V.mp4,Microscopic World,0:02,"Download premium helix stock footage — 4K video & 8K images. Part of our Dna collection. Royalty-free, no attribution required. Perfect for content creators, filmmakers, and designers. Instant download at stockflow.media",https://stockflow.media/?cat=Microscopic&sub=Dna&collection=Helix,2026-07-09 17:00:00,"dna, dna footage, double helix, colorful dna, purple and teal, genetic material, molecular biology, stock footage, royalty free, 4k video, 8k images, helix, microscopy, science, biology, microscope, cell biology"
Helix | Microscopic Stock Video,https://storage.googleapis.com/stockflow-social/Batch01/Clips/V/Microscopic_Dna_Helix_20260314_0244_V.mp4,Microscopic World,0:02,"Download premium helix stock footage — 4K video & 8K images. Part of our Dna collection. Royalty-free, no attribution required. Perfect for content creators, filmmakers, and designers. Instant download at stockflow.media",https://stockflow.media/?cat=Microscopic&sub=Dna&collection=Helix,2026-07-09 20:00:00,"dna, double helix, molecular biology, genetics, dna strand, blue backdrop, glowing, vivid spiral, or, stock footage, royalty free, 4k video, 8k images, helix, microscopy, science, biology, microscope, cell biology"
Dandelion | Microscopic Stock Video,https://storage.googleapis.com/stockflow-social/Batch01/Clips/V/Microscopic_Pollen_Dandelion_20260314_0233_V.mp4,Microscopic World,0:02,"Download premium dandelion stock footage — 4K video & 8K images. Part of our Pollen collection. Royalty-free, no attribution required. Perfect for content creators, filmmakers, and designers. Instant download at stockflow.media",https://stockflow.media/?cat=Microscopic&sub=Pollen&collection=Dandelion,2026-07-10 8:00:00,"dandelion, dandelion seed head, macro shot, macro photography, close-up, seed head, seeds, delicate, stock footage, royalty free, 4k video, 8k images, pollen, microscopy, science, biology, microscope, cell biology"
Dandelion | Microscopic Stock Video,https://storage.googleapis.com/stockflow-social/Batch01/Clips/V/Microscopic_Pollen_Dandelion_20260314_0232_V.mp4,Microscopic World,0:02,"Download premium dandelion stock footage — 4K video & 8K images. Part of our Pollen collection. Royalty-free, no attribution required. Perfect for content creators, filmmakers, and designers. Instant download at stockflow.media",https://stockflow.media/?cat=Microscopic&sub=Pollen&collection=Dandelion,2026-07-10 11:00:00,"macro, macro shot, dandelion, dandelion seed head, seed head, filaments, radiating filaments, pale y, stock footage, royalty free, 4k video, 8k images, pollen, microscopy, science, biology, microscope, cell biology"
Leukemia | Microscopic Stock Video,https://storage.googleapis.com/stockflow-social/Batch01/Clips/V/Microscopic_Blood-Hematology_Leukemia_20260314_0231_V.mp4,Microscopic World,0:02,"Download premium leukemia stock footage — 4K video & 8K images. Part of our Blood Hematology collection. Royalty-free, no attribution required. Perfect for content creators, filmmakers, and designers. Instant download at stockflow.media",https://stockflow.media/?cat=Microscopic&sub=Blood+Hematology&collection=Leukemia,2026-07-10 14:00:00,"blood smear, thin blood smear, hematology, pathology, blasts, multiple dark nuclei, large cells, abn, stock footage, royalty free, 4k video, 8k images, leukemia, blood hematology, microscopy, science, biology, microscope, cell biology"
Leukemia | Microscopic Stock Video,https://storage.googleapis.com/stockflow-social/Batch01/Clips/V/Microscopic_Blood-Hematology_Leukemia_20260314_0230_V.mp4,Microscopic World,0:02,"Download premium leukemia stock footage — 4K video & 8K images. Part of our Blood Hematology collection. Royalty-free, no attribution required. Perfect for content creators, filmmakers, and designers. Instant download at stockflow.media",https://stockflow.media/?cat=Microscopic&sub=Blood+Hematology&collection=Leukemia,2026-07-10 17:00:00,"blood smear, microscopy, hematology, leukemia, white blood cells, red blood cells, cellular morpholo, stock footage, royalty free, 4k video, 8k images, blood hematology, science, biology, microscope, cell biology"
Mosquito Larva | Microscopic Stock Video,https://storage.googleapis.com/stockflow-social/Batch01/Clips/V/Microscopic_Biological-Creatures_Mosquito-Larva_20260314_0216_V.mp4,Microscopic World,0:02,"Download premium mosquito larva stock footage — 4K video & 8K images. Part of our Biological Creatures collection. Royalty-free, no attribution required. Perfect for content creators, filmmakers, and designers. Instant download at stockflow.media",https://stockflow.media/?cat=Microscopic&sub=Biological+Creatures&collection=Mosquito+Larva,2026-07-10 20:00:00,"macro shot, close-up, underwater, aquatic, creature, worm, bristles, bristleworm, segmented, curved, stock footage, royalty free, 4k video, 8k images, mosquito larva, biological creatures, microscopy, science, biology, microscope, cell biology"
Mosquito Larva | Microscopic Stock Video,https://storage.googleapis.com/stockflow-social/Batch01/Clips/V/Microscopic_Biological-Creatures_Mosquito-Larva_20260314_0215_V.mp4,Microscopic World,0:02,"Download premium mosquito larva stock footage — 4K video & 8K images. Part of our Biological Creatures collection. Royalty-free, no attribution required. Perfect for content creators, filmmakers, and designers. Instant download at stockflow.media",https://stockflow.media/?cat=Microscopic&sub=Biological+Creatures&collection=Mosquito+Larva,2026-07-11 8:00:00,"macro shot, larva, yellow-brown, bristles, bristled, underwater, water, macro photography, close-up, stock footage, royalty free, 4k video, 8k images, mosquito larva, biological creatures, microscopy, science, biology, microscope, cell biology"
Paramecium | Microscopic Stock Video,https://storage.googleapis.com/stockflow-social/Batch01/Clips/V/Microscopic_Biological-Creatures_Paramecium_20260314_0210_V.mp4,Microscopic World,0:02,"Download premium paramecium stock footage — 4K video & 8K images. Part of our Biological Creatures collection. Royalty-free, no attribution required. Perfect for content creators, filmmakers, and designers. Instant download at stockflow.media",https://stockflow.media/?cat=Microscopic&sub=Biological+Creatures&collection=Paramecium,2026-07-11 11:00:00,"microscopic organism, macro biology, close-up, high magnification, translucent body, tentacle-like a, stock footage, royalty free, 4k video, 8k images, paramecium, biological creatures, microscopy, science, biology, microscope, cell biology"
Paramecium | Microscopic Stock Video,https://storage.googleapis.com/stockflow-social/Batch01/Clips/V/Microscopic_Biological-Creatures_Paramecium_20260314_0209_V.mp4,Microscopic World,0:02,"Download premium paramecium stock footage — 4K video & 8K images. Part of our Biological Creatures collection. Royalty-free, no attribution required. Perfect for content creators, filmmakers, and designers. Instant download at stockflow.media",https://stockflow.media/?cat=Microscopic&sub=Biological+Creatures&collection=Paramecium,2026-07-11 14:00:00,"paramecium, ciliate, ciliates, single-celled, protozoa, microorganism, microbe, microscopic, microsc, stock footage, royalty free, 4k video, 8k images, biological creatures, microscopy, science, biology, microscope, cell biology"
Paramecium | Microscopic Stock Video,https://storage.googleapis.com/stockflow-social/Batch01/Clips/V/Microscopic_Biological-Creatures_Paramecium_20260314_0208_V.mp4,Microscopic World,0:02,"Download premium paramecium stock footage — 4K video & 8K images. Part of our Biological Creatures collection. Royalty-free, no attribution required. Perfect for content creators, filmmakers, and designers. Instant download at stockflow.media",https://stockflow.media/?cat=Microscopic&sub=Biological+Creatures&collection=Paramecium,2026-07-11 17:00:00,"close-up, high-detail, color, colorful, single-celled, microorganism, microbe, cell, cells, protozoa, stock footage, royalty free, 4k video, 8k images, paramecium, biological creatures, microscopy, science, biology, microscope, cell biology"
Paramecium | Microscopic Stock Video,https://storage.googleapis.com/stockflow-social/Batch01/Clips/V/Microscopic_Biological-Creatures_Paramecium_20260314_0207_V.mp4,Microscopic World,0:02,"Download premium paramecium stock footage — 4K video & 8K images. Part of our Biological Creatures collection. Royalty-free, no attribution required. Perfect for content creators, filmmakers, and designers. Instant download at stockflow.media",https://stockflow.media/?cat=Microscopic&sub=Biological+Creatures&collection=Paramecium,2026-07-11 20:00:00,"single-celled organism, translucent body, internal structures, organ-like structures, cilia, feather, stock footage, royalty free, 4k video, 8k images, paramecium, biological creatures, microscopy, science, biology, microscope, cell biology"
Paramecium | Microscopic Stock Video,https://storage.googleapis.com/stockflow-social/Batch01/Clips/V/Microscopic_Biological-Creatures_Paramecium_20260314_0206_V.mp4,Microscopic World,0:02,"Download premium paramecium stock footage — 4K video & 8K images. Part of our Biological Creatures collection. Royalty-free, no attribution required. Perfect for content creators, filmmakers, and designers. Instant download at stockflow.media",https://stockflow.media/?cat=Microscopic&sub=Biological+Creatures&collection=Paramecium,2026-07-12 8:00:00,"paramecium, paramecia, ciliates, cilia, microscopic, micro, single-celled, protist, protista, protoz, stock footage, royalty free, 4k video, 8k images, biological creatures, microscopy, science, biology, microscope, cell biology"
Tardigrade | Microscopic Stock Video,https://storage.googleapis.com/stockflow-social/Batch01/Clips/V/Microscopic_Biological-Creatures_Tardigrade_20260314_0205_V.mp4,Microscopic World,0:02,"Download premium tardigrade stock footage — 4K video & 8K images. Part of our Biological Creatures collection. Royalty-free, no attribution required. Perfect for content creators, filmmakers, and designers. Instant download at stockflow.media",https://stockflow.media/?cat=Microscopic&sub=Biological+Creatures&collection=Tardigrade,2026-07-12 11:00:00,"translucent, bubble-wrapped, tiny creature, segmented body, clawed legs, teal specks, glows, glowing, stock footage, royalty free, 4k video, 8k images, tardigrade, biological creatures, microscopy, science, biology, microscope, cell biology"
Tardigrade | Microscopic Stock Video,https://storage.googleapis.com/stockflow-social/Batch01/Clips/V/Microscopic_Biological-Creatures_Tardigrade_20260314_0204_V.mp4,Microscopic World,0:02,"Download premium tardigrade stock footage — 4K video & 8K images. Part of our Biological Creatures collection. Royalty-free, no attribution required. Perfect for content creators, filmmakers, and designers. Instant download at stockflow.media",https://stockflow.media/?cat=Microscopic&sub=Biological+Creatures&collection=Tardigrade,2026-07-12 14:00:00,"delicate, translucent, multi-segmented, organism, suspended, crystal, bubble, glowing, blue, interna, stock footage, royalty free, 4k video, 8k images, tardigrade, biological creatures, microscopy, science, biology, microscope, cell biology"
Tardigrade | Microscopic Stock Video,https://storage.googleapis.com/stockflow-social/Batch01/Clips/V/Microscopic_Biological-Creatures_Tardigrade_20260314_0203_V.mp4,Microscopic World,0:02,"Download premium tardigrade stock footage — 4K video & 8K images. Part of our Biological Creatures collection. Royalty-free, no attribution required. Perfect for content creators, filmmakers, and designers. Instant download at stockflow.media",https://stockflow.media/?cat=Microscopic&sub=Biological+Creatures&collection=Tardigrade,2026-07-12 17:00:00,"microscopic, close-up, macro, translucent, segmented, eight-legged, arachnids, bio-luminescent, biol, stock footage, royalty free, 4k video, 8k images, tardigrade, biological creatures, microscopy, science, biology, microscope, cell biology"
Tardigrade | Microscopic Stock Video,https://storage.googleapis.com/stockflow-social/Batch01/Clips/V/Microscopic_Biological-Creatures_Tardigrade_20260314_0200_V.mp4,Microscopic World,0:02,"Download premium tardigrade stock footage — 4K video & 8K images. Part of our Biological Creatures collection. Royalty-free, no attribution required. Perfect for content creators, filmmakers, and designers. Instant download at stockflow.media",https://stockflow.media/?cat=Microscopic&sub=Biological+Creatures&collection=Tardigrade,2026-07-12 20:00:00,"tardigrade, microscopic, microbe, microcosm, close-up, macro, macro photography, translucent bubble, stock footage, royalty free, 4k video, 8k images, biological creatures, microscopy, science, biology, microscope, cell biology"
Eukaryotic Cell | Microscopic Stock Video,https://storage.googleapis.com/stockflow-social/Batch01/Clips/V/Microscopic_Biological-Creatures_Eukaryotic-Cell_20260314_0197_V.mp4,Microscopic World,0:02,"Download premium eukaryotic cell stock footage — 4K video & 8K images. Part of our Biological Creatures collection. Royalty-free, no attribution required. Perfect for content creators, filmmakers, and designers. Instant download at stockflow.media",https://stockflow.media/?cat=Microscopic&sub=Biological+Creatures&collection=Eukaryotic+Cell,2026-07-13 8:00:00,"cellular, cell, microscopy, microscopic, organelles, mitochondria, nucleus, membranes, intracellular, stock footage, royalty free, 4k video, 8k images, eukaryotic cell, biological creatures, science, biology, microscope, cell biology"
Eukaryotic Cell | Microscopic Stock Video,https://storage.googleapis.com/stockflow-social/Batch01/Clips/V/Microscopic_Biological-Creatures_Eukaryotic-Cell_20260314_0196_V.mp4,Microscopic World,0:02,"Download premium eukaryotic cell stock footage — 4K video & 8K images. Part of our Biological Creatures collection. Royalty-free, no attribution required. Perfect for content creators, filmmakers, and designers. Instant download at stockflow.media",https://stockflow.media/?cat=Microscopic&sub=Biological+Creatures&collection=Eukaryotic+Cell,2026-07-13 11:00:00,"microscopic, cell, cellular, bioluminescent, bioluminescence, glowing, central cell, membranes, laye, stock footage, royalty free, 4k video, 8k images, eukaryotic cell, biological creatures, microscopy, science, biology, microscope, cell biology"
Eukaryotic Cell | Microscopic Stock Video,https://storage.googleapis.com/stockflow-social/Batch01/Clips/V/Microscopic_Biological-Creatures_Eukaryotic-Cell_20260314_0193_V.mp4,Microscopic World,0:02,"Download premium eukaryotic cell stock footage — 4K video & 8K images. Part of our Biological Creatures collection. Royalty-free, no attribution required. Perfect for content creators, filmmakers, and designers. Instant download at stockflow.media",https://stockflow.media/?cat=Microscopic&sub=Biological+Creatures&collection=Eukaryotic+Cell,2026-07-13 14:00:00,"neon, cross-section, illustration, eukaryotic cell, cell anatomy, glowing nucleus, mitochondria, end, stock footage, royalty free, 4k video, 8k images, biological creatures, microscopy, science, biology, microscope, cell biology"
Planktonic | Microscopic Stock Video,https://storage.googleapis.com/stockflow-social/Batch01/Clips/V/Microscopic_Biological-Creatures_Planktonic_20260314_0190_V.mp4,Microscopic World,0:02,"Download premium planktonic stock footage — 4K video & 8K images. Part of our Biological Creatures collection. Royalty-free, no attribution required. Perfect for content creators, filmmakers, and designers. Instant download at stockflow.media",https://stockflow.media/?cat=Microscopic&sub=Biological+Creatures&collection=Planktonic,2026-07-13 17:00:00,"plankton, microorganisms, marine biology, underwater, turquoise water, aquatic life, microcosm, colo, stock footage, royalty free, 4k video, 8k images, planktonic, biological creatures, microscopy, science, biology, microscope, cell biology"
Planktonic | Microscopic Stock Video,https://storage.googleapis.com/stockflow-social/Batch01/Clips/V/Microscopic_Biological-Creatures_Planktonic_20260314_0189_V.mp4,Microscopic World,0:02,"Download premium planktonic stock footage — 4K video & 8K images. Part of our Biological Creatures collection. Royalty-free, no attribution required. Perfect for content creators, filmmakers, and designers. Instant download at stockflow.media",https://stockflow.media/?cat=Microscopic&sub=Biological+Creatures&collection=Planktonic,2026-07-13 20:00:00,"plankton, microscopic, planktonic, aquatic, underwater, turquoise, color-enhanced, microscopy, trans, stock footage, royalty free, 4k video, 8k images, biological creatures, science, biology, microscope, cell biology"
Planktonic | Microscopic Stock Video,https://storage.googleapis.com/stockflow-social/Batch01/Clips/V/Microscopic_Biological-Creatures_Planktonic_20260314_0188_V.mp4,Microscopic World,0:02,"Download premium planktonic stock footage — 4K video & 8K images. Part of our Biological Creatures collection. Royalty-free, no attribution required. Perfect for content creators, filmmakers, and designers. Instant download at stockflow.media",https://stockflow.media/?cat=Microscopic&sub=Biological+Creatures&collection=Planktonic,2026-07-14 8:00:00,"plankton, planktonic, microscopic, micro, colorful particles, shimmering particles, internal structu, stock footage, royalty free, 4k video, 8k images, biological creatures, microscopy, science, biology, microscope, cell biology"
Planktonic | Microscopic Stock Video,https://storage.googleapis.com/stockflow-social/Batch01/Clips/V/Microscopic_Biological-Creatures_Planktonic_20260314_0187_V.mp4,Microscopic World,0:02,"Download premium planktonic stock footage — 4K video & 8K images. Part of our Biological Creatures collection. Royalty-free, no attribution required. Perfect for content creators, filmmakers, and designers. Instant download at stockflow.media",https://stockflow.media/?cat=Microscopic&sub=Biological+Creatures&collection=Planktonic,2026-07-14 11:00:00,"plankton, bloom, microscopic, jelly-like, organisms, filaments, glowing, emerald, teal, magenta, hue, stock footage, royalty free, 4k video, 8k images, planktonic, biological creatures, microscopy, science, biology, microscope, cell biology"
Planktonic | Microscopic Stock Video,https://storage.googleapis.com/stockflow-social/Batch01/Clips/V/Microscopic_Biological-Creatures_Planktonic_20260314_0186_V.mp4,Microscopic World,0:02,"Download premium planktonic stock footage — 4K video & 8K images. Part of our Biological Creatures collection. Royalty-free, no attribution required. Perfect for content creators, filmmakers, and designers. Instant download at stockflow.media",https://stockflow.media/?cat=Microscopic&sub=Biological+Creatures&collection=Planktonic,2026-07-14 14:00:00,"plankton, microscopic, microorganisms, planktonic, aquatic, marine, translucent, jelly-like, bubbles, stock footage, royalty free, 4k video, 8k images, biological creatures, microscopy, science, biology, microscope, cell biology"
Planktonic | Microscopic Stock Video,https://storage.googleapis.com/stockflow-social/Batch01/Clips/V/Microscopic_Biological-Creatures_Planktonic_20260314_0185_V.mp4,Microscopic World,0:02,"Download premium planktonic stock footage — 4K video & 8K images. Part of our Biological Creatures collection. Royalty-free, no attribution required. Perfect for content creators, filmmakers, and designers. Instant download at stockflow.media",https://stockflow.media/?cat=Microscopic&sub=Biological+Creatures&collection=Planktonic,2026-07-14 17:00:00,"plankton, microscopic, stock footage, macro, underwater, marine, ocean, translucent, shimmering sphe, royalty free, 4k video, 8k images, planktonic, biological creatures, microscopy, science, biology, microscope, cell biology"
Planktonic | Microscopic Stock Video,https://storage.googleapis.com/stockflow-social/Batch01/Clips/V/Microscopic_Biological-Creatures_Planktonic_20260314_0184_V.mp4,Microscopic World,0:02,"Download premium planktonic stock footage — 4K video & 8K images. Part of our Biological Creatures collection. Royalty-free, no attribution required. Perfect for content creators, filmmakers, and designers. Instant download at stockflow.media",https://stockflow.media/?cat=Microscopic&sub=Biological+Creatures&collection=Planktonic,2026-07-14 20:00:00,"plankton, microscopic, color-enhanced, transparent, elongated, bubbles, internal-sacs, slow-motion, stock footage, royalty free, 4k video, 8k images, planktonic, biological creatures, microscopy, science, biology, microscope, cell biology"
Planktonic | Microscopic Stock Video,https://storage.googleapis.com/stockflow-social/Batch01/Clips/V/Microscopic_Biological-Creatures_Planktonic_20260314_0181_V.mp4,Microscopic World,0:02,"Download premium planktonic stock footage — 4K video & 8K images. Part of our Biological Creatures collection. Royalty-free, no attribution required. Perfect for content creators, filmmakers, and designers. Instant download at stockflow.media",https://stockflow.media/?cat=Microscopic&sub=Biological+Creatures&collection=Planktonic,2026-07-15 8:00:00,"plankton, crustacean, transparent, close-up, macro, underwater, ocean, blue, pink, hues, dark ocean, stock footage, royalty free, 4k video, 8k images, planktonic, biological creatures, microscopy, science, biology, microscope, cell biology"
Mitochondria | Microscopic Stock Video,https://storage.googleapis.com/stockflow-social/Batch01/Clips/V/Microscopic_Biological-Creatures_Mitochondria_20260314_0178_V.mp4,Microscopic World,0:02,"Download premium mitochondria stock footage — 4K video & 8K images. Part of our Biological Creatures collection. Royalty-free, no attribution required. Perfect for content creators, filmmakers, and designers. Instant download at stockflow.media",https://stockflow.media/?cat=Microscopic&sub=Biological+Creatures&collection=Mitochondria,2026-07-15 11:00:00,"mitochondrion, cristae, micrograph, cellular, cell biology, organelle, energy production, atp, mitoc, stock footage, royalty free, 4k video, 8k images, mitochondria, biological creatures, microscopy, science, biology, microscope"
Mitochondria | Microscopic Stock Video,https://storage.googleapis.com/stockflow-social/Batch01/Clips/V/Microscopic_Biological-Creatures_Mitochondria_20260314_0177_V.mp4,Microscopic World,0:02,"Download premium mitochondria stock footage — 4K video & 8K images. Part of our Biological Creatures collection. Royalty-free, no attribution required. Perfect for content creators, filmmakers, and designers. Instant download at stockflow.media",https://stockflow.media/?cat=Microscopic&sub=Biological+Creatures&collection=Mitochondria,2026-07-15 14:00:00,"mitochondrion, cellular respiration, inner membrane, cristae, tubular cristae, bioluminescent, biolu, stock footage, royalty free, 4k video, 8k images, mitochondria, biological creatures, microscopy, science, biology, microscope, cell biology"
Mitochondria | Microscopic Stock Video,https://storage.googleapis.com/stockflow-social/Batch01/Clips/V/Microscopic_Biological-Creatures_Mitochondria_20260314_0176_V.mp4,Microscopic World,0:02,"Download premium mitochondria stock footage — 4K video & 8K images. Part of our Biological Creatures collection. Royalty-free, no attribution required. Perfect for content creators, filmmakers, and designers. Instant download at stockflow.media",https://stockflow.media/?cat=Microscopic&sub=Biological+Creatures&collection=Mitochondria,2026-07-15 17:00:00,"micrographic, microscopic, tissue, cellular, cellular interiors, glowing cells, finger-like structur, stock footage, royalty free, 4k video, 8k images, mitochondria, biological creatures, microscopy, science, biology, microscope, cell biology"
Mitochondria | Microscopic Stock Video,https://storage.googleapis.com/stockflow-social/Batch01/Clips/V/Microscopic_Biological-Creatures_Mitochondria_20260314_0175_V.mp4,Microscopic World,0:02,"Download premium mitochondria stock footage — 4K video & 8K images. Part of our Biological Creatures collection. Royalty-free, no attribution required. Perfect for content creators, filmmakers, and designers. Instant download at stockflow.media",https://stockflow.media/?cat=Microscopic&sub=Biological+Creatures&collection=Mitochondria,2026-07-15 20:00:00,"mitochondrion, mitochondria, 3d animation, cellular biology, energy production, cellular powerhouses, stock footage, royalty free, 4k video, 8k images, biological creatures, microscopy, science, biology, microscope, cell biology"
Mitochondria | Microscopic Stock Video,https://storage.googleapis.com/stockflow-social/Batch01/Clips/V/Microscopic_Biological-Creatures_Mitochondria_20260314_0174_V.mp4,Microscopic World,0:02,"Download premium mitochondria stock footage — 4K video & 8K images. Part of our Biological Creatures collection. Royalty-free, no attribution required. Perfect for content creators, filmmakers, and designers. Instant download at stockflow.media",https://stockflow.media/?cat=Microscopic&sub=Biological+Creatures&collection=Mitochondria,2026-07-16 8:00:00,"high-magnification, blue filaments, spiraling filaments, tubular filaments, intertwining filaments, stock footage, royalty free, 4k video, 8k images, mitochondria, biological creatures, microscopy, science, biology, microscope, cell biology"
Mitochondria | Microscopic Stock Video,https://storage.googleapis.com/stockflow-social/Batch01/Clips/V/Microscopic_Biological-Creatures_Mitochondria_20260314_0167_V.mp4,Microscopic World,0:02,"Download premium mitochondria stock footage — 4K video & 8K images. Part of our Biological Creatures collection. Royalty-free, no attribution required. Perfect for content creators, filmmakers, and designers. Instant download at stockflow.media",https://stockflow.media/?cat=Microscopic&sub=Biological+Creatures&collection=Mitochondria,2026-07-16 11:00:00,"mitochondrion, 3d render, cristae, inner membrane, organelle, cellular energy, atp production, cellu, stock footage, royalty free, 4k video, 8k images, mitochondria, biological creatures, microscopy, science, biology, microscope, cell biology"
Cross Section | Microscopic Stock Video,https://storage.googleapis.com/stockflow-social/Batch01/Clips/V/Microscopic_Biological-Creatures_Cross-Section_20260314_0166_V.mp4,Microscopic World,0:02,"Download premium cross section stock footage — 4K video & 8K images. Part of our Biological Creatures collection. Royalty-free, no attribution required. Perfect for content creators, filmmakers, and designers. Instant download at stockflow.media",https://stockflow.media/?cat=Microscopic&sub=Biological+Creatures&collection=Cross+Section,2026-07-16 14:00:00,"vivid green, microscopic cross-section, plant stem, vascular bundles, plant cells, internal architec, stock footage, royalty free, 4k video, 8k images, cross section, biological creatures, microscopy, science, biology, microscope, cell biology"
Cross Section | Microscopic Stock Video,https://storage.googleapis.com/stockflow-social/Batch01/Clips/V/Microscopic_Biological-Creatures_Cross-Section_20260314_0165_V.mp4,Microscopic World,0:02,"Download premium cross section stock footage — 4K video & 8K images. Part of our Biological Creatures collection. Royalty-free, no attribution required. Perfect for content creators, filmmakers, and designers. Instant download at stockflow.media",https://stockflow.media/?cat=Microscopic&sub=Biological+Creatures&collection=Cross+Section,2026-07-16 17:00:00,"plant cell, micrographic, cross-section, cellular biology, organelles, cytoplasm, glowing green, edu, stock footage, royalty free, 4k video, 8k images, cross section, biological creatures, microscopy, science, biology, microscope, cell biology"
Cross Section | Microscopic Stock Video,https://storage.googleapis.com/stockflow-social/Batch01/Clips/V/Microscopic_Biological-Creatures_Cross-Section_20260314_0164_V.mp4,Microscopic World,0:02,"Download premium cross section stock footage — 4K video & 8K images. Part of our Biological Creatures collection. Royalty-free, no attribution required. Perfect for content creators, filmmakers, and designers. Instant download at stockflow.media",https://stockflow.media/?cat=Microscopic&sub=Biological+Creatures&collection=Cross+Section,2026-07-16 20:00:00,"plant cell, cell biology, cell wall, cytoplasm, organelles, central vacuole, plant anatomy, microgra, stock footage, royalty free, 4k video, 8k images, cross section, biological creatures, microscopy, science, biology, microscope"
Cross Section | Microscopic Stock Video,https://storage.googleapis.com/stockflow-social/Batch01/Clips/V/Microscopic_Biological-Creatures_Cross-Section_20260314_0163_V.mp4,Microscopic World,0:02,"Download premium cross section stock footage — 4K video & 8K images. Part of our Biological Creatures collection. Royalty-free, no attribution required. Perfect for content creators, filmmakers, and designers. Instant download at stockflow.media",https://stockflow.media/?cat=Microscopic&sub=Biological+Creatures&collection=Cross+Section,2026-07-17 8:00:00,"plant cell, cell biology, microscopic cross-section, vacuole, chloroplasts, endoplasmic reticulum, e, stock footage, royalty free, 4k video, 8k images, cross section, biological creatures, microscopy, science, biology, microscope"
Cross Section | Microscopic Stock Video,https://storage.googleapis.com/stockflow-social/Batch01/Clips/V/Microscopic_Biological-Creatures_Cross-Section_20260314_0162_V.mp4,Microscopic World,0:02,"Download premium cross section stock footage — 4K video & 8K images. Part of our Biological Creatures collection. Royalty-free, no attribution required. Perfect for content creators, filmmakers, and designers. Instant download at stockflow.media",https://stockflow.media/?cat=Microscopic&sub=Biological+Creatures&collection=Cross+Section,2026-07-17 11:00:00,"plant cell, magnified, cross-section, nucleus, chloroplasts, cellular structures, green, micro-world, stock footage, royalty free, 4k video, 8k images, cross section, biological creatures, microscopy, science, biology, microscope, cell biology"
Cross Section | Microscopic Stock Video,https://storage.googleapis.com/stockflow-social/Batch01/Clips/V/Microscopic_Biological-Creatures_Cross-Section_20260314_0161_V.mp4,Microscopic World,0:02,"Download premium cross section stock footage — 4K video & 8K images. Part of our Biological Creatures collection. Royalty-free, no attribution required. Perfect for content creators, filmmakers, and designers. Instant download at stockflow.media",https://stockflow.media/?cat=Microscopic&sub=Biological+Creatures&collection=Cross+Section,2026-07-17 14:00:00,"plant cells, cell walls, chloroplasts, cytoplasm, organelles, intracellular, high-contrast green, pl, stock footage, royalty free, 4k video, 8k images, cross section, biological creatures, microscopy, science, biology, microscope, cell biology"
Cross Section | Microscopic Stock Video,https://storage.googleapis.com/stockflow-social/Batch01/Clips/V/Microscopic_Biological-Creatures_Cross-Section_20260314_0160_V.mp4,Microscopic World,0:02,"Download premium cross section stock footage — 4K video & 8K images. Part of our Biological Creatures collection. Royalty-free, no attribution required. Perfect for content creators, filmmakers, and designers. Instant download at stockflow.media",https://stockflow.media/?cat=Microscopic&sub=Biological+Creatures&collection=Cross+Section,2026-07-17 17:00:00,"plant tissue, cross-section, microscopic view, magnified, chloroplasts, cell walls, vacuoles, plant, stock footage, royalty free, 4k video, 8k images, cross section, biological creatures, microscopy, science, biology, microscope, cell biology"
Cross Section | Microscopic Stock Video,https://storage.googleapis.com/stockflow-social/Batch01/Clips/V/Microscopic_Biological-Creatures_Cross-Section_20260314_0156_V.mp4,Microscopic World,0:02,"Download premium cross section stock footage — 4K video & 8K images. Part of our Biological Creatures collection. Royalty-free, no attribution required. Perfect for content creators, filmmakers, and designers. Instant download at stockflow.media",https://stockflow.media/?cat=Microscopic&sub=Biological+Creatures&collection=Cross+Section,2026-07-17 20:00:00,"plant, plantcell, cellstructure, chloroplasts, chloroplast, mitochondria, vacuole, centralvacuole, v, stock footage, royalty free, 4k video, 8k images, cross section, biological creatures, microscopy, science, biology, microscope, cell biology"
Intracellular | Microscopic Stock Video,https://storage.googleapis.com/stockflow-social/Batch01/Clips/V/Microscopic_Biological-Creatures_Intracellular_20260314_0152_V.mp4,Microscopic World,0:02,"Download premium intracellular stock footage — 4K video & 8K images. Part of our Biological Creatures collection. Royalty-free, no attribution required. Perfect for content creators, filmmakers, and designers. Instant download at stockflow.media",https://stockflow.media/?cat=Microscopic&sub=Biological+Creatures&collection=Intracellular,2026-07-18 8:00:00,"microscopic, cells, bacteria, colorful, glowing, fluorescent, fluid, environment, drifting, motion, stock footage, royalty free, 4k video, 8k images, intracellular, biological creatures, microscopy, science, biology, microscope, cell biology"
Intracellular | Microscopic Stock Video,https://storage.googleapis.com/stockflow-social/Batch01/Clips/V/Microscopic_Biological-Creatures_Intracellular_20260314_0151_V.mp4,Microscopic World,0:02,"Download premium intracellular stock footage — 4K video & 8K images. Part of our Biological Creatures collection. Royalty-free, no attribution required. Perfect for content creators, filmmakers, and designers. Instant download at stockflow.media",https://stockflow.media/?cat=Microscopic&sub=Biological+Creatures&collection=Intracellular,2026-07-18 11:00:00,"cellular, cells, cell biology, mitochondria, blue mitochondria, organelles, intracellular, intracell, stock footage, royalty free, 4k video, 8k images, biological creatures, microscopy, science, biology, microscope"
Intracellular | Microscopic Stock Video,https://storage.googleapis.com/stockflow-social/Batch01/Clips/V/Microscopic_Biological-Creatures_Intracellular_20260314_0150_V.mp4,Microscopic World,0:02,"Download premium intracellular stock footage — 4K video & 8K images. Part of our Biological Creatures collection. Royalty-free, no attribution required. Perfect for content creators, filmmakers, and designers. Instant download at stockflow.media",https://stockflow.media/?cat=Microscopic&sub=Biological+Creatures&collection=Intracellular,2026-07-18 14:00:00,"microscopic, cellular, cells, intracellular, organelles, membranes, mitochondria, vesicles, vibrant, stock footage, royalty free, 4k video, 8k images, biological creatures, microscopy, science, biology, microscope, cell biology"
Intracellular | Microscopic Stock Video,https://storage.googleapis.com/stockflow-social/Batch01/Clips/V/Microscopic_Biological-Creatures_Intracellular_20260314_0149_V.mp4,Microscopic World,0:02,"Download premium intracellular stock footage — 4K video & 8K images. Part of our Biological Creatures collection. Royalty-free, no attribution required. Perfect for content creators, filmmakers, and designers. Instant download at stockflow.media",https://stockflow.media/?cat=Microscopic&sub=Biological+Creatures&collection=Intracellular,2026-07-18 17:00:00,"elongated cell, translucent cell, blue spheres, subcellular activity, microscopic world, fluorescenc, stock footage, royalty free, 4k video, 8k images, intracellular, biological creatures, microscopy, science, biology, microscope, cell biology"
Intracellular | Microscopic Stock Video,https://storage.googleapis.com/stockflow-social/Batch01/Clips/V/Microscopic_Biological-Creatures_Intracellular_20260314_0143_V.mp4,Microscopic World,0:02,"Download premium intracellular stock footage — 4K video & 8K images. Part of our Biological Creatures collection. Royalty-free, no attribution required. Perfect for content creators, filmmakers, and designers. Instant download at stockflow.media",https://stockflow.media/?cat=Microscopic&sub=Biological+Creatures&collection=Intracellular,2026-07-18 20:00:00,"intracellular, organelle, dna, spiralingdna, cell, cellular, membranebound, nucleus, mitochondria, b, stock footage, royalty free, 4k video, 8k images, biological creatures, microscopy, science, biology, microscope, cell biology"
Bacteria | Microscopic Stock Video,https://storage.googleapis.com/stockflow-social/Batch01/Clips/V/Microscopic_Biological-Creatures_Bacteria_20260314_0137_V.mp4,Microscopic World,0:02,"Download premium bacteria stock footage — 4K video & 8K images. Part of our Biological Creatures collection. Royalty-free, no attribution required. Perfect for content creators, filmmakers, and designers. Instant download at stockflow.media",https://stockflow.media/?cat=Microscopic&sub=Biological+Creatures&collection=Bacteria,2026-07-19 8:00:00,"electron microscopy, sem, scanning electron microscopy, high-resolution, micrograph, microbiology, s, stock footage, royalty free, 4k video, 8k images, bacteria, biological creatures, microscopy, science, biology, microscope, cell biology"
Bacteria | Microscopic Stock Video,https://storage.googleapis.com/stockflow-social/Batch01/Clips/V/Microscopic_Biological-Creatures_Bacteria_20260314_0136_V.mp4,Microscopic World,0:02,"Download premium bacteria stock footage — 4K video & 8K images. Part of our Biological Creatures collection. Royalty-free, no attribution required. Perfect for content creators, filmmakers, and designers. Instant download at stockflow.media",https://stockflow.media/?cat=Microscopic&sub=Biological+Creatures&collection=Bacteria,2026-07-19 11:00:00,"bacterium, rod-shaped, bacillus, bacteria, microorganism, flagella, flagellated, hair-like appendage, stock footage, royalty free, 4k video, 8k images, biological creatures, microscopy, science, biology, microscope, cell biology"