Title,Media URL,Pinterest board,Thumbnail,Description,Link,Publish date,Keywords
Bacteria | Microscopic Stock Video,https://storage.googleapis.com/stockflow-social/Batch01/Clips/V/Microscopic_Biological-Creatures_Bacteria_20260314_0135_V.mp4,Microscopic World,0:02,"Download premium bacteria stock footage — 4K video & 8K images. Part of our Biological Creatures collection. Royalty-free, no attribution required. Perfect for content creators, filmmakers, and designers. Instant download at stockflow.media",https://stockflow.media/?cat=Microscopic&sub=Biological+Creatures&collection=Bacteria,2026-07-19 14:00:00,"bacteria, bacterial cells, chain of bacteria, sem, scanning electron micrograph, electron microscopy, stock footage, royalty free, 4k video, 8k images, biological creatures, microscopy, science, biology, microscope, cell biology"
Bacteria | Microscopic Stock Video,https://storage.googleapis.com/stockflow-social/Batch01/Clips/V/Microscopic_Biological-Creatures_Bacteria_20260314_0134_V.mp4,Microscopic World,0:02,"Download premium bacteria stock footage — 4K video & 8K images. Part of our Biological Creatures collection. Royalty-free, no attribution required. Perfect for content creators, filmmakers, and designers. Instant download at stockflow.media",https://stockflow.media/?cat=Microscopic&sub=Biological+Creatures&collection=Bacteria,2026-07-19 17:00:00,"microscopic, microbe, microorganism, spindle-shaped, fusiform, segmented, bead-like, surface-structu, stock footage, royalty free, 4k video, 8k images, bacteria, biological creatures, microscopy, science, biology, microscope, cell biology"
Alien | Microscopic Stock Video,https://storage.googleapis.com/stockflow-social/Batch01/Clips/V/Microscopic_Biological-Creatures_Alien_20260314_0125_V.mp4,Microscopic World,0:02,"Download premium alien stock footage — 4K video & 8K images. Part of our Biological Creatures collection. Royalty-free, no attribution required. Perfect for content creators, filmmakers, and designers. Instant download at stockflow.media",https://stockflow.media/?cat=Microscopic&sub=Biological+Creatures&collection=Alien,2026-07-19 20:00:00,"jellyfish-like, transparent, glowing, green, red, cellular clusters, colonies, vibrant internal stru, stock footage, royalty free, 4k video, 8k images, alien, biological creatures, microscopy, science, biology, microscope, cell biology"
Alien | Microscopic Stock Video,https://storage.googleapis.com/stockflow-social/Batch01/Clips/V/Microscopic_Biological-Creatures_Alien_20260314_0124_V.mp4,Microscopic World,0:02,"Download premium alien stock footage — 4K video & 8K images. Part of our Biological Creatures collection. Royalty-free, no attribution required. Perfect for content creators, filmmakers, and designers. Instant download at stockflow.media",https://stockflow.media/?cat=Microscopic&sub=Biological+Creatures&collection=Alien,2026-07-20 8:00:00,"macro, macro photography, underwater, aquatic, organism, translucent, bioluminescent, glowing, cells, stock footage, royalty free, 4k video, 8k images, alien, biological creatures, microscopy, science, biology, microscope, cell biology"
Alien | Microscopic Stock Video,https://storage.googleapis.com/stockflow-social/Batch01/Clips/V/Microscopic_Biological-Creatures_Alien_20260314_0123_V.mp4,Microscopic World,0:02,"Download premium alien stock footage — 4K video & 8K images. Part of our Biological Creatures collection. Royalty-free, no attribution required. Perfect for content creators, filmmakers, and designers. Instant download at stockflow.media",https://stockflow.media/?cat=Microscopic&sub=Biological+Creatures&collection=Alien,2026-07-20 11:00:00,"microscopic, jellyfish, jellyfish-like, glowing, bioluminescent, organisms, micro life, surreal, ali, stock footage, royalty free, 4k video, 8k images, alien, biological creatures, microscopy, science, biology, microscope, cell biology"
Bacillus | Microscopic Stock Video,https://storage.googleapis.com/stockflow-social/Batch01/Clips/V/Microscopic_Bacteria_Bacillus_20260314_0122_V.mp4,Microscopic World,0:02,"Download premium bacillus stock footage — 4K video & 8K images. Part of our Bacteria collection. Royalty-free, no attribution required. Perfect for content creators, filmmakers, and designers. Instant download at stockflow.media",https://stockflow.media/?cat=Microscopic&sub=Bacteria&collection=Bacillus,2026-07-20 14:00:00,"close-up, high-contrast, bacilli, bacteria, microscopic, rod-shaped, amber, warm tones, bacterial ce, stock footage, royalty free, 4k video, 8k images, bacillus, microscopy, science, biology, microscope, cell biology"
Filaments | Microscopic Stock Video,https://storage.googleapis.com/stockflow-social/Batch01/Clips/V/Microscopic_Actin_Filaments_20260314_0107_V.mp4,Microscopic World,0:02,"Download premium filaments stock footage — 4K video & 8K images. Part of our Actin collection. Royalty-free, no attribution required. Perfect for content creators, filmmakers, and designers. Instant download at stockflow.media",https://stockflow.media/?cat=Microscopic&sub=Actin&collection=Filaments,2026-07-20 17:00:00,"fluorescent microscopy, fluorescence imaging, actin filaments, actin cytoskeleton, green actin, gree, stock footage, royalty free, 4k video, 8k images, filaments, actin, microscopy, science, biology, microscope, cell biology"
Filaments | Microscopic Stock Video,https://storage.googleapis.com/stockflow-social/Batch01/Clips/V/Microscopic_Actin_Filaments_20260314_0106_V.mp4,Microscopic World,0:02,"Download premium filaments stock footage — 4K video & 8K images. Part of our Actin collection. Royalty-free, no attribution required. Perfect for content creators, filmmakers, and designers. Instant download at stockflow.media",https://stockflow.media/?cat=Microscopic&sub=Actin&collection=Filaments,2026-07-20 20:00:00,"actin filaments, cytoskeleton, fluorescence microscopy, cellular network, blue nuclei, green intrace, stock footage, royalty free, 4k video, 8k images, filaments, actin, microscopy, science, biology, microscope, cell biology"
Filaments | Microscopic Stock Video,https://storage.googleapis.com/stockflow-social/Batch01/Clips/V/Microscopic_Actin_Filaments_20260314_0105_V.mp4,Microscopic World,0:02,"Download premium filaments stock footage — 4K video & 8K images. Part of our Actin collection. Royalty-free, no attribution required. Perfect for content creators, filmmakers, and designers. Instant download at stockflow.media",https://stockflow.media/?cat=Microscopic&sub=Actin&collection=Filaments,2026-07-21 8:00:00,"fluorescent cell image, cytoskeleton, actin filaments, red actin, blue nucleus, green cellular struc, stock footage, royalty free, 4k video, 8k images, filaments, actin, microscopy, science, biology, microscope, cell biology"
Membrane | Microscopic Stock Video,https://storage.googleapis.com/stockflow-social/Batch01/Clips/V/Microscopic_Virus_Membrane_20260314_0098_V.mp4,Microscopic World,0:02,"Download premium membrane stock footage — 4K video & 8K images. Part of our Virus collection. Royalty-free, no attribution required. Perfect for content creators, filmmakers, and designers. Instant download at stockflow.media",https://stockflow.media/?cat=Microscopic&sub=Virus&collection=Membrane,2026-07-21 11:00:00,"virus, virus particle, spiky virus, virology, cell membrane, blue cells, cell membranes, dense cellu, stock footage, royalty free, 4k video, 8k images, membrane, microscopy, science, biology, microscope, cell biology"
Membrane | Microscopic Stock Video,https://storage.googleapis.com/stockflow-social/Batch01/Clips/V/Microscopic_Virus_Membrane_20260314_0097_V.mp4,Microscopic World,0:02,"Download premium membrane stock footage — 4K video & 8K images. Part of our Virus collection. Royalty-free, no attribution required. Perfect for content creators, filmmakers, and designers. Instant download at stockflow.media",https://stockflow.media/?cat=Microscopic&sub=Virus&collection=Membrane,2026-07-21 14:00:00,"virus, virus particle, spike, cellular membrane, host interaction, virus-host interaction, blue cell, stock footage, royalty free, 4k video, 8k images, membrane, microscopy, science, biology, microscope, cell biology"
Membrane | Microscopic Stock Video,https://storage.googleapis.com/stockflow-social/Batch01/Clips/V/Microscopic_Virus_Membrane_20260314_0096_V.mp4,Microscopic World,0:02,"Download premium membrane stock footage — 4K video & 8K images. Part of our Virus collection. Royalty-free, no attribution required. Perfect for content creators, filmmakers, and designers. Instant download at stockflow.media",https://stockflow.media/?cat=Microscopic&sub=Virus&collection=Membrane,2026-07-21 17:00:00,"cell membrane, receptors, blue receptors, viral particles, viruses, virus attachment, virus-cell int, stock footage, royalty free, 4k video, 8k images, membrane, virus, microscopy, science, biology, microscope, cell biology"
Membrane | Microscopic Stock Video,https://storage.googleapis.com/stockflow-social/Batch01/Clips/V/Microscopic_Virus_Membrane_20260314_0095_V.mp4,Microscopic World,0:02,"Download premium membrane stock footage — 4K video & 8K images. Part of our Virus collection. Royalty-free, no attribution required. Perfect for content creators, filmmakers, and designers. Instant download at stockflow.media",https://stockflow.media/?cat=Microscopic&sub=Virus&collection=Membrane,2026-07-21 20:00:00,"virus, virus particle, cell membrane, spike proteins, blue membrane, cellular interface, viral attac, stock footage, royalty free, 4k video, 8k images, membrane, microscopy, science, biology, microscope, cell biology"
Membrane | Microscopic Stock Video,https://storage.googleapis.com/stockflow-social/Batch01/Clips/V/Microscopic_Virus_Membrane_20260314_0094_V.mp4,Microscopic World,0:02,"Download premium membrane stock footage — 4K video & 8K images. Part of our Virus collection. Royalty-free, no attribution required. Perfect for content creators, filmmakers, and designers. Instant download at stockflow.media",https://stockflow.media/?cat=Microscopic&sub=Virus&collection=Membrane,2026-07-22 8:00:00,"close-up, virus particle, cellular structures, finger-like projections, surface texture, intricate d, stock footage, royalty free, 4k video, 8k images, membrane, virus, microscopy, science, biology, microscope, cell biology"
Membrane | Microscopic Stock Video,https://storage.googleapis.com/stockflow-social/Batch01/Clips/V/Microscopic_Virus_Membrane_20260314_0093_V.mp4,Microscopic World,0:02,"Download premium membrane stock footage — 4K video & 8K images. Part of our Virus collection. Royalty-free, no attribution required. Perfect for content creators, filmmakers, and designers. Instant download at stockflow.media",https://stockflow.media/?cat=Microscopic&sub=Virus&collection=Membrane,2026-07-22 11:00:00,"pathogen, virus, spherical pathogen, cellular surface, cell biology, biotechnology, biomedicine, mic, stock footage, royalty free, 4k video, 8k images, membrane, microscopy, science, biology, microscope"
Membrane | Microscopic Stock Video,https://storage.googleapis.com/stockflow-social/Batch01/Clips/V/Microscopic_Virus_Membrane_20260314_0092_V.mp4,Microscopic World,0:02,"Download premium membrane stock footage — 4K video & 8K images. Part of our Virus collection. Royalty-free, no attribution required. Perfect for content creators, filmmakers, and designers. Instant download at stockflow.media",https://stockflow.media/?cat=Microscopic&sub=Virus&collection=Membrane,2026-07-22 14:00:00,"virus, viral particle, spiky virus, spike protein, virion, virology, microbiology, micrograph, micro, stock footage, royalty free, 4k video, 8k images, membrane, microscopy, science, biology, microscope, cell biology"
Membrane | Microscopic Stock Video,https://storage.googleapis.com/stockflow-social/Batch01/Clips/V/Microscopic_Virus_Membrane_20260314_0091_V.mp4,Microscopic World,0:02,"Download premium membrane stock footage — 4K video & 8K images. Part of our Virus collection. Royalty-free, no attribution required. Perfect for content creators, filmmakers, and designers. Instant download at stockflow.media",https://stockflow.media/?cat=Microscopic&sub=Virus&collection=Membrane,2026-07-22 17:00:00,"virus, virus-entry, viral entry, host-cell interaction, cell membrane, membrane surface, receptor bi, stock footage, royalty free, 4k video, 8k images, membrane, microscopy, science, biology, microscope, cell biology"
Membrane | Microscopic Stock Video,https://storage.googleapis.com/stockflow-social/Batch01/Clips/V/Microscopic_Virus_Membrane_20260314_0090_V.mp4,Microscopic World,0:02,"Download premium membrane stock footage — 4K video & 8K images. Part of our Virus collection. Royalty-free, no attribution required. Perfect for content creators, filmmakers, and designers. Instant download at stockflow.media",https://stockflow.media/?cat=Microscopic&sub=Virus&collection=Membrane,2026-07-22 20:00:00,"virus, virus particle, spike proteins, cellular membrane, cells, tangled filaments, filaments, viral, stock footage, royalty free, 4k video, 8k images, membrane, microscopy, science, biology, microscope, cell biology"
Membrane | Microscopic Stock Video,https://storage.googleapis.com/stockflow-social/Batch01/Clips/V/Microscopic_Virus_Membrane_20260314_0089_V.mp4,Microscopic World,0:02,"Download premium membrane stock footage — 4K video & 8K images. Part of our Virus collection. Royalty-free, no attribution required. Perfect for content creators, filmmakers, and designers. Instant download at stockflow.media",https://stockflow.media/?cat=Microscopic&sub=Virus&collection=Membrane,2026-07-23 8:00:00,"virus, virusparticle, virion, spikeproteins, spike, viruscellinteraction, virology, virologyfootage, stock footage, royalty free, 4k video, 8k images, membrane, microscopy, science, biology, microscope, cell biology"
Membrane | Microscopic Stock Video,https://storage.googleapis.com/stockflow-social/Batch01/Clips/V/Microscopic_Virus_Membrane_20260314_0088_V.mp4,Microscopic World,0:02,"Download premium membrane stock footage — 4K video & 8K images. Part of our Virus collection. Royalty-free, no attribution required. Perfect for content creators, filmmakers, and designers. Instant download at stockflow.media",https://stockflow.media/?cat=Microscopic&sub=Virus&collection=Membrane,2026-07-23 11:00:00,"virus, virus particle, cellular membrane, spike proteins, spike-like projections, spikes, cell membr, stock footage, royalty free, 4k video, 8k images, membrane, microscopy, science, biology, microscope, cell biology"
Membrane | Microscopic Stock Video,https://storage.googleapis.com/stockflow-social/Batch01/Clips/V/Microscopic_Virus_Membrane_20260314_0087_V.mp4,Microscopic World,0:02,"Download premium membrane stock footage — 4K video & 8K images. Part of our Virus collection. Royalty-free, no attribution required. Perfect for content creators, filmmakers, and designers. Instant download at stockflow.media",https://stockflow.media/?cat=Microscopic&sub=Virus&collection=Membrane,2026-07-23 14:00:00,"virus, virus particle, cell membrane, spike proteins, biomolecules, viral attachment, viral entry, c, stock footage, royalty free, 4k video, 8k images, membrane, microscopy, science, biology, microscope, cell biology"
Membrane | Microscopic Stock Video,https://storage.googleapis.com/stockflow-social/Batch01/Clips/V/Microscopic_Virus_Membrane_20260314_0086_V.mp4,Microscopic World,0:02,"Download premium membrane stock footage — 4K video & 8K images. Part of our Virus collection. Royalty-free, no attribution required. Perfect for content creators, filmmakers, and designers. Instant download at stockflow.media",https://stockflow.media/?cat=Microscopic&sub=Virus&collection=Membrane,2026-07-23 17:00:00,"virus, cellular membrane, spike proteins, lipid bilayer, mitochondria, cell membrane, virology, elec, stock footage, royalty free, 4k video, 8k images, membrane, microscopy, science, biology, microscope, cell biology"
Membrane | Microscopic Stock Video,https://storage.googleapis.com/stockflow-social/Batch01/Clips/V/Microscopic_Virus_Membrane_20260314_0085_V.mp4,Microscopic World,0:02,"Download premium membrane stock footage — 4K video & 8K images. Part of our Virus collection. Royalty-free, no attribution required. Perfect for content creators, filmmakers, and designers. Instant download at stockflow.media",https://stockflow.media/?cat=Microscopic&sub=Virus&collection=Membrane,2026-07-23 20:00:00,"microscope, cell, cellular, biology, high-detail, stylized, microscopic, particle, cell-surface, org, stock footage, royalty free, 4k video, 8k images, membrane, virus, microscopy, science, cell biology"
Membrane | Microscopic Stock Video,https://storage.googleapis.com/stockflow-social/Batch01/Clips/V/Microscopic_Virus_Membrane_20260314_0084_V.mp4,Microscopic World,0:02,"Download premium membrane stock footage — 4K video & 8K images. Part of our Virus collection. Royalty-free, no attribution required. Perfect for content creators, filmmakers, and designers. Instant download at stockflow.media",https://stockflow.media/?cat=Microscopic&sub=Virus&collection=Membrane,2026-07-24 8:00:00,"virus, virus animation, coronavirus, spikes, cell membrane, viral attachment, early infection, virol, stock footage, royalty free, 4k video, 8k images, membrane, microscopy, science, biology, microscope, cell biology"
Membrane | Microscopic Stock Video,https://storage.googleapis.com/stockflow-social/Batch01/Clips/V/Microscopic_Virus_Membrane_20260314_0083_V.mp4,Microscopic World,0:02,"Download premium membrane stock footage — 4K video & 8K images. Part of our Virus collection. Royalty-free, no attribution required. Perfect for content creators, filmmakers, and designers. Instant download at stockflow.media",https://stockflow.media/?cat=Microscopic&sub=Virus&collection=Membrane,2026-07-24 11:00:00,"virus, virus particles, cell membrane, viral entry, tubular spikes, lipid bilayer, membrane interfac, stock footage, royalty free, 4k video, 8k images, membrane, microscopy, science, biology, microscope, cell biology"
Membrane | Microscopic Stock Video,https://storage.googleapis.com/stockflow-social/Batch01/Clips/V/Microscopic_Virus_Membrane_20260314_0082_V.mp4,Microscopic World,0:02,"Download premium membrane stock footage — 4K video & 8K images. Part of our Virus collection. Royalty-free, no attribution required. Perfect for content creators, filmmakers, and designers. Instant download at stockflow.media",https://stockflow.media/?cat=Microscopic&sub=Virus&collection=Membrane,2026-07-24 14:00:00,"virus, virus-host interaction, cell membrane, membrane, cellular biology, virology, spike proteins, stock footage, royalty free, 4k video, 8k images, microscopy, science, biology, microscope, cell biology"
Membrane | Microscopic Stock Video,https://storage.googleapis.com/stockflow-social/Batch01/Clips/V/Microscopic_Virus_Membrane_20260314_0081_V.mp4,Microscopic World,0:02,"Download premium membrane stock footage — 4K video & 8K images. Part of our Virus collection. Royalty-free, no attribution required. Perfect for content creators, filmmakers, and designers. Instant download at stockflow.media",https://stockflow.media/?cat=Microscopic&sub=Virus&collection=Membrane,2026-07-24 17:00:00,"virus, virology, red virus, cellular membrane, cell membrane, infection, viral attachment, virus par, stock footage, royalty free, 4k video, 8k images, membrane, microscopy, science, biology, microscope, cell biology"
Membrane | Microscopic Stock Video,https://storage.googleapis.com/stockflow-social/Batch01/Clips/V/Microscopic_Virus_Membrane_20260314_0080_V.mp4,Microscopic World,0:02,"Download premium membrane stock footage — 4K video & 8K images. Part of our Virus collection. Royalty-free, no attribution required. Perfect for content creators, filmmakers, and designers. Instant download at stockflow.media",https://stockflow.media/?cat=Microscopic&sub=Virus&collection=Membrane,2026-07-24 20:00:00,"pathogen, virus, red particle, pink cells, yellow structures, dark teal background, cellular boundar, stock footage, royalty free, 4k video, 8k images, membrane, microscopy, science, biology, microscope, cell biology"
Membrane | Microscopic Stock Video,https://storage.googleapis.com/stockflow-social/Batch01/Clips/V/Microscopic_Virus_Membrane_20260314_0002_V.mp4,Microscopic World,0:02,"Download premium membrane stock footage — 4K video & 8K images. Part of our Virus collection. Royalty-free, no attribution required. Perfect for content creators, filmmakers, and designers. Instant download at stockflow.media",https://stockflow.media/?cat=Microscopic&sub=Virus&collection=Membrane,2026-07-25 8:00:00,"virus, virus particle, viral entry, cell membrane, cellular membrane, membrane, cellular biology, vi, stock footage, royalty free, 4k video, 8k images, microscopy, science, biology, microscope, cell biology"
Thai Noodle Soup | Food Beverage Stock Video,https://storage.googleapis.com/stockflow-social/Batch01/Clips/V/Food-Beverage_Food-Menu_Thai-Noodle-Soup_20260215_000527_V.mp4,Food & Beverage,0:02,"Download premium thai noodle soup stock footage — 4K video & 8K images. Part of our Food Menu collection. Royalty-free, no attribution required. Perfect for content creators, filmmakers, and designers. Instant download at stockflow.media",https://stockflow.media/?cat=Food+Beverage&sub=Food+Menu&collection=Thai+Noodle+Soup,2026-07-25 11:00:00,"thai, thai noodle soup, shrimp, noodle soup, fresh herbs, lime wedges, bean sprouts, crispy fried no, stock footage, royalty free, 4k video, 8k images, food menu, food photography, culinary, restaurant, food video, recipe"
Thai Noodle Soup | Food Beverage Stock Video,https://storage.googleapis.com/stockflow-social/Batch01/Clips/V/Food-Beverage_Food-Menu_Thai-Noodle-Soup_20260215_000526_V.mp4,Food & Beverage,0:02,"Download premium thai noodle soup stock footage — 4K video & 8K images. Part of our Food Menu collection. Royalty-free, no attribution required. Perfect for content creators, filmmakers, and designers. Instant download at stockflow.media",https://stockflow.media/?cat=Food+Beverage&sub=Food+Menu&collection=Thai+Noodle+Soup,2026-07-25 14:00:00,"thai noodle soup, steaming bowl, yellow noodles, chopsticks, shrimp, meatballs, lime, fresh herbs, c, stock footage, royalty free, 4k video, 8k images, food menu, food photography, culinary, restaurant, food video, recipe"
Thai Noodle Soup | Food Beverage Stock Video,https://storage.googleapis.com/stockflow-social/Batch01/Clips/V/Food-Beverage_Food-Menu_Thai-Noodle-Soup_20260215_000525_V.mp4,Food & Beverage,0:02,"Download premium thai noodle soup stock footage — 4K video & 8K images. Part of our Food Menu collection. Royalty-free, no attribution required. Perfect for content creators, filmmakers, and designers. Instant download at stockflow.media",https://stockflow.media/?cat=Food+Beverage&sub=Food+Menu&collection=Thai+Noodle+Soup,2026-07-25 17:00:00,"thai noodle soup, steaming, shrimp, meatballs, herbs, chilies, fried noodles, asian cuisine, thai fo, stock footage, royalty free, 4k video, 8k images, food menu, food photography, culinary, restaurant, food video, recipe"
Thai Noodle Soup | Food Beverage Stock Video,https://storage.googleapis.com/stockflow-social/Batch01/Clips/V/Food-Beverage_Food-Menu_Thai-Noodle-Soup_20260215_000524_V.mp4,Food & Beverage,0:02,"Download premium thai noodle soup stock footage — 4K video & 8K images. Part of our Food Menu collection. Royalty-free, no attribution required. Perfect for content creators, filmmakers, and designers. Instant download at stockflow.media",https://stockflow.media/?cat=Food+Beverage&sub=Food+Menu&collection=Thai+Noodle+Soup,2026-07-25 20:00:00,"thai noodle soup, shrimp, steaming bowl, fresh herbs, lime, red onion, chili, crispy fried noodles, stock footage, royalty free, 4k video, 8k images, food menu, food photography, culinary, restaurant, food video, recipe"
Thai Noodle Soup | Food Beverage Stock Video,https://storage.googleapis.com/stockflow-social/Batch01/Clips/V/Food-Beverage_Food-Menu_Thai-Noodle-Soup_20260215_000523_V.mp4,Food & Beverage,0:02,"Download premium thai noodle soup stock footage — 4K video & 8K images. Part of our Food Menu collection. Royalty-free, no attribution required. Perfect for content creators, filmmakers, and designers. Instant download at stockflow.media",https://stockflow.media/?cat=Food+Beverage&sub=Food+Menu&collection=Thai+Noodle+Soup,2026-07-26 8:00:00,"thai, thai food, thai noodle soup, noodle soup, asian cuisine, street food, broth, steaming bowl, be, stock footage, royalty free, 4k video, 8k images, food menu, food photography, culinary, restaurant, food video, recipe"
Thai Noodle Soup | Food Beverage Stock Video,https://storage.googleapis.com/stockflow-social/Batch01/Clips/V/Food-Beverage_Food-Menu_Thai-Noodle-Soup_20260215_000522_V.mp4,Food & Beverage,0:02,"Download premium thai noodle soup stock footage — 4K video & 8K images. Part of our Food Menu collection. Royalty-free, no attribution required. Perfect for content creators, filmmakers, and designers. Instant download at stockflow.media",https://stockflow.media/?cat=Food+Beverage&sub=Food+Menu&collection=Thai+Noodle+Soup,2026-07-26 11:00:00,"thai noodle soup, steaming bowl, tender chunks, fresh herbs, bean sprouts, spicy broth, lime, chili, stock footage, royalty free, 4k video, 8k images, food menu, food photography, culinary, restaurant, food video, recipe"
Thai Noodle Soup | Food Beverage Stock Video,https://storage.googleapis.com/stockflow-social/Batch01/Clips/V/Food-Beverage_Food-Menu_Thai-Noodle-Soup_20260215_000521_V.mp4,Food & Beverage,0:02,"Download premium thai noodle soup stock footage — 4K video & 8K images. Part of our Food Menu collection. Royalty-free, no attribution required. Perfect for content creators, filmmakers, and designers. Instant download at stockflow.media",https://stockflow.media/?cat=Food+Beverage&sub=Food+Menu&collection=Thai+Noodle+Soup,2026-07-26 14:00:00,"thai noodle soup, steaming bowl, thai cuisine, bean sprouts, cilantro, lime, red chili, fresh herbs, stock footage, royalty free, 4k video, 8k images, food menu, food photography, culinary, restaurant, food video, recipe"
Thai Noodle Soup | Food Beverage Stock Video,https://storage.googleapis.com/stockflow-social/Batch01/Clips/V/Food-Beverage_Food-Menu_Thai-Noodle-Soup_20260215_000520_V.mp4,Food & Beverage,0:02,"Download premium thai noodle soup stock footage — 4K video & 8K images. Part of our Food Menu collection. Royalty-free, no attribution required. Perfect for content creators, filmmakers, and designers. Instant download at stockflow.media",https://stockflow.media/?cat=Food+Beverage&sub=Food+Menu&collection=Thai+Noodle+Soup,2026-07-26 17:00:00,"thai, thai noodle soup, noodle soup, white noodles, red chilies, fresh herbs, dark bowl, wooden boar, stock footage, royalty free, 4k video, 8k images, food menu, food photography, culinary, restaurant, food video, recipe"
Thai Curry | Food Beverage Stock Video,https://storage.googleapis.com/stockflow-social/Batch01/Clips/V/Food-Beverage_Food-Menu_Thai-Curry_20260215_000494_V.mp4,Food & Beverage,0:02,"Download premium thai curry stock footage — 4K video & 8K images. Part of our Food Menu collection. Royalty-free, no attribution required. Perfect for content creators, filmmakers, and designers. Instant download at stockflow.media",https://stockflow.media/?cat=Food+Beverage&sub=Food+Menu&collection=Thai+Curry,2026-07-26 20:00:00,"thai curry, rich thai curry, tender meat, vegetables, coconut sauce, creamy curry, coconut milk, fra, stock footage, royalty free, 4k video, 8k images, food menu, food photography, culinary, restaurant, food video, recipe"
Thai Curry | Food Beverage Stock Video,https://storage.googleapis.com/stockflow-social/Batch01/Clips/V/Food-Beverage_Food-Menu_Thai-Curry_20260215_000493_V.mp4,Food & Beverage,0:02,"Download premium thai curry stock footage — 4K video & 8K images. Part of our Food Menu collection. Royalty-free, no attribution required. Perfect for content creators, filmmakers, and designers. Instant download at stockflow.media",https://stockflow.media/?cat=Food+Beverage&sub=Food+Menu&collection=Thai+Curry,2026-07-27 8:00:00,"thai curry, yellow curry, thai cuisine, curry dish, chili peppers, cilantro, peppers, red chilies, g, stock footage, royalty free, 4k video, 8k images, food menu, food photography, culinary, restaurant, food video, recipe"
Thai Curry | Food Beverage Stock Video,https://storage.googleapis.com/stockflow-social/Batch01/Clips/V/Food-Beverage_Food-Menu_Thai-Curry_20260215_000492_V.mp4,Food & Beverage,0:02,"Download premium thai curry stock footage — 4K video & 8K images. Part of our Food Menu collection. Royalty-free, no attribution required. Perfect for content creators, filmmakers, and designers. Instant download at stockflow.media",https://stockflow.media/?cat=Food+Beverage&sub=Food+Menu&collection=Thai+Curry,2026-07-27 11:00:00,"thai, chicken curry, thai cuisine, curry with vegetables, creamy orange-red sauce, mint garnish, chi, stock footage, royalty free, 4k video, 8k images, thai curry, food menu, food photography, culinary, restaurant, food video, recipe"
Thai Curry | Food Beverage Stock Video,https://storage.googleapis.com/stockflow-social/Batch01/Clips/V/Food-Beverage_Food-Menu_Thai-Curry_20260215_000491_V.mp4,Food & Beverage,0:02,"Download premium thai curry stock footage — 4K video & 8K images. Part of our Food Menu collection. Royalty-free, no attribution required. Perfect for content creators, filmmakers, and designers. Instant download at stockflow.media",https://stockflow.media/?cat=Food+Beverage&sub=Food+Menu&collection=Thai+Curry,2026-07-27 14:00:00,"thai, thai green curry, green curry, curry, thai food, chicken, bamboo shoots, basil, coconut milk, stock footage, royalty free, 4k video, 8k images, thai curry, food menu, food photography, culinary, restaurant, food video, recipe"
Thai Curry | Food Beverage Stock Video,https://storage.googleapis.com/stockflow-social/Batch01/Clips/V/Food-Beverage_Food-Menu_Thai-Curry_20260215_000490_V.mp4,Food & Beverage,0:02,"Download premium thai curry stock footage — 4K video & 8K images. Part of our Food Menu collection. Royalty-free, no attribution required. Perfect for content creators, filmmakers, and designers. Instant download at stockflow.media",https://stockflow.media/?cat=Food+Beverage&sub=Food+Menu&collection=Thai+Curry,2026-07-27 17:00:00,"thai, green curry, thai green curry, thai food, thai cuisine, vegetables, herbs, steamed rice, blue, stock footage, royalty free, 4k video, 8k images, thai curry, food menu, food photography, culinary, restaurant, food video, recipe"
Thai Curry | Food Beverage Stock Video,https://storage.googleapis.com/stockflow-social/Batch01/Clips/V/Food-Beverage_Food-Menu_Thai-Curry_20260215_000489_V.mp4,Food & Beverage,0:02,"Download premium thai curry stock footage — 4K video & 8K images. Part of our Food Menu collection. Royalty-free, no attribution required. Perfect for content creators, filmmakers, and designers. Instant download at stockflow.media",https://stockflow.media/?cat=Food+Beverage&sub=Food+Menu&collection=Thai+Curry,2026-07-27 20:00:00,"thai, thai green curry, green curry, chicken, bamboo shoots, red chilies, basil, steamed white rice, stock footage, royalty free, 4k video, 8k images, thai curry, food menu, food photography, culinary, restaurant, food video, recipe"
Thai Curry | Food Beverage Stock Video,https://storage.googleapis.com/stockflow-social/Batch01/Clips/V/Food-Beverage_Food-Menu_Thai-Curry_20260215_000488_V.mp4,Food & Beverage,0:02,"Download premium thai curry stock footage — 4K video & 8K images. Part of our Food Menu collection. Royalty-free, no attribution required. Perfect for content creators, filmmakers, and designers. Instant download at stockflow.media",https://stockflow.media/?cat=Food+Beverage&sub=Food+Menu&collection=Thai+Curry,2026-07-28 8:00:00,"thai green curry, chicken curry, thai cuisine, green curry, red chilies, fresh basil, vegetables, tr, stock footage, royalty free, 4k video, 8k images, thai curry, food menu, food photography, culinary, restaurant, food video, recipe"
Suzhi | Food Beverage Stock Video,https://storage.googleapis.com/stockflow-social/Batch01/Clips/V/Food-Beverage_Food-Menu_Suzhi_20260215_000464_V.mp4,Food & Beverage,0:02,"Download premium suzhi stock footage — 4K video & 8K images. Part of our Food Menu collection. Royalty-free, no attribution required. Perfect for content creators, filmmakers, and designers. Instant download at stockflow.media",https://stockflow.media/?cat=Food+Beverage&sub=Food+Menu&collection=Suzhi,2026-07-28 11:00:00,"sushi, nigiri, salmon, tuna, maki, rolls, sashimi, japanese, cuisine, seafood, wooden board, garnish, stock footage, royalty free, 4k video, 8k images, suzhi, food menu, food photography, culinary, restaurant, food video, recipe"
Suzhi | Food Beverage Stock Video,https://storage.googleapis.com/stockflow-social/Batch01/Clips/V/Food-Beverage_Food-Menu_Suzhi_20260215_000463_V.mp4,Food & Beverage,0:02,"Download premium suzhi stock footage — 4K video & 8K images. Part of our Food Menu collection. Royalty-free, no attribution required. Perfect for content creators, filmmakers, and designers. Instant download at stockflow.media",https://stockflow.media/?cat=Food+Beverage&sub=Food+Menu&collection=Suzhi,2026-07-28 14:00:00,"sushi, japanese, nigiri, maki, roe, salmon, tuna, sashimi, seafood, wooden board, high-quality, gour, stock footage, royalty free, 4k video, 8k images, suzhi, food menu, food photography, culinary, restaurant, food video, recipe"
Suzhi | Food Beverage Stock Video,https://storage.googleapis.com/stockflow-social/Batch01/Clips/V/Food-Beverage_Food-Menu_Suzhi_20260215_000462_V.mp4,Food & Beverage,0:02,"Download premium suzhi stock footage — 4K video & 8K images. Part of our Food Menu collection. Royalty-free, no attribution required. Perfect for content creators, filmmakers, and designers. Instant download at stockflow.media",https://stockflow.media/?cat=Food+Beverage&sub=Food+Menu&collection=Suzhi,2026-07-28 17:00:00,"sushi, nigiri, salmon nigiri, assorted rolls, sushi platter, wooden board, garnishes, colorful garni, stock footage, royalty free, 4k video, 8k images, suzhi, food menu, food photography, culinary, restaurant, food video, recipe"
Suzhi | Food Beverage Stock Video,https://storage.googleapis.com/stockflow-social/Batch01/Clips/V/Food-Beverage_Food-Menu_Suzhi_20260215_000461_V.mp4,Food & Beverage,0:02,"Download premium suzhi stock footage — 4K video & 8K images. Part of our Food Menu collection. Royalty-free, no attribution required. Perfect for content creators, filmmakers, and designers. Instant download at stockflow.media",https://stockflow.media/?cat=Food+Beverage&sub=Food+Menu&collection=Suzhi,2026-07-28 20:00:00,"sushi, nigiri, tuna, salmon, spicy rolls, maki, wasabi, lime, lime wedges, greens, platter, dark boa, stock footage, royalty free, 4k video, 8k images, suzhi, food menu, food photography, culinary, restaurant, food video, recipe"
Suzhi | Food Beverage Stock Video,https://storage.googleapis.com/stockflow-social/Batch01/Clips/V/Food-Beverage_Food-Menu_Suzhi_20260215_000460_V.mp4,Food & Beverage,0:02,"Download premium suzhi stock footage — 4K video & 8K images. Part of our Food Menu collection. Royalty-free, no attribution required. Perfect for content creators, filmmakers, and designers. Instant download at stockflow.media",https://stockflow.media/?cat=Food+Beverage&sub=Food+Menu&collection=Suzhi,2026-07-29 8:00:00,"sushi, sashimi, japanese, platter, rolls, rolled_sushi, dark_plate, colorful, gourmet, seafood, cuis, stock footage, royalty free, 4k video, 8k images, suzhi, food menu, food photography, culinary, restaurant, food video, recipe"
Stake | Food Beverage Stock Video,https://storage.googleapis.com/stockflow-social/Batch01/Clips/V/Food-Beverage_Food-Menu_Stake_20260215_000440_V.mp4,Food & Beverage,0:02,"Download premium stake stock footage — 4K video & 8K images. Part of our Food Menu collection. Royalty-free, no attribution required. Perfect for content creators, filmmakers, and designers. Instant download at stockflow.media",https://stockflow.media/?cat=Food+Beverage&sub=Food+Menu&collection=Stake,2026-07-29 11:00:00,"steak, grilled steak, beef, thick steak, herb butter, rosemary, wooden board, kitchen, food, cuisine, stock footage, royalty free, 4k video, 8k images, stake, food menu, food photography, culinary, restaurant, food video, recipe"
Stake | Food Beverage Stock Video,https://storage.googleapis.com/stockflow-social/Batch01/Clips/V/Food-Beverage_Food-Menu_Stake_20260215_000439_V.mp4,Food & Beverage,0:02,"Download premium stake stock footage — 4K video & 8K images. Part of our Food Menu collection. Royalty-free, no attribution required. Perfect for content creators, filmmakers, and designers. Instant download at stockflow.media",https://stockflow.media/?cat=Food+Beverage&sub=Food+Menu&collection=Stake,2026-07-29 14:00:00,"premium plated steak, roasted vegetables, rosemary garnish, glass of red wine, fine dining, steak di, stock footage, royalty free, 4k video, 8k images, stake, food menu, food photography, culinary, restaurant, food video, recipe"
Stake | Food Beverage Stock Video,https://storage.googleapis.com/stockflow-social/Batch01/Clips/V/Food-Beverage_Food-Menu_Stake_20260215_000438_V.mp4,Food & Beverage,0:02,"Download premium stake stock footage — 4K video & 8K images. Part of our Food Menu collection. Royalty-free, no attribution required. Perfect for content creators, filmmakers, and designers. Instant download at stockflow.media",https://stockflow.media/?cat=Food+Beverage&sub=Food+Menu&collection=Stake,2026-07-29 17:00:00,"steak, seared steak, plated steak, juicy steak, steak dinner, red wine, wine bottle, wine glass, sau, stock footage, royalty free, 4k video, 8k images, stake, food menu, food photography, culinary, restaurant, food video, recipe"
Stake | Food Beverage Stock Video,https://storage.googleapis.com/stockflow-social/Batch01/Clips/V/Food-Beverage_Food-Menu_Stake_20260215_000437_V.mp4,Food & Beverage,0:02,"Download premium stake stock footage — 4K video & 8K images. Part of our Food Menu collection. Royalty-free, no attribution required. Perfect for content creators, filmmakers, and designers. Instant download at stockflow.media",https://stockflow.media/?cat=Food+Beverage&sub=Food+Menu&collection=Stake,2026-07-29 20:00:00,"steak, seared steak, beef, rosemary, potatoes, roasted potatoes, greens, vegetables, fresh greens, d, stock footage, royalty free, 4k video, 8k images, stake, food menu, food photography, culinary, restaurant, food video, recipe"
Stake | Food Beverage Stock Video,https://storage.googleapis.com/stockflow-social/Batch01/Clips/V/Food-Beverage_Food-Menu_Stake_20260215_000436_V.mp4,Food & Beverage,0:02,"Download premium stake stock footage — 4K video & 8K images. Part of our Food Menu collection. Royalty-free, no attribution required. Perfect for content creators, filmmakers, and designers. Instant download at stockflow.media",https://stockflow.media/?cat=Food+Beverage&sub=Food+Menu&collection=Stake,2026-07-30 8:00:00,"steak, plated steak, rosemary, roasted vegetables, colorful vegetables, mashed potatoes, sauce dot, stock footage, royalty free, 4k video, 8k images, stake, food menu, food photography, culinary, restaurant, food video, recipe"
Stake | Food Beverage Stock Video,https://storage.googleapis.com/stockflow-social/Batch01/Clips/V/Food-Beverage_Food-Menu_Stake_20260215_000435_V.mp4,Food & Beverage,0:02,"Download premium stake stock footage — 4K video & 8K images. Part of our Food Menu collection. Royalty-free, no attribution required. Perfect for content creators, filmmakers, and designers. Instant download at stockflow.media",https://stockflow.media/?cat=Food+Beverage&sub=Food+Menu&collection=Stake,2026-07-30 11:00:00,"steak, grilled steak, beef, blue cheese, cheese, rosemary, salt, rustic board, rustic presentation, stock footage, royalty free, 4k video, 8k images, stake, food menu, food photography, culinary, restaurant, food video, recipe"
Stake | Food Beverage Stock Video,https://storage.googleapis.com/stockflow-social/Batch01/Clips/V/Food-Beverage_Food-Menu_Stake_20260215_000434_V.mp4,Food & Beverage,0:02,"Download premium stake stock footage — 4K video & 8K images. Part of our Food Menu collection. Royalty-free, no attribution required. Perfect for content creators, filmmakers, and designers. Instant download at stockflow.media",https://stockflow.media/?cat=Food+Beverage&sub=Food+Menu&collection=Stake,2026-07-30 14:00:00,"steak, beef, juicy steak, herb butter, rosemary, garnish, wooden board, rain, rainy backdrop, food, stock footage, royalty free, 4k video, 8k images, stake, food menu, food photography, culinary, restaurant, food video, recipe"
Stake | Food Beverage Stock Video,https://storage.googleapis.com/stockflow-social/Batch01/Clips/V/Food-Beverage_Food-Menu_Stake_20260215_000433_V.mp4,Food & Beverage,0:02,"Download premium stake stock footage — 4K video & 8K images. Part of our Food Menu collection. Royalty-free, no attribution required. Perfect for content creators, filmmakers, and designers. Instant download at stockflow.media",https://stockflow.media/?cat=Food+Beverage&sub=Food+Menu&collection=Stake,2026-07-30 17:00:00,"juicy, grilled steak, blue cheese butter, herb butter, wooden board, seasoned, salt, rosemary, beef, stock footage, royalty free, 4k video, 8k images, stake, food menu, food photography, culinary, restaurant, food video, recipe"
Chicken Fry | Food Beverage Stock Video,https://storage.googleapis.com/stockflow-social/Batch01/Clips/V/Food-Beverage_Food-Menu_Chicken-Fry_20260215_000399_V.mp4,Food & Beverage,0:02,"Download premium chicken fry stock footage — 4K video & 8K images. Part of our Food Menu collection. Royalty-free, no attribution required. Perfect for content creators, filmmakers, and designers. Instant download at stockflow.media",https://stockflow.media/?cat=Food+Beverage&sub=Food+Menu&collection=Chicken+Fry,2026-07-30 20:00:00,"crispy fried chicken bites, gourmet fried chicken, chicken bites, fried chicken bites, dipping sauce, stock footage, royalty free, 4k video, 8k images, chicken fry, food menu, food photography, culinary, restaurant, food video, recipe"
Chicken Fry | Food Beverage Stock Video,https://storage.googleapis.com/stockflow-social/Batch01/Clips/V/Food-Beverage_Food-Menu_Chicken-Fry_20260215_000398_V.mp4,Food & Beverage,0:02,"Download premium chicken fry stock footage — 4K video & 8K images. Part of our Food Menu collection. Royalty-free, no attribution required. Perfect for content creators, filmmakers, and designers. Instant download at stockflow.media",https://stockflow.media/?cat=Food+Beverage&sub=Food+Menu&collection=Chicken+Fry,2026-07-31 8:00:00,"french fries, seasoned fries, fries and chicken, crispy chicken bites, fried chicken bites, microgre, stock footage, royalty free, 4k video, 8k images, chicken fry, food menu, food photography, culinary, restaurant, food video, recipe"
Chicken Fry | Food Beverage Stock Video,https://storage.googleapis.com/stockflow-social/Batch01/Clips/V/Food-Beverage_Food-Menu_Chicken-Fry_20260215_000397_V.mp4,Food & Beverage,0:02,"Download premium chicken fry stock footage — 4K video & 8K images. Part of our Food Menu collection. Royalty-free, no attribution required. Perfect for content creators, filmmakers, and designers. Instant download at stockflow.media",https://stockflow.media/?cat=Food+Beverage&sub=Food+Menu&collection=Chicken+Fry,2026-07-31 11:00:00,"crispy fried chicken bites, fried chicken bites, chicken bites, metal basket, dipping sauce, green o, stock footage, royalty free, 4k video, 8k images, chicken fry, food menu, food photography, culinary, restaurant, food video, recipe"
Chicken Fry | Food Beverage Stock Video,https://storage.googleapis.com/stockflow-social/Batch01/Clips/V/Food-Beverage_Food-Menu_Chicken-Fry_20260215_000396_V.mp4,Food & Beverage,0:02,"Download premium chicken fry stock footage — 4K video & 8K images. Part of our Food Menu collection. Royalty-free, no attribution required. Perfect for content creators, filmmakers, and designers. Instant download at stockflow.media",https://stockflow.media/?cat=Food+Beverage&sub=Food+Menu&collection=Chicken+Fry,2026-07-31 14:00:00,"crispy fried chicken, fried chicken pieces, crispy chicken pieces, fried chicken basket, chicken wit, stock footage, royalty free, 4k video, 8k images, chicken fry, food menu, food photography, culinary, restaurant, food video, recipe"
Chicken Fry | Food Beverage Stock Video,https://storage.googleapis.com/stockflow-social/Batch01/Clips/V/Food-Beverage_Food-Menu_Chicken-Fry_20260215_000395_V.mp4,Food & Beverage,0:02,"Download premium chicken fry stock footage — 4K video & 8K images. Part of our Food Menu collection. Royalty-free, no attribution required. Perfect for content creators, filmmakers, and designers. Instant download at stockflow.media",https://stockflow.media/?cat=Food+Beverage&sub=Food+Menu&collection=Chicken+Fry,2026-07-31 17:00:00,"crispy fried chicken, fried chicken pieces, chicken basket, golden brown chicken, coleslaw, colorful, stock footage, royalty free, 4k video, 8k images, chicken fry, food menu, food photography, culinary, restaurant, food video, recipe"
Chicken Fry | Food Beverage Stock Video,https://storage.googleapis.com/stockflow-social/Batch01/Clips/V/Food-Beverage_Food-Menu_Chicken-Fry_20260215_000394_V.mp4,Food & Beverage,0:02,"Download premium chicken fry stock footage — 4K video & 8K images. Part of our Food Menu collection. Royalty-free, no attribution required. Perfect for content creators, filmmakers, and designers. Instant download at stockflow.media",https://stockflow.media/?cat=Food+Beverage&sub=Food+Menu&collection=Chicken+Fry,2026-07-31 20:00:00,"fried chicken, crispy chicken bites, golden fried chicken, coleslaw, side dish, comfort food, southe, stock footage, royalty free, 4k video, 8k images, chicken fry, food menu, food photography, culinary, restaurant, food video, recipe"
Chicken Fry | Food Beverage Stock Video,https://storage.googleapis.com/stockflow-social/Batch01/Clips/V/Food-Beverage_Food-Menu_Chicken-Fry_20260215_000393_V.mp4,Food & Beverage,0:02,"Download premium chicken fry stock footage — 4K video & 8K images. Part of our Food Menu collection. Royalty-free, no attribution required. Perfect for content creators, filmmakers, and designers. Instant download at stockflow.media",https://stockflow.media/?cat=Food+Beverage&sub=Food+Menu&collection=Chicken+Fry,2026-08-01 8:00:00,"fried chicken, crispy chicken, fried chicken pieces, chicken basket, takeout food, fast food, comfor, stock footage, royalty free, 4k video, 8k images, chicken fry, food menu, food photography, culinary, restaurant, food video, recipe"
Buritos | Food Beverage Stock Video,https://storage.googleapis.com/stockflow-social/Batch01/Clips/V/Food-Beverage_Food-Menu_Buritos_20260215_000379_V.mp4,Food & Beverage,0:02,"Download premium buritos stock footage — 4K video & 8K images. Part of our Food Menu collection. Royalty-free, no attribution required. Perfect for content creators, filmmakers, and designers. Instant download at stockflow.media",https://stockflow.media/?cat=Food+Beverage&sub=Food+Menu&collection=Buritos,2026-08-01 11:00:00,"burritos, beef burrito, beef, colorful vegetables, vegetables, tortilla, burrito, mexican food, mexi, stock footage, royalty free, 4k video, 8k images, buritos, food menu, food photography, culinary, restaurant, food video, recipe"
Burgers | Food Beverage Stock Video,https://storage.googleapis.com/stockflow-social/Batch01/Clips/V/Food-Beverage_Food-Menu_Burgers_20260215_000354_V.mp4,Food & Beverage,0:02,"Download premium burgers stock footage — 4K video & 8K images. Part of our Food Menu collection. Royalty-free, no attribution required. Perfect for content creators, filmmakers, and designers. Instant download at stockflow.media",https://stockflow.media/?cat=Food+Beverage&sub=Food+Menu&collection=Burgers,2026-08-01 14:00:00,"juicy cheeseburger, melted cheddar, fresh lettuce, tomato, glossy toasted bun, steam, wooden board, stock footage, royalty free, 4k video, 8k images, burgers, food menu, food photography, culinary, restaurant, food video, recipe"
Burgers | Food Beverage Stock Video,https://storage.googleapis.com/stockflow-social/Batch01/Clips/V/Food-Beverage_Food-Menu_Burgers_20260215_000353_V.mp4,Food & Beverage,0:02,"Download premium burgers stock footage — 4K video & 8K images. Part of our Food Menu collection. Royalty-free, no attribution required. Perfect for content creators, filmmakers, and designers. Instant download at stockflow.media",https://stockflow.media/?cat=Food+Beverage&sub=Food+Menu&collection=Burgers,2026-08-01 17:00:00,"cheeseburger, burger, melted cheese, juicy cheeseburger, lettuce, pickles, sesame bun, beef patty, f, stock footage, royalty free, 4k video, 8k images, burgers, food menu, food photography, culinary, restaurant, food video, recipe"
Burgers | Food Beverage Stock Video,https://storage.googleapis.com/stockflow-social/Batch01/Clips/V/Food-Beverage_Food-Menu_Burgers_20260215_000352_V.mp4,Food & Beverage,0:02,"Download premium burgers stock footage — 4K video & 8K images. Part of our Food Menu collection. Royalty-free, no attribution required. Perfect for content creators, filmmakers, and designers. Instant download at stockflow.media",https://stockflow.media/?cat=Food+Beverage&sub=Food+Menu&collection=Burgers,2026-08-01 20:00:00,"cheeseburger, burger, fast food, food, fries, sesame bun, lettuce, tomato, melted cheese, wooden boa, stock footage, royalty free, 4k video, 8k images, burgers, food menu, food photography, culinary, restaurant, food video, recipe"
Burgers | Food Beverage Stock Video,https://storage.googleapis.com/stockflow-social/Batch01/Clips/V/Food-Beverage_Food-Menu_Burgers_20260215_000351_V.mp4,Food & Beverage,0:02,"Download premium burgers stock footage — 4K video & 8K images. Part of our Food Menu collection. Royalty-free, no attribution required. Perfect for content creators, filmmakers, and designers. Instant download at stockflow.media",https://stockflow.media/?cat=Food+Beverage&sub=Food+Menu&collection=Burgers,2026-08-02 8:00:00,"cheeseburger, juicy, melted-cheddar, red-onion, tomato, lettuce, sesame-bun, wooden-board, fries, fo, stock footage, royalty free, 4k video, 8k images, burgers, food menu, food photography, culinary, restaurant, food video, recipe"
Burgers | Food Beverage Stock Video,https://storage.googleapis.com/stockflow-social/Batch01/Clips/V/Food-Beverage_Food-Menu_Burgers_20260215_000350_V.mp4,Food & Beverage,0:02,"Download premium burgers stock footage — 4K video & 8K images. Part of our Food Menu collection. Royalty-free, no attribution required. Perfect for content creators, filmmakers, and designers. Instant download at stockflow.media",https://stockflow.media/?cat=Food+Beverage&sub=Food+Menu&collection=Burgers,2026-08-02 11:00:00,"cheeseburger, burger, beef burger, melted cheddar, cheddar cheese, caramelized onions, red onion, to, stock footage, royalty free, 4k video, 8k images, burgers, food menu, food photography, culinary, restaurant, food video, recipe"
Burgers | Food Beverage Stock Video,https://storage.googleapis.com/stockflow-social/Batch01/Clips/V/Food-Beverage_Food-Menu_Burgers_20260215_000349_V.mp4,Food & Beverage,0:02,"Download premium burgers stock footage — 4K video & 8K images. Part of our Food Menu collection. Royalty-free, no attribution required. Perfect for content creators, filmmakers, and designers. Instant download at stockflow.media",https://stockflow.media/?cat=Food+Beverage&sub=Food+Menu&collection=Burgers,2026-08-02 14:00:00,"cheeseburger, juicy burger, melted cheddar, cheddar cheese, red onion, tomato, lettuce, glossy bun, stock footage, royalty free, 4k video, 8k images, burgers, food menu, food photography, culinary, restaurant, food video, recipe"
Burgers | Food Beverage Stock Video,https://storage.googleapis.com/stockflow-social/Batch01/Clips/V/Food-Beverage_Food-Menu_Burgers_20260215_000348_V.mp4,Food & Beverage,0:02,"Download premium burgers stock footage — 4K video & 8K images. Part of our Food Menu collection. Royalty-free, no attribution required. Perfect for content creators, filmmakers, and designers. Instant download at stockflow.media",https://stockflow.media/?cat=Food+Beverage&sub=Food+Menu&collection=Burgers,2026-08-02 17:00:00,"cheeseburger, burger, beef patty, cheddar, red onion, tomato, greens, sesame bun, fries, french frie, stock footage, royalty free, 4k video, 8k images, burgers, food menu, food photography, culinary, restaurant, food video, recipe"
Burgers | Food Beverage Stock Video,https://storage.googleapis.com/stockflow-social/Batch01/Clips/V/Food-Beverage_Food-Menu_Burgers_20260215_000347_V.mp4,Food & Beverage,0:02,"Download premium burgers stock footage — 4K video & 8K images. Part of our Food Menu collection. Royalty-free, no attribution required. Perfect for content creators, filmmakers, and designers. Instant download at stockflow.media",https://stockflow.media/?cat=Food+Beverage&sub=Food+Menu&collection=Burgers,2026-08-02 20:00:00,"cheeseburger, lettuce, tomato, melted cheese, toasted bun, wooden board, fresh toppings, steam, burg, stock footage, royalty free, 4k video, 8k images, burgers, food menu, food photography, culinary, restaurant, food video, recipe"
Remen | Food Beverage Stock Video,https://storage.googleapis.com/stockflow-social/Batch01/Clips/V/Food-Beverage_Food-Menu_Remen_20260215_000325_V.mp4,Food & Beverage,0:02,"Download premium remen stock footage — 4K video & 8K images. Part of our Food Menu collection. Royalty-free, no attribution required. Perfect for content creators, filmmakers, and designers. Instant download at stockflow.media",https://stockflow.media/?cat=Food+Beverage&sub=Food+Menu&collection=Remen,2026-08-03 8:00:00,"ramen, ramenbowl, japanesefood, broth, chashu, pork, ajitama, softboiledegg, egg, greenonions, scall, stock footage, royalty free, 4k video, 8k images, remen, food menu, food photography, culinary, restaurant, food video, recipe"
Remen | Food Beverage Stock Video,https://storage.googleapis.com/stockflow-social/Batch01/Clips/V/Food-Beverage_Food-Menu_Remen_20260215_000324_V.mp4,Food & Beverage,0:02,"Download premium remen stock footage — 4K video & 8K images. Part of our Food Menu collection. Royalty-free, no attribution required. Perfect for content creators, filmmakers, and designers. Instant download at stockflow.media",https://stockflow.media/?cat=Food+Beverage&sub=Food+Menu&collection=Remen,2026-08-03 11:00:00,"ramen, steaming, pork, chashu, soft-boiled egg, eggs, green onions, scallions, chili threads, noodle, stock footage, royalty free, 4k video, 8k images, remen, food menu, food photography, culinary, restaurant, food video, recipe"
Remen | Food Beverage Stock Video,https://storage.googleapis.com/stockflow-social/Batch01/Clips/V/Food-Beverage_Food-Menu_Remen_20260215_000323_V.mp4,Food & Beverage,0:02,"Download premium remen stock footage — 4K video & 8K images. Part of our Food Menu collection. Royalty-free, no attribution required. Perfect for content creators, filmmakers, and designers. Instant download at stockflow.media",https://stockflow.media/?cat=Food+Beverage&sub=Food+Menu&collection=Remen,2026-08-03 14:00:00,"ramen, ramen bowl, chashu pork, soft-boiled eggs, green onions, scallions, nori, seaweed, steaming n, stock footage, royalty free, 4k video, 8k images, remen, food menu, food photography, culinary, restaurant, food video, recipe"
Remen | Food Beverage Stock Video,https://storage.googleapis.com/stockflow-social/Batch01/Clips/V/Food-Beverage_Food-Menu_Remen_20260215_000322_V.mp4,Food & Beverage,0:02,"Download premium remen stock footage — 4K video & 8K images. Part of our Food Menu collection. Royalty-free, no attribution required. Perfect for content creators, filmmakers, and designers. Instant download at stockflow.media",https://stockflow.media/?cat=Food+Beverage&sub=Food+Menu&collection=Remen,2026-08-03 17:00:00,"ramen, noodles, ramen bowl, japanese food, soup, broth, chopsticks, chashu pork, pork, soft boiled e, stock footage, royalty free, 4k video, 8k images, remen, food menu, food photography, culinary, restaurant, food video, recipe"
Remen | Food Beverage Stock Video,https://storage.googleapis.com/stockflow-social/Batch01/Clips/V/Food-Beverage_Food-Menu_Remen_20260215_000321_V.mp4,Food & Beverage,0:02,"Download premium remen stock footage — 4K video & 8K images. Part of our Food Menu collection. Royalty-free, no attribution required. Perfect for content creators, filmmakers, and designers. Instant download at stockflow.media",https://stockflow.media/?cat=Food+Beverage&sub=Food+Menu&collection=Remen,2026-08-03 20:00:00,"ramen, bowl, japanese food, pork, chashu, soft-boiled egg, nori, seaweed, green onions, scallions, b, stock footage, royalty free, 4k video, 8k images, remen, food menu, food photography, culinary, restaurant, food video, recipe"
Remen | Food Beverage Stock Video,https://storage.googleapis.com/stockflow-social/Batch01/Clips/V/Food-Beverage_Food-Menu_Remen_20260215_000320_V.mp4,Food & Beverage,0:02,"Download premium remen stock footage — 4K video & 8K images. Part of our Food Menu collection. Royalty-free, no attribution required. Perfect for content creators, filmmakers, and designers. Instant download at stockflow.media",https://stockflow.media/?cat=Food+Beverage&sub=Food+Menu&collection=Remen,2026-08-04 8:00:00,"ramen, bowl of ramen, ramen noodles, chashu pork, soft-boiled egg, green onions, scallions, seaweed, stock footage, royalty free, 4k video, 8k images, remen, food menu, food photography, culinary, restaurant, food video, recipe"
Remen | Food Beverage Stock Video,https://storage.googleapis.com/stockflow-social/Batch01/Clips/V/Food-Beverage_Food-Menu_Remen_20260215_000319_V.mp4,Food & Beverage,0:02,"Download premium remen stock footage — 4K video & 8K images. Part of our Food Menu collection. Royalty-free, no attribution required. Perfect for content creators, filmmakers, and designers. Instant download at stockflow.media",https://stockflow.media/?cat=Food+Beverage&sub=Food+Menu&collection=Remen,2026-08-04 11:00:00,"ramen, ramenbowl, chashu, pork, softboiledegg, egg, seaweed, nori, greenonions, scallions, chopstick, stock footage, royalty free, 4k video, 8k images, remen, food menu, food photography, culinary, restaurant, food video, recipe"
Remen | Food Beverage Stock Video,https://storage.googleapis.com/stockflow-social/Batch01/Clips/V/Food-Beverage_Food-Menu_Remen_20260215_000318_V.mp4,Food & Beverage,0:02,"Download premium remen stock footage — 4K video & 8K images. Part of our Food Menu collection. Royalty-free, no attribution required. Perfect for content creators, filmmakers, and designers. Instant download at stockflow.media",https://stockflow.media/?cat=Food+Beverage&sub=Food+Menu&collection=Remen,2026-08-04 14:00:00,"ramen, bowl, ramen-noodles, chashu, pork, egg, half-boiled-egg, green-onions, scallions, nori, seawe, stock footage, royalty free, 4k video, 8k images, remen, food menu, food photography, culinary, restaurant, food video, recipe"
Sandwich | Food Beverage Stock Video,https://storage.googleapis.com/stockflow-social/Batch01/Clips/V/Food-Beverage_Food-Menu_Sandwich_20260215_000298_V.mp4,Food & Beverage,0:02,"Download premium sandwich stock footage — 4K video & 8K images. Part of our Food Menu collection. Royalty-free, no attribution required. Perfect for content creators, filmmakers, and designers. Instant download at stockflow.media",https://stockflow.media/?cat=Food+Beverage&sub=Food+Menu&collection=Sandwich,2026-08-04 17:00:00,"italian sandwich, mozzarella, basil, prosciutto, sun-dried tomatoes, baguette, crusty baguette, bals, stock footage, royalty free, 4k video, 8k images, sandwich, food menu, food photography, culinary, restaurant, food video, recipe"
Sandwich | Food Beverage Stock Video,https://storage.googleapis.com/stockflow-social/Batch01/Clips/V/Food-Beverage_Food-Menu_Sandwich_20260215_000297_V.mp4,Food & Beverage,0:02,"Download premium sandwich stock footage — 4K video & 8K images. Part of our Food Menu collection. Royalty-free, no attribution required. Perfect for content creators, filmmakers, and designers. Instant download at stockflow.media",https://stockflow.media/?cat=Food+Beverage&sub=Food+Menu&collection=Sandwich,2026-08-04 20:00:00,"italian sandwich, mozzarella, fresh mozzarella, tomato, basil, ham, olive oil, crusty roll, sandwich, stock footage, royalty free, 4k video, 8k images, food menu, food photography, culinary, restaurant, food video, recipe"
Sandwich | Food Beverage Stock Video,https://storage.googleapis.com/stockflow-social/Batch01/Clips/V/Food-Beverage_Food-Menu_Sandwich_20260215_000296_V.mp4,Food & Beverage,0:02,"Download premium sandwich stock footage — 4K video & 8K images. Part of our Food Menu collection. Royalty-free, no attribution required. Perfect for content creators, filmmakers, and designers. Instant download at stockflow.media",https://stockflow.media/?cat=Food+Beverage&sub=Food+Menu&collection=Sandwich,2026-08-05 8:00:00,"italian sandwich, ham, fresh mozzarella, sun-dried tomatoes, basil, baguette, crusty baguette, balsa, stock footage, royalty free, 4k video, 8k images, sandwich, food menu, food photography, culinary, restaurant, food video, recipe"
Sandwich | Food Beverage Stock Video,https://storage.googleapis.com/stockflow-social/Batch01/Clips/V/Food-Beverage_Food-Menu_Sandwich_20260215_000295_V.mp4,Food & Beverage,0:02,"Download premium sandwich stock footage — 4K video & 8K images. Part of our Food Menu collection. Royalty-free, no attribution required. Perfect for content creators, filmmakers, and designers. Instant download at stockflow.media",https://stockflow.media/?cat=Food+Beverage&sub=Food+Menu&collection=Sandwich,2026-08-05 11:00:00,"italian sandwich, rustic board, mozzarella, tomato, basil, cured meat, prosciutto, antipasto, olive, stock footage, royalty free, 4k video, 8k images, sandwich, food menu, food photography, culinary, restaurant, food video, recipe"
Pizza | Food Beverage Stock Video,https://storage.googleapis.com/stockflow-social/Batch01/Clips/V/Food-Beverage_Food-Menu_Pizza_20260215_000275_V.mp4,Food & Beverage,0:02,"Download premium pizza stock footage — 4K video & 8K images. Part of our Food Menu collection. Royalty-free, no attribution required. Perfect for content creators, filmmakers, and designers. Instant download at stockflow.media",https://stockflow.media/?cat=Food+Beverage&sub=Food+Menu&collection=Pizza,2026-08-05 14:00:00,"pizza, margherita, margherita pizza, fresh mozzarella, basil, tomato sauce, italian dining, italian, stock footage, royalty free, 4k video, 8k images, food menu, food photography, culinary, restaurant, food video, recipe"
Pizza | Food Beverage Stock Video,https://storage.googleapis.com/stockflow-social/Batch01/Clips/V/Food-Beverage_Food-Menu_Pizza_20260215_000274_V.mp4,Food & Beverage,0:02,"Download premium pizza stock footage — 4K video & 8K images. Part of our Food Menu collection. Royalty-free, no attribution required. Perfect for content creators, filmmakers, and designers. Instant download at stockflow.media",https://stockflow.media/?cat=Food+Beverage&sub=Food+Menu&collection=Pizza,2026-08-05 17:00:00,"pizza, italian pizza, mozzarella, tomato sauce, fresh basil, golden crust, cheese, basil leaves, ita, stock footage, royalty free, 4k video, 8k images, food menu, food photography, culinary, restaurant, food video, recipe"
Pizza | Food Beverage Stock Video,https://storage.googleapis.com/stockflow-social/Batch01/Clips/V/Food-Beverage_Food-Menu_Pizza_20260215_000273_V.mp4,Food & Beverage,0:02,"Download premium pizza stock footage — 4K video & 8K images. Part of our Food Menu collection. Royalty-free, no attribution required. Perfect for content creators, filmmakers, and designers. Instant download at stockflow.media",https://stockflow.media/?cat=Food+Beverage&sub=Food+Menu&collection=Pizza,2026-08-05 20:00:00,"pizza, italian pizza, mozzarella, basil, crispy crust, brick-walled restaurant, cozy restaurant, cas, stock footage, royalty free, 4k video, 8k images, food menu, food photography, culinary, restaurant, food video, recipe"
Pizza | Food Beverage Stock Video,https://storage.googleapis.com/stockflow-social/Batch01/Clips/V/Food-Beverage_Food-Menu_Pizza_20260215_000272_V.mp4,Food & Beverage,0:02,"Download premium pizza stock footage — 4K video & 8K images. Part of our Food Menu collection. Royalty-free, no attribution required. Perfect for content creators, filmmakers, and designers. Instant download at stockflow.media",https://stockflow.media/?cat=Food+Beverage&sub=Food+Menu&collection=Pizza,2026-08-06 8:00:00,"pizza, italian, mozzarella, tomato sauce, fresh basil, golden crust, crispy crust, italian food, cui, stock footage, royalty free, 4k video, 8k images, food menu, food photography, culinary, restaurant, food video, recipe"
Pizza | Food Beverage Stock Video,https://storage.googleapis.com/stockflow-social/Batch01/Clips/V/Food-Beverage_Food-Menu_Pizza_20260215_000271_V.mp4,Food & Beverage,0:02,"Download premium pizza stock footage — 4K video & 8K images. Part of our Food Menu collection. Royalty-free, no attribution required. Perfect for content creators, filmmakers, and designers. Instant download at stockflow.media",https://stockflow.media/?cat=Food+Beverage&sub=Food+Menu&collection=Pizza,2026-08-06 11:00:00,"pizza, pizzas, wooden table, pizza menu, italian food, food stock footage, restaurant, casual dining, stock footage, royalty free, 4k video, 8k images, food menu, food photography, culinary, food video, recipe"
Pizza | Food Beverage Stock Video,https://storage.googleapis.com/stockflow-social/Batch01/Clips/V/Food-Beverage_Food-Menu_Pizza_20260215_000270_V.mp4,Food & Beverage,0:02,"Download premium pizza stock footage — 4K video & 8K images. Part of our Food Menu collection. Royalty-free, no attribution required. Perfect for content creators, filmmakers, and designers. Instant download at stockflow.media",https://stockflow.media/?cat=Food+Beverage&sub=Food+Menu&collection=Pizza,2026-08-06 14:00:00,"italian, pizza, pizzas, pizzeria, cozy, wooden-table, fresh-basil, tomatoes, olives, cheese, mozzare, stock footage, royalty free, 4k video, 8k images, food menu, food photography, culinary, restaurant, food video, recipe"
Pizza | Food Beverage Stock Video,https://storage.googleapis.com/stockflow-social/Batch01/Clips/V/Food-Beverage_Food-Menu_Pizza_20260215_000269_V.mp4,Food & Beverage,0:02,"Download premium pizza stock footage — 4K video & 8K images. Part of our Food Menu collection. Royalty-free, no attribution required. Perfect for content creators, filmmakers, and designers. Instant download at stockflow.media",https://stockflow.media/?cat=Food+Beverage&sub=Food+Menu&collection=Pizza,2026-08-06 17:00:00,"italian pizza, fresh pizza, tomatoes, mozzarella, basil, vegetables, rustic crust, pizza toppings, i, stock footage, royalty free, 4k video, 8k images, pizza, food menu, food photography, culinary, restaurant, food video, recipe"
Pizza | Food Beverage Stock Video,https://storage.googleapis.com/stockflow-social/Batch01/Clips/V/Food-Beverage_Food-Menu_Pizza_20260215_000268_V.mp4,Food & Beverage,0:02,"Download premium pizza stock footage — 4K video & 8K images. Part of our Food Menu collection. Royalty-free, no attribution required. Perfect for content creators, filmmakers, and designers. Instant download at stockflow.media",https://stockflow.media/?cat=Food+Beverage&sub=Food+Menu&collection=Pizza,2026-08-06 20:00:00,"pepperoni pizza, pizza, gooey cheese, melted cheese, slice lift, slice being lifted, warm lighting, stock footage, royalty free, 4k video, 8k images, food menu, food photography, culinary, restaurant, food video, recipe"
Pizza | Food Beverage Stock Video,https://storage.googleapis.com/stockflow-social/Batch01/Clips/V/Food-Beverage_Food-Menu_Pizza_20260215_000267_V.mp4,Food & Beverage,0:02,"Download premium pizza stock footage — 4K video & 8K images. Part of our Food Menu collection. Royalty-free, no attribution required. Perfect for content creators, filmmakers, and designers. Instant download at stockflow.media",https://stockflow.media/?cat=Food+Beverage&sub=Food+Menu&collection=Pizza,2026-08-07 8:00:00,"pepperoni, pizza, cheese, italian, italianfood, food, foodporn, crust, mozzarella, cheesepull, ovenbaked, golde, stock footage, royalty free, 4k video, 8k images, food menu, food photography, culinary, restaurant, food video, recipe"
Pizza | Food Beverage Stock Video,https://storage.googleapis.com/stockflow-social/Batch01/Clips/V/Food-Beverage_Food-Menu_Pizza_20260215_000266_V.mp4,Food & Beverage,0:02,"Download premium pizza stock footage — 4K video & 8K images. Part of our Food Menu collection. Royalty-free, no attribution required. Perfect for content creators, filmmakers, and designers. Instant download at stockflow.media",https://stockflow.media/?cat=Food+Beverage&sub=Food+Menu&collection=Pizza,2026-08-07 11:00:00,"pepperoni pizza, pizza, italian, cheese, melted cheese, stretchy cheese, pepperoni, crust, baked, ov, stock footage, royalty free, 4k video, 8k images, food menu, food photography, culinary, restaurant, food video, recipe"
Pizza | Food Beverage Stock Video,https://storage.googleapis.com/stockflow-social/Batch01/Clips/V/Food-Beverage_Food-Menu_Pizza_20260215_000265_V.mp4,Food & Beverage,0:02,"Download premium pizza stock footage — 4K video & 8K images. Part of our Food Menu collection. Royalty-free, no attribution required. Perfect for content creators, filmmakers, and designers. Instant download at stockflow.media",https://stockflow.media/?cat=Food+Beverage&sub=Food+Menu&collection=Pizza,2026-08-07 14:00:00,"pizza, pepperoni, hot pizza, bubbling cheese, cheesy, tray, oven, cooked, cooking, close-up, food vi, stock footage, royalty free, 4k video, 8k images, food menu, food photography, culinary, restaurant, food video, recipe"
Pizza | Food Beverage Stock Video,https://storage.googleapis.com/stockflow-social/Batch01/Clips/V/Food-Beverage_Food-Menu_Pizza_20260215_000264_V.mp4,Food & Beverage,0:02,"Download premium pizza stock footage — 4K video & 8K images. Part of our Food Menu collection. Royalty-free, no attribution required. Perfect for content creators, filmmakers, and designers. Instant download at stockflow.media",https://stockflow.media/?cat=Food+Beverage&sub=Food+Menu&collection=Pizza,2026-08-07 17:00:00,"wood-fired, italian pizza, fresh pizza, mozzarella, cherry tomatoes, basil, rustic table, wooden tab, stock footage, royalty free, 4k video, 8k images, pizza, food menu, food photography, culinary, restaurant, food video, recipe"
Pizza | Food Beverage Stock Video,https://storage.googleapis.com/stockflow-social/Batch01/Clips/V/Food-Beverage_Food-Menu_Pizza_20260215_000263_V.mp4,Food & Beverage,0:02,"Download premium pizza stock footage — 4K video & 8K images. Part of our Food Menu collection. Royalty-free, no attribution required. Perfect for content creators, filmmakers, and designers. Instant download at stockflow.media",https://stockflow.media/?cat=Food+Beverage&sub=Food+Menu&collection=Pizza,2026-08-07 20:00:00,"rustic, italian pizza, pizza, mushrooms, melted cheese, cheese, fresh herbs, wooden board, wooden se, stock footage, royalty free, 4k video, 8k images, food menu, food photography, culinary, restaurant, food video, recipe"
Pizza | Food Beverage Stock Video,https://storage.googleapis.com/stockflow-social/Batch01/Clips/V/Food-Beverage_Food-Menu_Pizza_20260215_000262_V.mp4,Food & Beverage,0:02,"Download premium pizza stock footage — 4K video & 8K images. Part of our Food Menu collection. Royalty-free, no attribution required. Perfect for content creators, filmmakers, and designers. Instant download at stockflow.media",https://stockflow.media/?cat=Food+Beverage&sub=Food+Menu&collection=Pizza,2026-08-08 8:00:00,"pizza, italian, wood-fired, brick-oven, oven-fired, mozzarella, cherry-tomatoes, prosciutto, cured-m, stock footage, royalty free, 4k video, 8k images, food menu, food photography, culinary, restaurant, food video, recipe"
Pizza | Food Beverage Stock Video,https://storage.googleapis.com/stockflow-social/Batch01/Clips/V/Food-Beverage_Food-Menu_Pizza_20260215_000261_V.mp4,Food & Beverage,0:02,"Download premium pizza stock footage — 4K video & 8K images. Part of our Food Menu collection. Royalty-free, no attribution required. Perfect for content creators, filmmakers, and designers. Instant download at stockflow.media",https://stockflow.media/?cat=Food+Beverage&sub=Food+Menu&collection=Pizza,2026-08-08 11:00:00,"italian pizza, prosciutto, fresh basil, melted mozzarella, wood-fired crust, blistered crust, pizza, stock footage, royalty free, 4k video, 8k images, food menu, food photography, culinary, restaurant, food video, recipe"
Pizza | Food Beverage Stock Video,https://storage.googleapis.com/stockflow-social/Batch01/Clips/V/Food-Beverage_Food-Menu_Pizza_20260215_000260_V.mp4,Food & Beverage,0:02,"Download premium pizza stock footage — 4K video & 8K images. Part of our Food Menu collection. Royalty-free, no attribution required. Perfect for content creators, filmmakers, and designers. Instant download at stockflow.media",https://stockflow.media/?cat=Food+Beverage&sub=Food+Menu&collection=Pizza,2026-08-08 14:00:00,"premium, italian pizza, neapolitan pizza, wood-fired pizza, blistered crust, melted mozzarella, toma, stock footage, royalty free, 4k video, 8k images, pizza, food menu, food photography, culinary, restaurant, food video, recipe"
Pizza | Food Beverage Stock Video,https://storage.googleapis.com/stockflow-social/Batch01/Clips/V/Food-Beverage_Food-Menu_Pizza_20260215_000259_V.mp4,Food & Beverage,0:02,"Download premium pizza stock footage — 4K video & 8K images. Part of our Food Menu collection. Royalty-free, no attribution required. Perfect for content creators, filmmakers, and designers. Instant download at stockflow.media",https://stockflow.media/?cat=Food+Beverage&sub=Food+Menu&collection=Pizza,2026-08-08 17:00:00,"rustic, italian, pizza, wooden board, blistered crust, smoky crust, melted mozzarella, roasted tomat, stock footage, royalty free, 4k video, 8k images, food menu, food photography, culinary, restaurant, food video, recipe"
Pizza | Food Beverage Stock Video,https://storage.googleapis.com/stockflow-social/Batch01/Clips/V/Food-Beverage_Food-Menu_Pizza_20260215_000258_V.mp4,Food & Beverage,0:02,"Download premium pizza stock footage — 4K video & 8K images. Part of our Food Menu collection. Royalty-free, no attribution required. Perfect for content creators, filmmakers, and designers. Instant download at stockflow.media",https://stockflow.media/?cat=Food+Beverage&sub=Food+Menu&collection=Pizza,2026-08-08 20:00:00,"pizza, italian, wood-fired, brick-oven, mozzarella, tomato-sauce, basil, italian-food, cheese, crust, stock footage, royalty free, 4k video, 8k images, food menu, food photography, culinary, restaurant, food video, recipe"
Pizza | Food Beverage Stock Video,https://storage.googleapis.com/stockflow-social/Batch01/Clips/V/Food-Beverage_Food-Menu_Pizza_20260215_000257_V.mp4,Food & Beverage,0:02,"Download premium pizza stock footage — 4K video & 8K images. Part of our Food Menu collection. Royalty-free, no attribution required. Perfect for content creators, filmmakers, and designers. Instant download at stockflow.media",https://stockflow.media/?cat=Food+Beverage&sub=Food+Menu&collection=Pizza,2026-08-09 8:00:00,"pizza, pizza crust, italian pizza, cheese pizza, bubbly crust, tomato sauce, fresh basil, food video, stock footage, royalty free, 4k video, 8k images, food menu, food photography, culinary, restaurant, recipe"
Pizza | Food Beverage Stock Video,https://storage.googleapis.com/stockflow-social/Batch01/Clips/V/Food-Beverage_Food-Menu_Pizza_20260215_000256_V.mp4,Food & Beverage,0:02,"Download premium pizza stock footage — 4K video & 8K images. Part of our Food Menu collection. Royalty-free, no attribution required. Perfect for content creators, filmmakers, and designers. Instant download at stockflow.media",https://stockflow.media/?cat=Food+Beverage&sub=Food+Menu&collection=Pizza,2026-08-09 11:00:00,"pizza, italian pizza, melted cheese, tomato sauce, fresh basil, herbs, wooden board, food photograph, stock footage, royalty free, 4k video, 8k images, food menu, food photography, culinary, restaurant, food video, recipe"
Pizza | Food Beverage Stock Video,https://storage.googleapis.com/stockflow-social/Batch01/Clips/V/Food-Beverage_Food-Menu_Pizza_20260215_000255_V.mp4,Food & Beverage,0:02,"Download premium pizza stock footage — 4K video & 8K images. Part of our Food Menu collection. Royalty-free, no attribution required. Perfect for content creators, filmmakers, and designers. Instant download at stockflow.media",https://stockflow.media/?cat=Food+Beverage&sub=Food+Menu&collection=Pizza,2026-08-09 14:00:00,"pizza, italian pizza, fresh basil, mozzarella, cherry tomatoes, crispy crust, homemade pizza, italia, stock footage, royalty free, 4k video, 8k images, food menu, food photography, culinary, restaurant, food video, recipe"
Pizza | Food Beverage Stock Video,https://storage.googleapis.com/stockflow-social/Batch01/Clips/V/Food-Beverage_Food-Menu_Pizza_20260215_000254_V.mp4,Food & Beverage,0:02,"Download premium pizza stock footage — 4K video & 8K images. Part of our Food Menu collection. Royalty-free, no attribution required. Perfect for content creators, filmmakers, and designers. Instant download at stockflow.media",https://stockflow.media/?cat=Food+Beverage&sub=Food+Menu&collection=Pizza,2026-08-09 17:00:00,"pizza, italian pizza, mushroom pizza, pizza toppings, herbs, basil, oregano, rustic wooden surface, stock footage, royalty free, 4k video, 8k images, food menu, food photography, culinary, restaurant, food video, recipe"
Dosa | Food Beverage Stock Video,https://storage.googleapis.com/stockflow-social/Batch01/Clips/V/Food-Beverage_Food-Menu_Dosa_20260215_000222_V.mp4,Food & Beverage,0:02,"Download premium dosa stock footage — 4K video & 8K images. Part of our Food Menu collection. Royalty-free, no attribution required. Perfect for content creators, filmmakers, and designers. Instant download at stockflow.media",https://stockflow.media/?cat=Food+Beverage&sub=Food+Menu&collection=Dosa,2026-08-09 20:00:00,"dosa, dosai, crispy dosa, south indian dosa, indian breakfast, south indian breakfast, vegetarian, c, stock footage, royalty free, 4k video, 8k images, food menu, food photography, culinary, restaurant, food video, recipe"
Dosa | Food Beverage Stock Video,https://storage.googleapis.com/stockflow-social/Batch01/Clips/V/Food-Beverage_Food-Menu_Dosa_20260215_000221_V.mp4,Food & Beverage,0:02,"Download premium dosa stock footage — 4K video & 8K images. Part of our Food Menu collection. Royalty-free, no attribution required. Perfect for content creators, filmmakers, and designers. Instant download at stockflow.media",https://stockflow.media/?cat=Food+Beverage&sub=Food+Menu&collection=Dosa,2026-08-10 8:00:00,"dosa, south indian, banana leaf, coconut chutney, sambar, chutney, chutneys, vegetarian, indian cuis, stock footage, royalty free, 4k video, 8k images, food menu, food photography, culinary, restaurant, food video, recipe"
Dosa | Food Beverage Stock Video,https://storage.googleapis.com/stockflow-social/Batch01/Clips/V/Food-Beverage_Food-Menu_Dosa_20260215_000220_V.mp4,Food & Beverage,0:02,"Download premium dosa stock footage — 4K video & 8K images. Part of our Food Menu collection. Royalty-free, no attribution required. Perfect for content creators, filmmakers, and designers. Instant download at stockflow.media",https://stockflow.media/?cat=Food+Beverage&sub=Food+Menu&collection=Dosa,2026-08-10 11:00:00,"dosa, south indian dosa, crispy dosa, rolled dosa, metal plate, chutneys (red, green, yellow), red c, stock footage, royalty free, 4k video, 8k images, food menu, food photography, culinary, restaurant, food video, recipe"
Dosa | Food Beverage Stock Video,https://storage.googleapis.com/stockflow-social/Batch01/Clips/V/Food-Beverage_Food-Menu_Dosa_20260215_000219_V.mp4,Food & Beverage,0:02,"Download premium dosa stock footage — 4K video & 8K images. Part of our Food Menu collection. Royalty-free, no attribution required. Perfect for content creators, filmmakers, and designers. Instant download at stockflow.media",https://stockflow.media/?cat=Food+Beverage&sub=Food+Menu&collection=Dosa,2026-08-10 14:00:00,"dosa, dosa roll, crispy dosa, savory filling, chutneys, spices, indian food, south indian, street fo, stock footage, royalty free, 4k video, 8k images, food menu, food photography, culinary, restaurant, food video, recipe"
Dosa | Food Beverage Stock Video,https://storage.googleapis.com/stockflow-social/Batch01/Clips/V/Food-Beverage_Food-Menu_Dosa_20260215_000218_V.mp4,Food & Beverage,0:02,"Download premium dosa stock footage — 4K video & 8K images. Part of our Food Menu collection. Royalty-free, no attribution required. Perfect for content creators, filmmakers, and designers. Instant download at stockflow.media",https://stockflow.media/?cat=Food+Beverage&sub=Food+Menu&collection=Dosa,2026-08-10 17:00:00,"dosa, crispy dosa, south indian dosa, rolled dosa, dosa with chutneys, chutney, sambar, indian break, stock footage, royalty free, 4k video, 8k images, food menu, food photography, culinary, restaurant, food video, recipe"
Dosa | Food Beverage Stock Video,https://storage.googleapis.com/stockflow-social/Batch01/Clips/V/Food-Beverage_Food-Menu_Dosa_20260215_000217_V.mp4,Food & Beverage,0:02,"Download premium dosa stock footage — 4K video & 8K images. Part of our Food Menu collection. Royalty-free, no attribution required. Perfect for content creators, filmmakers, and designers. Instant download at stockflow.media",https://stockflow.media/?cat=Food+Beverage&sub=Food+Menu&collection=Dosa,2026-08-10 20:00:00,"dosa, banana leaf, sambar, coconut chutney, tomato chutney, potato masala, masala dosa, crispy dosa, stock footage, royalty free, 4k video, 8k images, food menu, food photography, culinary, restaurant, food video, recipe"
Dosa | Food Beverage Stock Video,https://storage.googleapis.com/stockflow-social/Batch01/Clips/V/Food-Beverage_Food-Menu_Dosa_20260215_000216_V.mp4,Food & Beverage,0:02,"Download premium dosa stock footage — 4K video & 8K images. Part of our Food Menu collection. Royalty-free, no attribution required. Perfect for content creators, filmmakers, and designers. Instant download at stockflow.media",https://stockflow.media/?cat=Food+Beverage&sub=Food+Menu&collection=Dosa,2026-08-11 8:00:00,"south indian dosa, dosa on banana leaf, coconut chutney, sambar, banana leaf meal, traditional india, stock footage, royalty free, 4k video, 8k images, dosa, food menu, food photography, culinary, restaurant, food video, recipe"
Dosa | Food Beverage Stock Video,https://storage.googleapis.com/stockflow-social/Batch01/Clips/V/Food-Beverage_Food-Menu_Dosa_20260215_000215_V.mp4,Food & Beverage,0:02,"Download premium dosa stock footage — 4K video & 8K images. Part of our Food Menu collection. Royalty-free, no attribution required. Perfect for content creators, filmmakers, and designers. Instant download at stockflow.media",https://stockflow.media/?cat=Food+Beverage&sub=Food+Menu&collection=Dosa,2026-08-11 11:00:00,"dosa, masala dosa, crispy dosa, potato filling, indian street food, south indian, dosa rolls, chutne, stock footage, royalty free, 4k video, 8k images, food menu, food photography, culinary, restaurant, food video, recipe"
Idly Vada | Food Beverage Stock Video,https://storage.googleapis.com/stockflow-social/Batch01/Clips/V/Food-Beverage_Food-Menu_Idly-Vada_20260215_000203_V.mp4,Food & Beverage,0:02,"Download premium idly vada stock footage — 4K video & 8K images. Part of our Food Menu collection. Royalty-free, no attribution required. Perfect for content creators, filmmakers, and designers. Instant download at stockflow.media",https://stockflow.media/?cat=Food+Beverage&sub=Food+Menu&collection=Idly+Vada,2026-08-11 14:00:00,"crispy idlis, idli, south indian, banana leaf, curry leaves, sambar, coconut chutney, vegetarian, tr, stock footage, royalty free, 4k video, 8k images, idly vada, food menu, food photography, culinary, restaurant, food video, recipe"
Idly Vada | Food Beverage Stock Video,https://storage.googleapis.com/stockflow-social/Batch01/Clips/V/Food-Beverage_Food-Menu_Idly-Vada_20260215_000202_V.mp4,Food & Beverage,0:02,"Download premium idly vada stock footage — 4K video & 8K images. Part of our Food Menu collection. Royalty-free, no attribution required. Perfect for content creators, filmmakers, and designers. Instant download at stockflow.media",https://stockflow.media/?cat=Food+Beverage&sub=Food+Menu&collection=Idly+Vada,2026-08-11 17:00:00,"delicious, south indian thali, idlis, vadas, chutneys, stainless steel platter, banana leaf, traditi, stock footage, royalty free, 4k video, 8k images, idly vada, food menu, food photography, culinary, restaurant, food video, recipe"
Idly Vada | Food Beverage Stock Video,https://storage.googleapis.com/stockflow-social/Batch01/Clips/V/Food-Beverage_Food-Menu_Idly-Vada_20260215_000201_V.mp4,Food & Beverage,0:02,"Download premium idly vada stock footage — 4K video & 8K images. Part of our Food Menu collection. Royalty-free, no attribution required. Perfect for content creators, filmmakers, and designers. Instant download at stockflow.media",https://stockflow.media/?cat=Food+Beverage&sub=Food+Menu&collection=Idly+Vada,2026-08-11 20:00:00,"indian, idli, vada, banana leaf, chutney, tea, steam, food, traditional, vegetarian, south indian, s, stock footage, royalty free, 4k video, 8k images, idly vada, food menu, food photography, culinary, restaurant, food video, recipe"
Idly Vada | Food Beverage Stock Video,https://storage.googleapis.com/stockflow-social/Batch01/Clips/V/Food-Beverage_Food-Menu_Idly-Vada_20260215_000200_V.mp4,Food & Beverage,0:02,"Download premium idly vada stock footage — 4K video & 8K images. Part of our Food Menu collection. Royalty-free, no attribution required. Perfect for content creators, filmmakers, and designers. Instant download at stockflow.media",https://stockflow.media/?cat=Food+Beverage&sub=Food+Menu&collection=Idly+Vada,2026-08-12 8:00:00,"idlis, vadas, sambar, chutneys, banana leaf, indian breakfast, south indian cuisine, vegetarian, tra, stock footage, royalty free, 4k video, 8k images, idly vada, food menu, food photography, culinary, restaurant, food video, recipe"
Idly Vada | Food Beverage Stock Video,https://storage.googleapis.com/stockflow-social/Batch01/Clips/V/Food-Beverage_Food-Menu_Idly-Vada_20260215_000199_V.mp4,Food & Beverage,0:02,"Download premium idly vada stock footage — 4K video & 8K images. Part of our Food Menu collection. Royalty-free, no attribution required. Perfect for content creators, filmmakers, and designers. Instant download at stockflow.media",https://stockflow.media/?cat=Food+Beverage&sub=Food+Menu&collection=Idly+Vada,2026-08-12 11:00:00,"south indian, idlis, vadas, coconut chutney, tomato chutney, lentil chutney, chutneys, stock footage, royalty free, 4k video, 8k images, idly vada, food menu, food photography, culinary, restaurant, food video, recipe"
Butter Chiken | Food Beverage Stock Video,https://storage.googleapis.com/stockflow-social/Batch01/Clips/V/Food-Beverage_Food-Menu_Butter-Chiken_20260215_000160_V.mp4,Food & Beverage,0:02,"Download premium butter chiken stock footage — 4K video & 8K images. Part of our Food Menu collection. Royalty-free, no attribution required. Perfect for content creators, filmmakers, and designers. Instant download at stockflow.media",https://stockflow.media/?cat=Food+Beverage&sub=Food+Menu&collection=Butter+Chiken,2026-08-12 14:00:00,"butter chicken, murgh makhani, creamy tomato sauce, cilantro garnish, naan bread, basmati rice, indi, stock footage, royalty free, 4k video, 8k images, butter chiken, food menu, food photography, culinary, restaurant, food video, recipe"
Butter Chiken | Food Beverage Stock Video,https://storage.googleapis.com/stockflow-social/Batch01/Clips/V/Food-Beverage_Food-Menu_Butter-Chiken_20260215_000159_V.mp4,Food & Beverage,0:02,"Download premium butter chiken stock footage — 4K video & 8K images. Part of our Food Menu collection. Royalty-free, no attribution required. Perfect for content creators, filmmakers, and designers. Instant download at stockflow.media",https://stockflow.media/?cat=Food+Beverage&sub=Food+Menu&collection=Butter+Chiken,2026-08-12 17:00:00,"butter chicken, indian food, curry, creamy curry, naan, basmati rice, rice, cream, parsley, wooden b, stock footage, royalty free, 4k video, 8k images, butter chiken, food menu, food photography, culinary, restaurant, food video, recipe"
Butter Chiken | Food Beverage Stock Video,https://storage.googleapis.com/stockflow-social/Batch01/Clips/V/Food-Beverage_Food-Menu_Butter-Chiken_20260215_000158_V.mp4,Food & Beverage,0:02,"Download premium butter chiken stock footage — 4K video & 8K images. Part of our Food Menu collection. Royalty-free, no attribution required. Perfect for content creators, filmmakers, and designers. Instant download at stockflow.media",https://stockflow.media/?cat=Food+Beverage&sub=Food+Menu&collection=Butter+Chiken,2026-08-12 20:00:00,"butter chicken, chicken curry, indian food, indian cuisine, creamy tomato sauce, tomato cream sauce, stock footage, royalty free, 4k video, 8k images, butter chiken, food menu, food photography, culinary, restaurant, food video, recipe"
Butter Chiken | Food Beverage Stock Video,https://storage.googleapis.com/stockflow-social/Batch01/Clips/V/Food-Beverage_Food-Menu_Butter-Chiken_20260215_000157_V.mp4,Food & Beverage,0:02,"Download premium butter chiken stock footage — 4K video & 8K images. Part of our Food Menu collection. Royalty-free, no attribution required. Perfect for content creators, filmmakers, and designers. Instant download at stockflow.media",https://stockflow.media/?cat=Food+Beverage&sub=Food+Menu&collection=Butter+Chiken,2026-08-13 8:00:00,"butter chicken, butter chicken curry, indian food, creamy curry, basmati rice, cilantro, naan bread, stock footage, royalty free, 4k video, 8k images, butter chiken, food menu, food photography, culinary, restaurant, food video, recipe"
Butter Chiken | Food Beverage Stock Video,https://storage.googleapis.com/stockflow-social/Batch01/Clips/V/Food-Beverage_Food-Menu_Butter-Chiken_20260215_000156_V.mp4,Food & Beverage,0:02,"Download premium butter chiken stock footage — 4K video & 8K images. Part of our Food Menu collection. Royalty-free, no attribution required. Perfect for content creators, filmmakers, and designers. Instant download at stockflow.media",https://stockflow.media/?cat=Food+Beverage&sub=Food+Menu&collection=Butter+Chiken,2026-08-13 11:00:00,"butter chicken, chicken curry, indian curry, creamy curry, orange curry, indian food, stock footage, royalty free, 4k video, 8k images, butter chiken, food menu, food photography, culinary, restaurant, food video, recipe"
Butter Chiken | Food Beverage Stock Video,https://storage.googleapis.com/stockflow-social/Batch01/Clips/V/Food-Beverage_Food-Menu_Butter-Chiken_20260215_000155_V.mp4,Food & Beverage,0:02,"Download premium butter chiken stock footage — 4K video & 8K images. Part of our Food Menu collection. Royalty-free, no attribution required. Perfect for content creators, filmmakers, and designers. Instant download at stockflow.media",https://stockflow.media/?cat=Food+Beverage&sub=Food+Menu&collection=Butter+Chiken,2026-08-13 14:00:00,"butter chicken, indian cuisine, creamy, orange sauce, white bowl, dill garnish, marble surface, curr, stock footage, royalty free, 4k video, 8k images, butter chiken, food menu, food photography, culinary, restaurant, food video, recipe"
Butter Chiken | Food Beverage Stock Video,https://storage.googleapis.com/stockflow-social/Batch01/Clips/V/Food-Beverage_Food-Menu_Butter-Chiken_20260215_000154_V.mp4,Food & Beverage,0:02,"Download premium butter chiken stock footage — 4K video & 8K images. Part of our Food Menu collection. Royalty-free, no attribution required. Perfect for content creators, filmmakers, and designers. Instant download at stockflow.media",https://stockflow.media/?cat=Food+Beverage&sub=Food+Menu&collection=Butter+Chiken,2026-08-13 17:00:00,"creamy, tomato-based, indian, butter chicken, butter chicken sauce, white bowl, cilantro, garnish, i, stock footage, royalty free, 4k video, 8k images, butter chiken, food menu, food photography, culinary, restaurant, food video, recipe"
Butter Chiken | Food Beverage Stock Video,https://storage.googleapis.com/stockflow-social/Batch01/Clips/V/Food-Beverage_Food-Menu_Butter-Chiken_20260215_000153_V.mp4,Food & Beverage,0:02,"Download premium butter chiken stock footage — 4K video & 8K images. Part of our Food Menu collection. Royalty-free, no attribution required. Perfect for content creators, filmmakers, and designers. Instant download at stockflow.media",https://stockflow.media/?cat=Food+Beverage&sub=Food+Menu&collection=Butter+Chiken,2026-08-13 20:00:00,"butter chicken, indian food, creamy curry, tomato gravy, chicken curry, cilantro, cream, indian cuis, stock footage, royalty free, 4k video, 8k images, butter chiken, food menu, food photography, culinary, restaurant, food video, recipe"
Butter Chiken | Food Beverage Stock Video,https://storage.googleapis.com/stockflow-social/Batch01/Clips/V/Food-Beverage_Food-Menu_Butter-Chiken_20260215_000152_V.mp4,Food & Beverage,0:02,"Download premium butter chiken stock footage — 4K video & 8K images. Part of our Food Menu collection. Royalty-free, no attribution required. Perfect for content creators, filmmakers, and designers. Instant download at stockflow.media",https://stockflow.media/?cat=Food+Beverage&sub=Food+Menu&collection=Butter+Chiken,2026-08-14 8:00:00,"butter chicken, indian butter chicken, indian cuisine, chicken curry, creamy sauce, tomato cream sau, stock footage, royalty free, 4k video, 8k images, butter chiken, food menu, food photography, culinary, restaurant, food video, recipe"
Butter Chiken | Food Beverage Stock Video,https://storage.googleapis.com/stockflow-social/Batch01/Clips/V/Food-Beverage_Food-Menu_Butter-Chiken_20260215_000151_V.mp4,Food & Beverage,0:02,"Download premium butter chiken stock footage — 4K video & 8K images. Part of our Food Menu collection. Royalty-free, no attribution required. Perfect for content creators, filmmakers, and designers. Instant download at stockflow.media",https://stockflow.media/?cat=Food+Beverage&sub=Food+Menu&collection=Butter+Chiken,2026-08-14 11:00:00,"indian butter chicken, butter chicken, chicken curry, creamy gravy, silky gravy, tomato cream sauce, stock footage, royalty free, 4k video, 8k images, butter chiken, food menu, food photography, culinary, restaurant, food video, recipe"
Butter Chiken | Food Beverage Stock Video,https://storage.googleapis.com/stockflow-social/Batch01/Clips/V/Food-Beverage_Food-Menu_Butter-Chiken_20260215_000150_V.mp4,Food & Beverage,0:02,"Download premium butter chiken stock footage — 4K video & 8K images. Part of our Food Menu collection. Royalty-free, no attribution required. Perfect for content creators, filmmakers, and designers. Instant download at stockflow.media",https://stockflow.media/?cat=Food+Beverage&sub=Food+Menu&collection=Butter+Chiken,2026-08-14 14:00:00,"indian, butter chicken, chicken, curry, creamy, tomato-based sauce, tomato sauce, orange sauce, rich, stock footage, royalty free, 4k video, 8k images, butter chiken, food menu, food photography, culinary, restaurant, food video, recipe"
Butter Chiken | Food Beverage Stock Video,https://storage.googleapis.com/stockflow-social/Batch01/Clips/V/Food-Beverage_Food-Menu_Butter-Chiken_20260215_000149_V.mp4,Food & Beverage,0:02,"Download premium butter chiken stock footage — 4K video & 8K images. Part of our Food Menu collection. Royalty-free, no attribution required. Perfect for content creators, filmmakers, and designers. Instant download at stockflow.media",https://stockflow.media/?cat=Food+Beverage&sub=Food+Menu&collection=Butter+Chiken,2026-08-14 17:00:00,"butter chicken, chicken curry, indian food, indian cuisine, creamy curry, orange sauce, butter chick, stock footage, royalty free, 4k video, 8k images, butter chiken, food menu, food photography, culinary, restaurant, food video, recipe"
Butter Chiken | Food Beverage Stock Video,https://storage.googleapis.com/stockflow-social/Batch01/Clips/V/Food-Beverage_Food-Menu_Butter-Chiken_20260215_000148_V.mp4,Food & Beverage,0:02,"Download premium butter chiken stock footage — 4K video & 8K images. Part of our Food Menu collection. Royalty-free, no attribution required. Perfect for content creators, filmmakers, and designers. Instant download at stockflow.media",https://stockflow.media/?cat=Food+Beverage&sub=Food+Menu&collection=Butter+Chiken,2026-08-14 20:00:00,"butter chicken, chicken curry, indian curry, rich curry, tomato-based sauce, red curry sauce, herbs, stock footage, royalty free, 4k video, 8k images, butter chiken, food menu, food photography, culinary, restaurant, food video, recipe"
Butter Chiken | Food Beverage Stock Video,https://storage.googleapis.com/stockflow-social/Batch01/Clips/V/Food-Beverage_Food-Menu_Butter-Chiken_20260215_000147_V.mp4,Food & Beverage,0:02,"Download premium butter chiken stock footage — 4K video & 8K images. Part of our Food Menu collection. Royalty-free, no attribution required. Perfect for content creators, filmmakers, and designers. Instant download at stockflow.media",https://stockflow.media/?cat=Food+Beverage&sub=Food+Menu&collection=Butter+Chiken,2026-08-15 8:00:00,"creamy, butter chicken, murgh makhani, indian food, indian cuisine, street food, busy street, rustic, stock footage, royalty free, 4k video, 8k images, butter chiken, food menu, food photography, culinary, restaurant, food video, recipe"
Butter Chiken | Food Beverage Stock Video,https://storage.googleapis.com/stockflow-social/Batch01/Clips/V/Food-Beverage_Food-Menu_Butter-Chiken_20260215_000146_V.mp4,Food & Beverage,0:02,"Download premium butter chiken stock footage — 4K video & 8K images. Part of our Food Menu collection. Royalty-free, no attribution required. Perfect for content creators, filmmakers, and designers. Instant download at stockflow.media",https://stockflow.media/?cat=Food+Beverage&sub=Food+Menu&collection=Butter+Chiken,2026-08-15 11:00:00,"indian, butterchicken, chicken, curry, streetfood, foodstall, foilbowl, steaming, spicy, streetfoodv, stock footage, royalty free, 4k video, 8k images, butter chiken, food menu, food photography, culinary, restaurant, food video, recipe"
Butter Chiken | Food Beverage Stock Video,https://storage.googleapis.com/stockflow-social/Batch01/Clips/V/Food-Beverage_Food-Menu_Butter-Chiken_20260215_000145_V.mp4,Food & Beverage,0:02,"Download premium butter chiken stock footage — 4K video & 8K images. Part of our Food Menu collection. Royalty-free, no attribution required. Perfect for content creators, filmmakers, and designers. Instant download at stockflow.media",https://stockflow.media/?cat=Food+Beverage&sub=Food+Menu&collection=Butter+Chiken,2026-08-15 14:00:00,"butter chicken, creamy curry, indian food, indian butter chicken, creamy, orange sauce, rich sauce, stock footage, royalty free, 4k video, 8k images, butter chiken, food menu, food photography, culinary, restaurant, food video, recipe"
Butter Chiken | Food Beverage Stock Video,https://storage.googleapis.com/stockflow-social/Batch01/Clips/V/Food-Beverage_Food-Menu_Butter-Chiken_20260215_000144_V.mp4,Food & Beverage,0:02,"Download premium butter chiken stock footage — 4K video & 8K images. Part of our Food Menu collection. Royalty-free, no attribution required. Perfect for content creators, filmmakers, and designers. Instant download at stockflow.media",https://stockflow.media/?cat=Food+Beverage&sub=Food+Menu&collection=Butter+Chiken,2026-08-15 17:00:00,"butter chicken, creamy chicken, butter chicken curry, indian curry, chicken curry, basmati rice, naa, stock footage, royalty free, 4k video, 8k images, butter chiken, food menu, food photography, culinary, restaurant, food video, recipe"
Butter Chiken | Food Beverage Stock Video,https://storage.googleapis.com/stockflow-social/Batch01/Clips/V/Food-Beverage_Food-Menu_Butter-Chiken_20260215_000143_V.mp4,Food & Beverage,0:02,"Download premium butter chiken stock footage — 4K video & 8K images. Part of our Food Menu collection. Royalty-free, no attribution required. Perfect for content creators, filmmakers, and designers. Instant download at stockflow.media",https://stockflow.media/?cat=Food+Beverage&sub=Food+Menu&collection=Butter+Chiken,2026-08-15 20:00:00,"butter chicken, indian cuisine, creamy tomato sauce, cilantro garnish, rice, naan, indian food, curr, stock footage, royalty free, 4k video, 8k images, butter chiken, food menu, food photography, culinary, restaurant, food video, recipe"
Butter Chiken | Food Beverage Stock Video,https://storage.googleapis.com/stockflow-social/Batch01/Clips/V/Food-Beverage_Food-Menu_Butter-Chiken_20260215_000142_V.mp4,Food & Beverage,0:02,"Download premium butter chiken stock footage — 4K video & 8K images. Part of our Food Menu collection. Royalty-free, no attribution required. Perfect for content creators, filmmakers, and designers. Instant download at stockflow.media",https://stockflow.media/?cat=Food+Beverage&sub=Food+Menu&collection=Butter+Chiken,2026-08-16 8:00:00,"butter chicken, orange curry, white rice, naan, cilantro, cream, copper serving bowl, indian cuisine, stock footage, royalty free, 4k video, 8k images, butter chiken, food menu, food photography, culinary, restaurant, food video, recipe"
Butter Chiken | Food Beverage Stock Video,https://storage.googleapis.com/stockflow-social/Batch01/Clips/V/Food-Beverage_Food-Menu_Butter-Chiken_20260215_000141_V.mp4,Food & Beverage,0:02,"Download premium butter chiken stock footage — 4K video & 8K images. Part of our Food Menu collection. Royalty-free, no attribution required. Perfect for content creators, filmmakers, and designers. Instant download at stockflow.media",https://stockflow.media/?cat=Food+Beverage&sub=Food+Menu&collection=Butter+Chiken,2026-08-16 11:00:00,"butter chicken, chicken curry, indian food, creamy sauce, tomato gravy, spiced, curry, indian cuisin, stock footage, royalty free, 4k video, 8k images, butter chiken, food menu, food photography, culinary, restaurant, food video, recipe"
Butter Chiken | Food Beverage Stock Video,https://storage.googleapis.com/stockflow-social/Batch01/Clips/V/Food-Beverage_Food-Menu_Butter-Chiken_20260215_000140_V.mp4,Food & Beverage,0:02,"Download premium butter chiken stock footage — 4K video & 8K images. Part of our Food Menu collection. Royalty-free, no attribution required. Perfect for content creators, filmmakers, and designers. Instant download at stockflow.media",https://stockflow.media/?cat=Food+Beverage&sub=Food+Menu&collection=Butter+Chiken,2026-08-16 14:00:00,"butter chicken, chicken curry, indian cuisine, creamy tomato gravy, skillet cooking, rustic skillet, stock footage, royalty free, 4k video, 8k images, butter chiken, food menu, food photography, culinary, restaurant, food video, recipe"
Butter Chiken | Food Beverage Stock Video,https://storage.googleapis.com/stockflow-social/Batch01/Clips/V/Food-Beverage_Food-Menu_Butter-Chiken_20260215_000139_V.mp4,Food & Beverage,0:02,"Download premium butter chiken stock footage — 4K video & 8K images. Part of our Food Menu collection. Royalty-free, no attribution required. Perfect for content creators, filmmakers, and designers. Instant download at stockflow.media",https://stockflow.media/?cat=Food+Beverage&sub=Food+Menu&collection=Butter+Chiken,2026-08-16 17:00:00,"butter chicken, indian curry, chicken curry, creamy curry, tomato sauce, spiced, dried chilies, rust, stock footage, royalty free, 4k video, 8k images, butter chiken, food menu, food photography, culinary, restaurant, food video, recipe"
Biriyani | Food Beverage Stock Video,https://storage.googleapis.com/stockflow-social/Batch01/Clips/V/Food-Beverage_Food-Menu_Biriyani_20260215_000105_V.mp4,Food & Beverage,0:02,"Download premium biriyani stock footage — 4K video & 8K images. Part of our Food Menu collection. Royalty-free, no attribution required. Perfect for content creators, filmmakers, and designers. Instant download at stockflow.media",https://stockflow.media/?cat=Food+Beverage&sub=Food+Menu&collection=Biriyani,2026-08-16 20:00:00,"indian, biryani, chicken, fragrant, mint, clay pot, serving, traditional, cuisine, spice, aroma, bow, stock footage, royalty free, 4k video, 8k images, biriyani, food menu, food photography, culinary, restaurant, food video, recipe"
Biriyani | Food Beverage Stock Video,https://storage.googleapis.com/stockflow-social/Batch01/Clips/V/Food-Beverage_Food-Menu_Biriyani_20260215_000104_V.mp4,Food & Beverage,0:02,"Download premium biriyani stock footage — 4K video & 8K images. Part of our Food Menu collection. Royalty-free, no attribution required. Perfect for content creators, filmmakers, and designers. Instant download at stockflow.media",https://stockflow.media/?cat=Food+Beverage&sub=Food+Menu&collection=Biriyani,2026-08-17 8:00:00,"biryani, indian biryani, chicken biryani, indian food, rice, fluffy rice, fragrant, fried onions, fr, stock footage, royalty free, 4k video, 8k images, biriyani, food menu, food photography, culinary, restaurant, food video, recipe"
Biriyani | Food Beverage Stock Video,https://storage.googleapis.com/stockflow-social/Batch01/Clips/V/Food-Beverage_Food-Menu_Biriyani_20260215_000103_V.mp4,Food & Beverage,0:02,"Download premium biriyani stock footage — 4K video & 8K images. Part of our Food Menu collection. Royalty-free, no attribution required. Perfect for content creators, filmmakers, and designers. Instant download at stockflow.media",https://stockflow.media/?cat=Food+Beverage&sub=Food+Menu&collection=Biriyani,2026-08-17 11:00:00,"biryani, indian cuisine, saffron rice, fragrant rice, meat biryani, caramelized onions, mint, yogurt, stock footage, royalty free, 4k video, 8k images, biriyani, food menu, food photography, culinary, restaurant, food video, recipe"
Biriyani | Food Beverage Stock Video,https://storage.googleapis.com/stockflow-social/Batch01/Clips/V/Food-Beverage_Food-Menu_Biriyani_20260215_000102_V.mp4,Food & Beverage,0:02,"Download premium biriyani stock footage — 4K video & 8K images. Part of our Food Menu collection. Royalty-free, no attribution required. Perfect for content creators, filmmakers, and designers. Instant download at stockflow.media",https://stockflow.media/?cat=Food+Beverage&sub=Food+Menu&collection=Biriyani,2026-08-17 14:00:00,"biryani, saffron-rice, copper-pot, serving-pot, fried-onions, cilantro, spiced-meat, indian-cuisine, stock footage, royalty free, 4k video, 8k images, biriyani, food menu, food photography, culinary, restaurant, food video, recipe"
Biriyani | Food Beverage Stock Video,https://storage.googleapis.com/stockflow-social/Batch01/Clips/V/Food-Beverage_Food-Menu_Biriyani_20260215_000101_V.mp4,Food & Beverage,0:02,"Download premium biriyani stock footage — 4K video & 8K images. Part of our Food Menu collection. Royalty-free, no attribution required. Perfect for content creators, filmmakers, and designers. Instant download at stockflow.media",https://stockflow.media/?cat=Food+Beverage&sub=Food+Menu&collection=Biriyani,2026-08-17 17:00:00,"biryani, indian cuisine, saffron rice, chicken biryani, fragrant rice, caramelized onions, herbs, mi, stock footage, royalty free, 4k video, 8k images, biriyani, food menu, food photography, culinary, restaurant, food video, recipe"
Biriyani | Food Beverage Stock Video,https://storage.googleapis.com/stockflow-social/Batch01/Clips/V/Food-Beverage_Food-Menu_Biriyani_20260215_000100_V.mp4,Food & Beverage,0:02,"Download premium biriyani stock footage — 4K video & 8K images. Part of our Food Menu collection. Royalty-free, no attribution required. Perfect for content creators, filmmakers, and designers. Instant download at stockflow.media",https://stockflow.media/?cat=Food+Beverage&sub=Food+Menu&collection=Biriyani,2026-08-17 20:00:00,"biryani, saffron rice, copper pot, fragrant, indian cuisine, cilantro, spices, lemon, rustic table, stock footage, royalty free, 4k video, 8k images, biriyani, food menu, food photography, culinary, restaurant, food video, recipe"
Biriyani | Food Beverage Stock Video,https://storage.googleapis.com/stockflow-social/Batch01/Clips/V/Food-Beverage_Food-Menu_Biriyani_20260215_000098_V.mp4,Food & Beverage,0:02,"Download premium biriyani stock footage — 4K video & 8K images. Part of our Food Menu collection. Royalty-free, no attribution required. Perfect for content creators, filmmakers, and designers. Instant download at stockflow.media",https://stockflow.media/?cat=Food+Beverage&sub=Food+Menu&collection=Biriyani,2026-08-18 8:00:00,"biryani, copperpot, basmati rice, saffron, fried onions, cilantro, steam, traditional indian dish, i, stock footage, royalty free, 4k video, 8k images, biriyani, food menu, food photography, culinary, restaurant, food video, recipe"
Fish Dinner | Food Beverage Stock Video,https://storage.googleapis.com/stockflow-social/Batch01/Clips/V/Food-Beverage_Food-Menu_Fish-Dinner_20260215_000077_V.mp4,Food & Beverage,0:02,"Download premium fish dinner stock footage — 4K video & 8K images. Part of our Food Menu collection. Royalty-free, no attribution required. Perfect for content creators, filmmakers, and designers. Instant download at stockflow.media",https://stockflow.media/?cat=Food+Beverage&sub=Food+Menu&collection=Fish+Dinner,2026-08-18 11:00:00,"gourmet, white fish, fish fillet, fresh herbs, crisp vegetables, green sauce, plated dinner, elegant, stock footage, royalty free, 4k video, 8k images, fish dinner, food menu, food photography, culinary, restaurant, food video, recipe"
Fish Dinner | Food Beverage Stock Video,https://storage.googleapis.com/stockflow-social/Batch01/Clips/V/Food-Beverage_Food-Menu_Fish-Dinner_20260215_000076_V.mp4,Food & Beverage,0:02,"Download premium fish dinner stock footage — 4K video & 8K images. Part of our Food Menu collection. Royalty-free, no attribution required. Perfect for content creators, filmmakers, and designers. Instant download at stockflow.media",https://stockflow.media/?cat=Food+Beverage&sub=Food+Menu&collection=Fish+Dinner,2026-08-18 14:00:00,"fish fillet, plated fish, gourmet, upscale dining, seafood, crispy garnish, fine dining, chef platin, stock footage, royalty free, 4k video, 8k images, fish dinner, food menu, food photography, culinary, restaurant, food video, recipe"
Fish Dinner | Food Beverage Stock Video,https://storage.googleapis.com/stockflow-social/Batch01/Clips/V/Food-Beverage_Food-Menu_Fish-Dinner_20260215_000075_V.mp4,Food & Beverage,0:02,"Download premium fish dinner stock footage — 4K video & 8K images. Part of our Food Menu collection. Royalty-free, no attribution required. Perfect for content creators, filmmakers, and designers. Instant download at stockflow.media",https://stockflow.media/?cat=Food+Beverage&sub=Food+Menu&collection=Fish+Dinner,2026-08-18 17:00:00,"fish, seared, fillet, seafood, herbs, herb garnish, cherry tomatoes, tomatoes, asparagus, stock footage, royalty free, 4k video, 8k images, fish dinner, food menu, food photography, culinary, restaurant, food video, recipe"
Fish Dinner | Food Beverage Stock Video,https://storage.googleapis.com/stockflow-social/Batch01/Clips/V/Food-Beverage_Food-Menu_Fish-Dinner_20260215_000074_V.mp4,Food & Beverage,0:02,"Download premium fish dinner stock footage — 4K video & 8K images. Part of our Food Menu collection. Royalty-free, no attribution required. Perfect for content creators, filmmakers, and designers. Instant download at stockflow.media",https://stockflow.media/?cat=Food+Beverage&sub=Food+Menu&collection=Fish+Dinner,2026-08-18 20:00:00,"seared fish fillet, fish fillet, seared fish, herbs, asparagus, cherry tomatoes, drizzle, plated dis, stock footage, royalty free, 4k video, 8k images, fish dinner, food menu, food photography, culinary, restaurant, food video, recipe"
Fish Dinner | Food Beverage Stock Video,https://storage.googleapis.com/stockflow-social/Batch01/Clips/V/Food-Beverage_Food-Menu_Fish-Dinner_20260215_000073_V.mp4,Food & Beverage,0:02,"Download premium fish dinner stock footage — 4K video & 8K images. Part of our Food Menu collection. Royalty-free, no attribution required. Perfect for content creators, filmmakers, and designers. Instant download at stockflow.media",https://stockflow.media/?cat=Food+Beverage&sub=Food+Menu&collection=Fish+Dinner,2026-08-19 8:00:00,"elegant, plated fish, fish dish, white plate, greens, colorful vegetables, orange sauce, vibrant sau, stock footage, royalty free, 4k video, 8k images, fish dinner, food menu, food photography, culinary, restaurant, food video, recipe"
Fish Dinner | Food Beverage Stock Video,https://storage.googleapis.com/stockflow-social/Batch01/Clips/V/Food-Beverage_Food-Menu_Fish-Dinner_20260215_000072_V.mp4,Food & Beverage,0:02,"Download premium fish dinner stock footage — 4K video & 8K images. Part of our Food Menu collection. Royalty-free, no attribution required. Perfect for content creators, filmmakers, and designers. Instant download at stockflow.media",https://stockflow.media/?cat=Food+Beverage&sub=Food+Menu&collection=Fish+Dinner,2026-08-19 11:00:00,"seared fish fillet, lemon and herbs, seafood dish, plated fish, roasted tomatoes, roasted tomatoes a, stock footage, royalty free, 4k video, 8k images, fish dinner, food menu, food photography, culinary, restaurant, food video, recipe"
Fish Dinner | Food Beverage Stock Video,https://storage.googleapis.com/stockflow-social/Batch01/Clips/V/Food-Beverage_Food-Menu_Fish-Dinner_20260215_000071_V.mp4,Food & Beverage,0:02,"Download premium fish dinner stock footage — 4K video & 8K images. Part of our Food Menu collection. Royalty-free, no attribution required. Perfect for content creators, filmmakers, and designers. Instant download at stockflow.media",https://stockflow.media/?cat=Food+Beverage&sub=Food+Menu&collection=Fish+Dinner,2026-08-19 14:00:00,"seared fish fillet, caramelized crust, lemon garnish, herbs, asparagus, blistered cherry tomatoes, c, stock footage, royalty free, 4k video, 8k images, fish dinner, food menu, food photography, culinary, restaurant, food video, recipe"
Fish Dinner | Food Beverage Stock Video,https://storage.googleapis.com/stockflow-social/Batch01/Clips/V/Food-Beverage_Food-Menu_Fish-Dinner_20260215_000070_V.mp4,Food & Beverage,0:02,"Download premium fish dinner stock footage — 4K video & 8K images. Part of our Food Menu collection. Royalty-free, no attribution required. Perfect for content creators, filmmakers, and designers. Instant download at stockflow.media",https://stockflow.media/?cat=Food+Beverage&sub=Food+Menu&collection=Fish+Dinner,2026-08-19 17:00:00,"herb-seared fish fillet, lemon, asparagus, roasted cherry tomatoes, seafood, pan-seared, fish fillet, stock footage, royalty free, 4k video, 8k images, fish dinner, food menu, food photography, culinary, restaurant, food video, recipe"
Fish Dinner | Food Beverage Stock Video,https://storage.googleapis.com/stockflow-social/Batch01/Clips/V/Food-Beverage_Food-Menu_Fish-Dinner_20260215_000069_V.mp4,Food & Beverage,0:02,"Download premium fish dinner stock footage — 4K video & 8K images. Part of our Food Menu collection. Royalty-free, no attribution required. Perfect for content creators, filmmakers, and designers. Instant download at stockflow.media",https://stockflow.media/?cat=Food+Beverage&sub=Food+Menu&collection=Fish+Dinner,2026-08-19 20:00:00,"elegant fish dinner, seared fillet, green sauce, vegetable accoutrements, artful plating, white dish, stock footage, royalty free, 4k video, 8k images, fish dinner, food menu, food photography, culinary, restaurant, food video, recipe"
Fish Dinner | Food Beverage Stock Video,https://storage.googleapis.com/stockflow-social/Batch01/Clips/V/Food-Beverage_Food-Menu_Fish-Dinner_20260215_000068_V.mp4,Food & Beverage,0:02,"Download premium fish dinner stock footage — 4K video & 8K images. Part of our Food Menu collection. Royalty-free, no attribution required. Perfect for content creators, filmmakers, and designers. Instant download at stockflow.media",https://stockflow.media/?cat=Food+Beverage&sub=Food+Menu&collection=Fish+Dinner,2026-08-20 8:00:00,"plated whole fish, whole fish with sauce, green sauce, fresh herbs, colorful vegetables, white plate, stock footage, royalty free, 4k video, 8k images, fish dinner, food menu, food photography, culinary, restaurant, food video, recipe"
Fish Dinner | Food Beverage Stock Video,https://storage.googleapis.com/stockflow-social/Batch01/Clips/V/Food-Beverage_Food-Menu_Fish-Dinner_20260215_000067_V.mp4,Food & Beverage,0:02,"Download premium fish dinner stock footage — 4K video & 8K images. Part of our Food Menu collection. Royalty-free, no attribution required. Perfect for content creators, filmmakers, and designers. Instant download at stockflow.media",https://stockflow.media/?cat=Food+Beverage&sub=Food+Menu&collection=Fish+Dinner,2026-08-20 11:00:00,"plated fish fillet, fish fillet, greens, vegetables, herbs, herb drizzle, white plate, wooden table, stock footage, royalty free, 4k video, 8k images, fish dinner, food menu, food photography, culinary, restaurant, food video, recipe"
Fish Dinner | Food Beverage Stock Video,https://storage.googleapis.com/stockflow-social/Batch01/Clips/V/Food-Beverage_Food-Menu_Fish-Dinner_20260215_000066_V.mp4,Food & Beverage,0:02,"Download premium fish dinner stock footage — 4K video & 8K images. Part of our Food Menu collection. Royalty-free, no attribution required. Perfect for content creators, filmmakers, and designers. Instant download at stockflow.media",https://stockflow.media/?cat=Food+Beverage&sub=Food+Menu&collection=Fish+Dinner,2026-08-20 14:00:00,"elegant, plated, fish, dinner, seared, fillet, greens, citrus, butter, drizzle, side, vibrant, table, stock footage, royalty free, 4k video, 8k images, fish dinner, food menu, food photography, culinary, restaurant, food video, recipe"
Tikka Masala | Food Beverage Stock Video,https://storage.googleapis.com/stockflow-social/Batch01/Clips/V/Food-Beverage_Food-Menu_Tikka-Masala_20260215_000051_V.mp4,Food & Beverage,0:02,"Download premium tikka masala stock footage — 4K video & 8K images. Part of our Food Menu collection. Royalty-free, no attribution required. Perfect for content creators, filmmakers, and designers. Instant download at stockflow.media",https://stockflow.media/?cat=Food+Beverage&sub=Food+Menu&collection=Tikka+Masala,2026-08-20 17:00:00,"chicken tikka masala, tikka masala, creamy, tomato-based, curry, indian cuisine, indian food, naan, stock footage, royalty free, 4k video, 8k images, food menu, food photography, culinary, restaurant, food video, recipe"
Tikka Masala | Food Beverage Stock Video,https://storage.googleapis.com/stockflow-social/Batch01/Clips/V/Food-Beverage_Food-Menu_Tikka-Masala_20260215_000050_V.mp4,Food & Beverage,0:02,"Download premium tikka masala stock footage — 4K video & 8K images. Part of our Food Menu collection. Royalty-free, no attribution required. Perfect for content creators, filmmakers, and designers. Instant download at stockflow.media",https://stockflow.media/?cat=Food+Beverage&sub=Food+Menu&collection=Tikka+Masala,2026-08-20 20:00:00,"chicken tikka masala, creamy tomato sauce, spiced tomato sauce, cilantro, naan bread, naan in backgr, stock footage, royalty free, 4k video, 8k images, tikka masala, food menu, food photography, culinary, restaurant, food video, recipe"
Tikka Masala | Food Beverage Stock Video,https://storage.googleapis.com/stockflow-social/Batch01/Clips/V/Food-Beverage_Food-Menu_Tikka-Masala_20260215_000049_V.mp4,Food & Beverage,0:02,"Download premium tikka masala stock footage — 4K video & 8K images. Part of our Food Menu collection. Royalty-free, no attribution required. Perfect for content creators, filmmakers, and designers. Instant download at stockflow.media",https://stockflow.media/?cat=Food+Beverage&sub=Food+Menu&collection=Tikka+Masala,2026-08-21 8:00:00,"chicken tikka masala, curry, indian food, copper pot, creamy sauce, cilantro, naan, rice, indian cui, stock footage, royalty free, 4k video, 8k images, tikka masala, food menu, food photography, culinary, restaurant, food video, recipe"
Tikka Masala | Food Beverage Stock Video,https://storage.googleapis.com/stockflow-social/Batch01/Clips/V/Food-Beverage_Food-Menu_Tikka-Masala_20260215_000048_V.mp4,Food & Beverage,0:02,"Download premium tikka masala stock footage — 4K video & 8K images. Part of our Food Menu collection. Royalty-free, no attribution required. Perfect for content creators, filmmakers, and designers. Instant download at stockflow.media",https://stockflow.media/?cat=Food+Beverage&sub=Food+Menu&collection=Tikka+Masala,2026-08-21 11:00:00,"chicken curry, creamy, tomato-based, indian curry, chicken, cilantro, garnish, sauce, dish, meal, co, stock footage, royalty free, 4k video, 8k images, tikka masala, food menu, food photography, culinary, restaurant, food video, recipe"
Tikka Masala | Food Beverage Stock Video,https://storage.googleapis.com/stockflow-social/Batch01/Clips/V/Food-Beverage_Food-Menu_Tikka-Masala_20260215_000047_V.mp4,Food & Beverage,0:02,"Download premium tikka masala stock footage — 4K video & 8K images. Part of our Food Menu collection. Royalty-free, no attribution required. Perfect for content creators, filmmakers, and designers. Instant download at stockflow.media",https://stockflow.media/?cat=Food+Beverage&sub=Food+Menu&collection=Tikka+Masala,2026-08-21 14:00:00,"chicken tikka masala, tikka masala, chicken curry, indian cuisine, tomato-based sauce, simmering, co, stock footage, royalty free, 4k video, 8k images, food menu, food photography, culinary, restaurant, food video, recipe"
Tikka Masala | Food Beverage Stock Video,https://storage.googleapis.com/stockflow-social/Batch01/Clips/V/Food-Beverage_Food-Menu_Tikka-Masala_20260215_000046_V.mp4,Food & Beverage,0:02,"Download premium tikka masala stock footage — 4K video & 8K images. Part of our Food Menu collection. Royalty-free, no attribution required. Perfect for content creators, filmmakers, and designers. Instant download at stockflow.media",https://stockflow.media/?cat=Food+Beverage&sub=Food+Menu&collection=Tikka+Masala,2026-08-21 17:00:00,"chicken tikka masala, creamy tomato sauce, indian curry, chicken chunks, garnished with herbs, rich, stock footage, royalty free, 4k video, 8k images, tikka masala, food menu, food photography, culinary, restaurant, food video, recipe"
Tikka Masala | Food Beverage Stock Video,https://storage.googleapis.com/stockflow-social/Batch01/Clips/V/Food-Beverage_Food-Menu_Tikka-Masala_20260215_000045_V.mp4,Food & Beverage,0:02,"Download premium tikka masala stock footage — 4K video & 8K images. Part of our Food Menu collection. Royalty-free, no attribution required. Perfect for content creators, filmmakers, and designers. Instant download at stockflow.media",https://stockflow.media/?cat=Food+Beverage&sub=Food+Menu&collection=Tikka+Masala,2026-08-21 20:00:00,"chicken tikka masala, creamy, tomato-based, cilantro garnish, basmati rice, naan, indian food, curry, stock footage, royalty free, 4k video, 8k images, tikka masala, food menu, food photography, culinary, restaurant, food video, recipe"
Chicken Dinner | Food Beverage Stock Video,https://storage.googleapis.com/stockflow-social/Batch01/Clips/V/Food-Beverage_Food-Menu_Chicken-Dinner_20260215_000022_V.mp4,Food & Beverage,0:02,"Download premium chicken dinner stock footage — 4K video & 8K images. Part of our Food Menu collection. Royalty-free, no attribution required. Perfect for content creators, filmmakers, and designers. Instant download at stockflow.media",https://stockflow.media/?cat=Food+Beverage&sub=Food+Menu&collection=Chicken+Dinner,2026-08-22 8:00:00,"herb crusted chicken, chicken breast, herb crusted, mashed potatoes, sautéed greens, rich sauce, pla, stock footage, royalty free, 4k video, 8k images, chicken dinner, food menu, food photography, culinary, restaurant, food video, recipe"
Chicken Dinner | Food Beverage Stock Video,https://storage.googleapis.com/stockflow-social/Batch01/Clips/V/Food-Beverage_Food-Menu_Chicken-Dinner_20260215_000021_V.mp4,Food & Beverage,0:02,"Download premium chicken dinner stock footage — 4K video & 8K images. Part of our Food Menu collection. Royalty-free, no attribution required. Perfect for content creators, filmmakers, and designers. Instant download at stockflow.media",https://stockflow.media/?cat=Food+Beverage&sub=Food+Menu&collection=Chicken+Dinner,2026-08-22 11:00:00,"roasted chicken, crispy glaze, juicy chicken, gourmet dinner, steam rising, steamed greens, creamy m, stock footage, royalty free, 4k video, 8k images, chicken dinner, food menu, food photography, culinary, restaurant, food video, recipe"
Chicken Dinner | Food Beverage Stock Video,https://storage.googleapis.com/stockflow-social/Batch01/Clips/V/Food-Beverage_Food-Menu_Chicken-Dinner_20260215_000020_V.mp4,Food & Beverage,0:02,"Download premium chicken dinner stock footage — 4K video & 8K images. Part of our Food Menu collection. Royalty-free, no attribution required. Perfect for content creators, filmmakers, and designers. Instant download at stockflow.media",https://stockflow.media/?cat=Food+Beverage&sub=Food+Menu&collection=Chicken+Dinner,2026-08-22 14:00:00,"roasted chicken, crispy skin, herb glaze, creamy mashed potatoes, green beans, comfort food, home co, stock footage, royalty free, 4k video, 8k images, chicken dinner, food menu, food photography, culinary, restaurant, food video, recipe"
Chicken Dinner | Food Beverage Stock Video,https://storage.googleapis.com/stockflow-social/Batch01/Clips/V/Food-Beverage_Food-Menu_Chicken-Dinner_20260215_000019_V.mp4,Food & Beverage,0:02,"Download premium chicken dinner stock footage — 4K video & 8K images. Part of our Food Menu collection. Royalty-free, no attribution required. Perfect for content creators, filmmakers, and designers. Instant download at stockflow.media",https://stockflow.media/?cat=Food+Beverage&sub=Food+Menu&collection=Chicken+Dinner,2026-08-22 17:00:00,"roasted chicken, glossy glaze, mashed potatoes, green beans, comfort food, dinner, home cooking, gol, stock footage, royalty free, 4k video, 8k images, chicken dinner, food menu, food photography, culinary, restaurant, food video, recipe"
Chicken Dinner | Food Beverage Stock Video,https://storage.googleapis.com/stockflow-social/Batch01/Clips/V/Food-Beverage_Food-Menu_Chicken-Dinner_20260215_000018_V.mp4,Food & Beverage,0:02,"Download premium chicken dinner stock footage — 4K video & 8K images. Part of our Food Menu collection. Royalty-free, no attribution required. Perfect for content creators, filmmakers, and designers. Instant download at stockflow.media",https://stockflow.media/?cat=Food+Beverage&sub=Food+Menu&collection=Chicken+Dinner,2026-08-22 20:00:00,"roasted chicken, crispy skin, herb roasted chicken, chicken dinner, mashed potatoes, creamy mashed p, stock footage, royalty free, 4k video, 8k images, food menu, food photography, culinary, restaurant, food video, recipe"
Chicken Dinner | Food Beverage Stock Video,https://storage.googleapis.com/stockflow-social/Batch01/Clips/V/Food-Beverage_Food-Menu_Chicken-Dinner_20260215_000017_V.mp4,Food & Beverage,0:02,"Download premium chicken dinner stock footage — 4K video & 8K images. Part of our Food Menu collection. Royalty-free, no attribution required. Perfect for content creators, filmmakers, and designers. Instant download at stockflow.media",https://stockflow.media/?cat=Food+Beverage&sub=Food+Menu&collection=Chicken+Dinner,2026-08-23 8:00:00,"succulent roasted chicken, roasted chicken, creamy mashed potatoes, mashed potatoes, green beans, gr, stock footage, royalty free, 4k video, 8k images, chicken dinner, food menu, food photography, culinary, restaurant, food video, recipe"
Chicken Dinner | Food Beverage Stock Video,https://storage.googleapis.com/stockflow-social/Batch01/Clips/V/Food-Beverage_Food-Menu_Chicken-Dinner_20260215_000016_V.mp4,Food & Beverage,0:02,"Download premium chicken dinner stock footage — 4K video & 8K images. Part of our Food Menu collection. Royalty-free, no attribution required. Perfect for content creators, filmmakers, and designers. Instant download at stockflow.media",https://stockflow.media/?cat=Food+Beverage&sub=Food+Menu&collection=Chicken+Dinner,2026-08-23 11:00:00,"roasted chicken, gravy, glossy gravy, mashed potatoes, green beans, creamy mashed potatoes, home-coo, stock footage, royalty free, 4k video, 8k images, chicken dinner, food menu, food photography, culinary, restaurant, food video, recipe"
Chicken Dinner | Food Beverage Stock Video,https://storage.googleapis.com/stockflow-social/Batch01/Clips/V/Food-Beverage_Food-Menu_Chicken-Dinner_20260215_000015_V.mp4,Food & Beverage,0:02,"Download premium chicken dinner stock footage — 4K video & 8K images. Part of our Food Menu collection. Royalty-free, no attribution required. Perfect for content creators, filmmakers, and designers. Instant download at stockflow.media",https://stockflow.media/?cat=Food+Beverage&sub=Food+Menu&collection=Chicken+Dinner,2026-08-23 14:00:00,"herb-roasted chicken breast, rosemary, creamy mashed potatoes, sautéed vegetables, rich sauce, plate, stock footage, royalty free, 4k video, 8k images, chicken dinner, food menu, food photography, culinary, restaurant, food video, recipe"
Chicken Dinner | Food Beverage Stock Video,https://storage.googleapis.com/stockflow-social/Batch01/Clips/V/Food-Beverage_Food-Menu_Chicken-Dinner_20260215_000014_V.mp4,Food & Beverage,0:02,"Download premium chicken dinner stock footage — 4K video & 8K images. Part of our Food Menu collection. Royalty-free, no attribution required. Perfect for content creators, filmmakers, and designers. Instant download at stockflow.media",https://stockflow.media/?cat=Food+Beverage&sub=Food+Menu&collection=Chicken+Dinner,2026-08-23 17:00:00,"herb crusted chicken, chicken breast, vegetables, mashed potatoes, glossy sauce, red wine, glass of, stock footage, royalty free, 4k video, 8k images, chicken dinner, food menu, food photography, culinary, restaurant, food video, recipe"
Chicken Dinner | Food Beverage Stock Video,https://storage.googleapis.com/stockflow-social/Batch01/Clips/V/Food-Beverage_Food-Menu_Chicken-Dinner_20260215_000013_V.mp4,Food & Beverage,0:02,"Download premium chicken dinner stock footage — 4K video & 8K images. Part of our Food Menu collection. Royalty-free, no attribution required. Perfect for content creators, filmmakers, and designers. Instant download at stockflow.media",https://stockflow.media/?cat=Food+Beverage&sub=Food+Menu&collection=Chicken+Dinner,2026-08-23 20:00:00,"herb-roasted chicken, rosemary chicken, roasted chicken, chicken with rosemary, creamy mashed potato, stock footage, royalty free, 4k video, 8k images, chicken dinner, food menu, food photography, culinary, restaurant, food video, recipe"