Text,Title,Media URLs,Labels,Social Medias,Scheduled
"Worms Montage -- Stock footage.
https://stockflow.media/?cat=Microscopic&sub=Worms&collection=Worms+Montage
#stockfootage #royaltyfree #microscopy",Worms Montage_W_X/Twitter,https://storage.googleapis.com/stockflow-social/Batch01/Montages/W/Microscopic_Worms_Worms-Montage_W.mp4,Microscopic,Stockflow_media,2026-03-22 8:00
"Worm Crawls -- Stock footage.
https://stockflow.media/?cat=Microscopic&sub=Worms&collection=Worm+Crawls
#stockfootage #royaltyfree #microscopy",Worm Crawls_W_X/Twitter,https://storage.googleapis.com/stockflow-social/Batch01/Montages/W/Microscopic_Worms_Worm-Crawls_W.mp4,Microscopic,Stockflow_media,2026-03-22 9:00
"Turbellarians -- Stock footage.
https://stockflow.media/?cat=Microscopic&sub=Worms&collection=Turbellarians
#stockfootage #royaltyfree #microscopy",Turbellarians_W_X/Twitter,https://storage.googleapis.com/stockflow-social/Batch01/Montages/W/Microscopic_Worms_Turbellarians_W.mp4,Microscopic,Stockflow_media,2026-03-22 10:00
"Protozoa -- Stock footage.
https://stockflow.media/?cat=Microscopic&sub=Worms&collection=Protozoa
#stockfootage #royaltyfree #microscopy",Protozoa_W_X/Twitter,https://storage.googleapis.com/stockflow-social/Batch01/Montages/W/Microscopic_Worms_Protozoa_W.mp4,Microscopic,Stockflow_media,2026-03-23 8:00
"Parasitic Worms -- Stock footage.
https://stockflow.media/?cat=Microscopic&sub=Worms&collection=Parasitic+Worms
#stockfootage #royaltyfree #microscopy",Parasitic Worms_W_X/Twitter,https://storage.googleapis.com/stockflow-social/Batch01/Montages/W/Microscopic_Worms_Parasitic-Worms_W.mp4,Microscopic,Stockflow_media,2026-03-23 9:00
"Parasitic Worm -- Stock footage.
https://stockflow.media/?cat=Microscopic&sub=Worms&collection=Parasitic+Worm
#stockfootage #royaltyfree #microscopy",Parasitic Worm_W_X/Twitter,https://storage.googleapis.com/stockflow-social/Batch01/Montages/W/Microscopic_Worms_Parasitic-Worm_W.mp4,Microscopic,Stockflow_media,2026-03-23 10:00
"Parasitic Micro Worm -- Stock footage.
https://stockflow.media/?cat=Microscopic&sub=Worms&collection=Parasitic+Micro+Worm
#stockfootage #royaltyfree #microscopy",Parasitic Micro Worm_W_X/Twitter,https://storage.googleapis.com/stockflow-social/Batch01/Montages/W/Microscopic_Worms_Parasitic-Micro-Worm_W.mp4,Microscopic,Stockflow_media,2026-03-24 8:00
"Nmeatode -- Stock footage.
https://stockflow.media/?cat=Microscopic&sub=Worms&collection=Nmeatode
#stockfootage #royaltyfree #microscopy",Nmeatode_W_X/Twitter,https://storage.googleapis.com/stockflow-social/Batch01/Montages/W/Microscopic_Worms_Nmeatode_W.mp4,Microscopic,Stockflow_media,2026-03-24 9:00
"Flatworms -- Stock footage.
https://stockflow.media/?cat=Microscopic&sub=Worms&collection=Flatworms
#stockfootage #royaltyfree #microscopy",Flatworms_W_X/Twitter,https://storage.googleapis.com/stockflow-social/Batch01/Montages/W/Microscopic_Worms_Flatworms_W.mp4,Microscopic,Stockflow_media,2026-03-24 10:00
"Nematode Worms -- Stock footage.
https://stockflow.media/?cat=Microscopic&sub=Worms&collection=Nematode+Worms
#stockfootage #royaltyfree #microscopy",Nematode Worms_W_X/Twitter,https://storage.googleapis.com/stockflow-social/Batch01/Montages/W/Microscopic_Worms_Nematode-Worms_W.mp4,Microscopic,Stockflow_media,2026-03-25 8:00
"Nematode Lifecycle -- Stock footage.
https://stockflow.media/?cat=Microscopic&sub=Worms&collection=Nematode+Lifecycle
#stockfootage #royaltyfree #microscopy",Nematode Lifecycle_W_X/Twitter,https://storage.googleapis.com/stockflow-social/Batch01/Montages/W/Microscopic_Worms_Nematode-Lifecycle_W.mp4,Microscopic,Stockflow_media,2026-03-25 9:00
"Crawling On Algae -- Stock footage.
https://stockflow.media/?cat=Microscopic&sub=Worms&collection=Crawling+On+Algae
#stockfootage #royaltyfree #microscopy",Crawling On Algae_W_X/Twitter,https://storage.googleapis.com/stockflow-social/Batch01/Montages/W/Microscopic_Worms_Crawling-On-Algae_W.mp4,Microscopic,Stockflow_media,2026-03-25 10:00
"Compost -- Stock footage.
https://stockflow.media/?cat=Microscopic&sub=Worms&collection=Compost
#stockfootage #royaltyfree #microscopy",Compost_W_X/Twitter,https://storage.googleapis.com/stockflow-social/Batch01/Montages/W/Microscopic_Worms_Compost_W.mp4,Microscopic,Stockflow_media,2026-03-26 8:00
"Caenorhabditis Elegans -- Stock footage.
https://stockflow.media/?cat=Microscopic&sub=Worms&collection=Caenorhabditis+Elegans
#stockfootage #royaltyfree #microscopy",Caenorhabditis Elegans_W_X/Twitter,https://storage.googleapis.com/stockflow-social/Batch01/Montages/W/Microscopic_Worms_Caenorhabditis-Elegans_W.mp4,Microscopic,Stockflow_media,2026-03-26 9:00
"C Elegans -- Stock footage.
https://stockflow.media/?cat=Microscopic&sub=Worms&collection=C+Elegans
#stockfootage #royaltyfree #microscopy",C Elegans_W_X/Twitter,https://storage.googleapis.com/stockflow-social/Batch01/Montages/W/Microscopic_Worms_C-Elegans_W.mp4,Microscopic,Stockflow_media,2026-03-26 10:00
"Algae -- Stock footage.
https://stockflow.media/?cat=Microscopic&sub=Worms&collection=Algae
#stockfootage #royaltyfree #microscopy",Algae_W_X/Twitter,https://storage.googleapis.com/stockflow-social/Batch01/Montages/W/Microscopic_Worms_Algae_W.mp4,Microscopic,Stockflow_media,2026-03-27 8:00
"Waterborne Montage -- Stock footage.
https://stockflow.media/?cat=Microscopic&sub=Waterborne&collection=Waterborne+Montage
#stockfootage #royaltyfree #microscopy",Waterborne Montage_W_X/Twitter,https://storage.googleapis.com/stockflow-social/Batch01/Montages/W/Microscopic_Waterborne_Waterborne-Montage_W.mp4,Microscopic,Stockflow_media,2026-03-27 9:00
"Waterborne -- Stock footage.
https://stockflow.media/?cat=Microscopic&sub=Waterborne&collection=Waterborne
#stockfootage #royaltyfree #microscopy",Waterborne_W_X/Twitter,https://storage.googleapis.com/stockflow-social/Batch01/Montages/W/Microscopic_Waterborne_Waterborne_W.mp4,Microscopic,Stockflow_media,2026-03-27 10:00
"Single Celled -- Stock footage.
https://stockflow.media/?cat=Microscopic&sub=Waterborne&collection=Single+Celled
#stockfootage #royaltyfree #microscopy",Single Celled_W_X/Twitter,https://storage.googleapis.com/stockflow-social/Batch01/Montages/W/Microscopic_Waterborne_Single-Celled_W.mp4,Microscopic,Stockflow_media,2026-03-28 8:00
"Rotifers -- Stock footage.
https://stockflow.media/?cat=Microscopic&sub=Waterborne&collection=Rotifers
#stockfootage #royaltyfree #microscopy",Rotifers_W_X/Twitter,https://storage.googleapis.com/stockflow-social/Batch01/Montages/W/Microscopic_Waterborne_Rotifers_W.mp4,Microscopic,Stockflow_media,2026-03-28 9:00
"Plankton -- Stock footage.
https://stockflow.media/?cat=Microscopic&sub=Waterborne&collection=Plankton
#stockfootage #royaltyfree #microscopy",Plankton_W_X/Twitter,https://storage.googleapis.com/stockflow-social/Batch01/Montages/W/Microscopic_Waterborne_Plankton_W.mp4,Microscopic,Stockflow_media,2026-03-28 10:00
"Organisms -- Stock footage.
https://stockflow.media/?cat=Microscopic&sub=Waterborne&collection=Organisms
#stockfootage #royaltyfree #microscopy",Organisms_W_X/Twitter,https://storage.googleapis.com/stockflow-social/Batch01/Montages/W/Microscopic_Waterborne_Organisms_W.mp4,Microscopic,Stockflow_media,2026-03-29 8:00
"Neural Signals -- Stock footage.
https://stockflow.media/?cat=Microscopic&sub=Waterborne&collection=Neural+Signals
#stockfootage #royaltyfree #microscopy",Neural Signals_W_X/Twitter,https://storage.googleapis.com/stockflow-social/Batch01/Montages/W/Microscopic_Waterborne_Neural-Signals_W.mp4,Microscopic,Stockflow_media,2026-03-29 9:00
"Euglena -- Stock footage.
https://stockflow.media/?cat=Microscopic&sub=Waterborne&collection=Euglena
#stockfootage #royaltyfree #microscopy",Euglena_W_X/Twitter,https://storage.googleapis.com/stockflow-social/Batch01/Montages/W/Microscopic_Waterborne_Euglena_W.mp4,Microscopic,Stockflow_media,2026-03-29 10:00
"Euglena Cell -- Stock footage.
https://stockflow.media/?cat=Microscopic&sub=Waterborne&collection=Euglena+Cell
#stockfootage #royaltyfree #microscopy",Euglena Cell_W_X/Twitter,https://storage.googleapis.com/stockflow-social/Batch01/Montages/W/Microscopic_Waterborne_Euglena-Cell_W.mp4,Microscopic,Stockflow_media,2026-03-30 8:00
"Diatom -- Stock footage.
https://stockflow.media/?cat=Microscopic&sub=Waterborne&collection=Diatom
#stockfootage #royaltyfree #microscopy",Diatom_W_X/Twitter,https://storage.googleapis.com/stockflow-social/Batch01/Montages/W/Microscopic_Waterborne_Diatom_W.mp4,Microscopic,Stockflow_media,2026-03-30 9:00
"Diatom Shell -- Stock footage.
https://stockflow.media/?cat=Microscopic&sub=Waterborne&collection=Diatom+Shell
#stockfootage #royaltyfree #microscopy",Diatom Shell_W_X/Twitter,https://storage.googleapis.com/stockflow-social/Batch01/Montages/W/Microscopic_Waterborne_Diatom-Shell_W.mp4,Microscopic,Stockflow_media,2026-03-30 10:00
"Aquatic -- Stock footage.
https://stockflow.media/?cat=Microscopic&sub=Waterborne&collection=Aquatic
#stockfootage #royaltyfree #microscopy",Aquatic_W_X/Twitter,https://storage.googleapis.com/stockflow-social/Batch01/Montages/W/Microscopic_Waterborne_Aquatic_W.mp4,Microscopic,Stockflow_media,2026-03-31 8:00
"Amoebas -- Stock footage.
https://stockflow.media/?cat=Microscopic&sub=Waterborne&collection=Amoebas
#stockfootage #royaltyfree #microscopy",Amoebas_W_X/Twitter,https://storage.googleapis.com/stockflow-social/Batch01/Montages/W/Microscopic_Waterborne_Amoebas_W.mp4,Microscopic,Stockflow_media,2026-03-31 9:00
"Algae Cells -- Stock footage.
https://stockflow.media/?cat=Microscopic&sub=Waterborne&collection=Algae+Cells
#stockfootage #royaltyfree #microscopy",Algae Cells_W_X/Twitter,https://storage.googleapis.com/stockflow-social/Batch01/Montages/W/Microscopic_Waterborne_Algae-Cells_W.mp4,Microscopic,Stockflow_media,2026-03-31 10:00
"Virus Montage -- Stock footage.
https://stockflow.media/?cat=Microscopic&sub=Virus&collection=Virus+Montage
#stockfootage #royaltyfree #microscopy",Virus Montage_W_X/Twitter,https://storage.googleapis.com/stockflow-social/Batch01/Montages/W/Microscopic_Virus_Virus-Montage_W.mp4,Microscopic,Stockflow_media,2026-04-01 8:00
"Membrane -- Stock footage.
https://stockflow.media/?cat=Microscopic&sub=Virus&collection=Membrane
#stockfootage #royaltyfree #microscopy",Membrane_W_X/Twitter,https://storage.googleapis.com/stockflow-social/Batch01/Montages/W/Microscopic_Virus_Membrane_W.mp4,Microscopic,Stockflow_media,2026-04-01 9:00
"Underwater Montage -- Stock footage.
https://stockflow.media/?cat=Microscopic&sub=Underwater&collection=Underwater+Montage
#stockfootage #royaltyfree #microscopy",Underwater Montage_W_X/Twitter,https://storage.googleapis.com/stockflow-social/Batch01/Montages/W/Microscopic_Underwater_Underwater-Montage_W.mp4,Microscopic,Stockflow_media,2026-04-01 10:00
"Tardigrade -- Stock footage.
https://stockflow.media/?cat=Microscopic&sub=Underwater&collection=Tardigrade
#stockfootage #royaltyfree #microscopy",Tardigrade_W_X/Twitter,https://storage.googleapis.com/stockflow-social/Batch01/Montages/W/Microscopic_Underwater_Tardigrade_W.mp4,Microscopic,Stockflow_media,2026-04-02 8:00
"Single Celled Organisms -- Stock footage.
https://stockflow.media/?cat=Microscopic&sub=Underwater&collection=Single+Celled+Organisms
#stockfootage #royaltyfree #microscopy",Single Celled Organisms_W_X/Twitter,https://storage.googleapis.com/stockflow-social/Batch01/Montages/W/Microscopic_Underwater_Single-Celled-Organisms_W.mp4,Microscopic,Stockflow_media,2026-04-02 9:00
"Seawater Droplet -- Stock footage.
https://stockflow.media/?cat=Microscopic&sub=Underwater&collection=Seawater+Droplet
#stockfootage #royaltyfree #microscopy",Seawater Droplet_W_X/Twitter,https://storage.googleapis.com/stockflow-social/Batch01/Montages/W/Microscopic_Underwater_Seawater-Droplet_W.mp4,Microscopic,Stockflow_media,2026-04-02 10:00
"Protozoa And Algae -- Stock footage.
https://stockflow.media/?cat=Microscopic&sub=Underwater&collection=Protozoa+And+Algae
#stockfootage #royaltyfree #microscopy",Protozoa And Algae_W_X/Twitter,https://storage.googleapis.com/stockflow-social/Batch01/Montages/W/Microscopic_Underwater_Protozoa-And-Algae_W.mp4,Microscopic,Stockflow_media,2026-04-03 8:00
"Marine Plankton -- Stock footage.
https://stockflow.media/?cat=Microscopic&sub=Underwater&collection=Marine+Plankton
#stockfootage #royaltyfree #microscopy",Marine Plankton_W_X/Twitter,https://storage.googleapis.com/stockflow-social/Batch01/Montages/W/Microscopic_Underwater_Marine-Plankton_W.mp4,Microscopic,Stockflow_media,2026-04-03 9:00
"Juvenile Plankton -- Stock footage.
https://stockflow.media/?cat=Microscopic&sub=Underwater&collection=Juvenile+Plankton
#stockfootage #royaltyfree #microscopy",Juvenile Plankton_W_X/Twitter,https://storage.googleapis.com/stockflow-social/Batch01/Montages/W/Microscopic_Underwater_Juvenile-Plankton_W.mp4,Microscopic,Stockflow_media,2026-04-03 10:00
"Euglena And Green Algae -- Stock footage.
https://stockflow.media/?cat=Microscopic&sub=Underwater&collection=Euglena+And+Green+Algae
#stockfootage #royaltyfree #microscopy",Euglena And Green Algae_W_X/Twitter,https://storage.googleapis.com/stockflow-social/Batch01/Montages/W/Microscopic_Underwater_Euglena-And-Green-Algae_W.mp4,Microscopic,Stockflow_media,2026-04-04 8:00
"Coral Reef Plankton -- Stock footage.
https://stockflow.media/?cat=Microscopic&sub=Underwater&collection=Coral+Reef+Plankton
#stockfootage #royaltyfree #microscopy",Coral Reef Plankton_W_X/Twitter,https://storage.googleapis.com/stockflow-social/Batch01/Montages/W/Microscopic_Underwater_Coral-Reef-Plankton_W.mp4,Microscopic,Stockflow_media,2026-04-04 9:00
"Bioluminescent -- Stock footage.
https://stockflow.media/?cat=Microscopic&sub=Underwater&collection=Bioluminescent
#stockfootage #royaltyfree #microscopy",Bioluminescent_W_X/Twitter,https://storage.googleapis.com/stockflow-social/Batch01/Montages/W/Microscopic_Underwater_Bioluminescent_W.mp4,Microscopic,Stockflow_media,2026-04-04 10:00
"Protozoa Montage -- Stock footage.
https://stockflow.media/?cat=Microscopic&sub=Protozoa&collection=Protozoa+Montage
#stockfootage #royaltyfree #microscopy",Protozoa Montage_W_X/Twitter,https://storage.googleapis.com/stockflow-social/Batch01/Montages/W/Microscopic_Protozoa_Protozoa-Montage_W.mp4,Microscopic,Stockflow_media,2026-04-05 8:00
"Sunflower -- Stock footage.
https://stockflow.media/?cat=Microscopic&sub=Pollen&collection=Sunflower
#stockfootage #royaltyfree #microscopy",Sunflower_W_X/Twitter,https://storage.googleapis.com/stockflow-social/Batch01/Montages/W/Microscopic_Pollen_Sunflower_W.mp4,Microscopic,Stockflow_media,2026-04-05 9:00
"Spherical Grass Grain -- Stock footage.
https://stockflow.media/?cat=Microscopic&sub=Pollen&collection=Spherical+Grass+Grain
#stockfootage #royaltyfree #microscopy",Spherical Grass Grain_W_X/Twitter,https://storage.googleapis.com/stockflow-social/Batch01/Montages/W/Microscopic_Pollen_Spherical-Grass-Grain_W.mp4,Microscopic,Stockflow_media,2026-04-05 10:00
"Ragweed -- Stock footage.
https://stockflow.media/?cat=Microscopic&sub=Pollen&collection=Ragweed
#stockfootage #royaltyfree #microscopy",Ragweed_W_X/Twitter,https://storage.googleapis.com/stockflow-social/Batch01/Montages/W/Microscopic_Pollen_Ragweed_W.mp4,Microscopic,Stockflow_media,2026-04-06 8:00
"Ragweed Spiky Details -- Stock footage.
https://stockflow.media/?cat=Microscopic&sub=Pollen&collection=Ragweed+Spiky+Details
#stockfootage #royaltyfree #microscopy",Ragweed Spiky Details_W_X/Twitter,https://storage.googleapis.com/stockflow-social/Batch01/Montages/W/Microscopic_Pollen_Ragweed-Spiky-Details_W.mp4,Microscopic,Stockflow_media,2026-04-06 9:00
"Pollen Montage -- Stock footage.
https://stockflow.media/?cat=Microscopic&sub=Pollen&collection=Pollen+Montage
#stockfootage #royaltyfree #microscopy",Pollen Montage_W_X/Twitter,https://storage.googleapis.com/stockflow-social/Batch01/Montages/W/Microscopic_Pollen_Pollen-Montage_W.mp4,Microscopic,Stockflow_media,2026-04-06 10:00
"Pollen -- Stock footage.
https://stockflow.media/?cat=Microscopic&sub=Pollen&collection=Pollen
#stockfootage #royaltyfree #microscopy",Pollen_W_X/Twitter,https://storage.googleapis.com/stockflow-social/Batch01/Montages/W/Microscopic_Pollen_Pollen_W.mp4,Microscopic,Stockflow_media,2026-04-07 8:00
"Pine Winged -- Stock footage.
https://stockflow.media/?cat=Microscopic&sub=Pollen&collection=Pine+Winged
#stockfootage #royaltyfree #microscopy",Pine Winged_W_X/Twitter,https://storage.googleapis.com/stockflow-social/Batch01/Montages/W/Microscopic_Pollen_Pine-Winged_W.mp4,Microscopic,Stockflow_media,2026-04-07 9:00
"Pine Winged Form -- Stock footage.
https://stockflow.media/?cat=Microscopic&sub=Pollen&collection=Pine+Winged+Form
#stockfootage #royaltyfree #microscopy",Pine Winged Form_W_X/Twitter,https://storage.googleapis.com/stockflow-social/Batch01/Montages/W/Microscopic_Pollen_Pine-Winged-Form_W.mp4,Microscopic,Stockflow_media,2026-04-07 10:00
"Peanut Hex Surface -- Stock footage.
https://stockflow.media/?cat=Microscopic&sub=Pollen&collection=Peanut+Hex+Surface
#stockfootage #royaltyfree #microscopy",Peanut Hex Surface_W_X/Twitter,https://storage.googleapis.com/stockflow-social/Batch01/Montages/W/Microscopic_Pollen_Peanut-Hex-Surface_W.mp4,Microscopic,Stockflow_media,2026-04-08 8:00
"Orchid Pollinium -- Stock footage.
https://stockflow.media/?cat=Microscopic&sub=Pollen&collection=Orchid+Pollinium
#stockfootage #royaltyfree #microscopy",Orchid Pollinium_W_X/Twitter,https://storage.googleapis.com/stockflow-social/Batch01/Montages/W/Microscopic_Pollen_Orchid-Pollinium_W.mp4,Microscopic,Stockflow_media,2026-04-08 9:00
"Orchid Pollinium Smooth Shine -- Stock footage.
https://stockflow.media/?cat=Microscopic&sub=Pollen&collection=Orchid+Pollinium+Smooth+Shine
#stockfootage #royaltyfree #microscopy",Orchid Pollinium Smooth Shine_W_X/Twitter,https://storage.googleapis.com/stockflow-social/Batch01/Montages/W/Microscopic_Pollen_Orchid-Pollinium-Smooth-Shine_W.mp4,Microscopic,Stockflow_media,2026-04-08 10:00
"Lotus Starburst -- Stock footage.
https://stockflow.media/?cat=Microscopic&sub=Pollen&collection=Lotus+Starburst
#stockfootage #royaltyfree #microscopy",Lotus Starburst_W_X/Twitter,https://storage.googleapis.com/stockflow-social/Batch01/Montages/W/Microscopic_Pollen_Lotus-Starburst_W.mp4,Microscopic,Stockflow_media,2026-04-09 8:00
"Lavender -- Stock footage.
https://stockflow.media/?cat=Microscopic&sub=Pollen&collection=Lavender
#stockfootage #royaltyfree #microscopy",Lavender_W_X/Twitter,https://storage.googleapis.com/stockflow-social/Batch01/Montages/W/Microscopic_Pollen_Lavender_W.mp4,Microscopic,Stockflow_media,2026-04-09 9:00
"Lotus Fluorescent Starbur St -- Stock footage.
https://stockflow.media/?cat=Microscopic&sub=Pollen&collection=Lotus+Fluorescent+Starbur+St
#stockfootage #royaltyfree #microscopy",Lotus Fluorescent Starbur St_W_X/Twitter,https://storage.googleapis.com/stockflow-social/Batch01/Montages/W/Microscopic_Pollen_Lotus-Fluorescent-Starbur-St_W.mp4,Microscopic,Stockflow_media,2026-04-09 10:00
"Grass Mesh Structure -- Stock footage.
https://stockflow.media/?cat=Microscopic&sub=Pollen&collection=Grass+Mesh+Structure
#stockfootage #royaltyfree #microscopy",Grass Mesh Structure_W_X/Twitter,https://storage.googleapis.com/stockflow-social/Batch01/Montages/W/Microscopic_Pollen_Grass-Mesh-Structure_W.mp4,Microscopic,Stockflow_media,2026-04-10 8:00
"Lavender Dreamy Coating -- Stock footage.
https://stockflow.media/?cat=Microscopic&sub=Pollen&collection=Lavender+Dreamy+Coating
#stockfootage #royaltyfree #microscopy",Lavender Dreamy Coating_W_X/Twitter,https://storage.googleapis.com/stockflow-social/Batch01/Montages/W/Microscopic_Pollen_Lavender-Dreamy-Coating_W.mp4,Microscopic,Stockflow_media,2026-04-10 9:00
"Dandelion -- Stock footage.
https://stockflow.media/?cat=Microscopic&sub=Pollen&collection=Dandelion
#stockfootage #royaltyfree #microscopy",Dandelion_W_X/Twitter,https://storage.googleapis.com/stockflow-social/Batch01/Montages/W/Microscopic_Pollen_Dandelion_W.mp4,Microscopic,Stockflow_media,2026-04-10 10:00
"Worm -- Stock footage.
https://stockflow.media/?cat=Microscopic&sub=Parasite&collection=Worm
#stockfootage #royaltyfree #microscopy",Worm_W_X/Twitter,https://storage.googleapis.com/stockflow-social/Batch01/Montages/W/Microscopic_Parasite_Worm_W.mp4,Microscopic,Stockflow_media,2026-04-11 8:00
"Trypanosoma -- Stock footage.
https://stockflow.media/?cat=Microscopic&sub=Parasite&collection=Trypanosoma
#stockfootage #royaltyfree #microscopy",Trypanosoma_W_X/Twitter,https://storage.googleapis.com/stockflow-social/Batch01/Montages/W/Microscopic_Parasite_Trypanosoma_W.mp4,Microscopic,Stockflow_media,2026-04-11 9:00
"Toxoplasma Gondii -- Stock footage.
https://stockflow.media/?cat=Microscopic&sub=Parasite&collection=Toxoplasma+Gondii
#stockfootage #royaltyfree #microscopy",Toxoplasma Gondii_W_X/Twitter,https://storage.googleapis.com/stockflow-social/Batch01/Montages/W/Microscopic_Parasite_Toxoplasma-Gondii_W.mp4,Microscopic,Stockflow_media,2026-04-11 10:00
"Plasmodium -- Stock footage.
https://stockflow.media/?cat=Microscopic&sub=Parasite&collection=Plasmodium
#stockfootage #royaltyfree #microscopy",Plasmodium_W_X/Twitter,https://storage.googleapis.com/stockflow-social/Batch01/Montages/W/Microscopic_Parasite_Plasmodium_W.mp4,Microscopic,Stockflow_media,2026-04-12 8:00
"Parasite Montage -- Stock footage.
https://stockflow.media/?cat=Microscopic&sub=Parasite&collection=Parasite+Montage
#stockfootage #royaltyfree #microscopy",Parasite Montage_W_X/Twitter,https://storage.googleapis.com/stockflow-social/Batch01/Montages/W/Microscopic_Parasite_Parasite-Montage_W.mp4,Microscopic,Stockflow_media,2026-04-12 9:00
"Parasitetimeline -- Stock footage.
https://stockflow.media/?cat=Microscopic&sub=Parasite&collection=Parasitetimeline
#stockfootage #royaltyfree #microscopy",Parasitetimeline_W_X/Twitter,https://storage.googleapis.com/stockflow-social/Batch01/Montages/W/Microscopic_Parasite_Parasitetimeline_W.mp4,Microscopic,Stockflow_media,2026-04-12 10:00
"Parasite -- Stock footage.
https://stockflow.media/?cat=Microscopic&sub=Parasite&collection=Parasite
#stockfootage #royaltyfree #microscopy",Parasite_W_X/Twitter,https://storage.googleapis.com/stockflow-social/Batch01/Montages/W/Microscopic_Parasite_Parasite_W.mp4,Microscopic,Stockflow_media,2026-04-13 8:00
"Leishmania -- Stock footage.
https://stockflow.media/?cat=Microscopic&sub=Parasite&collection=Leishmania
#stockfootage #royaltyfree #microscopy",Leishmania_W_X/Twitter,https://storage.googleapis.com/stockflow-social/Batch01/Montages/W/Microscopic_Parasite_Leishmania_W.mp4,Microscopic,Stockflow_media,2026-04-13 9:00
"Giardia Lamblia -- Stock footage.
https://stockflow.media/?cat=Microscopic&sub=Parasite&collection=Giardia+Lamblia
#stockfootage #royaltyfree #microscopy",Giardia Lamblia_W_X/Twitter,https://storage.googleapis.com/stockflow-social/Batch01/Montages/W/Microscopic_Parasite_Giardia-Lamblia_W.mp4,Microscopic,Stockflow_media,2026-04-13 10:00
"Flatworm Larvae -- Stock footage.
https://stockflow.media/?cat=Microscopic&sub=Parasite&collection=Flatworm+Larvae
#stockfootage #royaltyfree #microscopy",Flatworm Larvae_W_X/Twitter,https://storage.googleapis.com/stockflow-social/Batch01/Montages/W/Microscopic_Parasite_Flatworm-Larvae_W.mp4,Microscopic,Stockflow_media,2026-04-14 8:00
"Cryptosporidium -- Stock footage.
https://stockflow.media/?cat=Microscopic&sub=Parasite&collection=Cryptosporidium
#stockfootage #royaltyfree #microscopy",Cryptosporidium_W_X/Twitter,https://storage.googleapis.com/stockflow-social/Batch01/Montages/W/Microscopic_Parasite_Cryptosporidium_W.mp4,Microscopic,Stockflow_media,2026-04-14 9:00
"Close Up -- Stock footage.
https://stockflow.media/?cat=Microscopic&sub=Parasite&collection=Close+Up
#stockfootage #royaltyfree #microscopy",Close Up_W_X/Twitter,https://storage.googleapis.com/stockflow-social/Batch01/Montages/W/Microscopic_Parasite_Close-Up_W.mp4,Microscopic,Stockflow_media,2026-04-14 10:00
"Organism Montage -- Stock footage.
https://stockflow.media/?cat=Microscopic&sub=Organism&collection=Organism+Montage
#stockfootage #royaltyfree #microscopy",Organism Montage_W_X/Twitter,https://storage.googleapis.com/stockflow-social/Batch01/Montages/W/Microscopic_Organism_Organism-Montage_W.mp4,Microscopic,Stockflow_media,2026-04-15 8:00
"Alien Like -- Stock footage.
https://stockflow.media/?cat=Microscopic&sub=Organism&collection=Alien+Like
#stockfootage #royaltyfree #microscopy",Alien Like_W_X/Twitter,https://storage.googleapis.com/stockflow-social/Batch01/Montages/W/Microscopic_Organism_Alien-Like_W.mp4,Microscopic,Stockflow_media,2026-04-15 9:00
"Spherical Nucleus -- Stock footage.
https://stockflow.media/?cat=Microscopic&sub=Nucleus&collection=Spherical+Nucleus
#stockfootage #royaltyfree #microscopy",Spherical Nucleus_W_X/Twitter,https://storage.googleapis.com/stockflow-social/Batch01/Montages/W/Microscopic_Nucleus_Spherical-Nucleus_W.mp4,Microscopic,Stockflow_media,2026-04-15 10:00
"Nucleus Montage -- Stock footage.
https://stockflow.media/?cat=Microscopic&sub=Nucleus&collection=Nucleus+Montage
#stockfootage #royaltyfree #microscopy",Nucleus Montage_W_X/Twitter,https://storage.googleapis.com/stockflow-social/Batch01/Montages/W/Microscopic_Nucleus_Nucleus-Montage_W.mp4,Microscopic,Stockflow_media,2026-04-16 8:00
"Micro -- Stock footage.
https://stockflow.media/?cat=Microscopic&sub=Nucleus&collection=Micro
#stockfootage #royaltyfree #microscopy",Micro_W_X/Twitter,https://storage.googleapis.com/stockflow-social/Batch01/Montages/W/Microscopic_Nucleus_Micro_W.mp4,Microscopic,Stockflow_media,2026-04-16 9:00
"Spinalcord -- Stock footage.
https://stockflow.media/?cat=Microscopic&sub=Neuropathology&collection=Spinalcord
#stockfootage #royaltyfree #microscopy",Spinalcord_W_X/Twitter,https://storage.googleapis.com/stockflow-social/Batch01/Montages/W/Microscopic_Neuropathology_Spinalcord_W.mp4,Microscopic,Stockflow_media,2026-04-16 10:00
"Spinal Cord -- Stock footage.
https://stockflow.media/?cat=Microscopic&sub=Neuropathology&collection=Spinal+Cord
#stockfootage #royaltyfree #microscopy",Spinal Cord_W_X/Twitter,https://storage.googleapis.com/stockflow-social/Batch01/Montages/W/Microscopic_Neuropathology_Spinal-Cord_W.mp4,Microscopic,Stockflow_media,2026-04-17 8:00
"Parkinson -- Stock footage.
https://stockflow.media/?cat=Microscopic&sub=Neuropathology&collection=Parkinson
#stockfootage #royaltyfree #microscopy",Parkinson_W_X/Twitter,https://storage.googleapis.com/stockflow-social/Batch01/Montages/W/Microscopic_Neuropathology_Parkinson_W.mp4,Microscopic,Stockflow_media,2026-04-17 9:00
"Neuropathology Montage -- Stock footage.
https://stockflow.media/?cat=Microscopic&sub=Neuropathology&collection=Neuropathology+Montage
#stockfootage #royaltyfree #microscopy",Neuropathology Montage_W_X/Twitter,https://storage.googleapis.com/stockflow-social/Batch01/Montages/W/Microscopic_Neuropathology_Neuropathology-Montage_W.mp4,Microscopic,Stockflow_media,2026-04-17 10:00
"Neuroblastoma -- Stock footage.
https://stockflow.media/?cat=Microscopic&sub=Neuropathology&collection=Neuroblastoma
#stockfootage #royaltyfree #microscopy",Neuroblastoma_W_X/Twitter,https://storage.googleapis.com/stockflow-social/Batch01/Montages/W/Microscopic_Neuropathology_Neuroblastoma_W.mp4,Microscopic,Stockflow_media,2026-04-18 8:00
"Multiplesclerosis -- Stock footage.
https://stockflow.media/?cat=Microscopic&sub=Neuropathology&collection=Multiplesclerosis
#stockfootage #royaltyfree #microscopy",Multiplesclerosis_W_X/Twitter,https://storage.googleapis.com/stockflow-social/Batch01/Montages/W/Microscopic_Neuropathology_Multiplesclerosis_W.mp4,Microscopic,Stockflow_media,2026-04-18 9:00
"Multiple Sclerosis -- Stock footage.
https://stockflow.media/?cat=Microscopic&sub=Neuropathology&collection=Multiple+Sclerosis
#stockfootage #royaltyfree #microscopy",Multiple Sclerosis_W_X/Twitter,https://storage.googleapis.com/stockflow-social/Batch01/Montages/W/Microscopic_Neuropathology_Multiple-Sclerosis_W.mp4,Microscopic,Stockflow_media,2026-04-18 10:00
"Alzheimer -- Stock footage.
https://stockflow.media/?cat=Microscopic&sub=Neuropathology&collection=Alzheimer
#stockfootage #royaltyfree #microscopy",Alzheimer_W_X/Twitter,https://storage.googleapis.com/stockflow-social/Batch01/Montages/W/Microscopic_Neuropathology_Alzheimer_W.mp4,Microscopic,Stockflow_media,2026-04-19 8:00
"Micro Montage -- Stock footage.
https://stockflow.media/?cat=Microscopic&sub=Micro&collection=Micro+Montage
#stockfootage #royaltyfree #microscopy",Micro Montage_W_X/Twitter,https://storage.googleapis.com/stockflow-social/Batch01/Montages/W/Microscopic_Micro_Micro-Montage_W.mp4,Microscopic,Stockflow_media,2026-04-19 9:00
"Tuberculosis -- Stock footage.
https://stockflow.media/?cat=Microscopic&sub=Infectious&collection=Tuberculosis
#stockfootage #royaltyfree #microscopy",Tuberculosis_W_X/Twitter,https://storage.googleapis.com/stockflow-social/Batch01/Montages/W/Microscopic_Infectious_Tuberculosis_W.mp4,Microscopic,Stockflow_media,2026-04-19 10:00
"Toxoplasma -- Stock footage.
https://stockflow.media/?cat=Microscopic&sub=Infectious&collection=Toxoplasma
#stockfootage #royaltyfree #microscopy",Toxoplasma_W_X/Twitter,https://storage.googleapis.com/stockflow-social/Batch01/Montages/W/Microscopic_Infectious_Toxoplasma_W.mp4,Microscopic,Stockflow_media,2026-04-20 8:00
"Schistosoma -- Stock footage.
https://stockflow.media/?cat=Microscopic&sub=Infectious&collection=Schistosoma
#stockfootage #royaltyfree #microscopy",Schistosoma_W_X/Twitter,https://storage.googleapis.com/stockflow-social/Batch01/Montages/W/Microscopic_Infectious_Schistosoma_W.mp4,Microscopic,Stockflow_media,2026-04-20 9:00
"Infectious Montage -- Stock footage.
https://stockflow.media/?cat=Microscopic&sub=Infectious&collection=Infectious+Montage
#stockfootage #royaltyfree #microscopy",Infectious Montage_W_X/Twitter,https://storage.googleapis.com/stockflow-social/Batch01/Montages/W/Microscopic_Infectious_Infectious-Montage_W.mp4,Microscopic,Stockflow_media,2026-04-20 10:00
"Hepatitis -- Stock footage.
https://stockflow.media/?cat=Microscopic&sub=Infectious&collection=Hepatitis
#stockfootage #royaltyfree #microscopy",Hepatitis_W_X/Twitter,https://storage.googleapis.com/stockflow-social/Batch01/Montages/W/Microscopic_Infectious_Hepatitis_W.mp4,Microscopic,Stockflow_media,2026-04-21 8:00
"Fungal -- Stock footage.
https://stockflow.media/?cat=Microscopic&sub=Infectious&collection=Fungal
#stockfootage #royaltyfree #microscopy",Fungal_W_X/Twitter,https://storage.googleapis.com/stockflow-social/Batch01/Montages/W/Microscopic_Infectious_Fungal_W.mp4,Microscopic,Stockflow_media,2026-04-21 9:00
"Hyphae Montage -- Stock footage.
https://stockflow.media/?cat=Microscopic&sub=Hyphae&collection=Hyphae+Montage
#stockfootage #royaltyfree #microscopy",Hyphae Montage_W_X/Twitter,https://storage.googleapis.com/stockflow-social/Batch01/Montages/W/Microscopic_Hyphae_Hyphae-Montage_W.mp4,Microscopic,Stockflow_media,2026-04-21 10:00
"Hyphae -- Stock footage.
https://stockflow.media/?cat=Microscopic&sub=Hyphae&collection=Hyphae
#stockfootage #royaltyfree #microscopy",Hyphae_W_X/Twitter,https://storage.googleapis.com/stockflow-social/Batch01/Montages/W/Microscopic_Hyphae_Hyphae_W.mp4,Microscopic,Stockflow_media,2026-04-22 8:00
"Psoriatic -- Stock footage.
https://stockflow.media/?cat=Microscopic&sub=Histopathology&collection=Psoriatic
#stockfootage #royaltyfree #microscopy",Psoriatic_W_X/Twitter,https://storage.googleapis.com/stockflow-social/Batch01/Montages/W/Microscopic_Histopathology_Psoriatic_W.mp4,Microscopic,Stockflow_media,2026-04-22 9:00
"Prostate -- Stock footage.
https://stockflow.media/?cat=Microscopic&sub=Histopathology&collection=Prostate
#stockfootage #royaltyfree #microscopy",Prostate_W_X/Twitter,https://storage.googleapis.com/stockflow-social/Batch01/Montages/W/Microscopic_Histopathology_Prostate_W.mp4,Microscopic,Stockflow_media,2026-04-22 10:00
"Lung Tissue -- Stock footage.
https://stockflow.media/?cat=Microscopic&sub=Histopathology&collection=Lung+Tissue
#stockfootage #royaltyfree #microscopy",Lung Tissue_W_X/Twitter,https://storage.googleapis.com/stockflow-social/Batch01/Montages/W/Microscopic_Histopathology_Lung-Tissue_W.mp4,Microscopic,Stockflow_media,2026-04-23 8:00
"Liver Cirrhosis -- Stock footage.
https://stockflow.media/?cat=Microscopic&sub=Histopathology&collection=Liver+Cirrhosis
#stockfootage #royaltyfree #microscopy",Liver Cirrhosis_W_X/Twitter,https://storage.googleapis.com/stockflow-social/Batch01/Montages/W/Microscopic_Histopathology_Liver-Cirrhosis_W.mp4,Microscopic,Stockflow_media,2026-04-23 9:00
"Kidney -- Stock footage.
https://stockflow.media/?cat=Microscopic&sub=Histopathology&collection=Kidney
#stockfootage #royaltyfree #microscopy",Kidney_W_X/Twitter,https://storage.googleapis.com/stockflow-social/Batch01/Montages/W/Microscopic_Histopathology_Kidney_W.mp4,Microscopic,Stockflow_media,2026-04-23 10:00
"Histopathology Montage -- Stock footage.
https://stockflow.media/?cat=Microscopic&sub=Histopathology&collection=Histopathology+Montage
#stockfootage #royaltyfree #microscopy",Histopathology Montage_W_X/Twitter,https://storage.googleapis.com/stockflow-social/Batch01/Montages/W/Microscopic_Histopathology_Histopathology-Montage_W.mp4,Microscopic,Stockflow_media,2026-04-24 8:00
"Glioblastoma -- Stock footage.
https://stockflow.media/?cat=Microscopic&sub=Histopathology&collection=Glioblastoma
#stockfootage #royaltyfree #microscopy",Glioblastoma_W_X/Twitter,https://storage.googleapis.com/stockflow-social/Batch01/Montages/W/Microscopic_Histopathology_Glioblastoma_W.mp4,Microscopic,Stockflow_media,2026-04-24 9:00
"Colon Polyp -- Stock footage.
https://stockflow.media/?cat=Microscopic&sub=Histopathology&collection=Colon+Polyp
#stockfootage #royaltyfree #microscopy",Colon Polyp_W_X/Twitter,https://storage.googleapis.com/stockflow-social/Batch01/Montages/W/Microscopic_Histopathology_Colon-Polyp_W.mp4,Microscopic,Stockflow_media,2026-04-24 10:00
"Cervical Cells -- Stock footage.
https://stockflow.media/?cat=Microscopic&sub=Histopathology&collection=Cervical+Cells
#stockfootage #royaltyfree #microscopy",Cervical Cells_W_X/Twitter,https://storage.googleapis.com/stockflow-social/Batch01/Montages/W/Microscopic_Histopathology_Cervical-Cells_W.mp4,Microscopic,Stockflow_media,2026-04-25 8:00
"Breast Cancer -- Stock footage.
https://stockflow.media/?cat=Microscopic&sub=Histopathology&collection=Breast+Cancer
#stockfootage #royaltyfree #microscopy",Breast Cancer_W_X/Twitter,https://storage.googleapis.com/stockflow-social/Batch01/Montages/W/Microscopic_Histopathology_Breast-Cancer_W.mp4,Microscopic,Stockflow_media,2026-04-25 9:00
"Sickle Cell -- Stock footage.
https://stockflow.media/?cat=Microscopic&sub=Hematology&collection=Sickle+Cell
#stockfootage #royaltyfree #microscopy",Sickle Cell_W_X/Twitter,https://storage.googleapis.com/stockflow-social/Batch01/Montages/W/Microscopic_Hematology_Sickle-Cell_W.mp4,Microscopic,Stockflow_media,2026-04-25 10:00
"Iron Deficieny -- Stock footage.
https://stockflow.media/?cat=Microscopic&sub=Hematology&collection=Iron+Deficieny
#stockfootage #royaltyfree #microscopy",Iron Deficieny_W_X/Twitter,https://storage.googleapis.com/stockflow-social/Batch01/Montages/W/Microscopic_Hematology_Iron-Deficieny_W.mp4,Microscopic,Stockflow_media,2026-04-26 8:00
"Hematology Montage -- Stock footage.
https://stockflow.media/?cat=Microscopic&sub=Hematology&collection=Hematology+Montage
#stockfootage #royaltyfree #microscopy",Hematology Montage_W_X/Twitter,https://storage.googleapis.com/stockflow-social/Batch01/Montages/W/Microscopic_Hematology_Hematology-Montage_W.mp4,Microscopic,Stockflow_media,2026-04-26 9:00
"Hematology -- Stock footage.
https://stockflow.media/?cat=Microscopic&sub=Hematology&collection=Hematology
#stockfootage #royaltyfree #microscopy",Hematology_W_X/Twitter,https://storage.googleapis.com/stockflow-social/Batch01/Montages/W/Microscopic_Hematology_Hematology_W.mp4,Microscopic,Stockflow_media,2026-04-26 10:00
"Zygomycete -- Stock footage.
https://stockflow.media/?cat=Microscopic&sub=Fungi&collection=Zygomycete
#stockfootage #royaltyfree #microscopy",Zygomycete_W_X/Twitter,https://storage.googleapis.com/stockflow-social/Batch01/Montages/W/Microscopic_Fungi_Zygomycete_W.mp4,Microscopic,Stockflow_media,2026-04-27 8:00
"Yeast Cells -- Stock footage.
https://stockflow.media/?cat=Microscopic&sub=Fungi&collection=Yeast+Cells
#stockfootage #royaltyfree #microscopy",Yeast Cells_W_X/Twitter,https://storage.googleapis.com/stockflow-social/Batch01/Montages/W/Microscopic_Fungi_Yeast-Cells_W.mp4,Microscopic,Stockflow_media,2026-04-27 9:00
"Sporangia -- Stock footage.
https://stockflow.media/?cat=Microscopic&sub=Fungi&collection=Sporangia
#stockfootage #royaltyfree #microscopy",Sporangia_W_X/Twitter,https://storage.googleapis.com/stockflow-social/Batch01/Montages/W/Microscopic_Fungi_Sporangia_W.mp4,Microscopic,Stockflow_media,2026-04-27 10:00
"Pathogenic -- Stock footage.
https://stockflow.media/?cat=Microscopic&sub=Fungi&collection=Pathogenic
#stockfootage #royaltyfree #microscopy",Pathogenic_W_X/Twitter,https://storage.googleapis.com/stockflow-social/Batch01/Montages/W/Microscopic_Fungi_Pathogenic_W.mp4,Microscopic,Stockflow_media,2026-04-28 8:00
"Mycelium -- Stock footage.
https://stockflow.media/?cat=Microscopic&sub=Fungi&collection=Mycelium
#stockfootage #royaltyfree #microscopy",Mycelium_W_X/Twitter,https://storage.googleapis.com/stockflow-social/Batch01/Montages/W/Microscopic_Fungi_Mycelium_W.mp4,Microscopic,Stockflow_media,2026-04-28 9:00
"Lichen -- Stock footage.
https://stockflow.media/?cat=Microscopic&sub=Fungi&collection=Lichen
#stockfootage #royaltyfree #microscopy",Lichen_W_X/Twitter,https://storage.googleapis.com/stockflow-social/Batch01/Montages/W/Microscopic_Fungi_Lichen_W.mp4,Microscopic,Stockflow_media,2026-04-28 10:00
"Fungi Montage -- Stock footage.
https://stockflow.media/?cat=Microscopic&sub=Fungi&collection=Fungi+Montage
#stockfootage #royaltyfree #microscopy",Fungi Montage_W_X/Twitter,https://storage.googleapis.com/stockflow-social/Batch01/Montages/W/Microscopic_Fungi_Fungi-Montage_W.mp4,Microscopic,Stockflow_media,2026-04-29 8:00
"Fungi -- Stock footage.
https://stockflow.media/?cat=Microscopic&sub=Fungi&collection=Fungi
#stockfootage #royaltyfree #microscopy",Fungi_W_X/Twitter,https://storage.googleapis.com/stockflow-social/Batch01/Montages/W/Microscopic_Fungi_Fungi_W.mp4,Microscopic,Stockflow_media,2026-04-29 9:00
"Decay -- Stock footage.
https://stockflow.media/?cat=Microscopic&sub=Fungi&collection=Decay
#stockfootage #royaltyfree #microscopy",Decay_W_X/Twitter,https://storage.googleapis.com/stockflow-social/Batch01/Montages/W/Microscopic_Fungi_Decay_W.mp4,Microscopic,Stockflow_media,2026-04-29 10:00
"Basidiospores -- Stock footage.
https://stockflow.media/?cat=Microscopic&sub=Fungi&collection=Basidiospores
#stockfootage #royaltyfree #microscopy",Basidiospores_W_X/Twitter,https://storage.googleapis.com/stockflow-social/Batch01/Montages/W/Microscopic_Fungi_Basidiospores_W.mp4,Microscopic,Stockflow_media,2026-04-30 8:00
"Algal Cells -- Stock footage.
https://stockflow.media/?cat=Microscopic&sub=Fungi&collection=Algal+Cells
#stockfootage #royaltyfree #microscopy",Algal Cells_W_X/Twitter,https://storage.googleapis.com/stockflow-social/Batch01/Montages/W/Microscopic_Fungi_Algal-Cells_W.mp4,Microscopic,Stockflow_media,2026-04-30 9:00
"Yeast And Mold -- Stock footage.
https://stockflow.media/?cat=Microscopic&sub=Food+Fungi&collection=Yeast+And+Mold
#stockfootage #royaltyfree #microscopy",Yeast And Mold_W_X/Twitter,https://storage.googleapis.com/stockflow-social/Batch01/Montages/W/Microscopic_Food-Fungi_Yeast-And-Mold_W.mp4,Microscopic,Stockflow_media,2026-04-30 10:00
"Rhizopus -- Stock footage.
https://stockflow.media/?cat=Microscopic&sub=Food+Fungi&collection=Rhizopus
#stockfootage #royaltyfree #microscopy",Rhizopus_W_X/Twitter,https://storage.googleapis.com/stockflow-social/Batch01/Montages/W/Microscopic_Food-Fungi_Rhizopus_W.mp4,Microscopic,Stockflow_media,2026-05-01 8:00
"Rhizopus Sporangia -- Stock footage.
https://stockflow.media/?cat=Microscopic&sub=Food+Fungi&collection=Rhizopus+Sporangia
#stockfootage #royaltyfree #microscopy",Rhizopus Sporangia_W_X/Twitter,https://storage.googleapis.com/stockflow-social/Batch01/Montages/W/Microscopic_Food-Fungi_Rhizopus-Sporangia_W.mp4,Microscopic,Stockflow_media,2026-05-01 9:00
"Penicillium -- Stock footage.
https://stockflow.media/?cat=Microscopic&sub=Food+Fungi&collection=Penicillium
#stockfootage #royaltyfree #microscopy",Penicillium_W_X/Twitter,https://storage.googleapis.com/stockflow-social/Batch01/Montages/W/Microscopic_Food-Fungi_Penicillium_W.mp4,Microscopic,Stockflow_media,2026-05-01 10:00
"Penicillium Mold -- Stock footage.
https://stockflow.media/?cat=Microscopic&sub=Food+Fungi&collection=Penicillium+Mold
#stockfootage #royaltyfree #microscopy",Penicillium Mold_W_X/Twitter,https://storage.googleapis.com/stockflow-social/Batch01/Montages/W/Microscopic_Food-Fungi_Penicillium-Mold_W.mp4,Microscopic,Stockflow_media,2026-05-02 8:00
"Mold Growth -- Stock footage.
https://stockflow.media/?cat=Microscopic&sub=Food+Fungi&collection=Mold+Growth
#stockfootage #royaltyfree #microscopy",Mold Growth_W_X/Twitter,https://storage.googleapis.com/stockflow-social/Batch01/Montages/W/Microscopic_Food-Fungi_Mold-Growth_W.mp4,Microscopic,Stockflow_media,2026-05-02 9:00
"Fungal Penetration -- Stock footage.
https://stockflow.media/?cat=Microscopic&sub=Food+Fungi&collection=Fungal+Penetration
#stockfootage #royaltyfree #microscopy",Fungal Penetration_W_X/Twitter,https://storage.googleapis.com/stockflow-social/Batch01/Montages/W/Microscopic_Food-Fungi_Fungal-Penetration_W.mp4,Microscopic,Stockflow_media,2026-05-02 10:00
"Fungal Ecosystem -- Stock footage.
https://stockflow.media/?cat=Microscopic&sub=Food+Fungi&collection=Fungal+Ecosystem
#stockfootage #royaltyfree #microscopy",Fungal Ecosystem_W_X/Twitter,https://storage.googleapis.com/stockflow-social/Batch01/Montages/W/Microscopic_Food-Fungi_Fungal-Ecosystem_W.mp4,Microscopic,Stockflow_media,2026-05-03 8:00
"Food Fungi Montage -- Stock footage.
https://stockflow.media/?cat=Microscopic&sub=Food+Fungi&collection=Food+Fungi+Montage
#stockfootage #royaltyfree #microscopy",Food Fungi Montage_W_X/Twitter,https://storage.googleapis.com/stockflow-social/Batch01/Montages/W/Microscopic_Food-Fungi_Food-Fungi-Montage_W.mp4,Microscopic,Stockflow_media,2026-05-03 9:00
"Food Fungi -- Stock footage.
https://stockflow.media/?cat=Microscopic&sub=Food+Fungi&collection=Food+Fungi
#stockfootage #royaltyfree #microscopy",Food Fungi_W_X/Twitter,https://storage.googleapis.com/stockflow-social/Batch01/Montages/W/Microscopic_Food-Fungi_Food-Fungi_W.mp4,Microscopic,Stockflow_media,2026-05-03 10:00
"Extreme Close -- Stock footage.
https://stockflow.media/?cat=Microscopic&sub=Food+Fungi&collection=Extreme+Close
#stockfootage #royaltyfree #microscopy",Extreme Close_W_X/Twitter,https://storage.googleapis.com/stockflow-social/Batch01/Montages/W/Microscopic_Food-Fungi_Extreme-Close_W.mp4,Microscopic,Stockflow_media,2026-05-04 8:00
"Cross Sectional -- Stock footage.
https://stockflow.media/?cat=Microscopic&sub=Food+Fungi&collection=Cross+Sectional
#stockfootage #royaltyfree #microscopy",Cross Sectional_W_X/Twitter,https://storage.googleapis.com/stockflow-social/Batch01/Montages/W/Microscopic_Food-Fungi_Cross-Sectional_W.mp4,Microscopic,Stockflow_media,2026-05-04 9:00
"Colonizing -- Stock footage.
https://stockflow.media/?cat=Microscopic&sub=Food+Fungi&collection=Colonizing
#stockfootage #royaltyfree #microscopy",Colonizing_W_X/Twitter,https://storage.googleapis.com/stockflow-social/Batch01/Montages/W/Microscopic_Food-Fungi_Colonizing_W.mp4,Microscopic,Stockflow_media,2026-05-04 10:00
"Aspergillus -- Stock footage.
https://stockflow.media/?cat=Microscopic&sub=Food+Fungi&collection=Aspergillus
#stockfootage #royaltyfree #microscopy",Aspergillus_W_X/Twitter,https://storage.googleapis.com/stockflow-social/Batch01/Montages/W/Microscopic_Food-Fungi_Aspergillus_W.mp4,Microscopic,Stockflow_media,2026-05-05 8:00
"Aspergillus Fungi -- Stock footage.
https://stockflow.media/?cat=Microscopic&sub=Food+Fungi&collection=Aspergillus+Fungi
#stockfootage #royaltyfree #microscopy",Aspergillus Fungi_W_X/Twitter,https://storage.googleapis.com/stockflow-social/Batch01/Montages/W/Microscopic_Food-Fungi_Aspergillus-Fungi_W.mp4,Microscopic,Stockflow_media,2026-05-05 9:00
"Helix -- Stock footage.
https://stockflow.media/?cat=Microscopic&sub=Dna&collection=Helix
#stockfootage #royaltyfree #microscopy",Helix_W_X/Twitter,https://storage.googleapis.com/stockflow-social/Batch01/Montages/W/Microscopic_Dna_Helix_W.mp4,Microscopic,Stockflow_media,2026-05-05 10:00
"Dna Montage -- Stock footage.
https://stockflow.media/?cat=Microscopic&sub=Dna&collection=Dna+Montage
#stockfootage #royaltyfree #microscopy",Dna Montage_W_X/Twitter,https://storage.googleapis.com/stockflow-social/Batch01/Montages/W/Microscopic_Dna_Dna-Montage_W.mp4,Microscopic,Stockflow_media,2026-05-06 8:00
"Vitiligo -- Stock footage.
https://stockflow.media/?cat=Microscopic&sub=Dermatopathology&collection=Vitiligo
#stockfootage #royaltyfree #microscopy",Vitiligo_W_X/Twitter,https://storage.googleapis.com/stockflow-social/Batch01/Montages/W/Microscopic_Dermatopathology_Vitiligo_W.mp4,Microscopic,Stockflow_media,2026-05-06 9:00
"Squamous -- Stock footage.
https://stockflow.media/?cat=Microscopic&sub=Dermatopathology&collection=Squamous
#stockfootage #royaltyfree #microscopy",Squamous_W_X/Twitter,https://storage.googleapis.com/stockflow-social/Batch01/Montages/W/Microscopic_Dermatopathology_Squamous_W.mp4,Microscopic,Stockflow_media,2026-05-06 10:00
"Eczema -- Stock footage.
https://stockflow.media/?cat=Microscopic&sub=Dermatopathology&collection=Eczema
#stockfootage #royaltyfree #microscopy",Eczema_W_X/Twitter,https://storage.googleapis.com/stockflow-social/Batch01/Montages/W/Microscopic_Dermatopathology_Eczema_W.mp4,Microscopic,Stockflow_media,2026-05-07 8:00
"Dermatopathology Montage -- Stock footage.
https://stockflow.media/?cat=Microscopic&sub=Dermatopathology&collection=Dermatopathology+Montage
#stockfootage #royaltyfree #microscopy",Dermatopathology Montage_W_X/Twitter,https://storage.googleapis.com/stockflow-social/Batch01/Montages/W/Microscopic_Dermatopathology_Dermatopathology-Montage_W.mp4,Microscopic,Stockflow_media,2026-05-07 9:00
"Basal -- Stock footage.
https://stockflow.media/?cat=Microscopic&sub=Dermatopathology&collection=Basal
#stockfootage #royaltyfree #microscopy",Basal_W_X/Twitter,https://storage.googleapis.com/stockflow-social/Batch01/Montages/W/Microscopic_Dermatopathology_Basal_W.mp4,Microscopic,Stockflow_media,2026-05-07 10:00
"Plant Cell -- Stock footage.
https://stockflow.media/?cat=Microscopic&sub=Cross+Section&collection=Plant+Cell
#stockfootage #royaltyfree #microscopy",Plant Cell_W_X/Twitter,https://storage.googleapis.com/stockflow-social/Batch01/Montages/W/Microscopic_Cross-Section_Plant-Cell_W.mp4,Microscopic,Stockflow_media,2026-05-08 8:00
"Cross Section Montage -- Stock footage.
https://stockflow.media/?cat=Microscopic&sub=Cross+Section&collection=Cross+Section+Montage
#stockfootage #royaltyfree #microscopy",Cross Section Montage_W_X/Twitter,https://storage.googleapis.com/stockflow-social/Batch01/Montages/W/Microscopic_Cross-Section_Cross-Section-Montage_W.mp4,Microscopic,Stockflow_media,2026-05-08 9:00
"Red And White Blood Cells -- Stock footage.
https://stockflow.media/?cat=Microscopic&sub=Cellular&collection=Red+And+White+Blood+Cells
#stockfootage #royaltyfree #microscopy",Red And White Blood Cells_W_X/Twitter,https://storage.googleapis.com/stockflow-social/Batch01/Montages/W/Microscopic_Cellular_Red-And-White-Blood-Cells_W.mp4,Microscopic,Stockflow_media,2026-05-08 10:00
"Ribosomes -- Stock footage.
https://stockflow.media/?cat=Microscopic&sub=Cellular&collection=Ribosomes
#stockfootage #royaltyfree #microscopy",Ribosomes_W_X/Twitter,https://storage.googleapis.com/stockflow-social/Batch01/Montages/W/Microscopic_Cellular_Ribosomes_W.mp4,Microscopic,Stockflow_media,2026-05-09 8:00
"Planktonic -- Stock footage.
https://stockflow.media/?cat=Microscopic&sub=Cellular&collection=Planktonic
#stockfootage #royaltyfree #microscopy",Planktonic_W_X/Twitter,https://storage.googleapis.com/stockflow-social/Batch01/Montages/W/Microscopic_Cellular_Planktonic_W.mp4,Microscopic,Stockflow_media,2026-05-09 9:00
"Mitochondria -- Stock footage.
https://stockflow.media/?cat=Microscopic&sub=Cellular&collection=Mitochondria
#stockfootage #royaltyfree #microscopy",Mitochondria_W_X/Twitter,https://storage.googleapis.com/stockflow-social/Batch01/Montages/W/Microscopic_Cellular_Mitochondria_W.mp4,Microscopic,Stockflow_media,2026-05-09 10:00
"Lysosomes -- Stock footage.
https://stockflow.media/?cat=Microscopic&sub=Cellular&collection=Lysosomes
#stockfootage #royaltyfree #microscopy",Lysosomes_W_X/Twitter,https://storage.googleapis.com/stockflow-social/Batch01/Montages/W/Microscopic_Cellular_Lysosomes_W.mp4,Microscopic,Stockflow_media,2026-05-10 8:00
"Intracellular -- Stock footage.
https://stockflow.media/?cat=Microscopic&sub=Cellular&collection=Intracellular
#stockfootage #royaltyfree #microscopy",Intracellular_W_X/Twitter,https://storage.googleapis.com/stockflow-social/Batch01/Montages/W/Microscopic_Cellular_Intracellular_W.mp4,Microscopic,Stockflow_media,2026-05-10 9:00
"Eukaryotic Cell Under -- Stock footage.
https://stockflow.media/?cat=Microscopic&sub=Cellular&collection=Eukaryotic+Cell+Under
#stockfootage #royaltyfree #microscopy",Eukaryotic Cell Under_W_X/Twitter,https://storage.googleapis.com/stockflow-social/Batch01/Montages/W/Microscopic_Cellular_Eukaryotic-Cell-Under_W.mp4,Microscopic,Stockflow_media,2026-05-10 10:00
"Ciliated -- Stock footage.
https://stockflow.media/?cat=Microscopic&sub=Cellular&collection=Ciliated
#stockfootage #royaltyfree #microscopy",Ciliated_W_X/Twitter,https://storage.googleapis.com/stockflow-social/Batch01/Montages/W/Microscopic_Cellular_Ciliated_W.mp4,Microscopic,Stockflow_media,2026-05-11 8:00
"Cellular Montage -- Stock footage.
https://stockflow.media/?cat=Microscopic&sub=Cellular&collection=Cellular+Montage
#stockfootage #royaltyfree #microscopy",Cellular Montage_W_X/Twitter,https://storage.googleapis.com/stockflow-social/Batch01/Montages/W/Microscopic_Cellular_Cellular-Montage_W.mp4,Microscopic,Stockflow_media,2026-05-11 9:00
"Cellular -- Stock footage.
https://stockflow.media/?cat=Microscopic&sub=Cellular&collection=Cellular
#stockfootage #royaltyfree #microscopy",Cellular_W_X/Twitter,https://storage.googleapis.com/stockflow-social/Batch01/Montages/W/Microscopic_Cellular_Cellular_W.mp4,Microscopic,Stockflow_media,2026-05-11 10:00
"Vs Healthy Cells -- Stock footage.
https://stockflow.media/?cat=Microscopic&sub=Cancer+Cell&collection=Vs+Healthy+Cells
#stockfootage #royaltyfree #microscopy",Vs Healthy Cells_W_X/Twitter,https://storage.googleapis.com/stockflow-social/Batch01/Montages/W/Microscopic_Cancer-Cell_Vs-Healthy-Cells_W.mp4,Microscopic,Stockflow_media,2026-05-12 8:00
"Brain Tissue -- Stock footage.
https://stockflow.media/?cat=Microscopic&sub=Cellular&collection=Brain+Tissue
#stockfootage #royaltyfree #microscopy",Brain Tissue_W_X/Twitter,https://storage.googleapis.com/stockflow-social/Batch01/Montages/W/Microscopic_Cellular_Brain-Tissue_W.mp4,Microscopic,Stockflow_media,2026-05-12 9:00
"Viruses -- Stock footage.
https://stockflow.media/?cat=Microscopic&sub=Cancer+Cell&collection=Viruses
#stockfootage #royaltyfree #microscopy",Viruses_W_X/Twitter,https://storage.googleapis.com/stockflow-social/Batch01/Montages/W/Microscopic_Cancer-Cell_Viruses_W.mp4,Microscopic,Stockflow_media,2026-05-12 10:00
"Tumor -- Stock footage.
https://stockflow.media/?cat=Microscopic&sub=Cancer+Cell&collection=Tumor
#stockfootage #royaltyfree #microscopy",Tumor_W_X/Twitter,https://storage.googleapis.com/stockflow-social/Batch01/Montages/W/Microscopic_Cancer-Cell_Tumor_W.mp4,Microscopic,Stockflow_media,2026-05-13 8:00
"Tem Virus -- Stock footage.
https://stockflow.media/?cat=Microscopic&sub=Cancer+Cell&collection=Tem+Virus
#stockfootage #royaltyfree #microscopy",Tem Virus_W_X/Twitter,https://storage.googleapis.com/stockflow-social/Batch01/Montages/W/Microscopic_Cancer-Cell_Tem-Virus_W.mp4,Microscopic,Stockflow_media,2026-05-13 9:00
"Mutations -- Stock footage.
https://stockflow.media/?cat=Microscopic&sub=Cancer+Cell&collection=Mutations
#stockfootage #royaltyfree #microscopy",Mutations_W_X/Twitter,https://storage.googleapis.com/stockflow-social/Batch01/Montages/W/Microscopic_Cancer-Cell_Mutations_W.mp4,Microscopic,Stockflow_media,2026-05-13 10:00
"Metastatic -- Stock footage.
https://stockflow.media/?cat=Microscopic&sub=Cancer+Cell&collection=Metastatic
#stockfootage #royaltyfree #microscopy",Metastatic_W_X/Twitter,https://storage.googleapis.com/stockflow-social/Batch01/Montages/W/Microscopic_Cancer-Cell_Metastatic_W.mp4,Microscopic,Stockflow_media,2026-05-14 8:00
"Melanoma -- Stock footage.
https://stockflow.media/?cat=Microscopic&sub=Cancer+Cell&collection=Melanoma
#stockfootage #royaltyfree #microscopy",Melanoma_W_X/Twitter,https://storage.googleapis.com/stockflow-social/Batch01/Montages/W/Microscopic_Cancer-Cell_Melanoma_W.mp4,Microscopic,Stockflow_media,2026-05-14 9:00
"Leukemia -- Stock footage.
https://stockflow.media/?cat=Microscopic&sub=Cancer+Cell&collection=Leukemia
#stockfootage #royaltyfree #microscopy",Leukemia_W_X/Twitter,https://storage.googleapis.com/stockflow-social/Batch01/Montages/W/Microscopic_Cancer-Cell_Leukemia_W.mp4,Microscopic,Stockflow_media,2026-05-14 10:00
"Immune -- Stock footage.
https://stockflow.media/?cat=Microscopic&sub=Cancer+Cell&collection=Immune
#stockfootage #royaltyfree #microscopy",Immune_W_X/Twitter,https://storage.googleapis.com/stockflow-social/Batch01/Montages/W/Microscopic_Cancer-Cell_Immune_W.mp4,Microscopic,Stockflow_media,2026-05-15 8:00
"Healthy Cells -- Stock footage.
https://stockflow.media/?cat=Microscopic&sub=Cancer+Cell&collection=Healthy+Cells
#stockfootage #royaltyfree #microscopy",Healthy Cells_W_X/Twitter,https://storage.googleapis.com/stockflow-social/Batch01/Montages/W/Microscopic_Cancer-Cell_Healthy-Cells_W.mp4,Microscopic,Stockflow_media,2026-05-15 9:00
"Fluorescence -- Stock footage.
https://stockflow.media/?cat=Microscopic&sub=Cancer+Cell&collection=Fluorescence
#stockfootage #royaltyfree #microscopy",Fluorescence_W_X/Twitter,https://storage.googleapis.com/stockflow-social/Batch01/Montages/W/Microscopic_Cancer-Cell_Fluorescence_W.mp4,Microscopic,Stockflow_media,2026-05-15 10:00
"Chemotherapy -- Stock footage.
https://stockflow.media/?cat=Microscopic&sub=Cancer+Cell&collection=Chemotherapy
#stockfootage #royaltyfree #microscopy",Chemotherapy_W_X/Twitter,https://storage.googleapis.com/stockflow-social/Batch01/Montages/W/Microscopic_Cancer-Cell_Chemotherapy_W.mp4,Microscopic,Stockflow_media,2026-05-16 8:00
"Cancer Cell Montage -- Stock footage.
https://stockflow.media/?cat=Microscopic&sub=Cancer+Cell&collection=Cancer+Cell+Montage
#stockfootage #royaltyfree #microscopy",Cancer Cell Montage_W_X/Twitter,https://storage.googleapis.com/stockflow-social/Batch01/Montages/W/Microscopic_Cancer-Cell_Cancer-Cell-Montage_W.mp4,Microscopic,Stockflow_media,2026-05-16 9:00
"Breast -- Stock footage.
https://stockflow.media/?cat=Microscopic&sub=Cancer+Cell&collection=Breast
#stockfootage #royaltyfree #microscopy",Breast_W_X/Twitter,https://storage.googleapis.com/stockflow-social/Batch01/Montages/W/Microscopic_Cancer-Cell_Breast_W.mp4,Microscopic,Stockflow_media,2026-05-16 10:00
"Cancer Cell -- Stock footage.
https://stockflow.media/?cat=Microscopic&sub=Cancer+Cell&collection=Cancer+Cell
#stockfootage #royaltyfree #microscopy",Cancer Cell_W_X/Twitter,https://storage.googleapis.com/stockflow-social/Batch01/Montages/W/Microscopic_Cancer-Cell_Cancer-Cell_W.mp4,Microscopic,Stockflow_media,2026-05-17 8:00
"Aggressive -- Stock footage.
https://stockflow.media/?cat=Microscopic&sub=Cancer+Cell&collection=Aggressive
#stockfootage #royaltyfree #microscopy",Aggressive_W_X/Twitter,https://storage.googleapis.com/stockflow-social/Batch01/Montages/W/Microscopic_Cancer-Cell_Aggressive_W.mp4,Microscopic,Stockflow_media,2026-05-17 9:00
"Thrombocytopenia -- Stock footage.
https://stockflow.media/?cat=Microscopic&sub=Blood+Hematology&collection=Thrombocytopenia
#stockfootage #royaltyfree #microscopy",Thrombocytopenia_W_X/Twitter,https://storage.googleapis.com/stockflow-social/Batch01/Montages/W/Microscopic_Blood-Hematology_Thrombocytopenia_W.mp4,Microscopic,Stockflow_media,2026-05-17 10:00
"Blood Hematology Montage -- Stock footage.
https://stockflow.media/?cat=Microscopic&sub=Blood+Hematology&collection=Blood+Hematology+Montage
#stockfootage #royaltyfree #microscopy",Blood Hematology Montage_W_X/Twitter,https://storage.googleapis.com/stockflow-social/Batch01/Montages/W/Microscopic_Blood-Hematology_Blood-Hematology-Montage_W.mp4,Microscopic,Stockflow_media,2026-05-18 8:00
"Anemia -- Stock footage.
https://stockflow.media/?cat=Microscopic&sub=Blood+Hematology&collection=Anemia
#stockfootage #royaltyfree #microscopy",Anemia_W_X/Twitter,https://storage.googleapis.com/stockflow-social/Batch01/Montages/W/Microscopic_Blood-Hematology_Anemia_W.mp4,Microscopic,Stockflow_media,2026-05-18 9:00
"Red And White -- Stock footage.
https://stockflow.media/?cat=Microscopic&sub=Biological+Creatures&collection=Red+And+White
#stockfootage #royaltyfree #microscopy",Red And White_W_X/Twitter,https://storage.googleapis.com/stockflow-social/Batch01/Montages/W/Microscopic_Biological-Creatures_Red-And-White_W.mp4,Microscopic,Stockflow_media,2026-05-18 10:00
"Paramecium -- Stock footage.
https://stockflow.media/?cat=Microscopic&sub=Biological+Creatures&collection=Paramecium
#stockfootage #royaltyfree #microscopy",Paramecium_W_X/Twitter,https://storage.googleapis.com/stockflow-social/Batch01/Montages/W/Microscopic_Biological-Creatures_Paramecium_W.mp4,Microscopic,Stockflow_media,2026-05-19 8:00
"Cross Section -- Stock footage.
https://stockflow.media/?cat=Microscopic&sub=Biological+Creatures&collection=Cross+Section
#stockfootage #royaltyfree #microscopy",Cross Section_W_X/Twitter,https://storage.googleapis.com/stockflow-social/Batch01/Montages/W/Microscopic_Biological-Creatures_Cross-Section_W.mp4,Microscopic,Stockflow_media,2026-05-19 9:00
"Eukaryotic Cell -- Stock footage.
https://stockflow.media/?cat=Microscopic&sub=Biological+Creatures&collection=Eukaryotic+Cell
#stockfootage #royaltyfree #microscopy",Eukaryotic Cell_W_X/Twitter,https://storage.googleapis.com/stockflow-social/Batch01/Montages/W/Microscopic_Biological-Creatures_Eukaryotic-Cell_W.mp4,Microscopic,Stockflow_media,2026-05-19 10:00
"Biological Creatures Montage -- Stock footage.
https://stockflow.media/?cat=Microscopic&sub=Biological+Creatures&collection=Biological+Creatures+Montage
#stockfootage #royaltyfree #microscopy",Biological Creatures Montage_W_X/Twitter,https://storage.googleapis.com/stockflow-social/Batch01/Montages/W/Microscopic_Biological-Creatures_Biological-Creatures-Montage_W.mp4,Microscopic,Stockflow_media,2026-05-20 8:00
"Bacteria -- Stock footage.
https://stockflow.media/?cat=Microscopic&sub=Biological+Creatures&collection=Bacteria
#stockfootage #royaltyfree #microscopy",Bacteria_W_X/Twitter,https://storage.googleapis.com/stockflow-social/Batch01/Montages/W/Microscopic_Biological-Creatures_Bacteria_W.mp4,Microscopic,Stockflow_media,2026-05-20 9:00
"Bacterial Cell -- Stock footage.
https://stockflow.media/?cat=Microscopic&sub=Biological+Creatures&collection=Bacterial+Cell
#stockfootage #royaltyfree #microscopy",Bacterial Cell_W_X/Twitter,https://storage.googleapis.com/stockflow-social/Batch01/Montages/W/Microscopic_Biological-Creatures_Bacterial-Cell_W.mp4,Microscopic,Stockflow_media,2026-05-20 10:00
"Alien Organism -- Stock footage.
https://stockflow.media/?cat=Microscopic&sub=Biological+Creatures&collection=Alien+Organism
#stockfootage #royaltyfree #microscopy",Alien Organism_W_X/Twitter,https://storage.googleapis.com/stockflow-social/Batch01/Montages/W/Microscopic_Biological-Creatures_Alien-Organism_W.mp4,Microscopic,Stockflow_media,2026-05-21 8:00
"Tetani -- Stock footage.
https://stockflow.media/?cat=Microscopic&sub=Bacteria&collection=Tetani
#stockfootage #royaltyfree #microscopy",Tetani_W_X/Twitter,https://storage.googleapis.com/stockflow-social/Batch01/Montages/W/Microscopic_Bacteria_Tetani_W.mp4,Microscopic,Stockflow_media,2026-05-21 9:00
"Spirochete -- Stock footage.
https://stockflow.media/?cat=Microscopic&sub=Bacteria&collection=Spirochete
#stockfootage #royaltyfree #microscopy",Spirochete_W_X/Twitter,https://storage.googleapis.com/stockflow-social/Batch01/Montages/W/Microscopic_Bacteria_Spirochete_W.mp4,Microscopic,Stockflow_media,2026-05-21 10:00
"Resistant -- Stock footage.
https://stockflow.media/?cat=Microscopic&sub=Bacteria&collection=Resistant
#stockfootage #royaltyfree #microscopy",Resistant_W_X/Twitter,https://storage.googleapis.com/stockflow-social/Batch01/Montages/W/Microscopic_Bacteria_Resistant_W.mp4,Microscopic,Stockflow_media,2026-05-22 8:00
"Resistant Bacteria -- Stock footage.
https://stockflow.media/?cat=Microscopic&sub=Bacteria&collection=Resistant+Bacteria
#stockfootage #royaltyfree #microscopy",Resistant Bacteria_W_X/Twitter,https://storage.googleapis.com/stockflow-social/Batch01/Montages/W/Microscopic_Bacteria_Resistant-Bacteria_W.mp4,Microscopic,Stockflow_media,2026-05-22 9:00
"E Coli -- Stock footage.
https://stockflow.media/?cat=Microscopic&sub=Bacteria&collection=E+Coli
#stockfootage #royaltyfree #microscopy",E Coli_W_X/Twitter,https://storage.googleapis.com/stockflow-social/Batch01/Montages/W/Microscopic_Bacteria_E-Coli_W.mp4,Microscopic,Stockflow_media,2026-05-22 10:00
"Cocci -- Stock footage.
https://stockflow.media/?cat=Microscopic&sub=Bacteria&collection=Cocci
#stockfootage #royaltyfree #microscopy",Cocci_W_X/Twitter,https://storage.googleapis.com/stockflow-social/Batch01/Montages/W/Microscopic_Bacteria_Cocci_W.mp4,Microscopic,Stockflow_media,2026-05-23 8:00
"Biofilm -- Stock footage.
https://stockflow.media/?cat=Microscopic&sub=Bacteria&collection=Biofilm
#stockfootage #royaltyfree #microscopy",Biofilm_W_X/Twitter,https://storage.googleapis.com/stockflow-social/Batch01/Montages/W/Microscopic_Bacteria_Biofilm_W.mp4,Microscopic,Stockflow_media,2026-05-23 9:00
"Bacteria Montage -- Stock footage.
https://stockflow.media/?cat=Microscopic&sub=Bacteria&collection=Bacteria+Montage
#stockfootage #royaltyfree #microscopy",Bacteria Montage_W_X/Twitter,https://storage.googleapis.com/stockflow-social/Batch01/Montages/W/Microscopic_Bacteria_Bacteria-Montage_W.mp4,Microscopic,Stockflow_media,2026-05-23 10:00
"Bacillus -- Stock footage.
https://stockflow.media/?cat=Microscopic&sub=Bacteria&collection=Bacillus
#stockfootage #royaltyfree #microscopy",Bacillus_W_X/Twitter,https://storage.googleapis.com/stockflow-social/Batch01/Montages/W/Microscopic_Bacteria_Bacillus_W.mp4,Microscopic,Stockflow_media,2026-05-24 8:00
"Agar Plate -- Stock footage.
https://stockflow.media/?cat=Microscopic&sub=Bacteria&collection=Agar+Plate
#stockfootage #royaltyfree #microscopy",Agar Plate_W_X/Twitter,https://storage.googleapis.com/stockflow-social/Batch01/Montages/W/Microscopic_Bacteria_Agar-Plate_W.mp4,Microscopic,Stockflow_media,2026-05-24 9:00
"Spirogyra -- Stock footage.
https://stockflow.media/?cat=Microscopic&sub=Algae&collection=Spirogyra
#stockfootage #royaltyfree #microscopy",Spirogyra_W_X/Twitter,https://storage.googleapis.com/stockflow-social/Batch01/Montages/W/Microscopic_Algae_Spirogyra_W.mp4,Microscopic,Stockflow_media,2026-05-24 10:00
"Red Algae -- Stock footage.
https://stockflow.media/?cat=Microscopic&sub=Algae&collection=Red+Algae
#stockfootage #royaltyfree #microscopy",Red Algae_W_X/Twitter,https://storage.googleapis.com/stockflow-social/Batch01/Montages/W/Microscopic_Algae_Red-Algae_W.mp4,Microscopic,Stockflow_media,2026-05-25 8:00
"Red -- Stock footage.
https://stockflow.media/?cat=Microscopic&sub=Algae&collection=Red
#stockfootage #royaltyfree #microscopy",Red_W_X/Twitter,https://storage.googleapis.com/stockflow-social/Batch01/Montages/W/Microscopic_Algae_Red_W.mp4,Microscopic,Stockflow_media,2026-05-25 9:00
"Green -- Stock footage.
https://stockflow.media/?cat=Microscopic&sub=Algae&collection=Green
#stockfootage #royaltyfree #microscopy",Green_W_X/Twitter,https://storage.googleapis.com/stockflow-social/Batch01/Montages/W/Microscopic_Algae_Green_W.mp4,Microscopic,Stockflow_media,2026-05-25 10:00
"Green Algae -- Stock footage.
https://stockflow.media/?cat=Microscopic&sub=Algae&collection=Green+Algae
#stockfootage #royaltyfree #microscopy",Green Algae_W_X/Twitter,https://storage.googleapis.com/stockflow-social/Batch01/Montages/W/Microscopic_Algae_Green-Algae_W.mp4,Microscopic,Stockflow_media,2026-05-26 8:00
"Diatoms -- Stock footage.
https://stockflow.media/?cat=Microscopic&sub=Algae&collection=Diatoms
#stockfootage #royaltyfree #microscopy",Diatoms_W_X/Twitter,https://storage.googleapis.com/stockflow-social/Batch01/Montages/W/Microscopic_Algae_Diatoms_W.mp4,Microscopic,Stockflow_media,2026-05-26 9:00
"Desmids -- Stock footage.
https://stockflow.media/?cat=Microscopic&sub=Algae&collection=Desmids
#stockfootage #royaltyfree #microscopy",Desmids_W_X/Twitter,https://storage.googleapis.com/stockflow-social/Batch01/Montages/W/Microscopic_Algae_Desmids_W.mp4,Microscopic,Stockflow_media,2026-05-26 10:00
"Cyanobacteria -- Stock footage.
https://stockflow.media/?cat=Microscopic&sub=Algae&collection=Cyanobacteria
#stockfootage #royaltyfree #microscopy",Cyanobacteria_W_X/Twitter,https://storage.googleapis.com/stockflow-social/Batch01/Montages/W/Microscopic_Algae_Cyanobacteria_W.mp4,Microscopic,Stockflow_media,2026-05-27 8:00
"Colonial -- Stock footage.
https://stockflow.media/?cat=Microscopic&sub=Algae&collection=Colonial
#stockfootage #royaltyfree #microscopy",Colonial_W_X/Twitter,https://storage.googleapis.com/stockflow-social/Batch01/Montages/W/Microscopic_Algae_Colonial_W.mp4,Microscopic,Stockflow_media,2026-05-27 9:00
"Colonial Algae -- Stock footage.
https://stockflow.media/?cat=Microscopic&sub=Algae&collection=Colonial+Algae
#stockfootage #royaltyfree #microscopy",Colonial Algae_W_X/Twitter,https://storage.googleapis.com/stockflow-social/Batch01/Montages/W/Microscopic_Algae_Colonial-Algae_W.mp4,Microscopic,Stockflow_media,2026-05-27 10:00
"Brown -- Stock footage.
https://stockflow.media/?cat=Microscopic&sub=Algae&collection=Brown
#stockfootage #royaltyfree #microscopy",Brown_W_X/Twitter,https://storage.googleapis.com/stockflow-social/Batch01/Montages/W/Microscopic_Algae_Brown_W.mp4,Microscopic,Stockflow_media,2026-05-28 8:00
"Brown Algae -- Stock footage.
https://stockflow.media/?cat=Microscopic&sub=Algae&collection=Brown+Algae
#stockfootage #royaltyfree #microscopy",Brown Algae_W_X/Twitter,https://storage.googleapis.com/stockflow-social/Batch01/Montages/W/Microscopic_Algae_Brown-Algae_W.mp4,Microscopic,Stockflow_media,2026-05-28 9:00
"Blue Green Algae -- Stock footage.
https://stockflow.media/?cat=Microscopic&sub=Algae&collection=Blue+Green+Algae
#stockfootage #royaltyfree #microscopy",Blue Green Algae_W_X/Twitter,https://storage.googleapis.com/stockflow-social/Batch01/Montages/W/Microscopic_Algae_Blue-Green-Algae_W.mp4,Microscopic,Stockflow_media,2026-05-28 10:00
"Bloom -- Stock footage.
https://stockflow.media/?cat=Microscopic&sub=Algae&collection=Bloom
#stockfootage #royaltyfree #microscopy",Bloom_W_X/Twitter,https://storage.googleapis.com/stockflow-social/Batch01/Montages/W/Microscopic_Algae_Bloom_W.mp4,Microscopic,Stockflow_media,2026-05-29 8:00
"Algal Biofilm -- Stock footage.
https://stockflow.media/?cat=Microscopic&sub=Algae&collection=Algal+Biofilm
#stockfootage #royaltyfree #microscopy",Algal Biofilm_W_X/Twitter,https://storage.googleapis.com/stockflow-social/Batch01/Montages/W/Microscopic_Algae_Algal-Biofilm_W.mp4,Microscopic,Stockflow_media,2026-05-29 9:00
"Algae Montage -- Stock footage.
https://stockflow.media/?cat=Microscopic&sub=Algae&collection=Algae+Montage
#stockfootage #royaltyfree #microscopy",Algae Montage_W_X/Twitter,https://storage.googleapis.com/stockflow-social/Batch01/Montages/W/Microscopic_Algae_Algae-Montage_W.mp4,Microscopic,Stockflow_media,2026-05-29 10:00
"Algae Bloom -- Stock footage.
https://stockflow.media/?cat=Microscopic&sub=Algae&collection=Algae+Bloom
#stockfootage #royaltyfree #microscopy",Algae Bloom_W_X/Twitter,https://storage.googleapis.com/stockflow-social/Batch01/Montages/W/Microscopic_Algae_Algae-Bloom_W.mp4,Microscopic,Stockflow_media,2026-05-30 8:00
"Filaments -- Stock footage.
https://stockflow.media/?cat=Microscopic&sub=Actin&collection=Filaments
#stockfootage #royaltyfree #microscopy",Filaments_W_X/Twitter,https://storage.googleapis.com/stockflow-social/Batch01/Montages/W/Microscopic_Actin_Filaments_W.mp4,Microscopic,Stockflow_media,2026-05-30 9:00
"Actin Montage -- Stock footage.
https://stockflow.media/?cat=Microscopic&sub=Actin&collection=Actin+Montage
#stockfootage #royaltyfree #microscopy",Actin Montage_W_X/Twitter,https://storage.googleapis.com/stockflow-social/Batch01/Montages/W/Microscopic_Actin_Actin-Montage_W.mp4,Microscopic,Stockflow_media,2026-05-30 10:00
"Microscopic -- Stock footage.
https://stockflow.media/?cat=Microscopic&sub=Microscopic+Category&collection=Microscopic
#stockfootage #royaltyfree #microscopy",Microscopic_W_X/Twitter,https://storage.googleapis.com/stockflow-social/Batch01/Montages/W/Microscopic_Microscopic-Category_W.mp4,Microscopic,Stockflow_media,2026-05-31 8:00
"Tikka Masala -- Stock footage.
https://stockflow.media/?cat=Food+Beverage&sub=Food+Menu&collection=Tikka+Masala
#stockfootage #royaltyfree #foodvideo",Tikka Masala_W_X/Twitter,https://storage.googleapis.com/stockflow-social/Batch01/Montages/W/Food-Beverage_Food-Menu_Tikka-Masala_W.mp4,Food Beverage,Stockflow_media,2026-05-31 9:00
"Thai Noodle Soup -- Stock footage.
https://stockflow.media/?cat=Food+Beverage&sub=Food+Menu&collection=Thai+Noodle+Soup
#stockfootage #royaltyfree #foodvideo",Thai Noodle Soup_W_X/Twitter,https://storage.googleapis.com/stockflow-social/Batch01/Montages/W/Food-Beverage_Food-Menu_Thai-Noodle-Soup_W.mp4,Food Beverage,Stockflow_media,2026-05-31 10:00
"Thai Curry -- Stock footage.
https://stockflow.media/?cat=Food+Beverage&sub=Food+Menu&collection=Thai+Curry
#stockfootage #royaltyfree #foodvideo",Thai Curry_W_X/Twitter,https://storage.googleapis.com/stockflow-social/Batch01/Montages/W/Food-Beverage_Food-Menu_Thai-Curry_W.mp4,Food Beverage,Stockflow_media,2026-06-01 8:00
"Suzhi -- Stock footage.
https://stockflow.media/?cat=Food+Beverage&sub=Food+Menu&collection=Suzhi
#stockfootage #royaltyfree #foodvideo",Suzhi_W_X/Twitter,https://storage.googleapis.com/stockflow-social/Batch01/Montages/W/Food-Beverage_Food-Menu_Suzhi_W.mp4,Food Beverage,Stockflow_media,2026-06-01 9:00
"Stake -- Stock footage.
https://stockflow.media/?cat=Food+Beverage&sub=Food+Menu&collection=Stake
#stockfootage #royaltyfree #foodvideo",Stake_W_X/Twitter,https://storage.googleapis.com/stockflow-social/Batch01/Montages/W/Food-Beverage_Food-Menu_Stake_W.mp4,Food Beverage,Stockflow_media,2026-06-01 10:00
"Sandwich -- Stock footage.
https://stockflow.media/?cat=Food+Beverage&sub=Food+Menu&collection=Sandwich
#stockfootage #royaltyfree #foodvideo",Sandwich_W_X/Twitter,https://storage.googleapis.com/stockflow-social/Batch01/Montages/W/Food-Beverage_Food-Menu_Sandwich_W.mp4,Food Beverage,Stockflow_media,2026-06-02 8:00
"Remen -- Stock footage.
https://stockflow.media/?cat=Food+Beverage&sub=Food+Menu&collection=Remen
#stockfootage #royaltyfree #foodvideo",Remen_W_X/Twitter,https://storage.googleapis.com/stockflow-social/Batch01/Montages/W/Food-Beverage_Food-Menu_Remen_W.mp4,Food Beverage,Stockflow_media,2026-06-02 9:00
"Pizza -- Stock footage.
https://stockflow.media/?cat=Food+Beverage&sub=Food+Menu&collection=Pizza
#stockfootage #royaltyfree #foodvideo",Pizza_W_X/Twitter,https://storage.googleapis.com/stockflow-social/Batch01/Montages/W/Food-Beverage_Food-Menu_Pizza_W.mp4,Food Beverage,Stockflow_media,2026-06-02 10:00
"Noodles -- Stock footage.
https://stockflow.media/?cat=Food+Beverage&sub=Food+Menu&collection=Noodles
#stockfootage #royaltyfree #foodvideo",Noodles_W_X/Twitter,https://storage.googleapis.com/stockflow-social/Batch01/Montages/W/Food-Beverage_Food-Menu_Noodles_W.mp4,Food Beverage,Stockflow_media,2026-06-03 8:00
"Idly Vada -- Stock footage.
https://stockflow.media/?cat=Food+Beverage&sub=Food+Menu&collection=Idly+Vada
#stockfootage #royaltyfree #foodvideo",Idly Vada_W_X/Twitter,https://storage.googleapis.com/stockflow-social/Batch01/Montages/W/Food-Beverage_Food-Menu_Idly-Vada_W.mp4,Food Beverage,Stockflow_media,2026-06-03 9:00
"Food Menu Montage -- Stock footage.
https://stockflow.media/?cat=Food+Beverage&sub=Food+Menu&collection=Food+Menu+Montage
#stockfootage #royaltyfree #foodvideo",Food Menu Montage_W_X/Twitter,https://storage.googleapis.com/stockflow-social/Batch01/Montages/W/Food-Beverage_Food-Menu_Food-Menu-Montage_W.mp4,Food Beverage,Stockflow_media,2026-06-03 10:00
"Fish Dinner -- Stock footage.
https://stockflow.media/?cat=Food+Beverage&sub=Food+Menu&collection=Fish+Dinner
#stockfootage #royaltyfree #foodvideo",Fish Dinner_W_X/Twitter,https://storage.googleapis.com/stockflow-social/Batch01/Montages/W/Food-Beverage_Food-Menu_Fish-Dinner_W.mp4,Food Beverage,Stockflow_media,2026-06-04 8:00
"Dosa -- Stock footage.
https://stockflow.media/?cat=Food+Beverage&sub=Food+Menu&collection=Dosa
#stockfootage #royaltyfree #foodvideo",Dosa_W_X/Twitter,https://storage.googleapis.com/stockflow-social/Batch01/Montages/W/Food-Beverage_Food-Menu_Dosa_W.mp4,Food Beverage,Stockflow_media,2026-06-04 9:00
"Chicken Fry -- Stock footage.
https://stockflow.media/?cat=Food+Beverage&sub=Food+Menu&collection=Chicken+Fry
#stockfootage #royaltyfree #foodvideo",Chicken Fry_W_X/Twitter,https://storage.googleapis.com/stockflow-social/Batch01/Montages/W/Food-Beverage_Food-Menu_Chicken-Fry_W.mp4,Food Beverage,Stockflow_media,2026-06-04 10:00
"Chicken Dinner -- Stock footage.
https://stockflow.media/?cat=Food+Beverage&sub=Food+Menu&collection=Chicken+Dinner
#stockfootage #royaltyfree #foodvideo",Chicken Dinner_W_X/Twitter,https://storage.googleapis.com/stockflow-social/Batch01/Montages/W/Food-Beverage_Food-Menu_Chicken-Dinner_W.mp4,Food Beverage,Stockflow_media,2026-06-05 8:00
"Butter Chiken -- Stock footage.
https://stockflow.media/?cat=Food+Beverage&sub=Food+Menu&collection=Butter+Chiken
#stockfootage #royaltyfree #foodvideo",Butter Chiken_W_X/Twitter,https://storage.googleapis.com/stockflow-social/Batch01/Montages/W/Food-Beverage_Food-Menu_Butter-Chiken_W.mp4,Food Beverage,Stockflow_media,2026-06-05 9:00
"Buritos -- Stock footage.
https://stockflow.media/?cat=Food+Beverage&sub=Food+Menu&collection=Buritos
#stockfootage #royaltyfree #foodvideo",Buritos_W_X/Twitter,https://storage.googleapis.com/stockflow-social/Batch01/Montages/W/Food-Beverage_Food-Menu_Buritos_W.mp4,Food Beverage,Stockflow_media,2026-06-05 10:00
"Burgers -- Stock footage.
https://stockflow.media/?cat=Food+Beverage&sub=Food+Menu&collection=Burgers
#stockfootage #royaltyfree #foodvideo",Burgers_W_X/Twitter,https://storage.googleapis.com/stockflow-social/Batch01/Montages/W/Food-Beverage_Food-Menu_Burgers_W.mp4,Food Beverage,Stockflow_media,2026-06-06 8:00
"Biriyani -- Stock footage.
https://stockflow.media/?cat=Food+Beverage&sub=Food+Menu&collection=Biriyani
#stockfootage #royaltyfree #foodvideo",Biriyani_W_X/Twitter,https://storage.googleapis.com/stockflow-social/Batch01/Montages/W/Food-Beverage_Food-Menu_Biriyani_W.mp4,Food Beverage,Stockflow_media,2026-06-06 9:00
"Food Beverage -- Stock footage.
https://stockflow.media/?cat=Food+Beverage&sub=Food+Beverage+Category&collection=Food+Beverage
#stockfootage #royaltyfree #foodvideo",Food Beverage_W_X/Twitter,https://storage.googleapis.com/stockflow-social/Batch01/Montages/W/Food-Beverage_Food-Beverage-Category_W.mp4,Food Beverage,Stockflow_media,2026-06-06 10:00
"Worms Montage -- Stock footage.
https://stockflow.media/?cat=Microscopic&sub=Worms&collection=Worms+Montage
#stockfootage #royaltyfree #microscopy",Worms Montage_S_X/Twitter,https://storage.googleapis.com/stockflow-social/Batch01/Montages/S/Microscopic_Worms_Worms-Montage_S.mp4,Microscopic,Stockflow_media,2026-06-07 8:00
"Turbellarians -- Stock footage.
https://stockflow.media/?cat=Microscopic&sub=Worms&collection=Turbellarians
#stockfootage #royaltyfree #microscopy",Turbellarians_S_X/Twitter,https://storage.googleapis.com/stockflow-social/Batch01/Montages/S/Microscopic_Worms_Turbellarians_S.mp4,Microscopic,Stockflow_media,2026-06-07 9:00
"Protozoa -- Stock footage.
https://stockflow.media/?cat=Microscopic&sub=Worms&collection=Protozoa
#stockfootage #royaltyfree #microscopy",Protozoa_S_X/Twitter,https://storage.googleapis.com/stockflow-social/Batch01/Montages/S/Microscopic_Worms_Protozoa_S.mp4,Microscopic,Stockflow_media,2026-06-07 10:00
"Parasitic Worms -- Stock footage.
https://stockflow.media/?cat=Microscopic&sub=Worms&collection=Parasitic+Worms
#stockfootage #royaltyfree #microscopy",Parasitic Worms_S_X/Twitter,https://storage.googleapis.com/stockflow-social/Batch01/Montages/S/Microscopic_Worms_Parasitic-Worms_S.mp4,Microscopic,Stockflow_media,2026-06-08 8:00
"Parasitic Worm -- Stock footage.
https://stockflow.media/?cat=Microscopic&sub=Worms&collection=Parasitic+Worm
#stockfootage #royaltyfree #microscopy",Parasitic Worm_S_X/Twitter,https://storage.googleapis.com/stockflow-social/Batch01/Montages/S/Microscopic_Worms_Parasitic-Worm_S.mp4,Microscopic,Stockflow_media,2026-06-08 9:00
"Nmeatode -- Stock footage.
https://stockflow.media/?cat=Microscopic&sub=Worms&collection=Nmeatode
#stockfootage #royaltyfree #microscopy",Nmeatode_S_X/Twitter,https://storage.googleapis.com/stockflow-social/Batch01/Montages/S/Microscopic_Worms_Nmeatode_S.mp4,Microscopic,Stockflow_media,2026-06-08 10:00
"Parasitic Micro Worm -- Stock footage.
https://stockflow.media/?cat=Microscopic&sub=Worms&collection=Parasitic+Micro+Worm
#stockfootage #royaltyfree #microscopy",Parasitic Micro Worm_S_X/Twitter,https://storage.googleapis.com/stockflow-social/Batch01/Montages/S/Microscopic_Worms_Parasitic-Micro-Worm_S.mp4,Microscopic,Stockflow_media,2026-06-09 8:00
"Nematode Worms -- Stock footage.
https://stockflow.media/?cat=Microscopic&sub=Worms&collection=Nematode+Worms
#stockfootage #royaltyfree #microscopy",Nematode Worms_S_X/Twitter,https://storage.googleapis.com/stockflow-social/Batch01/Montages/S/Microscopic_Worms_Nematode-Worms_S.mp4,Microscopic,Stockflow_media,2026-06-09 9:00
"Flatworms -- Stock footage.
https://stockflow.media/?cat=Microscopic&sub=Worms&collection=Flatworms
#stockfootage #royaltyfree #microscopy",Flatworms_S_X/Twitter,https://storage.googleapis.com/stockflow-social/Batch01/Montages/S/Microscopic_Worms_Flatworms_S.mp4,Microscopic,Stockflow_media,2026-06-09 10:00
"Nematode Lifecycle -- Stock footage.
https://stockflow.media/?cat=Microscopic&sub=Worms&collection=Nematode+Lifecycle
#stockfootage #royaltyfree #microscopy",Nematode Lifecycle_S_X/Twitter,https://storage.googleapis.com/stockflow-social/Batch01/Montages/S/Microscopic_Worms_Nematode-Lifecycle_S.mp4,Microscopic,Stockflow_media,2026-06-10 8:00
"Crawling On Algae -- Stock footage.
https://stockflow.media/?cat=Microscopic&sub=Worms&collection=Crawling+On+Algae
#stockfootage #royaltyfree #microscopy",Crawling On Algae_S_X/Twitter,https://storage.googleapis.com/stockflow-social/Batch01/Montages/S/Microscopic_Worms_Crawling-On-Algae_S.mp4,Microscopic,Stockflow_media,2026-06-10 9:00
"Compost -- Stock footage.
https://stockflow.media/?cat=Microscopic&sub=Worms&collection=Compost
#stockfootage #royaltyfree #microscopy",Compost_S_X/Twitter,https://storage.googleapis.com/stockflow-social/Batch01/Montages/S/Microscopic_Worms_Compost_S.mp4,Microscopic,Stockflow_media,2026-06-10 10:00
"Caenorhabditis Elegans -- Stock footage.
https://stockflow.media/?cat=Microscopic&sub=Worms&collection=Caenorhabditis+Elegans
#stockfootage #royaltyfree #microscopy",Caenorhabditis Elegans_S_X/Twitter,https://storage.googleapis.com/stockflow-social/Batch01/Montages/S/Microscopic_Worms_Caenorhabditis-Elegans_S.mp4,Microscopic,Stockflow_media,2026-06-11 8:00
"Algae -- Stock footage.
https://stockflow.media/?cat=Microscopic&sub=Worms&collection=Algae
#stockfootage #royaltyfree #microscopy",Algae_S_X/Twitter,https://storage.googleapis.com/stockflow-social/Batch01/Montages/S/Microscopic_Worms_Algae_S.mp4,Microscopic,Stockflow_media,2026-06-11 9:00
"C Elegans -- Stock footage.
https://stockflow.media/?cat=Microscopic&sub=Worms&collection=C+Elegans
#stockfootage #royaltyfree #microscopy",C Elegans_S_X/Twitter,https://storage.googleapis.com/stockflow-social/Batch01/Montages/S/Microscopic_Worms_C-Elegans_S.mp4,Microscopic,Stockflow_media,2026-06-11 10:00
"Waterborne Montage -- Stock footage.
https://stockflow.media/?cat=Microscopic&sub=Waterborne&collection=Waterborne+Montage
#stockfootage #royaltyfree #microscopy",Waterborne Montage_S_X/Twitter,https://storage.googleapis.com/stockflow-social/Batch01/Montages/S/Microscopic_Waterborne_Waterborne-Montage_S.mp4,Microscopic,Stockflow_media,2026-06-12 8:00
"Waterborne -- Stock footage.
https://stockflow.media/?cat=Microscopic&sub=Waterborne&collection=Waterborne
#stockfootage #royaltyfree #microscopy",Waterborne_S_X/Twitter,https://storage.googleapis.com/stockflow-social/Batch01/Montages/S/Microscopic_Waterborne_Waterborne_S.mp4,Microscopic,Stockflow_media,2026-06-12 9:00
"Single Celled -- Stock footage.
https://stockflow.media/?cat=Microscopic&sub=Waterborne&collection=Single+Celled
#stockfootage #royaltyfree #microscopy",Single Celled_S_X/Twitter,https://storage.googleapis.com/stockflow-social/Batch01/Montages/S/Microscopic_Waterborne_Single-Celled_S.mp4,Microscopic,Stockflow_media,2026-06-12 10:00
"Rotifers -- Stock footage.
https://stockflow.media/?cat=Microscopic&sub=Waterborne&collection=Rotifers
#stockfootage #royaltyfree #microscopy",Rotifers_S_X/Twitter,https://storage.googleapis.com/stockflow-social/Batch01/Montages/S/Microscopic_Waterborne_Rotifers_S.mp4,Microscopic,Stockflow_media,2026-06-13 8:00
"Plankton -- Stock footage.
https://stockflow.media/?cat=Microscopic&sub=Waterborne&collection=Plankton
#stockfootage #royaltyfree #microscopy",Plankton_S_X/Twitter,https://storage.googleapis.com/stockflow-social/Batch01/Montages/S/Microscopic_Waterborne_Plankton_S.mp4,Microscopic,Stockflow_media,2026-06-13 9:00
"Organisms -- Stock footage.
https://stockflow.media/?cat=Microscopic&sub=Waterborne&collection=Organisms
#stockfootage #royaltyfree #microscopy",Organisms_S_X/Twitter,https://storage.googleapis.com/stockflow-social/Batch01/Montages/S/Microscopic_Waterborne_Organisms_S.mp4,Microscopic,Stockflow_media,2026-06-13 10:00
"Neural Signals -- Stock footage.
https://stockflow.media/?cat=Microscopic&sub=Waterborne&collection=Neural+Signals
#stockfootage #royaltyfree #microscopy",Neural Signals_S_X/Twitter,https://storage.googleapis.com/stockflow-social/Batch01/Montages/S/Microscopic_Waterborne_Neural-Signals_S.mp4,Microscopic,Stockflow_media,2026-06-14 8:00
"Euglena -- Stock footage.
https://stockflow.media/?cat=Microscopic&sub=Waterborne&collection=Euglena
#stockfootage #royaltyfree #microscopy",Euglena_S_X/Twitter,https://storage.googleapis.com/stockflow-social/Batch01/Montages/S/Microscopic_Waterborne_Euglena_S.mp4,Microscopic,Stockflow_media,2026-06-14 9:00
"Euglena Cell -- Stock footage.
https://stockflow.media/?cat=Microscopic&sub=Waterborne&collection=Euglena+Cell
#stockfootage #royaltyfree #microscopy",Euglena Cell_S_X/Twitter,https://storage.googleapis.com/stockflow-social/Batch01/Montages/S/Microscopic_Waterborne_Euglena-Cell_S.mp4,Microscopic,Stockflow_media,2026-06-14 10:00
"Diatom -- Stock footage.
https://stockflow.media/?cat=Microscopic&sub=Waterborne&collection=Diatom
#stockfootage #royaltyfree #microscopy",Diatom_S_X/Twitter,https://storage.googleapis.com/stockflow-social/Batch01/Montages/S/Microscopic_Waterborne_Diatom_S.mp4,Microscopic,Stockflow_media,2026-06-15 8:00
"Diatom Shell -- Stock footage.
https://stockflow.media/?cat=Microscopic&sub=Waterborne&collection=Diatom+Shell
#stockfootage #royaltyfree #microscopy",Diatom Shell_S_X/Twitter,https://storage.googleapis.com/stockflow-social/Batch01/Montages/S/Microscopic_Waterborne_Diatom-Shell_S.mp4,Microscopic,Stockflow_media,2026-06-15 9:00
"Aquatic -- Stock footage.
https://stockflow.media/?cat=Microscopic&sub=Waterborne&collection=Aquatic
#stockfootage #royaltyfree #microscopy",Aquatic_S_X/Twitter,https://storage.googleapis.com/stockflow-social/Batch01/Montages/S/Microscopic_Waterborne_Aquatic_S.mp4,Microscopic,Stockflow_media,2026-06-15 10:00
"Amoebas -- Stock footage.
https://stockflow.media/?cat=Microscopic&sub=Waterborne&collection=Amoebas
#stockfootage #royaltyfree #microscopy",Amoebas_S_X/Twitter,https://storage.googleapis.com/stockflow-social/Batch01/Montages/S/Microscopic_Waterborne_Amoebas_S.mp4,Microscopic,Stockflow_media,2026-06-16 8:00
"Algae Cells -- Stock footage.
https://stockflow.media/?cat=Microscopic&sub=Waterborne&collection=Algae+Cells
#stockfootage #royaltyfree #microscopy",Algae Cells_S_X/Twitter,https://storage.googleapis.com/stockflow-social/Batch01/Montages/S/Microscopic_Waterborne_Algae-Cells_S.mp4,Microscopic,Stockflow_media,2026-06-16 9:00
"Virus Montage -- Stock footage.
https://stockflow.media/?cat=Microscopic&sub=Virus&collection=Virus+Montage
#stockfootage #royaltyfree #microscopy",Virus Montage_S_X/Twitter,https://storage.googleapis.com/stockflow-social/Batch01/Montages/S/Microscopic_Virus_Virus-Montage_S.mp4,Microscopic,Stockflow_media,2026-06-16 10:00
"Membrane -- Stock footage.
https://stockflow.media/?cat=Microscopic&sub=Virus&collection=Membrane
#stockfootage #royaltyfree #microscopy",Membrane_S_X/Twitter,https://storage.googleapis.com/stockflow-social/Batch01/Montages/S/Microscopic_Virus_Membrane_S.mp4,Microscopic,Stockflow_media,2026-06-17 8:00
"Underwater Montage -- Stock footage.
https://stockflow.media/?cat=Microscopic&sub=Underwater&collection=Underwater+Montage
#stockfootage #royaltyfree #microscopy",Underwater Montage_S_X/Twitter,https://storage.googleapis.com/stockflow-social/Batch01/Montages/S/Microscopic_Underwater_Underwater-Montage_S.mp4,Microscopic,Stockflow_media,2026-06-17 9:00
"Tardigrade -- Stock footage.
https://stockflow.media/?cat=Microscopic&sub=Underwater&collection=Tardigrade
#stockfootage #royaltyfree #microscopy",Tardigrade_S_X/Twitter,https://storage.googleapis.com/stockflow-social/Batch01/Montages/S/Microscopic_Underwater_Tardigrade_S.mp4,Microscopic,Stockflow_media,2026-06-17 10:00
"Single Celled Organisms -- Stock footage.
https://stockflow.media/?cat=Microscopic&sub=Underwater&collection=Single+Celled+Organisms
#stockfootage #royaltyfree #microscopy",Single Celled Organisms_S_X/Twitter,https://storage.googleapis.com/stockflow-social/Batch01/Montages/S/Microscopic_Underwater_Single-Celled-Organisms_S.mp4,Microscopic,Stockflow_media,2026-06-18 8:00
"Seawater Droplet -- Stock footage.
https://stockflow.media/?cat=Microscopic&sub=Underwater&collection=Seawater+Droplet
#stockfootage #royaltyfree #microscopy",Seawater Droplet_S_X/Twitter,https://storage.googleapis.com/stockflow-social/Batch01/Montages/S/Microscopic_Underwater_Seawater-Droplet_S.mp4,Microscopic,Stockflow_media,2026-06-18 9:00
"Protozoa And Algae -- Stock footage.
https://stockflow.media/?cat=Microscopic&sub=Underwater&collection=Protozoa+And+Algae
#stockfootage #royaltyfree #microscopy",Protozoa And Algae_S_X/Twitter,https://storage.googleapis.com/stockflow-social/Batch01/Montages/S/Microscopic_Underwater_Protozoa-And-Algae_S.mp4,Microscopic,Stockflow_media,2026-06-18 10:00
"Marine Plankton -- Stock footage.
https://stockflow.media/?cat=Microscopic&sub=Underwater&collection=Marine+Plankton
#stockfootage #royaltyfree #microscopy",Marine Plankton_S_X/Twitter,https://storage.googleapis.com/stockflow-social/Batch01/Montages/S/Microscopic_Underwater_Marine-Plankton_S.mp4,Microscopic,Stockflow_media,2026-06-19 8:00
"Juvenile Plankton -- Stock footage.
https://stockflow.media/?cat=Microscopic&sub=Underwater&collection=Juvenile+Plankton
#stockfootage #royaltyfree #microscopy",Juvenile Plankton_S_X/Twitter,https://storage.googleapis.com/stockflow-social/Batch01/Montages/S/Microscopic_Underwater_Juvenile-Plankton_S.mp4,Microscopic,Stockflow_media,2026-06-19 9:00
"Euglena And Green Algae -- Stock footage.
https://stockflow.media/?cat=Microscopic&sub=Underwater&collection=Euglena+And+Green+Algae
#stockfootage #royaltyfree #microscopy",Euglena And Green Algae_S_X/Twitter,https://storage.googleapis.com/stockflow-social/Batch01/Montages/S/Microscopic_Underwater_Euglena-And-Green-Algae_S.mp4,Microscopic,Stockflow_media,2026-06-19 10:00
"Coral Reef Plankton -- Stock footage.
https://stockflow.media/?cat=Microscopic&sub=Underwater&collection=Coral+Reef+Plankton
#stockfootage #royaltyfree #microscopy",Coral Reef Plankton_S_X/Twitter,https://storage.googleapis.com/stockflow-social/Batch01/Montages/S/Microscopic_Underwater_Coral-Reef-Plankton_S.mp4,Microscopic,Stockflow_media,2026-06-20 8:00
"Bioluminescent -- Stock footage.
https://stockflow.media/?cat=Microscopic&sub=Underwater&collection=Bioluminescent
#stockfootage #royaltyfree #microscopy",Bioluminescent_S_X/Twitter,https://storage.googleapis.com/stockflow-social/Batch01/Montages/S/Microscopic_Underwater_Bioluminescent_S.mp4,Microscopic,Stockflow_media,2026-06-20 9:00
"Protozoa Montage -- Stock footage.
https://stockflow.media/?cat=Microscopic&sub=Protozoa&collection=Protozoa+Montage
#stockfootage #royaltyfree #microscopy",Protozoa Montage_S_X/Twitter,https://storage.googleapis.com/stockflow-social/Batch01/Montages/S/Microscopic_Protozoa_Protozoa-Montage_S.mp4,Microscopic,Stockflow_media,2026-06-20 10:00
"Sunflower -- Stock footage.
https://stockflow.media/?cat=Microscopic&sub=Pollen&collection=Sunflower
#stockfootage #royaltyfree #microscopy",Sunflower_S_X/Twitter,https://storage.googleapis.com/stockflow-social/Batch01/Montages/S/Microscopic_Pollen_Sunflower_S.mp4,Microscopic,Stockflow_media,2026-06-21 8:00
"Spherical Grass Grain -- Stock footage.
https://stockflow.media/?cat=Microscopic&sub=Pollen&collection=Spherical+Grass+Grain
#stockfootage #royaltyfree #microscopy",Spherical Grass Grain_S_X/Twitter,https://storage.googleapis.com/stockflow-social/Batch01/Montages/S/Microscopic_Pollen_Spherical-Grass-Grain_S.mp4,Microscopic,Stockflow_media,2026-06-21 9:00
"Ragweed -- Stock footage.
https://stockflow.media/?cat=Microscopic&sub=Pollen&collection=Ragweed
#stockfootage #royaltyfree #microscopy",Ragweed_S_X/Twitter,https://storage.googleapis.com/stockflow-social/Batch01/Montages/S/Microscopic_Pollen_Ragweed_S.mp4,Microscopic,Stockflow_media,2026-06-21 10:00
"Pollen Montage -- Stock footage.
https://stockflow.media/?cat=Microscopic&sub=Pollen&collection=Pollen+Montage
#stockfootage #royaltyfree #microscopy",Pollen Montage_S_X/Twitter,https://storage.googleapis.com/stockflow-social/Batch01/Montages/S/Microscopic_Pollen_Pollen-Montage_S.mp4,Microscopic,Stockflow_media,2026-06-22 8:00
"Ragweed Spiky Details -- Stock footage.
https://stockflow.media/?cat=Microscopic&sub=Pollen&collection=Ragweed+Spiky+Details
#stockfootage #royaltyfree #microscopy",Ragweed Spiky Details_S_X/Twitter,https://storage.googleapis.com/stockflow-social/Batch01/Montages/S/Microscopic_Pollen_Ragweed-Spiky-Details_S.mp4,Microscopic,Stockflow_media,2026-06-22 9:00
"Pollen -- Stock footage.
https://stockflow.media/?cat=Microscopic&sub=Pollen&collection=Pollen
#stockfootage #royaltyfree #microscopy",Pollen_S_X/Twitter,https://storage.googleapis.com/stockflow-social/Batch01/Montages/S/Microscopic_Pollen_Pollen_S.mp4,Microscopic,Stockflow_media,2026-06-22 10:00
"Pine Winged Form -- Stock footage.
https://stockflow.media/?cat=Microscopic&sub=Pollen&collection=Pine+Winged+Form
#stockfootage #royaltyfree #microscopy",Pine Winged Form_S_X/Twitter,https://storage.googleapis.com/stockflow-social/Batch01/Montages/S/Microscopic_Pollen_Pine-Winged-Form_S.mp4,Microscopic,Stockflow_media,2026-06-23 8:00
"Pine Winged -- Stock footage.
https://stockflow.media/?cat=Microscopic&sub=Pollen&collection=Pine+Winged
#stockfootage #royaltyfree #microscopy",Pine Winged_S_X/Twitter,https://storage.googleapis.com/stockflow-social/Batch01/Montages/S/Microscopic_Pollen_Pine-Winged_S.mp4,Microscopic,Stockflow_media,2026-06-23 9:00
"Peanut Hex Surface -- Stock footage.
https://stockflow.media/?cat=Microscopic&sub=Pollen&collection=Peanut+Hex+Surface
#stockfootage #royaltyfree #microscopy",Peanut Hex Surface_S_X/Twitter,https://storage.googleapis.com/stockflow-social/Batch01/Montages/S/Microscopic_Pollen_Peanut-Hex-Surface_S.mp4,Microscopic,Stockflow_media,2026-06-23 10:00
"Orchid Pollinium Smooth Shine -- Stock footage.
https://stockflow.media/?cat=Microscopic&sub=Pollen&collection=Orchid+Pollinium+Smooth+Shine
#stockfootage #royaltyfree #microscopy",Orchid Pollinium Smooth Shine_S_X/Twitter,https://storage.googleapis.com/stockflow-social/Batch01/Montages/S/Microscopic_Pollen_Orchid-Pollinium-Smooth-Shine_S.mp4,Microscopic,Stockflow_media,2026-06-24 8:00
"Orchid Pollinium -- Stock footage.
https://stockflow.media/?cat=Microscopic&sub=Pollen&collection=Orchid+Pollinium
#stockfootage #royaltyfree #microscopy",Orchid Pollinium_S_X/Twitter,https://storage.googleapis.com/stockflow-social/Batch01/Montages/S/Microscopic_Pollen_Orchid-Pollinium_S.mp4,Microscopic,Stockflow_media,2026-06-24 9:00
"Lotus Starburst -- Stock footage.
https://stockflow.media/?cat=Microscopic&sub=Pollen&collection=Lotus+Starburst
#stockfootage #royaltyfree #microscopy",Lotus Starburst_S_X/Twitter,https://storage.googleapis.com/stockflow-social/Batch01/Montages/S/Microscopic_Pollen_Lotus-Starburst_S.mp4,Microscopic,Stockflow_media,2026-06-24 10:00
"Lotus Fluorescent Starburst -- Stock footage.
https://stockflow.media/?cat=Microscopic&sub=Pollen&collection=Lotus+Fluorescent+Starburst
#stockfootage #royaltyfree #microscopy",Lotus Fluorescent Starburst_S_X/Twitter,https://storage.googleapis.com/stockflow-social/Batch01/Montages/S/Microscopic_Pollen_Lotus-Fluorescent-Starburst_S.mp4,Microscopic,Stockflow_media,2026-06-25 8:00
"Lavender Dreamy Coating -- Stock footage.
https://stockflow.media/?cat=Microscopic&sub=Pollen&collection=Lavender+Dreamy+Coating
#stockfootage #royaltyfree #microscopy",Lavender Dreamy Coating_S_X/Twitter,https://storage.googleapis.com/stockflow-social/Batch01/Montages/S/Microscopic_Pollen_Lavender-Dreamy-Coating_S.mp4,Microscopic,Stockflow_media,2026-06-25 9:00
"Lavender -- Stock footage.
https://stockflow.media/?cat=Microscopic&sub=Pollen&collection=Lavender
#stockfootage #royaltyfree #microscopy",Lavender_S_X/Twitter,https://storage.googleapis.com/stockflow-social/Batch01/Montages/S/Microscopic_Pollen_Lavender_S.mp4,Microscopic,Stockflow_media,2026-06-25 10:00
"Grass Mesh Structure -- Stock footage.
https://stockflow.media/?cat=Microscopic&sub=Pollen&collection=Grass+Mesh+Structure
#stockfootage #royaltyfree #microscopy",Grass Mesh Structure_S_X/Twitter,https://storage.googleapis.com/stockflow-social/Batch01/Montages/S/Microscopic_Pollen_Grass-Mesh-Structure_S.mp4,Microscopic,Stockflow_media,2026-06-26 8:00
"Dandelion -- Stock footage.
https://stockflow.media/?cat=Microscopic&sub=Pollen&collection=Dandelion
#stockfootage #royaltyfree #microscopy",Dandelion_S_X/Twitter,https://storage.googleapis.com/stockflow-social/Batch01/Montages/S/Microscopic_Pollen_Dandelion_S.mp4,Microscopic,Stockflow_media,2026-06-26 9:00
"Worm -- Stock footage.
https://stockflow.media/?cat=Microscopic&sub=Parasite&collection=Worm
#stockfootage #royaltyfree #microscopy",Worm_S_X/Twitter,https://storage.googleapis.com/stockflow-social/Batch01/Montages/S/Microscopic_Parasite_Worm_S.mp4,Microscopic,Stockflow_media,2026-06-26 10:00
"Trypanosoma -- Stock footage.
https://stockflow.media/?cat=Microscopic&sub=Parasite&collection=Trypanosoma
#stockfootage #royaltyfree #microscopy",Trypanosoma_S_X/Twitter,https://storage.googleapis.com/stockflow-social/Batch01/Montages/S/Microscopic_Parasite_Trypanosoma_S.mp4,Microscopic,Stockflow_media,2026-06-27 8:00
"Toxoplasma Gondii -- Stock footage.
https://stockflow.media/?cat=Microscopic&sub=Parasite&collection=Toxoplasma+Gondii
#stockfootage #royaltyfree #microscopy",Toxoplasma Gondii_S_X/Twitter,https://storage.googleapis.com/stockflow-social/Batch01/Montages/S/Microscopic_Parasite_Toxoplasma-Gondii_S.mp4,Microscopic,Stockflow_media,2026-06-27 9:00
"Plasmodium -- Stock footage.
https://stockflow.media/?cat=Microscopic&sub=Parasite&collection=Plasmodium
#stockfootage #royaltyfree #microscopy",Plasmodium_S_X/Twitter,https://storage.googleapis.com/stockflow-social/Batch01/Montages/S/Microscopic_Parasite_Plasmodium_S.mp4,Microscopic,Stockflow_media,2026-06-27 10:00
"Parasite Montage -- Stock footage.
https://stockflow.media/?cat=Microscopic&sub=Parasite&collection=Parasite+Montage
#stockfootage #royaltyfree #microscopy",Parasite Montage_S_X/Twitter,https://storage.googleapis.com/stockflow-social/Batch01/Montages/S/Microscopic_Parasite_Parasite-Montage_S.mp4,Microscopic,Stockflow_media,2026-06-28 8:00
"Parasite -- Stock footage.
https://stockflow.media/?cat=Microscopic&sub=Parasite&collection=Parasite
#stockfootage #royaltyfree #microscopy",Parasite_S_X/Twitter,https://storage.googleapis.com/stockflow-social/Batch01/Montages/S/Microscopic_Parasite_Parasite_S.mp4,Microscopic,Stockflow_media,2026-06-28 9:00
"Leishmania -- Stock footage.
https://stockflow.media/?cat=Microscopic&sub=Parasite&collection=Leishmania
#stockfootage #royaltyfree #microscopy",Leishmania_S_X/Twitter,https://storage.googleapis.com/stockflow-social/Batch01/Montages/S/Microscopic_Parasite_Leishmania_S.mp4,Microscopic,Stockflow_media,2026-06-28 10:00
"Giardia Lamblia -- Stock footage.
https://stockflow.media/?cat=Microscopic&sub=Parasite&collection=Giardia+Lamblia
#stockfootage #royaltyfree #microscopy",Giardia Lamblia_S_X/Twitter,https://storage.googleapis.com/stockflow-social/Batch01/Montages/S/Microscopic_Parasite_Giardia-Lamblia_S.mp4,Microscopic,Stockflow_media,2026-06-29 8:00
"Flatworm Larvae -- Stock footage.
https://stockflow.media/?cat=Microscopic&sub=Parasite&collection=Flatworm+Larvae
#stockfootage #royaltyfree #microscopy",Flatworm Larvae_S_X/Twitter,https://storage.googleapis.com/stockflow-social/Batch01/Montages/S/Microscopic_Parasite_Flatworm-Larvae_S.mp4,Microscopic,Stockflow_media,2026-06-29 9:00
"Cryptosporidium -- Stock footage.
https://stockflow.media/?cat=Microscopic&sub=Parasite&collection=Cryptosporidium
#stockfootage #royaltyfree #microscopy",Cryptosporidium_S_X/Twitter,https://storage.googleapis.com/stockflow-social/Batch01/Montages/S/Microscopic_Parasite_Cryptosporidium_S.mp4,Microscopic,Stockflow_media,2026-06-29 10:00
"Close Up -- Stock footage.
https://stockflow.media/?cat=Microscopic&sub=Parasite&collection=Close+Up
#stockfootage #royaltyfree #microscopy",Close Up_S_X/Twitter,https://storage.googleapis.com/stockflow-social/Batch01/Montages/S/Microscopic_Parasite_Close-Up_S.mp4,Microscopic,Stockflow_media,2026-06-30 8:00
"Organism Montage -- Stock footage.
https://stockflow.media/?cat=Microscopic&sub=Organism&collection=Organism+Montage
#stockfootage #royaltyfree #microscopy",Organism Montage_S_X/Twitter,https://storage.googleapis.com/stockflow-social/Batch01/Montages/S/Microscopic_Organism_Organism-Montage_S.mp4,Microscopic,Stockflow_media,2026-06-30 9:00
"Alien Like -- Stock footage.
https://stockflow.media/?cat=Microscopic&sub=Organism&collection=Alien+Like
#stockfootage #royaltyfree #microscopy",Alien Like_S_X/Twitter,https://storage.googleapis.com/stockflow-social/Batch01/Montages/S/Microscopic_Organism_Alien-Like_S.mp4,Microscopic,Stockflow_media,2026-06-30 10:00
"Spherical Nucleus -- Stock footage.
https://stockflow.media/?cat=Microscopic&sub=Nucleus&collection=Spherical+Nucleus
#stockfootage #royaltyfree #microscopy",Spherical Nucleus_S_X/Twitter,https://storage.googleapis.com/stockflow-social/Batch01/Montages/S/Microscopic_Nucleus_Spherical-Nucleus_S.mp4,Microscopic,Stockflow_media,2026-07-01 8:00
"Nucleus Montage -- Stock footage.
https://stockflow.media/?cat=Microscopic&sub=Nucleus&collection=Nucleus+Montage
#stockfootage #royaltyfree #microscopy",Nucleus Montage_S_X/Twitter,https://storage.googleapis.com/stockflow-social/Batch01/Montages/S/Microscopic_Nucleus_Nucleus-Montage_S.mp4,Microscopic,Stockflow_media,2026-07-01 9:00
"Micro -- Stock footage.
https://stockflow.media/?cat=Microscopic&sub=Nucleus&collection=Micro
#stockfootage #royaltyfree #microscopy",Micro_S_X/Twitter,https://storage.googleapis.com/stockflow-social/Batch01/Montages/S/Microscopic_Nucleus_Micro_S.mp4,Microscopic,Stockflow_media,2026-07-01 10:00
"Spinalcord -- Stock footage.
https://stockflow.media/?cat=Microscopic&sub=Neuropathology&collection=Spinalcord
#stockfootage #royaltyfree #microscopy",Spinalcord_S_X/Twitter,https://storage.googleapis.com/stockflow-social/Batch01/Montages/S/Microscopic_Neuropathology_Spinalcord_S.mp4,Microscopic,Stockflow_media,2026-07-02 8:00
"Spinal Cord -- Stock footage.
https://stockflow.media/?cat=Microscopic&sub=Neuropathology&collection=Spinal+Cord
#stockfootage #royaltyfree #microscopy",Spinal Cord_S_X/Twitter,https://storage.googleapis.com/stockflow-social/Batch01/Montages/S/Microscopic_Neuropathology_Spinal-Cord_S.mp4,Microscopic,Stockflow_media,2026-07-02 9:00
"Neuropathology Montage -- Stock footage.
https://stockflow.media/?cat=Microscopic&sub=Neuropathology&collection=Neuropathology+Montage
#stockfootage #royaltyfree #microscopy",Neuropathology Montage_S_X/Twitter,https://storage.googleapis.com/stockflow-social/Batch01/Montages/S/Microscopic_Neuropathology_Neuropathology-Montage_S.mp4,Microscopic,Stockflow_media,2026-07-02 10:00
"Parkinson -- Stock footage.
https://stockflow.media/?cat=Microscopic&sub=Neuropathology&collection=Parkinson
#stockfootage #royaltyfree #microscopy",Parkinson_S_X/Twitter,https://storage.googleapis.com/stockflow-social/Batch01/Montages/S/Microscopic_Neuropathology_Parkinson_S.mp4,Microscopic,Stockflow_media,2026-07-03 8:00
"Neuroblastoma -- Stock footage.
https://stockflow.media/?cat=Microscopic&sub=Neuropathology&collection=Neuroblastoma
#stockfootage #royaltyfree #microscopy",Neuroblastoma_S_X/Twitter,https://storage.googleapis.com/stockflow-social/Batch01/Montages/S/Microscopic_Neuropathology_Neuroblastoma_S.mp4,Microscopic,Stockflow_media,2026-07-03 9:00
"Multiple Sclerosis -- Stock footage.
https://stockflow.media/?cat=Microscopic&sub=Neuropathology&collection=Multiple+Sclerosis
#stockfootage #royaltyfree #microscopy",Multiple Sclerosis_S_X/Twitter,https://storage.googleapis.com/stockflow-social/Batch01/Montages/S/Microscopic_Neuropathology_Multiple-Sclerosis_S.mp4,Microscopic,Stockflow_media,2026-07-03 10:00
"Multiplesclerosis -- Stock footage.
https://stockflow.media/?cat=Microscopic&sub=Neuropathology&collection=Multiplesclerosis
#stockfootage #royaltyfree #microscopy",Multiplesclerosis_S_X/Twitter,https://storage.googleapis.com/stockflow-social/Batch01/Montages/S/Microscopic_Neuropathology_Multiplesclerosis_S.mp4,Microscopic,Stockflow_media,2026-07-04 8:00
"Alzheimer -- Stock footage.
https://stockflow.media/?cat=Microscopic&sub=Neuropathology&collection=Alzheimer
#stockfootage #royaltyfree #microscopy",Alzheimer_S_X/Twitter,https://storage.googleapis.com/stockflow-social/Batch01/Montages/S/Microscopic_Neuropathology_Alzheimer_S.mp4,Microscopic,Stockflow_media,2026-07-04 9:00
"Micro Montage -- Stock footage.
https://stockflow.media/?cat=Microscopic&sub=Micro&collection=Micro+Montage
#stockfootage #royaltyfree #microscopy",Micro Montage_S_X/Twitter,https://storage.googleapis.com/stockflow-social/Batch01/Montages/S/Microscopic_Micro_Micro-Montage_S.mp4,Microscopic,Stockflow_media,2026-07-04 10:00
"Tuberculosis -- Stock footage.
https://stockflow.media/?cat=Microscopic&sub=Infectious&collection=Tuberculosis
#stockfootage #royaltyfree #microscopy",Tuberculosis_S_X/Twitter,https://storage.googleapis.com/stockflow-social/Batch01/Montages/S/Microscopic_Infectious_Tuberculosis_S.mp4,Microscopic,Stockflow_media,2026-07-05 8:00
"Toxoplasma -- Stock footage.
https://stockflow.media/?cat=Microscopic&sub=Infectious&collection=Toxoplasma
#stockfootage #royaltyfree #microscopy",Toxoplasma_S_X/Twitter,https://storage.googleapis.com/stockflow-social/Batch01/Montages/S/Microscopic_Infectious_Toxoplasma_S.mp4,Microscopic,Stockflow_media,2026-07-05 9:00
"Schistosoma -- Stock footage.
https://stockflow.media/?cat=Microscopic&sub=Infectious&collection=Schistosoma
#stockfootage #royaltyfree #microscopy",Schistosoma_S_X/Twitter,https://storage.googleapis.com/stockflow-social/Batch01/Montages/S/Microscopic_Infectious_Schistosoma_S.mp4,Microscopic,Stockflow_media,2026-07-05 10:00
"Infectious Montage -- Stock footage.
https://stockflow.media/?cat=Microscopic&sub=Infectious&collection=Infectious+Montage
#stockfootage #royaltyfree #microscopy",Infectious Montage_S_X/Twitter,https://storage.googleapis.com/stockflow-social/Batch01/Montages/S/Microscopic_Infectious_Infectious-Montage_S.mp4,Microscopic,Stockflow_media,2026-07-06 8:00
"Hepatitis -- Stock footage.
https://stockflow.media/?cat=Microscopic&sub=Infectious&collection=Hepatitis
#stockfootage #royaltyfree #microscopy",Hepatitis_S_X/Twitter,https://storage.googleapis.com/stockflow-social/Batch01/Montages/S/Microscopic_Infectious_Hepatitis_S.mp4,Microscopic,Stockflow_media,2026-07-06 9:00
"Fungal -- Stock footage.
https://stockflow.media/?cat=Microscopic&sub=Infectious&collection=Fungal
#stockfootage #royaltyfree #microscopy",Fungal_S_X/Twitter,https://storage.googleapis.com/stockflow-social/Batch01/Montages/S/Microscopic_Infectious_Fungal_S.mp4,Microscopic,Stockflow_media,2026-07-06 10:00
"Hyphae Montage -- Stock footage.
https://stockflow.media/?cat=Microscopic&sub=Hyphae&collection=Hyphae+Montage
#stockfootage #royaltyfree #microscopy",Hyphae Montage_S_X/Twitter,https://storage.googleapis.com/stockflow-social/Batch01/Montages/S/Microscopic_Hyphae_Hyphae-Montage_S.mp4,Microscopic,Stockflow_media,2026-07-07 8:00
"Hyphae -- Stock footage.
https://stockflow.media/?cat=Microscopic&sub=Hyphae&collection=Hyphae
#stockfootage #royaltyfree #microscopy",Hyphae_S_X/Twitter,https://storage.googleapis.com/stockflow-social/Batch01/Montages/S/Microscopic_Hyphae_Hyphae_S.mp4,Microscopic,Stockflow_media,2026-07-07 9:00
"Psoriatic -- Stock footage.
https://stockflow.media/?cat=Microscopic&sub=Histopathology&collection=Psoriatic
#stockfootage #royaltyfree #microscopy",Psoriatic_S_X/Twitter,https://storage.googleapis.com/stockflow-social/Batch01/Montages/S/Microscopic_Histopathology_Psoriatic_S.mp4,Microscopic,Stockflow_media,2026-07-07 10:00
"Prostate -- Stock footage.
https://stockflow.media/?cat=Microscopic&sub=Histopathology&collection=Prostate
#stockfootage #royaltyfree #microscopy",Prostate_S_X/Twitter,https://storage.googleapis.com/stockflow-social/Batch01/Montages/S/Microscopic_Histopathology_Prostate_S.mp4,Microscopic,Stockflow_media,2026-07-08 8:00
"Lung Tissue -- Stock footage.
https://stockflow.media/?cat=Microscopic&sub=Histopathology&collection=Lung+Tissue
#stockfootage #royaltyfree #microscopy",Lung Tissue_S_X/Twitter,https://storage.googleapis.com/stockflow-social/Batch01/Montages/S/Microscopic_Histopathology_Lung-Tissue_S.mp4,Microscopic,Stockflow_media,2026-07-08 9:00
"Liver Cirrhosis -- Stock footage.
https://stockflow.media/?cat=Microscopic&sub=Histopathology&collection=Liver+Cirrhosis
#stockfootage #royaltyfree #microscopy",Liver Cirrhosis_S_X/Twitter,https://storage.googleapis.com/stockflow-social/Batch01/Montages/S/Microscopic_Histopathology_Liver-Cirrhosis_S.mp4,Microscopic,Stockflow_media,2026-07-08 10:00
"Kidney -- Stock footage.
https://stockflow.media/?cat=Microscopic&sub=Histopathology&collection=Kidney
#stockfootage #royaltyfree #microscopy",Kidney_S_X/Twitter,https://storage.googleapis.com/stockflow-social/Batch01/Montages/S/Microscopic_Histopathology_Kidney_S.mp4,Microscopic,Stockflow_media,2026-07-09 8:00
"Histopathology Montage -- Stock footage.
https://stockflow.media/?cat=Microscopic&sub=Histopathology&collection=Histopathology+Montage
#stockfootage #royaltyfree #microscopy",Histopathology Montage_S_X/Twitter,https://storage.googleapis.com/stockflow-social/Batch01/Montages/S/Microscopic_Histopathology_Histopathology-Montage_S.mp4,Microscopic,Stockflow_media,2026-07-09 9:00
"Glioblastoma -- Stock footage.
https://stockflow.media/?cat=Microscopic&sub=Histopathology&collection=Glioblastoma
#stockfootage #royaltyfree #microscopy",Glioblastoma_S_X/Twitter,https://storage.googleapis.com/stockflow-social/Batch01/Montages/S/Microscopic_Histopathology_Glioblastoma_S.mp4,Microscopic,Stockflow_media,2026-07-09 10:00
"Colon Polyp -- Stock footage.
https://stockflow.media/?cat=Microscopic&sub=Histopathology&collection=Colon+Polyp
#stockfootage #royaltyfree #microscopy",Colon Polyp_S_X/Twitter,https://storage.googleapis.com/stockflow-social/Batch01/Montages/S/Microscopic_Histopathology_Colon-Polyp_S.mp4,Microscopic,Stockflow_media,2026-07-10 8:00
"Cervical Cells -- Stock footage.
https://stockflow.media/?cat=Microscopic&sub=Histopathology&collection=Cervical+Cells
#stockfootage #royaltyfree #microscopy",Cervical Cells_S_X/Twitter,https://storage.googleapis.com/stockflow-social/Batch01/Montages/S/Microscopic_Histopathology_Cervical-Cells_S.mp4,Microscopic,Stockflow_media,2026-07-10 9:00
"Breast Cancer -- Stock footage.
https://stockflow.media/?cat=Microscopic&sub=Histopathology&collection=Breast+Cancer
#stockfootage #royaltyfree #microscopy",Breast Cancer_S_X/Twitter,https://storage.googleapis.com/stockflow-social/Batch01/Montages/S/Microscopic_Histopathology_Breast-Cancer_S.mp4,Microscopic,Stockflow_media,2026-07-10 10:00
"Sickle Cell -- Stock footage.
https://stockflow.media/?cat=Microscopic&sub=Hematology&collection=Sickle+Cell
#stockfootage #royaltyfree #microscopy",Sickle Cell_S_X/Twitter,https://storage.googleapis.com/stockflow-social/Batch01/Montages/S/Microscopic_Hematology_Sickle-Cell_S.mp4,Microscopic,Stockflow_media,2026-07-11 8:00
"Hematology Montage -- Stock footage.
https://stockflow.media/?cat=Microscopic&sub=Hematology&collection=Hematology+Montage
#stockfootage #royaltyfree #microscopy",Hematology Montage_S_X/Twitter,https://storage.googleapis.com/stockflow-social/Batch01/Montages/S/Microscopic_Hematology_Hematology-Montage_S.mp4,Microscopic,Stockflow_media,2026-07-11 9:00
"Zygomycete -- Stock footage.
https://stockflow.media/?cat=Microscopic&sub=Fungi&collection=Zygomycete
#stockfootage #royaltyfree #microscopy",Zygomycete_S_X/Twitter,https://storage.googleapis.com/stockflow-social/Batch01/Montages/S/Microscopic_Fungi_Zygomycete_S.mp4,Microscopic,Stockflow_media,2026-07-11 10:00
"Hematology -- Stock footage.
https://stockflow.media/?cat=Microscopic&sub=Hematology&collection=Hematology
#stockfootage #royaltyfree #microscopy",Hematology_S_X/Twitter,https://storage.googleapis.com/stockflow-social/Batch01/Montages/S/Microscopic_Hematology_Hematology_S.mp4,Microscopic,Stockflow_media,2026-07-12 8:00
"Yeast Cells -- Stock footage.
https://stockflow.media/?cat=Microscopic&sub=Fungi&collection=Yeast+Cells
#stockfootage #royaltyfree #microscopy",Yeast Cells_S_X/Twitter,https://storage.googleapis.com/stockflow-social/Batch01/Montages/S/Microscopic_Fungi_Yeast-Cells_S.mp4,Microscopic,Stockflow_media,2026-07-12 9:00
"Sporangia -- Stock footage.
https://stockflow.media/?cat=Microscopic&sub=Fungi&collection=Sporangia
#stockfootage #royaltyfree #microscopy",Sporangia_S_X/Twitter,https://storage.googleapis.com/stockflow-social/Batch01/Montages/S/Microscopic_Fungi_Sporangia_S.mp4,Microscopic,Stockflow_media,2026-07-12 10:00
"Pathogenic -- Stock footage.
https://stockflow.media/?cat=Microscopic&sub=Fungi&collection=Pathogenic
#stockfootage #royaltyfree #microscopy",Pathogenic_S_X/Twitter,https://storage.googleapis.com/stockflow-social/Batch01/Montages/S/Microscopic_Fungi_Pathogenic_S.mp4,Microscopic,Stockflow_media,2026-07-13 8:00
"Mycelium -- Stock footage.
https://stockflow.media/?cat=Microscopic&sub=Fungi&collection=Mycelium
#stockfootage #royaltyfree #microscopy",Mycelium_S_X/Twitter,https://storage.googleapis.com/stockflow-social/Batch01/Montages/S/Microscopic_Fungi_Mycelium_S.mp4,Microscopic,Stockflow_media,2026-07-13 9:00
"Lichen -- Stock footage.
https://stockflow.media/?cat=Microscopic&sub=Fungi&collection=Lichen
#stockfootage #royaltyfree #microscopy",Lichen_S_X/Twitter,https://storage.googleapis.com/stockflow-social/Batch01/Montages/S/Microscopic_Fungi_Lichen_S.mp4,Microscopic,Stockflow_media,2026-07-13 10:00
"Fungi Montage -- Stock footage.
https://stockflow.media/?cat=Microscopic&sub=Fungi&collection=Fungi+Montage
#stockfootage #royaltyfree #microscopy",Fungi Montage_S_X/Twitter,https://storage.googleapis.com/stockflow-social/Batch01/Montages/S/Microscopic_Fungi_Fungi-Montage_S.mp4,Microscopic,Stockflow_media,2026-07-14 8:00
"Fungi -- Stock footage.
https://stockflow.media/?cat=Microscopic&sub=Fungi&collection=Fungi
#stockfootage #royaltyfree #microscopy",Fungi_S_X/Twitter,https://storage.googleapis.com/stockflow-social/Batch01/Montages/S/Microscopic_Fungi_Fungi_S.mp4,Microscopic,Stockflow_media,2026-07-14 9:00
"Decay -- Stock footage.
https://stockflow.media/?cat=Microscopic&sub=Fungi&collection=Decay
#stockfootage #royaltyfree #microscopy",Decay_S_X/Twitter,https://storage.googleapis.com/stockflow-social/Batch01/Montages/S/Microscopic_Fungi_Decay_S.mp4,Microscopic,Stockflow_media,2026-07-14 10:00
"Basidiospores -- Stock footage.
https://stockflow.media/?cat=Microscopic&sub=Fungi&collection=Basidiospores
#stockfootage #royaltyfree #microscopy",Basidiospores_S_X/Twitter,https://storage.googleapis.com/stockflow-social/Batch01/Montages/S/Microscopic_Fungi_Basidiospores_S.mp4,Microscopic,Stockflow_media,2026-07-15 8:00
"Algal Cells -- Stock footage.
https://stockflow.media/?cat=Microscopic&sub=Fungi&collection=Algal+Cells
#stockfootage #royaltyfree #microscopy",Algal Cells_S_X/Twitter,https://storage.googleapis.com/stockflow-social/Batch01/Montages/S/Microscopic_Fungi_Algal-Cells_S.mp4,Microscopic,Stockflow_media,2026-07-15 9:00
"Yeast And Mold -- Stock footage.
https://stockflow.media/?cat=Microscopic&sub=Food+Fungi&collection=Yeast+And+Mold
#stockfootage #royaltyfree #microscopy",Yeast And Mold_S_X/Twitter,https://storage.googleapis.com/stockflow-social/Batch01/Montages/S/Microscopic_Food-Fungi_Yeast-And-Mold_S.mp4,Microscopic,Stockflow_media,2026-07-15 10:00
"Rhizopus -- Stock footage.
https://stockflow.media/?cat=Microscopic&sub=Food+Fungi&collection=Rhizopus
#stockfootage #royaltyfree #microscopy",Rhizopus_S_X/Twitter,https://storage.googleapis.com/stockflow-social/Batch01/Montages/S/Microscopic_Food-Fungi_Rhizopus_S.mp4,Microscopic,Stockflow_media,2026-07-16 8:00
"Rhizopus Sporangia -- Stock footage.
https://stockflow.media/?cat=Microscopic&sub=Food+Fungi&collection=Rhizopus+Sporangia
#stockfootage #royaltyfree #microscopy",Rhizopus Sporangia_S_X/Twitter,https://storage.googleapis.com/stockflow-social/Batch01/Montages/S/Microscopic_Food-Fungi_Rhizopus-Sporangia_S.mp4,Microscopic,Stockflow_media,2026-07-16 9:00
"Penicillium -- Stock footage.
https://stockflow.media/?cat=Microscopic&sub=Food+Fungi&collection=Penicillium
#stockfootage #royaltyfree #microscopy",Penicillium_S_X/Twitter,https://storage.googleapis.com/stockflow-social/Batch01/Montages/S/Microscopic_Food-Fungi_Penicillium_S.mp4,Microscopic,Stockflow_media,2026-07-16 10:00
"Penicillium Mold -- Stock footage.
https://stockflow.media/?cat=Microscopic&sub=Food+Fungi&collection=Penicillium+Mold
#stockfootage #royaltyfree #microscopy",Penicillium Mold_S_X/Twitter,https://storage.googleapis.com/stockflow-social/Batch01/Montages/S/Microscopic_Food-Fungi_Penicillium-Mold_S.mp4,Microscopic,Stockflow_media,2026-07-17 8:00
"Mold Growth -- Stock footage.
https://stockflow.media/?cat=Microscopic&sub=Food+Fungi&collection=Mold+Growth
#stockfootage #royaltyfree #microscopy",Mold Growth_S_X/Twitter,https://storage.googleapis.com/stockflow-social/Batch01/Montages/S/Microscopic_Food-Fungi_Mold-Growth_S.mp4,Microscopic,Stockflow_media,2026-07-17 9:00
"Fungal Penetration -- Stock footage.
https://stockflow.media/?cat=Microscopic&sub=Food+Fungi&collection=Fungal+Penetration
#stockfootage #royaltyfree #microscopy",Fungal Penetration_S_X/Twitter,https://storage.googleapis.com/stockflow-social/Batch01/Montages/S/Microscopic_Food-Fungi_Fungal-Penetration_S.mp4,Microscopic,Stockflow_media,2026-07-17 10:00
"Fungal Ecosystem -- Stock footage.
https://stockflow.media/?cat=Microscopic&sub=Food+Fungi&collection=Fungal+Ecosystem
#stockfootage #royaltyfree #microscopy",Fungal Ecosystem_S_X/Twitter,https://storage.googleapis.com/stockflow-social/Batch01/Montages/S/Microscopic_Food-Fungi_Fungal-Ecosystem_S.mp4,Microscopic,Stockflow_media,2026-07-18 8:00
"Food Fungi Montage -- Stock footage.
https://stockflow.media/?cat=Microscopic&sub=Food+Fungi&collection=Food+Fungi+Montage
#stockfootage #royaltyfree #microscopy",Food Fungi Montage_S_X/Twitter,https://storage.googleapis.com/stockflow-social/Batch01/Montages/S/Microscopic_Food-Fungi_Food-Fungi-Montage_S.mp4,Microscopic,Stockflow_media,2026-07-18 9:00
"Food Fungi -- Stock footage.
https://stockflow.media/?cat=Microscopic&sub=Food+Fungi&collection=Food+Fungi
#stockfootage #royaltyfree #microscopy",Food Fungi_S_X/Twitter,https://storage.googleapis.com/stockflow-social/Batch01/Montages/S/Microscopic_Food-Fungi_Food-Fungi_S.mp4,Microscopic,Stockflow_media,2026-07-18 10:00
"Extreme Close -- Stock footage.
https://stockflow.media/?cat=Microscopic&sub=Food+Fungi&collection=Extreme+Close
#stockfootage #royaltyfree #microscopy",Extreme Close_S_X/Twitter,https://storage.googleapis.com/stockflow-social/Batch01/Montages/S/Microscopic_Food-Fungi_Extreme-Close_S.mp4,Microscopic,Stockflow_media,2026-07-19 8:00
"Cross Sectional -- Stock footage.
https://stockflow.media/?cat=Microscopic&sub=Food+Fungi&collection=Cross+Sectional
#stockfootage #royaltyfree #microscopy",Cross Sectional_S_X/Twitter,https://storage.googleapis.com/stockflow-social/Batch01/Montages/S/Microscopic_Food-Fungi_Cross-Sectional_S.mp4,Microscopic,Stockflow_media,2026-07-19 9:00
"Colonizing -- Stock footage.
https://stockflow.media/?cat=Microscopic&sub=Food+Fungi&collection=Colonizing
#stockfootage #royaltyfree #microscopy",Colonizing_S_X/Twitter,https://storage.googleapis.com/stockflow-social/Batch01/Montages/S/Microscopic_Food-Fungi_Colonizing_S.mp4,Microscopic,Stockflow_media,2026-07-19 10:00
"Aspergillus -- Stock footage.
https://stockflow.media/?cat=Microscopic&sub=Food+Fungi&collection=Aspergillus
#stockfootage #royaltyfree #microscopy",Aspergillus_S_X/Twitter,https://storage.googleapis.com/stockflow-social/Batch01/Montages/S/Microscopic_Food-Fungi_Aspergillus_S.mp4,Microscopic,Stockflow_media,2026-07-20 8:00
"Aspergillus Fungi -- Stock footage.
https://stockflow.media/?cat=Microscopic&sub=Food+Fungi&collection=Aspergillus+Fungi
#stockfootage #royaltyfree #microscopy",Aspergillus Fungi_S_X/Twitter,https://storage.googleapis.com/stockflow-social/Batch01/Montages/S/Microscopic_Food-Fungi_Aspergillus-Fungi_S.mp4,Microscopic,Stockflow_media,2026-07-20 9:00
"Helix -- Stock footage.
https://stockflow.media/?cat=Microscopic&sub=Dna&collection=Helix
#stockfootage #royaltyfree #microscopy",Helix_S_X/Twitter,https://storage.googleapis.com/stockflow-social/Batch01/Montages/S/Microscopic_Dna_Helix_S.mp4,Microscopic,Stockflow_media,2026-07-20 10:00
"Vitiligo -- Stock footage.
https://stockflow.media/?cat=Microscopic&sub=Dermatopathology&collection=Vitiligo
#stockfootage #royaltyfree #microscopy",Vitiligo_S_X/Twitter,https://storage.googleapis.com/stockflow-social/Batch01/Montages/S/Microscopic_Dermatopathology_Vitiligo_S.mp4,Microscopic,Stockflow_media,2026-07-21 8:00
"Dna Montage -- Stock footage.
https://stockflow.media/?cat=Microscopic&sub=Dna&collection=Dna+Montage
#stockfootage #royaltyfree #microscopy",Dna Montage_S_X/Twitter,https://storage.googleapis.com/stockflow-social/Batch01/Montages/S/Microscopic_Dna_Dna-Montage_S.mp4,Microscopic,Stockflow_media,2026-07-21 9:00
"Squamous -- Stock footage.
https://stockflow.media/?cat=Microscopic&sub=Dermatopathology&collection=Squamous
#stockfootage #royaltyfree #microscopy",Squamous_S_X/Twitter,https://storage.googleapis.com/stockflow-social/Batch01/Montages/S/Microscopic_Dermatopathology_Squamous_S.mp4,Microscopic,Stockflow_media,2026-07-21 10:00
"Eczema -- Stock footage.
https://stockflow.media/?cat=Microscopic&sub=Dermatopathology&collection=Eczema
#stockfootage #royaltyfree #microscopy",Eczema_S_X/Twitter,https://storage.googleapis.com/stockflow-social/Batch01/Montages/S/Microscopic_Dermatopathology_Eczema_S.mp4,Microscopic,Stockflow_media,2026-07-22 8:00
"Dermatopathology Montage -- Stock footage.
https://stockflow.media/?cat=Microscopic&sub=Dermatopathology&collection=Dermatopathology+Montage
#stockfootage #royaltyfree #microscopy",Dermatopathology Montage_S_X/Twitter,https://storage.googleapis.com/stockflow-social/Batch01/Montages/S/Microscopic_Dermatopathology_Dermatopathology-Montage_S.mp4,Microscopic,Stockflow_media,2026-07-22 9:00
"Basal -- Stock footage.
https://stockflow.media/?cat=Microscopic&sub=Dermatopathology&collection=Basal
#stockfootage #royaltyfree #microscopy",Basal_S_X/Twitter,https://storage.googleapis.com/stockflow-social/Batch01/Montages/S/Microscopic_Dermatopathology_Basal_S.mp4,Microscopic,Stockflow_media,2026-07-22 10:00
"Plant Cell -- Stock footage.
https://stockflow.media/?cat=Microscopic&sub=Cross+Section&collection=Plant+Cell
#stockfootage #royaltyfree #microscopy",Plant Cell_S_X/Twitter,https://storage.googleapis.com/stockflow-social/Batch01/Montages/S/Microscopic_Cross-Section_Plant-Cell_S.mp4,Microscopic,Stockflow_media,2026-07-23 8:00
"Cross Section Montage -- Stock footage.
https://stockflow.media/?cat=Microscopic&sub=Cross+Section&collection=Cross+Section+Montage
#stockfootage #royaltyfree #microscopy",Cross Section Montage_S_X/Twitter,https://storage.googleapis.com/stockflow-social/Batch01/Montages/S/Microscopic_Cross-Section_Cross-Section-Montage_S.mp4,Microscopic,Stockflow_media,2026-07-23 9:00
"Ribosomes -- Stock footage.
https://stockflow.media/?cat=Microscopic&sub=Cellular&collection=Ribosomes
#stockfootage #royaltyfree #microscopy",Ribosomes_S_X/Twitter,https://storage.googleapis.com/stockflow-social/Batch01/Montages/S/Microscopic_Cellular_Ribosomes_S.mp4,Microscopic,Stockflow_media,2026-07-23 10:00
"Red And White Blood Cells -- Stock footage.
https://stockflow.media/?cat=Microscopic&sub=Cellular&collection=Red+And+White+Blood+Cells
#stockfootage #royaltyfree #microscopy",Red And White Blood Cells_S_X/Twitter,https://storage.googleapis.com/stockflow-social/Batch01/Montages/S/Microscopic_Cellular_Red-And-White-Blood-Cells_S.mp4,Microscopic,Stockflow_media,2026-07-24 8:00
"Planktonic -- Stock footage.
https://stockflow.media/?cat=Microscopic&sub=Cellular&collection=Planktonic
#stockfootage #royaltyfree #microscopy",Planktonic_S_X/Twitter,https://storage.googleapis.com/stockflow-social/Batch01/Montages/S/Microscopic_Cellular_Planktonic_S.mp4,Microscopic,Stockflow_media,2026-07-24 9:00
"Mitochondria -- Stock footage.
https://stockflow.media/?cat=Microscopic&sub=Cellular&collection=Mitochondria
#stockfootage #royaltyfree #microscopy",Mitochondria_S_X/Twitter,https://storage.googleapis.com/stockflow-social/Batch01/Montages/S/Microscopic_Cellular_Mitochondria_S.mp4,Microscopic,Stockflow_media,2026-07-24 10:00
"Lysosom -- Stock footage.
https://stockflow.media/?cat=Microscopic&sub=Cellular&collection=Lysosom
#stockfootage #royaltyfree #microscopy",Lysosom_S_X/Twitter,https://storage.googleapis.com/stockflow-social/Batch01/Montages/S/Microscopic_Cellular_Lysosom_S.mp4,Microscopic,Stockflow_media,2026-07-25 8:00
"Intracellular -- Stock footage.
https://stockflow.media/?cat=Microscopic&sub=Cellular&collection=Intracellular
#stockfootage #royaltyfree #microscopy",Intracellular_S_X/Twitter,https://storage.googleapis.com/stockflow-social/Batch01/Montages/S/Microscopic_Cellular_Intracellular_S.mp4,Microscopic,Stockflow_media,2026-07-25 9:00
"Eukaryotic Cell Under -- Stock footage.
https://stockflow.media/?cat=Microscopic&sub=Cellular&collection=Eukaryotic+Cell+Under
#stockfootage #royaltyfree #microscopy",Eukaryotic Cell Under_S_X/Twitter,https://storage.googleapis.com/stockflow-social/Batch01/Montages/S/Microscopic_Cellular_Eukaryotic-Cell-Under_S.mp4,Microscopic,Stockflow_media,2026-07-25 10:00
"Ciliat -- Stock footage.
https://stockflow.media/?cat=Microscopic&sub=Cellular&collection=Ciliat
#stockfootage #royaltyfree #microscopy",Ciliat_S_X/Twitter,https://storage.googleapis.com/stockflow-social/Batch01/Montages/S/Microscopic_Cellular_Ciliat_S.mp4,Microscopic,Stockflow_media,2026-07-26 8:00
"Cellular Montage -- Stock footage.
https://stockflow.media/?cat=Microscopic&sub=Cellular&collection=Cellular+Montage
#stockfootage #royaltyfree #microscopy",Cellular Montage_S_X/Twitter,https://storage.googleapis.com/stockflow-social/Batch01/Montages/S/Microscopic_Cellular_Cellular-Montage_S.mp4,Microscopic,Stockflow_media,2026-07-26 9:00
"Cellular -- Stock footage.
https://stockflow.media/?cat=Microscopic&sub=Cellular&collection=Cellular
#stockfootage #royaltyfree #microscopy",Cellular_S_X/Twitter,https://storage.googleapis.com/stockflow-social/Batch01/Montages/S/Microscopic_Cellular_Cellular_S.mp4,Microscopic,Stockflow_media,2026-07-26 10:00
"Brain Tissue -- Stock footage.
https://stockflow.media/?cat=Microscopic&sub=Cellular&collection=Brain+Tissue
#stockfootage #royaltyfree #microscopy",Brain Tissue_S_X/Twitter,https://storage.googleapis.com/stockflow-social/Batch01/Montages/S/Microscopic_Cellular_Brain-Tissue_S.mp4,Microscopic,Stockflow_media,2026-07-27 8:00
"Viruses -- Stock footage.
https://stockflow.media/?cat=Microscopic&sub=Cancer+Cell&collection=Viruses
#stockfootage #royaltyfree #microscopy",Viruses_S_X/Twitter,https://storage.googleapis.com/stockflow-social/Batch01/Montages/S/Microscopic_Cancer-Cell_Viruses_S.mp4,Microscopic,Stockflow_media,2026-07-27 9:00
"Tumor -- Stock footage.
https://stockflow.media/?cat=Microscopic&sub=Cancer+Cell&collection=Tumor
#stockfootage #royaltyfree #microscopy",Tumor_S_X/Twitter,https://storage.googleapis.com/stockflow-social/Batch01/Montages/S/Microscopic_Cancer-Cell_Tumor_S.mp4,Microscopic,Stockflow_media,2026-07-27 10:00
"Mutations -- Stock footage.
https://stockflow.media/?cat=Microscopic&sub=Cancer+Cell&collection=Mutations
#stockfootage #royaltyfree #microscopy",Mutations_S_X/Twitter,https://storage.googleapis.com/stockflow-social/Batch01/Montages/S/Microscopic_Cancer-Cell_Mutations_S.mp4,Microscopic,Stockflow_media,2026-07-28 8:00
"Tem Virus -- Stock footage.
https://stockflow.media/?cat=Microscopic&sub=Cancer+Cell&collection=Tem+Virus
#stockfootage #royaltyfree #microscopy",Tem Virus_S_X/Twitter,https://storage.googleapis.com/stockflow-social/Batch01/Montages/S/Microscopic_Cancer-Cell_Tem-Virus_S.mp4,Microscopic,Stockflow_media,2026-07-28 9:00
"Metastatic -- Stock footage.
https://stockflow.media/?cat=Microscopic&sub=Cancer+Cell&collection=Metastatic
#stockfootage #royaltyfree #microscopy",Metastatic_S_X/Twitter,https://storage.googleapis.com/stockflow-social/Batch01/Montages/S/Microscopic_Cancer-Cell_Metastatic_S.mp4,Microscopic,Stockflow_media,2026-07-28 10:00
"Melanoma -- Stock footage.
https://stockflow.media/?cat=Microscopic&sub=Cancer+Cell&collection=Melanoma
#stockfootage #royaltyfree #microscopy",Melanoma_S_X/Twitter,https://storage.googleapis.com/stockflow-social/Batch01/Montages/S/Microscopic_Cancer-Cell_Melanoma_S.mp4,Microscopic,Stockflow_media,2026-07-29 8:00
"Leukemia -- Stock footage.
https://stockflow.media/?cat=Microscopic&sub=Cancer+Cell&collection=Leukemia
#stockfootage #royaltyfree #microscopy",Leukemia_S_X/Twitter,https://storage.googleapis.com/stockflow-social/Batch01/Montages/S/Microscopic_Cancer-Cell_Leukemia_S.mp4,Microscopic,Stockflow_media,2026-07-29 9:00
"Immune -- Stock footage.
https://stockflow.media/?cat=Microscopic&sub=Cancer+Cell&collection=Immune
#stockfootage #royaltyfree #microscopy",Immune_S_X/Twitter,https://storage.googleapis.com/stockflow-social/Batch01/Montages/S/Microscopic_Cancer-Cell_Immune_S.mp4,Microscopic,Stockflow_media,2026-07-29 10:00
"Healthy Cells -- Stock footage.
https://stockflow.media/?cat=Microscopic&sub=Cancer+Cell&collection=Healthy+Cells
#stockfootage #royaltyfree #microscopy",Healthy Cells_S_X/Twitter,https://storage.googleapis.com/stockflow-social/Batch01/Montages/S/Microscopic_Cancer-Cell_Healthy-Cells_S.mp4,Microscopic,Stockflow_media,2026-07-30 8:00
"Fluorescence -- Stock footage.
https://stockflow.media/?cat=Microscopic&sub=Cancer+Cell&collection=Fluorescence
#stockfootage #royaltyfree #microscopy",Fluorescence_S_X/Twitter,https://storage.googleapis.com/stockflow-social/Batch01/Montages/S/Microscopic_Cancer-Cell_Fluorescence_S.mp4,Microscopic,Stockflow_media,2026-07-30 9:00
"Chemotherapy -- Stock footage.
https://stockflow.media/?cat=Microscopic&sub=Cancer+Cell&collection=Chemotherapy
#stockfootage #royaltyfree #microscopy",Chemotherapy_S_X/Twitter,https://storage.googleapis.com/stockflow-social/Batch01/Montages/S/Microscopic_Cancer-Cell_Chemotherapy_S.mp4,Microscopic,Stockflow_media,2026-07-30 10:00
"Cancer Cell Montage -- Stock footage.
https://stockflow.media/?cat=Microscopic&sub=Cancer+Cell&collection=Cancer+Cell+Montage
#stockfootage #royaltyfree #microscopy",Cancer Cell Montage_S_X/Twitter,https://storage.googleapis.com/stockflow-social/Batch01/Montages/S/Microscopic_Cancer-Cell_Cancer-Cell-Montage_S.mp4,Microscopic,Stockflow_media,2026-07-31 8:00
"Cancer Cell -- Stock footage.
https://stockflow.media/?cat=Microscopic&sub=Cancer+Cell&collection=Cancer+Cell
#stockfootage #royaltyfree #microscopy",Cancer Cell_S_X/Twitter,https://storage.googleapis.com/stockflow-social/Batch01/Montages/S/Microscopic_Cancer-Cell_Cancer-Cell_S.mp4,Microscopic,Stockflow_media,2026-07-31 9:00
"Breast -- Stock footage.
https://stockflow.media/?cat=Microscopic&sub=Cancer+Cell&collection=Breast
#stockfootage #royaltyfree #microscopy",Breast_S_X/Twitter,https://storage.googleapis.com/stockflow-social/Batch01/Montages/S/Microscopic_Cancer-Cell_Breast_S.mp4,Microscopic,Stockflow_media,2026-07-31 10:00
"Aggressive -- Stock footage.
https://stockflow.media/?cat=Microscopic&sub=Cancer+Cell&collection=Aggressive
#stockfootage #royaltyfree #microscopy",Aggressive_S_X/Twitter,https://storage.googleapis.com/stockflow-social/Batch01/Montages/S/Microscopic_Cancer-Cell_Aggressive_S.mp4,Microscopic,Stockflow_media,2026-08-01 8:00
"Thrombocytopenia -- Stock footage.
https://stockflow.media/?cat=Microscopic&sub=Blood+Hematology&collection=Thrombocytopenia
#stockfootage #royaltyfree #microscopy",Thrombocytopenia_S_X/Twitter,https://storage.googleapis.com/stockflow-social/Batch01/Montages/S/Microscopic_Blood-Hematology_Thrombocytopenia_S.mp4,Microscopic,Stockflow_media,2026-08-01 9:00
"Blood Hematology Montage -- Stock footage.
https://stockflow.media/?cat=Microscopic&sub=Blood+Hematology&collection=Blood+Hematology+Montage
#stockfootage #royaltyfree #microscopy",Blood Hematology Montage_S_X/Twitter,https://storage.googleapis.com/stockflow-social/Batch01/Montages/S/Microscopic_Blood-Hematology_Blood-Hematology-Montage_S.mp4,Microscopic,Stockflow_media,2026-08-01 10:00
"Anemia -- Stock footage.
https://stockflow.media/?cat=Microscopic&sub=Blood+Hematology&collection=Anemia
#stockfootage #royaltyfree #microscopy",Anemia_S_X/Twitter,https://storage.googleapis.com/stockflow-social/Batch01/Montages/S/Microscopic_Blood-Hematology_Anemia_S.mp4,Microscopic,Stockflow_media,2026-08-02 8:00
"Red And White -- Stock footage.
https://stockflow.media/?cat=Microscopic&sub=Biological+Creatures&collection=Red+And+White
#stockfootage #royaltyfree #microscopy",Red And White_S_X/Twitter,https://storage.googleapis.com/stockflow-social/Batch01/Montages/S/Microscopic_Biological-Creatures_Red-And-White_S.mp4,Microscopic,Stockflow_media,2026-08-02 9:00
"Paramecium -- Stock footage.
https://stockflow.media/?cat=Microscopic&sub=Biological+Creatures&collection=Paramecium
#stockfootage #royaltyfree #microscopy",Paramecium_S_X/Twitter,https://storage.googleapis.com/stockflow-social/Batch01/Montages/S/Microscopic_Biological-Creatures_Paramecium_S.mp4,Microscopic,Stockflow_media,2026-08-02 10:00
"Eukaryotic Cell -- Stock footage.
https://stockflow.media/?cat=Microscopic&sub=Biological+Creatures&collection=Eukaryotic+Cell
#stockfootage #royaltyfree #microscopy",Eukaryotic Cell_S_X/Twitter,https://storage.googleapis.com/stockflow-social/Batch01/Montages/S/Microscopic_Biological-Creatures_Eukaryotic-Cell_S.mp4,Microscopic,Stockflow_media,2026-08-03 8:00
"Cross Section -- Stock footage.
https://stockflow.media/?cat=Microscopic&sub=Biological+Creatures&collection=Cross+Section
#stockfootage #royaltyfree #microscopy",Cross Section_S_X/Twitter,https://storage.googleapis.com/stockflow-social/Batch01/Montages/S/Microscopic_Biological-Creatures_Cross-Section_S.mp4,Microscopic,Stockflow_media,2026-08-03 9:00
"Biological Creatures Montage -- Stock footage.
https://stockflow.media/?cat=Microscopic&sub=Biological+Creatures&collection=Biological+Creatures+Montage
#stockfootage #royaltyfree #microscopy",Biological Creatures Montage_S_X/Twitter,https://storage.googleapis.com/stockflow-social/Batch01/Montages/S/Microscopic_Biological-Creatures_Biological-Creatures-Montage_S.mp4,Microscopic,Stockflow_media,2026-08-03 10:00
"Bacteria -- Stock footage.
https://stockflow.media/?cat=Microscopic&sub=Biological+Creatures&collection=Bacteria
#stockfootage #royaltyfree #microscopy",Bacteria_S_X/Twitter,https://storage.googleapis.com/stockflow-social/Batch01/Montages/S/Microscopic_Biological-Creatures_Bacteria_S.mp4,Microscopic,Stockflow_media,2026-08-04 8:00
"Bacterial Cell -- Stock footage.
https://stockflow.media/?cat=Microscopic&sub=Biological+Creatures&collection=Bacterial+Cell
#stockfootage #royaltyfree #microscopy",Bacterial Cell_S_X/Twitter,https://storage.googleapis.com/stockflow-social/Batch01/Montages/S/Microscopic_Biological-Creatures_Bacterial-Cell_S.mp4,Microscopic,Stockflow_media,2026-08-04 9:00
"Tetani -- Stock footage.
https://stockflow.media/?cat=Microscopic&sub=Bacteria&collection=Tetani
#stockfootage #royaltyfree #microscopy",Tetani_S_X/Twitter,https://storage.googleapis.com/stockflow-social/Batch01/Montages/S/Microscopic_Bacteria_Tetani_S.mp4,Microscopic,Stockflow_media,2026-08-04 10:00
"Spirochete -- Stock footage.
https://stockflow.media/?cat=Microscopic&sub=Bacteria&collection=Spirochete
#stockfootage #royaltyfree #microscopy",Spirochete_S_X/Twitter,https://storage.googleapis.com/stockflow-social/Batch01/Montages/S/Microscopic_Bacteria_Spirochete_S.mp4,Microscopic,Stockflow_media,2026-08-05 8:00
"Resistant -- Stock footage.
https://stockflow.media/?cat=Microscopic&sub=Bacteria&collection=Resistant
#stockfootage #royaltyfree #microscopy",Resistant_S_X/Twitter,https://storage.googleapis.com/stockflow-social/Batch01/Montages/S/Microscopic_Bacteria_Resistant_S.mp4,Microscopic,Stockflow_media,2026-08-05 9:00
"Resistant Bacteria -- Stock footage.
https://stockflow.media/?cat=Microscopic&sub=Bacteria&collection=Resistant+Bacteria
#stockfootage #royaltyfree #microscopy",Resistant Bacteria_S_X/Twitter,https://storage.googleapis.com/stockflow-social/Batch01/Montages/S/Microscopic_Bacteria_Resistant-Bacteria_S.mp4,Microscopic,Stockflow_media,2026-08-05 10:00
"E Coli -- Stock footage.
https://stockflow.media/?cat=Microscopic&sub=Bacteria&collection=E+Coli
#stockfootage #royaltyfree #microscopy",E Coli_S_X/Twitter,https://storage.googleapis.com/stockflow-social/Batch01/Montages/S/Microscopic_Bacteria_E-Coli_S.mp4,Microscopic,Stockflow_media,2026-08-06 8:00
"Cocci -- Stock footage.
https://stockflow.media/?cat=Microscopic&sub=Bacteria&collection=Cocci
#stockfootage #royaltyfree #microscopy",Cocci_S_X/Twitter,https://storage.googleapis.com/stockflow-social/Batch01/Montages/S/Microscopic_Bacteria_Cocci_S.mp4,Microscopic,Stockflow_media,2026-08-06 9:00
"Biofilm -- Stock footage.
https://stockflow.media/?cat=Microscopic&sub=Bacteria&collection=Biofilm
#stockfootage #royaltyfree #microscopy",Biofilm_S_X/Twitter,https://storage.googleapis.com/stockflow-social/Batch01/Montages/S/Microscopic_Bacteria_Biofilm_S.mp4,Microscopic,Stockflow_media,2026-08-06 10:00
"Bacteria Montage -- Stock footage.
https://stockflow.media/?cat=Microscopic&sub=Bacteria&collection=Bacteria+Montage
#stockfootage #royaltyfree #microscopy",Bacteria Montage_S_X/Twitter,https://storage.googleapis.com/stockflow-social/Batch01/Montages/S/Microscopic_Bacteria_Bacteria-Montage_S.mp4,Microscopic,Stockflow_media,2026-08-07 8:00
"Bacillus -- Stock footage.
https://stockflow.media/?cat=Microscopic&sub=Bacteria&collection=Bacillus
#stockfootage #royaltyfree #microscopy",Bacillus_S_X/Twitter,https://storage.googleapis.com/stockflow-social/Batch01/Montages/S/Microscopic_Bacteria_Bacillus_S.mp4,Microscopic,Stockflow_media,2026-08-07 9:00
"Agar Plate -- Stock footage.
https://stockflow.media/?cat=Microscopic&sub=Bacteria&collection=Agar+Plate
#stockfootage #royaltyfree #microscopy",Agar Plate_S_X/Twitter,https://storage.googleapis.com/stockflow-social/Batch01/Montages/S/Microscopic_Bacteria_Agar-Plate_S.mp4,Microscopic,Stockflow_media,2026-08-07 10:00
"Spirogyra -- Stock footage.
https://stockflow.media/?cat=Microscopic&sub=Algae&collection=Spirogyra
#stockfootage #royaltyfree #microscopy",Spirogyra_S_X/Twitter,https://storage.googleapis.com/stockflow-social/Batch01/Montages/S/Microscopic_Algae_Spirogyra_S.mp4,Microscopic,Stockflow_media,2026-08-08 8:00
"Red -- Stock footage.
https://stockflow.media/?cat=Microscopic&sub=Algae&collection=Red
#stockfootage #royaltyfree #microscopy",Red_S_X/Twitter,https://storage.googleapis.com/stockflow-social/Batch01/Montages/S/Microscopic_Algae_Red_S.mp4,Microscopic,Stockflow_media,2026-08-08 9:00
"Red Algae -- Stock footage.
https://stockflow.media/?cat=Microscopic&sub=Algae&collection=Red+Algae
#stockfootage #royaltyfree #microscopy",Red Algae_S_X/Twitter,https://storage.googleapis.com/stockflow-social/Batch01/Montages/S/Microscopic_Algae_Red-Algae_S.mp4,Microscopic,Stockflow_media,2026-08-08 10:00
"Green Algae -- Stock footage.
https://stockflow.media/?cat=Microscopic&sub=Algae&collection=Green+Algae
#stockfootage #royaltyfree #microscopy",Green Algae_S_X/Twitter,https://storage.googleapis.com/stockflow-social/Batch01/Montages/S/Microscopic_Algae_Green-Algae_S.mp4,Microscopic,Stockflow_media,2026-08-09 8:00
"Green -- Stock footage.
https://stockflow.media/?cat=Microscopic&sub=Algae&collection=Green
#stockfootage #royaltyfree #microscopy",Green_S_X/Twitter,https://storage.googleapis.com/stockflow-social/Batch01/Montages/S/Microscopic_Algae_Green_S.mp4,Microscopic,Stockflow_media,2026-08-09 9:00
"Diatoms -- Stock footage.
https://stockflow.media/?cat=Microscopic&sub=Algae&collection=Diatoms
#stockfootage #royaltyfree #microscopy",Diatoms_S_X/Twitter,https://storage.googleapis.com/stockflow-social/Batch01/Montages/S/Microscopic_Algae_Diatoms_S.mp4,Microscopic,Stockflow_media,2026-08-09 10:00
"Desmids -- Stock footage.
https://stockflow.media/?cat=Microscopic&sub=Algae&collection=Desmids
#stockfootage #royaltyfree #microscopy",Desmids_S_X/Twitter,https://storage.googleapis.com/stockflow-social/Batch01/Montages/S/Microscopic_Algae_Desmids_S.mp4,Microscopic,Stockflow_media,2026-08-10 8:00
"Colonial -- Stock footage.
https://stockflow.media/?cat=Microscopic&sub=Algae&collection=Colonial
#stockfootage #royaltyfree #microscopy",Colonial_S_X/Twitter,https://storage.googleapis.com/stockflow-social/Batch01/Montages/S/Microscopic_Algae_Colonial_S.mp4,Microscopic,Stockflow_media,2026-08-10 9:00
"Cyanobacteria -- Stock footage.
https://stockflow.media/?cat=Microscopic&sub=Algae&collection=Cyanobacteria
#stockfootage #royaltyfree #microscopy",Cyanobacteria_S_X/Twitter,https://storage.googleapis.com/stockflow-social/Batch01/Montages/S/Microscopic_Algae_Cyanobacteria_S.mp4,Microscopic,Stockflow_media,2026-08-10 10:00
"Colonial Algae -- Stock footage.
https://stockflow.media/?cat=Microscopic&sub=Algae&collection=Colonial+Algae
#stockfootage #royaltyfree #microscopy",Colonial Algae_S_X/Twitter,https://storage.googleapis.com/stockflow-social/Batch01/Montages/S/Microscopic_Algae_Colonial-Algae_S.mp4,Microscopic,Stockflow_media,2026-08-11 8:00
"Brown -- Stock footage.
https://stockflow.media/?cat=Microscopic&sub=Algae&collection=Brown
#stockfootage #royaltyfree #microscopy",Brown_S_X/Twitter,https://storage.googleapis.com/stockflow-social/Batch01/Montages/S/Microscopic_Algae_Brown_S.mp4,Microscopic,Stockflow_media,2026-08-11 9:00
"Brown Algae -- Stock footage.
https://stockflow.media/?cat=Microscopic&sub=Algae&collection=Brown+Algae
#stockfootage #royaltyfree #microscopy",Brown Algae_S_X/Twitter,https://storage.googleapis.com/stockflow-social/Batch01/Montages/S/Microscopic_Algae_Brown-Algae_S.mp4,Microscopic,Stockflow_media,2026-08-11 10:00
"Blue Green Algae -- Stock footage.
https://stockflow.media/?cat=Microscopic&sub=Algae&collection=Blue+Green+Algae
#stockfootage #royaltyfree #microscopy",Blue Green Algae_S_X/Twitter,https://storage.googleapis.com/stockflow-social/Batch01/Montages/S/Microscopic_Algae_Blue-Green-Algae_S.mp4,Microscopic,Stockflow_media,2026-08-12 8:00
"Bloom -- Stock footage.
https://stockflow.media/?cat=Microscopic&sub=Algae&collection=Bloom
#stockfootage #royaltyfree #microscopy",Bloom_S_X/Twitter,https://storage.googleapis.com/stockflow-social/Batch01/Montages/S/Microscopic_Algae_Bloom_S.mp4,Microscopic,Stockflow_media,2026-08-12 9:00
"Algal Biofilm -- Stock footage.
https://stockflow.media/?cat=Microscopic&sub=Algae&collection=Algal+Biofilm
#stockfootage #royaltyfree #microscopy",Algal Biofilm_S_X/Twitter,https://storage.googleapis.com/stockflow-social/Batch01/Montages/S/Microscopic_Algae_Algal-Biofilm_S.mp4,Microscopic,Stockflow_media,2026-08-12 10:00
"Algae Montage -- Stock footage.
https://stockflow.media/?cat=Microscopic&sub=Algae&collection=Algae+Montage
#stockfootage #royaltyfree #microscopy",Algae Montage_S_X/Twitter,https://storage.googleapis.com/stockflow-social/Batch01/Montages/S/Microscopic_Algae_Algae-Montage_S.mp4,Microscopic,Stockflow_media,2026-08-13 8:00
"Algae Bloom -- Stock footage.
https://stockflow.media/?cat=Microscopic&sub=Algae&collection=Algae+Bloom
#stockfootage #royaltyfree #microscopy",Algae Bloom_S_X/Twitter,https://storage.googleapis.com/stockflow-social/Batch01/Montages/S/Microscopic_Algae_Algae-Bloom_S.mp4,Microscopic,Stockflow_media,2026-08-13 9:00
"Filaments -- Stock footage.
https://stockflow.media/?cat=Microscopic&sub=Actin&collection=Filaments
#stockfootage #royaltyfree #microscopy",Filaments_S_X/Twitter,https://storage.googleapis.com/stockflow-social/Batch01/Montages/S/Microscopic_Actin_Filaments_S.mp4,Microscopic,Stockflow_media,2026-08-13 10:00
"Actin Montage -- Stock footage.
https://stockflow.media/?cat=Microscopic&sub=Actin&collection=Actin+Montage
#stockfootage #royaltyfree #microscopy",Actin Montage_S_X/Twitter,https://storage.googleapis.com/stockflow-social/Batch01/Montages/S/Microscopic_Actin_Actin-Montage_S.mp4,Microscopic,Stockflow_media,2026-08-14 8:00
"Microscopic -- Stock footage.
https://stockflow.media/?cat=Microscopic&sub=Microscopic+Category&collection=Microscopic
#stockfootage #royaltyfree #microscopy",Microscopic_S_X/Twitter,https://storage.googleapis.com/stockflow-social/Batch01/Montages/S/Microscopic_Microscopic-Category_S.mp4,Microscopic,Stockflow_media,2026-08-14 9:00
"Tikka Masala -- Stock footage.
https://stockflow.media/?cat=Food+Beverage&sub=Food+Menu&collection=Tikka+Masala
#stockfootage #royaltyfree #foodvideo",Tikka Masala_S_X/Twitter,https://storage.googleapis.com/stockflow-social/Batch01/Montages/S/Food-Beverage_Food-Menu_Tikka-Masala_S.mp4,Food Beverage,Stockflow_media,2026-08-14 10:00
"Thai Noodle Soup -- Stock footage.
https://stockflow.media/?cat=Food+Beverage&sub=Food+Menu&collection=Thai+Noodle+Soup
#stockfootage #royaltyfree #foodvideo",Thai Noodle Soup_S_X/Twitter,https://storage.googleapis.com/stockflow-social/Batch01/Montages/S/Food-Beverage_Food-Menu_Thai-Noodle-Soup_S.mp4,Food Beverage,Stockflow_media,2026-08-15 8:00
"Thai Curry -- Stock footage.
https://stockflow.media/?cat=Food+Beverage&sub=Food+Menu&collection=Thai+Curry
#stockfootage #royaltyfree #foodvideo",Thai Curry_S_X/Twitter,https://storage.googleapis.com/stockflow-social/Batch01/Montages/S/Food-Beverage_Food-Menu_Thai-Curry_S.mp4,Food Beverage,Stockflow_media,2026-08-15 9:00
"Suzhi -- Stock footage.
https://stockflow.media/?cat=Food+Beverage&sub=Food+Menu&collection=Suzhi
#stockfootage #royaltyfree #foodvideo",Suzhi_S_X/Twitter,https://storage.googleapis.com/stockflow-social/Batch01/Montages/S/Food-Beverage_Food-Menu_Suzhi_S.mp4,Food Beverage,Stockflow_media,2026-08-15 10:00
"Stake -- Stock footage.
https://stockflow.media/?cat=Food+Beverage&sub=Food+Menu&collection=Stake
#stockfootage #royaltyfree #foodvideo",Stake_S_X/Twitter,https://storage.googleapis.com/stockflow-social/Batch01/Montages/S/Food-Beverage_Food-Menu_Stake_S.mp4,Food Beverage,Stockflow_media,2026-08-16 8:00
"Sandwich -- Stock footage.
https://stockflow.media/?cat=Food+Beverage&sub=Food+Menu&collection=Sandwich
#stockfootage #royaltyfree #foodvideo",Sandwich_S_X/Twitter,https://storage.googleapis.com/stockflow-social/Batch01/Montages/S/Food-Beverage_Food-Menu_Sandwich_S.mp4,Food Beverage,Stockflow_media,2026-08-16 9:00
"Remen -- Stock footage.
https://stockflow.media/?cat=Food+Beverage&sub=Food+Menu&collection=Remen
#stockfootage #royaltyfree #foodvideo",Remen_S_X/Twitter,https://storage.googleapis.com/stockflow-social/Batch01/Montages/S/Food-Beverage_Food-Menu_Remen_S.mp4,Food Beverage,Stockflow_media,2026-08-16 10:00
"Pizza -- Stock footage.
https://stockflow.media/?cat=Food+Beverage&sub=Food+Menu&collection=Pizza
#stockfootage #royaltyfree #foodvideo",Pizza_S_X/Twitter,https://storage.googleapis.com/stockflow-social/Batch01/Montages/S/Food-Beverage_Food-Menu_Pizza_S.mp4,Food Beverage,Stockflow_media,2026-08-17 8:00
"Noodles -- Stock footage.
https://stockflow.media/?cat=Food+Beverage&sub=Food+Menu&collection=Noodles
#stockfootage #royaltyfree #foodvideo",Noodles_S_X/Twitter,https://storage.googleapis.com/stockflow-social/Batch01/Montages/S/Food-Beverage_Food-Menu_Noodles_S.mp4,Food Beverage,Stockflow_media,2026-08-17 9:00
"Idly Vada -- Stock footage.
https://stockflow.media/?cat=Food+Beverage&sub=Food+Menu&collection=Idly+Vada
#stockfootage #royaltyfree #foodvideo",Idly Vada_S_X/Twitter,https://storage.googleapis.com/stockflow-social/Batch01/Montages/S/Food-Beverage_Food-Menu_Idly-Vada_S.mp4,Food Beverage,Stockflow_media,2026-08-17 10:00
"Food Menu Montage -- Stock footage.
https://stockflow.media/?cat=Food+Beverage&sub=Food+Menu&collection=Food+Menu+Montage
#stockfootage #royaltyfree #foodvideo",Food Menu Montage_S_X/Twitter,https://storage.googleapis.com/stockflow-social/Batch01/Montages/S/Food-Beverage_Food-Menu_Food-Menu-Montage_S.mp4,Food Beverage,Stockflow_media,2026-08-18 8:00
"Fish Dinner -- Stock footage.
https://stockflow.media/?cat=Food+Beverage&sub=Food+Menu&collection=Fish+Dinner
#stockfootage #royaltyfree #foodvideo",Fish Dinner_S_X/Twitter,https://storage.googleapis.com/stockflow-social/Batch01/Montages/S/Food-Beverage_Food-Menu_Fish-Dinner_S.mp4,Food Beverage,Stockflow_media,2026-08-18 9:00
"Dosa -- Stock footage.
https://stockflow.media/?cat=Food+Beverage&sub=Food+Menu&collection=Dosa
#stockfootage #royaltyfree #foodvideo",Dosa_S_X/Twitter,https://storage.googleapis.com/stockflow-social/Batch01/Montages/S/Food-Beverage_Food-Menu_Dosa_S.mp4,Food Beverage,Stockflow_media,2026-08-18 10:00
"Chicken Fry -- Stock footage.
https://stockflow.media/?cat=Food+Beverage&sub=Food+Menu&collection=Chicken+Fry
#stockfootage #royaltyfree #foodvideo",Chicken Fry_S_X/Twitter,https://storage.googleapis.com/stockflow-social/Batch01/Montages/S/Food-Beverage_Food-Menu_Chicken-Fry_S.mp4,Food Beverage,Stockflow_media,2026-08-19 8:00
"Chicken Dinner -- Stock footage.
https://stockflow.media/?cat=Food+Beverage&sub=Food+Menu&collection=Chicken+Dinner
#stockfootage #royaltyfree #foodvideo",Chicken Dinner_S_X/Twitter,https://storage.googleapis.com/stockflow-social/Batch01/Montages/S/Food-Beverage_Food-Menu_Chicken-Dinner_S.mp4,Food Beverage,Stockflow_media,2026-08-19 9:00
"Butter Chiken -- Stock footage.
https://stockflow.media/?cat=Food+Beverage&sub=Food+Menu&collection=Butter+Chiken
#stockfootage #royaltyfree #foodvideo",Butter Chiken_S_X/Twitter,https://storage.googleapis.com/stockflow-social/Batch01/Montages/S/Food-Beverage_Food-Menu_Butter-Chiken_S.mp4,Food Beverage,Stockflow_media,2026-08-19 10:00
"Burgers -- Stock footage.
https://stockflow.media/?cat=Food+Beverage&sub=Food+Menu&collection=Burgers
#stockfootage #royaltyfree #foodvideo",Burgers_S_X/Twitter,https://storage.googleapis.com/stockflow-social/Batch01/Montages/S/Food-Beverage_Food-Menu_Burgers_S.mp4,Food Beverage,Stockflow_media,2026-08-20 8:00
"Biriyani -- Stock footage.
https://stockflow.media/?cat=Food+Beverage&sub=Food+Menu&collection=Biriyani
#stockfootage #royaltyfree #foodvideo",Biriyani_S_X/Twitter,https://storage.googleapis.com/stockflow-social/Batch01/Montages/S/Food-Beverage_Food-Menu_Biriyani_S.mp4,Food Beverage,Stockflow_media,2026-08-20 9:00
"Food Beverage -- Stock footage.
https://stockflow.media/?cat=Food+Beverage&sub=Food+Beverage+Category&collection=Food+Beverage
#stockfootage #royaltyfree #foodvideo",Food Beverage_S_X/Twitter,https://storage.googleapis.com/stockflow-social/Batch01/Montages/S/Food-Beverage_Food-Beverage-Category_S.mp4,Food Beverage,Stockflow_media,2026-08-20 10:00